GENERALIZED BORN:
Complex Energy Terms
Frame #,BOND,ANGLE,DIHED,UB,IMP,CMAP,VDWAALS,EEL,1-4 VDW,1-4 EEL,EGB,ESURF,GGAS,GSOLV,TOTAL
1,573.29,1373.43,1731.33,156.32,87.92,-71.49,-1123.17,-10033.4,555.65,8572.85,-2294.42,75.75,1822.71,-2218.67,-395.96
11,533.4,1359.51,1749.7,157.22,77.9,-68.4,-1121.56,-9997.67,574.29,8598.84,-2311.76,76.59,1863.23,-2235.17,-371.93
21,574.95,1334.9,1728.98,152.76,86.15,-63.81,-1129.12,-9965.72,556.22,8568.05,-2347.51,76.85,1843.36,-2270.66,-427.3
31,560.28,1320.29,1719.72,155.78,88.38,-49.81,-1142.17,-10013.5,559.7,8556.57,-2291.65,76.71,1755.23,-2214.94,-459.71
41,556.48,1399.33,1752.1,150.88,79.87,-69.9,-1117.53,-10003.95,563.55,8568.24,-2316.53,76.38,1879.08,-2240.15,-361.07
51,554.66,1326.45,1734.07,153.25,94.37,-56.88,-1148.27,-10058.78,553.36,8640.4,-2298.82,76.68,1792.62,-2222.14,-429.51
61,583.58,1313.2,1727.42,155.14,86.5,-58.6,-1146.56,-10014.9,549.09,8599.74,-2322.86,75.87,1794.6,-2246.99,-452.39
71,561.68,1346.67,1737.21,163.66,79.7,-56.78,-1144.94,-10008.06,557.55,8603.89,-2311.04,77.16,1840.58,-2233.88,-393.3
81,578.46,1320.22,1732.95,158.21,84.32,-63.35,-1119.69,-9943.98,561.38,8527.64,-2330.04,77.97,1836.15,-2252.07,-415.91
91,564.57,1313.87,1711.05,155.27,76.21,-61.94,-1155.2,-10042.06,547.63,8600.1,-2293.47,76.06,1709.51,-2217.41,-507.9
101,565.43,1278.38,1728.0,141.04,79.55,-60.26,-1136.93,-10070.39,560.97,8628.55,-2300.61,76.78,1714.33,-2223.83,-509.5
111,568.17,1298.58,1752.09,151.48,88.5,-69.28,-1149.62,-10076.37,556.09,8637.8,-2287.25,76.75,1757.44,-2210.5,-453.06
121,549.65,1293.78,1724.31,148.87,92.33,-50.11,-1131.35,-10068.44,561.36,8645.54,-2311.26,77.59,1765.94,-2233.67,-467.72
131,525.92,1291.22,1733.3,146.24,86.0,-47.95,-1142.22,-10013.72,565.86,8609.79,-2324.65,78.03,1754.45,-2246.62,-492.17
141,569.73,1309.32,1729.57,147.42,89.09,-55.27,-1124.95,-9953.77,547.85,8573.31,-2360.3,79.36,1832.31,-2280.94,-448.63
151,530.75,1320.52,1719.77,147.4,91.43,-51.7,-1127.17,-9956.83,558.29,8564.71,-2364.99,78.23,1797.16,-2286.76,-489.6
161,595.45,1328.18,1755.08,160.63,85.51,-54.99,-1145.1,-10007.25,549.95,8622.22,-2343.64,77.13,1889.68,-2266.5,-376.82
171,549.04,1314.91,1713.49,147.89,83.56,-40.59,-1121.2,-10138.91,573.02,8686.82,-2285.01,77.39,1768.03,-2207.62,-439.59
181,541.49,1336.09,1746.98,146.23,94.47,-51.51,-1148.12,-9999.9,568.4,8566.1,-2304.83,75.24,1800.24,-2229.59,-429.34
191,521.15,1253.69,1715.1,147.58,87.87,-39.67,-1146.28,-10038.26,572.53,8614.06,-2294.13,76.23,1687.77,-2217.89,-530.12
201,580.38,1336.02,1735.33,156.87,86.93,-54.27,-1135.02,-10019.39,534.27,8561.0,-2278.42,75.03,1782.14,-2203.38,-421.25
211,576.99,1309.6,1734.27,154.27,82.43,-64.32,-1140.28,-9984.04,539.84,8573.22,-2298.17,75.48,1781.98,-2222.69,-440.71
221,538.06,1325.71,1755.66,148.83,82.0,-59.32,-1156.25,-10091.69,545.74,8651.49,-2272.8,77.03,1740.22,-2195.78,-455.55
231,566.84,1350.33,1738.09,159.2,84.38,-56.21,-1169.01,-10020.08,557.06,8574.94,-2268.36,75.03,1785.55,-2193.33,-407.78
241,562.54,1334.06,1725.07,163.71,91.8,-58.7,-1144.8,-10084.83,557.31,8592.54,-2263.94,75.46,1738.7,-2188.48,-449.78
251,520.61,1310.44,1733.02,156.0,86.82,-52.66,-1154.79,-10021.62,546.72,8639.17,-2341.75,75.16,1763.74,-2266.59,-502.85
261,558.71,1323.5,1754.84,144.28,88.65,-67.34,-1136.91,-9940.68,541.34,8564.41,-2361.3,78.23,1830.8,-2283.08,-452.28
271,554.09,1341.14,1732.41,156.43,92.27,-67.54,-1154.54,-10042.8,535.99,8634.72,-2297.86,74.34,1782.18,-2223.52,-441.34
281,588.36,1288.0,1733.15,143.47,81.99,-53.37,-1141.3,-10026.41,570.22,8604.29,-2317.53,75.64,1788.39,-2241.88,-453.49
291,536.52,1324.04,1717.02,148.53,84.55,-58.02,-1127.76,-10037.81,568.22,8611.82,-2294.83,77.16,1767.1,-2217.67,-450.57
301,564.78,1332.64,1734.1,158.56,78.36,-61.65,-1147.96,-10022.19,549.76,8594.57,-2303.93,76.95,1780.97,-2226.99,-446.02
311,564.34,1317.14,1738.33,160.75,74.02,-56.71,-1141.27,-10001.75,553.25,8608.75,-2339.59,76.08,1816.86,-2263.52,-446.66
321,551.93,1339.14,1735.13,152.85,81.06,-64.04,-1122.73,-9985.8,556.89,8608.66,-2365.96,77.87,1853.07,-2288.09,-435.03
331,547.83,1306.56,1747.29,157.07,92.85,-68.05,-1157.36,-10064.72,550.65,8617.34,-2266.73,76.03,1729.47,-2190.7,-461.23
341,541.47,1346.02,1720.08,155.41,93.58,-57.32,-1142.61,-10069.55,557.52,8592.68,-2273.62,76.63,1737.27,-2196.98,-459.72
351,574.18,1317.51,1733.74,159.05,76.62,-57.99,-1143.78,-10105.16,544.78,8614.16,-2255.85,77.84,1713.12,-2178.01,-464.88
361,569.23,1329.01,1761.51,160.62,78.73,-61.95,-1121.37,-10096.49,546.17,8618.01,-2267.32,78.25,1783.47,-2189.07,-405.59
371,576.98,1377.73,1739.53,163.81,93.77,-69.6,-1143.67,-10084.19,549.98,8646.68,-2303.75,77.24,1851.03,-2226.52,-375.49
381,551.87,1372.9,1714.93,161.05,79.24,-56.01,-1139.59,-10143.65,564.4,8640.52,-2230.37,76.85,1745.67,-2153.52,-407.85
391,533.32,1355.88,1715.56,158.14,78.31,-73.07,-1147.58,-10124.04,557.47,8659.27,-2264.53,77.07,1713.26,-2187.46,-474.2
401,561.42,1320.52,1740.01,142.97,85.22,-64.15,-1139.28,-10114.56,541.07,8624.85,-2267.78,77.02,1698.07,-2190.76,-492.68
411,545.98,1312.3,1722.34,150.35,84.0,-53.72,-1142.01,-10199.36,532.42,8674.5,-2218.44,77.07,1626.8,-2141.37,-514.57
421,552.31,1301.72,1739.77,152.96,88.83,-53.1,-1143.12,-10222.91,558.53,8694.95,-2217.82,76.08,1669.94,-2141.74,-471.8
431,550.35,1309.75,1707.08,150.17,90.71,-60.59,-1140.05,-10161.2,571.37,8642.23,-2236.75,76.48,1659.82,-2160.28,-500.46
441,519.17,1343.31,1743.93,152.47,83.03,-72.04,-1147.43,-10193.57,560.26,8652.24,-2187.18,76.55,1641.36,-2110.63,-469.28
451,545.55,1323.55,1718.07,154.04,93.12,-47.78,-1135.06,-10197.39,567.7,8602.1,-2166.41,76.32,1623.89,-2090.09,-466.19
461,550.12,1304.25,1729.29,158.25,79.76,-67.34,-1132.5,-10183.1,572.84,8605.76,-2188.74,77.31,1617.32,-2111.42,-494.1
471,561.73,1296.07,1719.72,153.51,81.06,-50.26,-1143.14,-10166.12,553.85,8617.42,-2193.28,76.02,1623.83,-2117.26,-493.43
481,540.24,1320.96,1719.6,148.3,73.35,-56.72,-1142.1,-10183.74,553.16,8657.68,-2201.86,76.42,1630.72,-2125.44,-494.72
491,532.44,1315.27,1754.55,155.94,98.33,-61.58,-1152.52,-10152.78,570.72,8613.3,-2208.33,75.86,1673.68,-2132.47,-458.79
501,538.01,1304.91,1719.73,154.43,85.7,-52.9,-1136.58,-10175.43,572.69,8672.34,-2204.01,76.1,1682.89,-2127.91,-445.02
511,579.45,1307.08,1727.28,165.68,87.45,-65.58,-1116.23,-10111.58,572.45,8658.7,-2271.58,77.47,1804.7,-2194.11,-389.41
521,548.97,1349.16,1706.07,154.1,80.37,-60.83,-1125.22,-10203.83,552.05,8617.37,-2177.53,76.63,1618.2,-2100.91,-482.71
531,594.38,1298.18,1716.26,146.37,81.92,-59.64,-1128.15,-10216.58,549.79,8648.33,-2205.09,76.32,1630.87,-2128.77,-497.9
541,573.25,1336.2,1722.7,149.95,81.99,-65.71,-1132.68,-10170.2,547.23,8632.16,-2227.85,76.96,1674.87,-2150.89,-476.02
551,576.57,1333.96,1732.67,148.85,82.74,-52.49,-1140.58,-10177.69,542.43,8647.41,-2225.33,76.74,1693.89,-2148.59,-454.7
561,555.5,1309.0,1717.53,153.82,81.34,-49.61,-1159.65,-10226.57,563.36,8604.3,-2147.61,75.1,1549.02,-2072.5,-523.49
571,584.63,1349.32,1732.66,156.71,89.54,-56.7,-1144.6,-10230.83,551.07,8628.34,-2160.43,76.5,1660.14,-2083.93,-423.8
581,551.06,1346.27,1741.99,162.94,93.87,-57.12,-1145.26,-10206.55,558.43,8641.64,-2173.3,75.21,1687.27,-2098.09,-410.82
591,545.25,1380.91,1724.03,174.07,87.23,-57.57,-1116.61,-10184.74,541.78,8597.32,-2194.67,76.3,1691.68,-2118.36,-426.69
601,596.54,1338.89,1734.72,154.0,82.24,-67.89,-1122.22,-10175.91,543.61,8604.55,-2221.37,76.95,1688.52,-2144.42,-455.9
611,612.45,1330.22,1730.08,156.2,85.99,-52.31,-1127.2,-10223.2,557.65,8624.54,-2170.93,76.5,1694.42,-2094.43,-400.01
621,538.94,1358.49,1754.8,161.41,90.28,-67.89,-1149.72,-10193.17,552.44,8589.3,-2173.94,76.23,1634.9,-2097.71,-462.81
631,565.74,1300.6,1720.39,141.46,81.86,-52.84,-1140.05,-10158.79,567.11,8610.73,-2181.0,74.95,1636.21,-2106.05,-469.84
641,559.26,1313.72,1727.08,146.15,103.86,-60.11,-1130.03,-10118.22,560.47,8571.13,-2205.43,76.66,1673.31,-2128.77,-455.46
651,565.31,1359.93,1736.57,160.53,78.42,-56.71,-1133.19,-10173.33,550.02,8598.97,-2165.99,76.7,1686.53,-2089.29,-402.76
661,533.46,1324.22,1739.04,155.33,88.69,-68.66,-1131.94,-10216.47,546.78,8610.54,-2151.13,75.59,1581.0,-2075.54,-494.55
671,570.67,1347.05,1721.48,155.54,90.83,-68.49,-1133.32,-10162.44,564.78,8604.19,-2197.96,75.77,1690.29,-2122.19,-431.89
681,548.04,1356.54,1726.5,155.85,84.29,-65.44,-1145.47,-10114.62,564.81,8611.71,-2241.91,76.66,1722.21,-2165.26,-443.04
691,559.29,1320.2,1749.73,156.14,76.44,-52.33,-1119.0,-10068.29,559.81,8548.65,-2240.54,77.85,1730.65,-2162.69,-432.03
701,561.66,1297.62,1736.24,149.17,77.23,-63.64,-1136.09,-10138.56,542.71,8581.96,-2191.88,75.74,1608.31,-2116.14,-507.83
711,554.83,1309.98,1745.77,151.84,82.58,-55.91,-1138.68,-10116.05,546.55,8589.59,-2239.3,77.94,1670.49,-2161.36,-490.87
721,576.07,1306.66,1730.98,154.55,82.18,-67.77,-1135.77,-10141.9,550.79,8609.49,-2208.5,76.6,1665.28,-2131.9,-466.62
731,561.46,1384.42,1727.87,162.81,88.02,-62.57,-1142.99,-10122.43,548.64,8565.07,-2212.31,77.81,1710.29,-2134.5,-424.21
741,574.42,1319.67,1733.12,156.46,82.76,-60.06,-1155.33,-10044.38,551.71,8543.45,-2237.47,76.06,1701.81,-2161.41,-459.6
751,593.86,1341.47,1751.95,151.93,82.52,-69.16,-1147.6,-10123.13,537.46,8632.22,-2252.55,77.48,1751.51,-2175.08,-423.56
761,543.84,1254.39,1727.82,143.34,83.13,-59.04,-1134.4,-10096.88,569.04,8608.73,-2225.4,76.09,1639.99,-2149.31,-509.32
771,552.6,1328.85,1696.69,157.31,87.38,-59.59,-1170.1,-10086.69,549.0,8611.1,-2244.55,76.69,1666.55,-2167.86,-501.31
781,550.24,1313.26,1748.25,156.37,80.21,-51.47,-1146.56,-10108.6,558.02,8597.09,-2234.12,77.04,1696.8,-2157.08,-460.28
791,562.89,1302.94,1738.93,156.38,89.19,-62.83,-1130.99,-10123.45,579.0,8583.12,-2208.97,77.87,1695.18,-2131.1,-435.92
801,549.99,1302.09,1745.37,147.38,82.62,-62.03,-1147.82,-10037.86,557.37,8540.42,-2240.19,76.82,1677.52,-2163.37,-485.85
811,582.35,1284.45,1749.99,160.04,78.52,-51.69,-1139.83,-10162.64,563.92,8617.24,-2184.1,76.45,1682.34,-2107.65,-425.31
821,522.5,1293.35,1729.28,141.8,84.86,-63.53,-1111.43,-10184.82,568.55,8606.48,-2173.66,78.24,1587.03,-2095.41,-508.38
831,562.21,1346.07,1731.88,153.31,84.1,-59.52,-1139.46,-10116.92,546.45,8580.56,-2202.54,76.3,1688.69,-2126.24,-437.56
841,562.59,1309.73,1748.4,151.21,90.2,-55.05,-1136.41,-10074.57,551.69,8615.65,-2283.51,78.87,1763.45,-2204.65,-441.19
851,553.82,1322.85,1730.55,155.49,93.18,-60.9,-1145.54,-10107.57,567.15,8621.69,-2215.55,76.93,1730.71,-2138.62,-407.9
861,584.34,1322.67,1755.37,158.55,87.35,-70.48,-1112.53,-10179.09,551.0,8629.69,-2224.52,78.08,1726.87,-2146.44,-419.57
871,532.75,1296.72,1717.94,152.75,94.95,-52.47,-1132.91,-10134.7,563.7,8640.39,-2228.58,77.94,1679.12,-2150.63,-471.52
881,553.42,1368.22,1743.36,144.15,87.22,-71.4,-1109.5,-10100.56,553.45,8598.55,-2246.57,79.58,1766.91,-2166.99,-400.08
891,553.46,1365.48,1743.2,151.92,91.47,-74.68,-1121.51,-10128.53,555.34,8611.23,-2234.43,79.33,1747.38,-2155.1,-407.72
901,529.55,1312.71,1730.46,150.63,87.79,-43.75,-1138.63,-10113.66,542.21,8632.28,-2250.33,77.37,1689.59,-2172.96,-483.37
911,547.76,1317.99,1705.56,150.41,85.68,-50.77,-1139.86,-10051.3,569.43,8594.83,-2260.61,76.98,1729.72,-2183.63,-453.9
921,553.92,1359.92,1715.58,158.49,84.45,-62.42,-1139.43,-10020.97,544.67,8544.45,-2258.73,78.81,1738.67,-2179.92,-441.25
931,592.0,1377.78,1709.75,167.35,86.76,-62.43,-1136.74,-10064.02,561.23,8572.64,-2246.11,79.7,1804.31,-2166.41,-362.1
941,571.12,1312.2,1740.79,153.51,79.14,-59.38,-1117.16,-10131.69,557.23,8606.58,-2238.29,77.69,1712.34,-2160.6,-448.25
951,551.94,1350.13,1710.7,161.26,77.37,-41.68,-1145.54,-10153.18,557.69,8659.14,-2241.56,77.37,1727.84,-2164.19,-436.35
961,526.6,1333.92,1739.33,141.91,84.95,-63.2,-1133.19,-10168.52,560.16,8665.41,-2216.11,77.63,1687.37,-2138.48,-451.11
971,566.36,1339.09,1743.95,156.29,93.39,-64.13,-1132.79,-10106.44,561.71,8568.91,-2224.27,77.66,1726.33,-2146.61,-420.28
981,556.56,1301.5,1739.91,146.78,86.37,-58.61,-1150.8,-10098.98,542.25,8607.49,-2268.91,77.63,1672.46,-2191.28,-518.82
991,539.32,1290.03,1726.52,149.11,86.64,-57.66,-1140.85,-10058.09,557.1,8581.28,-2263.71,76.87,1673.4,-2186.84,-513.44
1001,535.13,1320.55,1724.59,154.7,76.44,-52.59,-1137.95,-10101.53,561.56,8621.51,-2256.85,76.21,1702.4,-2180.64,-478.24
1011,573.65,1358.17,1722.52,153.69,83.61,-58.82,-1120.31,-10161.04,545.08,8607.2,-2198.86,77.68,1703.75,-2121.18,-417.43
1021,516.49,1345.2,1725.31,158.66,85.52,-59.54,-1105.26,-10091.09,576.15,8606.12,-2278.92,78.09,1757.55,-2200.83,-443.28
1031,529.22,1336.5,1747.4,158.82,85.38,-70.9,-1167.09,-10039.47,573.91,8602.58,-2274.31,76.05,1756.36,-2198.27,-441.91
1041,562.59,1315.14,1709.98,150.76,82.13,-49.66,-1121.05,-10100.55,570.49,8561.37,-2259.64,78.76,1681.21,-2180.88,-499.67
1051,553.29,1351.88,1722.43,153.03,89.08,-66.3,-1152.68,-10084.92,554.85,8602.38,-2241.59,76.96,1723.04,-2164.62,-441.58
1061,578.8,1305.91,1740.64,160.2,86.74,-58.84,-1150.86,-10048.77,538.55,8598.39,-2263.42,76.4,1750.76,-2187.02,-436.26
1071,574.01,1300.02,1728.09,146.96,88.69,-51.66,-1131.64,-10071.68,545.25,8587.17,-2265.65,77.56,1715.22,-2188.09,-472.87
1081,566.18,1322.26,1719.14,153.05,85.85,-65.15,-1140.82,-10083.59,547.23,8560.62,-2225.0,77.67,1664.77,-2147.34,-482.56
1091,566.12,1307.57,1728.26,156.16,81.08,-60.24,-1136.65,-10147.51,547.87,8662.87,-2252.57,77.29,1705.54,-2175.28,-469.74
1101,557.07,1332.67,1720.42,150.78,92.27,-84.36,-1159.49,-10147.83,561.25,8673.66,-2231.28,78.6,1696.43,-2152.68,-456.25
1111,512.53,1312.89,1722.58,146.21,91.54,-53.4,-1139.05,-10197.64,560.0,8649.86,-2171.96,77.02,1605.52,-2094.94,-489.42
1121,564.91,1337.87,1742.7,168.6,90.68,-53.31,-1154.09,-10060.82,558.89,8576.63,-2248.18,76.56,1772.04,-2171.62,-399.58
1131,554.85,1267.75,1744.66,149.13,94.02,-64.3,-1111.51,-10150.87,570.57,8645.56,-2219.84,78.34,1699.86,-2141.5,-441.63
1141,566.61,1355.51,1722.59,156.72,92.0,-56.42,-1137.26,-10157.94,551.92,8661.79,-2244.86,77.43,1755.53,-2167.43,-411.9
1151,587.56,1323.24,1740.9,148.57,95.18,-62.98,-1146.3,-10112.42,537.05,8587.41,-2208.01,76.84,1698.21,-2131.17,-432.96
1161,546.49,1292.67,1746.05,148.3,85.01,-54.11,-1129.82,-10143.28,575.1,8641.4,-2231.63,77.9,1707.81,-2153.73,-445.92
1171,556.3,1332.66,1708.54,150.08,83.52,-65.5,-1117.11,-10116.33,554.54,8602.13,-2241.45,79.23,1688.83,-2162.23,-473.4
1181,548.21,1336.13,1719.12,148.33,85.51,-67.42,-1124.17,-10061.15,554.3,8604.65,-2266.43,78.42,1743.5,-2188.01,-444.51
1191,602.63,1320.6,1716.41,152.8,85.39,-55.48,-1128.12,-10114.55,546.94,8629.55,-2247.72,77.49,1756.18,-2170.23,-414.05
1201,594.37,1280.16,1740.06,158.94,78.02,-53.92,-1107.92,-10074.09,554.83,8602.12,-2273.05,77.83,1772.57,-2195.22,-422.65
1211,533.4,1343.76,1710.21,153.8,88.77,-47.28,-1135.79,-10166.3,574.75,8670.03,-2245.56,77.54,1725.36,-2168.02,-442.67
1221,553.66,1311.22,1723.05,153.61,97.66,-58.19,-1137.16,-10081.82,571.19,8640.53,-2281.2,78.21,1773.76,-2202.99,-429.23
1231,561.53,1336.69,1729.85,149.14,94.89,-56.43,-1132.56,-10119.73,559.88,8666.93,-2265.95,78.31,1790.2,-2187.64,-397.44
1241,533.99,1347.14,1731.19,151.73,75.45,-48.3,-1105.24,-10115.71,554.48,8602.76,-2239.26,78.69,1727.49,-2160.56,-433.07
1251,563.81,1288.47,1718.18,156.49,87.01,-70.87,-1147.12,-10028.43,560.82,8581.08,-2273.21,78.16,1709.44,-2195.04,-485.6
1261,531.44,1282.68,1728.75,155.7,95.69,-62.81,-1106.23,-10039.86,576.71,8595.89,-2306.84,79.9,1757.96,-2226.94,-468.98
1271,568.69,1323.66,1714.32,153.72,86.75,-61.96,-1120.72,-10033.51,526.8,8607.21,-2307.73,79.72,1764.96,-2228.01,-463.05
1281,552.65,1345.89,1723.67,149.4,83.57,-67.59,-1128.86,-10024.98,552.69,8563.76,-2274.68,78.59,1750.2,-2196.09,-445.88
1291,585.22,1322.73,1746.17,152.16,104.7,-60.92,-1149.34,-10068.77,540.58,8601.58,-2260.89,79.21,1774.11,-2181.67,-407.56
1301,547.12,1321.5,1714.77,158.61,78.51,-69.15,-1135.24,-10021.69,555.96,8601.17,-2317.25,78.08,1751.55,-2239.17,-487.61
1311,552.71,1309.93,1730.56,151.09,90.88,-63.38,-1108.09,-10040.04,547.23,8607.12,-2285.16,77.73,1778.01,-2207.44,-429.43
1321,560.68,1305.49,1736.44,155.48,98.93,-57.79,-1127.87,-10032.25,546.19,8608.89,-2296.4,78.06,1794.19,-2218.34,-424.15
1331,555.61,1369.34,1751.68,139.78,104.55,-73.37,-1122.42,-10054.65,544.06,8600.49,-2288.3,80.27,1815.06,-2208.03,-392.97
1341,540.36,1300.3,1730.92,142.87,82.64,-54.2,-1136.45,-10072.7,564.47,8649.41,-2288.47,78.78,1747.62,-2209.68,-462.07
1351,579.86,1297.54,1716.22,156.71,82.34,-69.4,-1137.15,-10084.26,549.44,8619.97,-2251.99,78.4,1711.27,-2173.59,-462.32
1361,583.81,1320.16,1738.44,146.03,81.83,-61.34,-1130.6,-10074.17,548.82,8561.68,-2261.39,79.16,1714.66,-2182.23,-467.57
1371,541.82,1328.77,1715.8,164.21,84.74,-54.59,-1121.59,-10142.67,561.74,8620.14,-2248.3,78.46,1698.36,-2169.84,-471.48
1381,570.12,1307.53,1748.8,155.45,86.6,-58.14,-1119.53,-10076.03,554.91,8581.93,-2251.68,78.81,1751.64,-2172.87,-421.23
1391,551.92,1374.85,1732.38,156.04,81.9,-69.62,-1139.53,-10022.85,558.75,8612.84,-2352.96,77.71,1836.69,-2275.25,-438.57
1401,576.0,1341.84,1758.91,155.0,84.27,-63.48,-1132.37,-10077.75,548.68,8589.38,-2281.66,78.28,1780.48,-2203.38,-422.9
1411,531.05,1327.91,1740.41,148.01,88.45,-55.68,-1157.42,-10051.0,560.14,8662.57,-2328.57,77.95,1794.43,-2250.62,-456.19
1421,560.11,1309.39,1746.11,143.28,81.94,-63.52,-1137.83,-10111.48,564.73,8646.32,-2262.77,78.22,1739.07,-2184.55,-445.47
1431,545.83,1361.19,1733.3,161.25,86.23,-56.09,-1125.2,-10130.13,554.29,8646.37,-2243.98,77.62,1777.04,-2166.36,-389.32
1441,561.56,1352.98,1727.12,158.84,84.5,-70.9,-1108.49,-10114.71,550.68,8617.69,-2249.33,80.1,1759.27,-2169.23,-409.96
1451,591.39,1318.95,1728.37,145.58,95.07,-71.36,-1102.96,-10112.57,553.4,8629.76,-2271.7,79.2,1775.64,-2192.5,-416.86
1461,575.71,1350.99,1723.48,161.17,82.6,-57.76,-1139.07,-10139.49,536.59,8640.78,-2245.44,78.94,1734.99,-2166.49,-431.5
1471,557.44,1340.85,1718.82,150.61,89.45,-52.97,-1129.23,-10062.14,544.12,8580.65,-2262.8,78.86,1737.6,-2183.94,-446.34
1481,577.34,1334.41,1708.35,152.78,75.95,-51.35,-1125.04,-10170.1,541.48,8634.11,-2212.26,78.51,1677.92,-2133.75,-455.83
1491,528.33,1347.75,1746.78,158.72,90.84,-54.55,-1103.31,-10200.2,545.32,8685.34,-2221.51,78.71,1745.02,-2142.8,-397.78
1501,597.26,1326.07,1715.86,147.11,88.59,-65.44,-1140.77,-10076.53,543.89,8582.42,-2264.88,78.22,1718.46,-2186.66,-468.2
1511,548.57,1320.18,1738.03,147.58,87.27,-59.35,-1139.3,-10132.08,559.68,8630.6,-2235.07,78.57,1701.19,-2156.5,-455.32
1521,561.13,1305.68,1736.56,155.58,88.84,-62.95,-1096.3,-10179.72,573.51,8628.01,-2209.25,78.21,1710.33,-2131.04,-420.71
1531,585.9,1302.91,1727.88,148.24,86.27,-60.93,-1137.0,-10058.23,569.12,8649.93,-2307.18,79.51,1814.1,-2227.67,-413.57
1541,575.93,1330.17,1703.16,150.99,83.72,-51.78,-1120.02,-10155.48,550.18,8688.37,-2244.38,78.91,1755.25,-2165.47,-410.23
1551,563.75,1326.86,1746.33,157.35,82.72,-67.19,-1111.86,-10130.06,574.11,8676.63,-2267.28,78.13,1818.63,-2189.16,-370.53
1561,536.08,1311.07,1733.05,151.4,90.95,-67.11,-1099.31,-10119.33,555.39,8630.41,-2263.83,79.43,1722.61,-2184.4,-461.79
1571,549.69,1325.35,1700.78,154.82,91.35,-44.44,-1110.11,-10128.61,565.99,8700.98,-2294.15,80.9,1805.8,-2213.25,-407.45
1581,557.43,1283.76,1710.27,149.74,93.28,-53.33,-1128.68,-10139.07,566.92,8678.84,-2263.03,77.77,1719.15,-2185.26,-466.11
1591,557.21,1316.39,1704.82,156.87,83.46,-63.17,-1139.71,-10094.85,555.65,8630.2,-2266.11,77.38,1706.87,-2188.73,-481.87
1601,544.36,1332.12,1732.82,144.44,79.49,-55.86,-1122.52,-10136.51,546.81,8673.57,-2256.01,78.69,1738.72,-2177.32,-438.6
1611,582.05,1317.22,1706.81,152.26,79.15,-48.61,-1126.39,-10078.6,557.56,8598.42,-2267.66,78.45,1739.88,-2189.2,-449.32
1621,559.07,1321.73,1720.11,152.94,87.11,-61.98,-1109.71,-10204.06,572.87,8686.84,-2228.64,79.07,1724.94,-2149.56,-424.62
1631,532.62,1331.76,1740.28,157.12,74.81,-63.18,-1126.69,-10096.58,560.57,8626.5,-2272.38,79.42,1737.23,-2192.96,-455.73
1641,545.02,1316.06,1720.99,151.84,86.62,-65.21,-1128.67,-10058.86,556.74,8587.11,-2265.96,76.92,1711.64,-2189.04,-477.4
1651,522.13,1394.57,1717.23,155.15,87.89,-71.33,-1129.76,-10112.73,558.46,8633.86,-2234.65,76.89,1755.46,-2157.77,-402.31
1661,526.79,1326.44,1731.22,150.87,90.98,-62.72,-1132.6,-10142.1,550.2,8647.2,-2241.31,79.09,1686.28,-2162.22,-475.95
1671,542.97,1317.74,1727.58,151.66,87.7,-65.01,-1110.23,-10185.7,546.03,8656.53,-2230.08,78.26,1669.25,-2151.83,-482.57
1681,565.34,1339.2,1724.18,162.35,87.01,-63.89,-1159.59,-10233.7,548.74,8725.93,-2193.98,75.89,1695.57,-2118.09,-422.52
1691,548.62,1283.57,1748.02,149.17,82.66,-65.49,-1122.57,-10122.51,550.99,8664.22,-2275.41,78.81,1716.67,-2196.6,-479.93
1701,560.13,1319.43,1724.72,160.58,91.27,-66.28,-1110.31,-10093.52,570.01,8630.27,-2264.48,78.82,1786.31,-2185.66,-399.35
1711,555.18,1336.77,1731.54,156.15,77.18,-64.49,-1137.46,-10037.61,539.27,8585.65,-2291.09,76.93,1742.19,-2214.16,-471.97
1721,562.89,1326.6,1768.86,145.81,96.26,-65.31,-1129.15,-10169.56,563.03,8671.46,-2246.51,77.2,1770.88,-2169.31,-398.42
1731,537.16,1286.59,1722.35,149.6,86.84,-60.5,-1122.34,-10127.12,550.38,8650.01,-2257.57,78.36,1672.96,-2179.21,-506.25
1741,589.69,1294.74,1732.87,156.22,72.75,-63.63,-1131.26,-10114.28,539.57,8655.86,-2264.55,78.36,1732.52,-2186.19,-453.67
1751,557.03,1315.26,1717.84,148.31,87.87,-56.66,-1132.55,-10119.1,560.98,8638.46,-2250.36,77.19,1717.44,-2173.17,-455.72
1761,569.27,1318.5,1759.64,160.06,97.42,-70.39,-1137.06,-10075.38,559.57,8647.6,-2284.73,77.91,1829.24,-2206.82,-377.58
1771,533.14,1330.07,1708.53,158.01,81.9,-63.78,-1133.98,-10179.56,548.63,8662.35,-2202.11,77.61,1645.3,-2124.5,-479.19
1781,590.44,1309.41,1713.53,159.43,74.6,-60.75,-1137.22,-10180.61,550.87,8594.4,-2171.67,77.35,1614.08,-2094.32,-480.24
1791,588.12,1327.59,1735.39,146.08,86.87,-49.58,-1143.79,-10054.41,564.09,8596.88,-2293.79,78.83,1797.25,-2214.95,-417.71
1801,562.73,1357.78,1713.17,160.86,86.83,-52.01,-1140.83,-10174.28,555.4,8693.99,-2264.04,77.16,1763.65,-2186.88,-423.23
1811,559.12,1343.23,1750.14,159.3,86.91,-62.46,-1136.77,-10153.33,559.62,8688.08,-2252.59,76.34,1793.82,-2176.25,-382.43
1821,557.24,1344.99,1724.35,154.41,79.59,-58.51,-1125.95,-10184.93,571.29,8674.61,-2238.04,78.1,1737.07,-2159.95,-422.87
1831,572.71,1368.12,1720.0,159.78,84.34,-63.8,-1133.8,-10080.01,547.81,8564.06,-2281.17,77.13,1739.23,-2204.04,-464.81
1841,566.05,1305.29,1739.48,148.12,74.36,-69.89,-1145.9,-10169.3,549.97,8684.23,-2243.68,78.03,1682.42,-2165.65,-483.23
1851,570.66,1300.6,1703.71,160.24,92.18,-47.78,-1136.3,-10133.37,553.66,8662.27,-2253.62,77.27,1725.87,-2176.34,-450.47
1861,574.36,1380.89,1724.64,152.06,85.78,-59.65,-1148.82,-10102.48,543.49,8682.02,-2281.02,77.66,1832.28,-2203.36,-371.08
1871,572.08,1341.1,1738.79,152.4,78.7,-53.9,-1127.09,-10095.4,555.5,8633.7,-2292.34,78.63,1795.86,-2213.71,-417.85
1881,568.73,1340.67,1737.13,171.05,74.34,-55.36,-1149.69,-10010.99,550.6,8609.91,-2342.29,78.83,1836.38,-2263.46,-427.08
1891,540.2,1352.37,1722.98,150.97,77.58,-53.79,-1115.61,-10106.81,547.14,8633.38,-2281.37,78.42,1748.41,-2202.96,-454.55
1901,580.05,1342.55,1734.13,160.41,76.15,-65.39,-1129.8,-10107.91,557.11,8693.4,-2315.89,78.23,1840.7,-2237.67,-396.97
1911,544.76,1303.52,1726.97,141.35,86.6,-69.72,-1153.05,-10099.26,540.82,8700.9,-2317.59,78.1,1722.89,-2239.49,-516.6
1921,584.22,1314.83,1725.23,160.69,81.91,-66.17,-1153.74,-10074.2,545.2,8667.09,-2309.5,78.93,1785.07,-2230.58,-445.51
1931,562.55,1277.37,1717.41,153.14,82.9,-54.34,-1124.5,-10139.25,569.53,8659.0,-2260.46,78.4,1703.81,-2182.07,-478.26
1941,557.69,1338.65,1755.71,157.35,90.84,-57.92,-1113.83,-10210.02,561.0,8703.73,-2240.96,78.19,1783.21,-2162.78,-379.56
1951,537.61,1334.5,1739.06,160.85,81.4,-64.46,-1142.67,-10151.77,558.4,8670.22,-2251.83,78.17,1723.15,-2173.66,-450.51
1961,526.57,1312.91,1731.22,147.53,87.96,-61.1,-1115.45,-10173.09,557.68,8684.13,-2244.16,77.21,1698.36,-2166.95,-468.6
1971,574.89,1339.83,1731.92,148.85,83.49,-57.42,-1126.46,-10193.98,553.12,8618.29,-2201.97,77.99,1672.52,-2123.98,-451.46
1981,570.7,1303.52,1742.37,147.49,77.22,-49.8,-1112.87,-10127.65,554.9,8602.07,-2230.4,78.08,1707.95,-2152.32,-444.37
1991,564.09,1353.78,1712.6,158.68,84.31,-61.46,-1115.94,-10115.52,556.8,8635.23,-2280.24,79.33,1772.56,-2200.91,-428.35
2001,581.58,1304.92,1697.68,147.8,94.44,-40.81,-1131.57,-10127.94,541.07,8655.91,-2262.9,78.38,1723.09,-2184.52,-461.43
2011,581.79,1339.08,1741.73,151.29,102.02,-75.12,-1142.98,-10114.27,531.59,8657.42,-2258.87,77.29,1772.54,-2181.58,-409.03
2021,551.53,1330.26,1723.24,157.39,97.21,-64.78,-1136.43,-10094.62,568.29,8623.73,-2280.4,77.45,1755.8,-2202.95,-447.15
2031,572.05,1300.3,1724.33,155.96,82.27,-55.19,-1140.87,-10094.69,531.01,8665.55,-2309.19,78.0,1740.73,-2231.19,-490.46
2041,581.48,1298.28,1736.32,155.83,88.36,-58.33,-1128.94,-10142.38,562.6,8676.72,-2297.13,78.22,1769.94,-2218.91,-448.97
2051,560.61,1368.28,1719.15,148.25,76.42,-55.9,-1144.69,-10093.53,536.0,8627.54,-2263.98,76.2,1742.12,-2187.78,-445.66
2061,572.66,1322.66,1727.85,157.38,88.55,-69.94,-1131.22,-10119.15,541.09,8638.58,-2263.89,76.95,1728.45,-2186.95,-458.5
2071,594.28,1331.81,1746.62,155.98,103.53,-73.84,-1135.99,-10150.25,539.78,8637.84,-2248.53,78.15,1749.76,-2170.38,-420.62
2081,588.07,1322.42,1728.99,151.34,86.55,-54.87,-1116.65,-10116.38,544.81,8621.06,-2262.01,78.06,1755.32,-2183.95,-428.63
2091,568.67,1307.18,1725.99,158.16,71.55,-61.57,-1133.86,-10101.56,542.75,8634.56,-2250.84,77.44,1711.87,-2173.41,-461.53
2101,567.9,1331.9,1740.77,151.39,85.41,-53.1,-1130.89,-10141.5,543.43,8654.89,-2255.84,78.01,1750.2,-2177.83,-427.63
2111,592.3,1359.14,1731.64,159.29,95.23,-70.49,-1126.1,-10122.15,552.06,8643.25,-2263.63,78.1,1814.16,-2185.54,-371.37
2121,530.24,1340.9,1736.4,152.34,85.63,-60.98,-1139.29,-10138.21,570.7,8669.52,-2231.39,76.5,1747.27,-2154.88,-407.61
2131,548.86,1355.14,1737.6,149.42,88.52,-60.71,-1135.34,-10058.27,563.96,8595.81,-2279.29,77.26,1784.99,-2202.03,-417.04
2141,535.83,1298.83,1730.31,147.65,79.7,-62.82,-1138.46,-10066.68,572.16,8668.47,-2298.29,79.34,1764.99,-2218.95,-453.97
2151,556.22,1293.04,1732.43,147.94,89.12,-68.21,-1139.37,-10074.32,562.65,8648.56,-2299.44,77.6,1748.07,-2221.83,-473.77
2161,600.57,1347.7,1718.87,164.41,89.98,-62.94,-1131.94,-10020.96,550.11,8581.19,-2304.54,78.36,1836.98,-2226.18,-389.19
2171,569.61,1306.68,1733.18,158.02,88.44,-59.27,-1154.96,-10062.16,536.86,8626.13,-2308.81,77.33,1742.52,-2231.48,-488.96
2181,540.5,1315.13,1758.02,154.13,91.95,-57.8,-1136.44,-10102.18,559.33,8703.8,-2295.44,78.4,1826.42,-2217.04,-390.61
2191,538.95,1347.3,1722.96,155.89,80.62,-63.04,-1136.6,-10000.39,556.65,8579.46,-2328.34,78.38,1781.78,-2249.96,-468.18
2201,578.97,1294.22,1715.91,156.55,87.42,-67.67,-1125.62,-10084.73,556.04,8634.41,-2298.4,77.93,1745.5,-2220.47,-474.97
2211,564.72,1347.81,1709.16,147.15,85.85,-57.81,-1123.81,-10014.54,557.38,8614.55,-2331.68,77.82,1830.45,-2253.86,-423.41
2221,562.31,1322.36,1737.13,149.21,103.65,-60.11,-1167.59,-10064.35,557.0,8651.46,-2309.52,78.06,1791.07,-2231.46,-440.38
2231,544.68,1308.93,1712.77,157.78,85.39,-55.2,-1115.68,-10088.45,571.57,8645.23,-2299.63,77.97,1767.01,-2221.67,-454.66
2241,542.35,1319.31,1709.13,156.94,84.75,-59.48,-1125.48,-10146.09,562.72,8688.57,-2265.09,78.37,1732.73,-2186.72,-453.99
2251,567.82,1339.05,1741.95,157.56,91.55,-75.83,-1123.15,-10081.12,544.15,8562.43,-2275.36,79.27,1724.41,-2196.09,-471.68
2261,569.82,1304.38,1745.69,153.3,79.69,-63.59,-1143.53,-10156.92,543.37,8672.16,-2238.61,77.67,1704.37,-2160.94,-456.58
2271,564.12,1308.05,1740.64,150.7,93.11,-74.69,-1117.7,-10212.15,540.88,8682.89,-2220.7,77.21,1675.85,-2143.49,-467.64
2281,536.61,1287.43,1755.45,159.64,92.04,-61.93,-1142.73,-10087.48,564.73,8690.07,-2306.35,78.94,1793.84,-2227.41,-433.58
2291,572.43,1399.18,1716.66,159.71,80.98,-74.34,-1128.65,-10111.06,539.84,8644.38,-2285.53,76.89,1799.13,-2208.63,-409.5
2301,584.17,1314.39,1738.45,150.39,89.74,-59.98,-1129.88,-10076.73,537.22,8631.6,-2295.22,79.72,1779.37,-2215.5,-436.13
2311,533.91,1301.6,1748.04,146.12,79.23,-69.68,-1126.64,-10112.16,568.37,8671.78,-2283.27,77.54,1740.57,-2205.73,-465.16
2321,552.82,1320.48,1728.58,151.29,81.38,-63.19,-1134.89,-10079.12,562.2,8612.87,-2255.35,77.33,1732.42,-2178.02,-445.6
2331,572.96,1338.56,1719.99,161.08,99.6,-65.24,-1124.13,-10089.68,549.55,8611.65,-2266.47,78.08,1774.35,-2188.39,-414.05
2341,554.98,1340.7,1709.34,154.44,89.9,-73.92,-1148.9,-10072.48,553.64,8642.74,-2300.35,77.08,1750.44,-2223.27,-472.83
2351,556.09,1361.14,1721.99,163.88,77.22,-58.81,-1122.62,-10052.52,549.75,8632.37,-2308.26,78.56,1828.47,-2229.7,-401.22
2361,555.42,1349.18,1724.88,157.56,89.17,-44.47,-1136.45,-10021.16,556.95,8639.16,-2338.39,77.98,1870.25,-2260.41,-390.16
2371,569.19,1334.34,1735.28,151.42,84.9,-72.81,-1149.99,-10036.08,542.69,8592.2,-2286.18,77.24,1751.15,-2208.94,-457.79
2381,551.9,1311.62,1726.45,157.76,86.07,-62.2,-1147.99,-10123.77,557.93,8661.77,-2251.69,77.84,1719.54,-2173.84,-454.3
2391,579.74,1331.62,1734.92,144.29,84.07,-66.3,-1122.68,-10137.27,544.26,8608.18,-2231.59,77.5,1700.85,-2154.09,-453.25
2401,600.27,1343.2,1723.94,155.76,77.51,-71.9,-1119.73,-10116.33,546.7,8638.71,-2246.54,76.06,1778.12,-2170.48,-392.36
2411,528.27,1367.06,1751.63,154.78,90.84,-69.35,-1150.69,-10082.05,558.31,8595.53,-2253.91,77.8,1744.33,-2176.12,-431.79
2421,540.18,1344.66,1750.93,146.02,102.23,-64.26,-1137.39,-10234.63,550.98,8675.33,-2194.81,78.15,1674.05,-2116.65,-442.6
2431,579.2,1349.33,1750.54,155.43,85.92,-70.87,-1124.0,-10219.85,560.18,8683.1,-2215.58,77.89,1748.99,-2137.69,-388.69
2441,544.19,1323.58,1737.41,156.39,101.95,-65.88,-1152.19,-10234.92,559.63,8687.24,-2189.87,77.38,1657.4,-2112.48,-455.08
2451,571.91,1288.91,1722.19,157.61,79.56,-60.91,-1124.09,-10156.71,575.32,8658.99,-2234.62,77.34,1712.78,-2157.28,-444.5
2461,557.99,1321.49,1758.66,150.1,77.81,-67.13,-1146.1,-10134.75,533.09,8662.16,-2263.55,78.07,1713.31,-2185.48,-472.17
2471,549.28,1333.62,1718.06,160.21,83.21,-55.33,-1126.3,-10110.27,548.49,8619.9,-2263.92,78.27,1720.87,-2185.65,-464.78
2481,581.25,1305.57,1733.01,158.78,81.67,-69.63,-1111.48,-10165.31,559.82,8665.63,-2257.74,78.21,1739.32,-2179.53,-440.22
2491,566.02,1311.92,1709.6,154.55,84.14,-67.16,-1117.27,-10130.29,566.15,8649.48,-2269.73,78.56,1727.15,-2191.16,-464.02
2501,533.83,1294.49,1747.36,157.42,90.27,-65.36,-1132.38,-10125.65,553.79,8657.26,-2256.39,78.72,1711.03,-2177.68,-466.65
2511,557.47,1344.33,1712.31,165.46,77.35,-64.13,-1134.24,-10091.09,560.71,8657.71,-2304.7,78.54,1785.89,-2226.16,-440.27
2521,546.02,1280.34,1736.16,156.56,81.86,-58.39,-1134.98,-10130.85,538.95,8700.43,-2289.89,77.35,1716.09,-2212.53,-496.44
2531,548.57,1316.72,1722.63,148.24,91.69,-71.09,-1146.16,-10139.94,540.7,8661.11,-2266.06,78.08,1672.46,-2187.98,-515.52
2541,562.66,1363.41,1733.38,163.25,89.72,-73.5,-1148.12,-10119.49,557.16,8617.13,-2252.65,76.65,1745.59,-2175.99,-430.4
2551,547.66,1332.83,1735.21,156.62,78.41,-59.88,-1137.36,-10052.93,575.65,8593.66,-2290.38,76.63,1769.88,-2213.75,-443.87
2561,548.13,1379.34,1723.32,156.63,83.91,-63.13,-1153.96,-10114.9,570.91,8620.01,-2252.99,78.17,1750.26,-2174.82,-424.56
2571,507.42,1309.9,1735.32,147.89,97.12,-67.77,-1134.56,-10179.59,574.99,8697.55,-2244.88,78.78,1688.27,-2166.09,-477.82
2581,536.08,1329.48,1718.04,149.36,86.37,-78.62,-1132.42,-10122.09,551.38,8620.09,-2234.18,78.23,1657.66,-2155.96,-498.3
2591,580.39,1337.01,1726.46,158.14,86.36,-53.38,-1126.55,-10098.54,552.29,8623.56,-2256.81,77.13,1785.74,-2179.68,-393.94
2601,567.84,1289.32,1735.19,149.28,82.06,-70.27,-1152.55,-10178.72,560.96,8602.71,-2186.88,76.95,1585.83,-2109.93,-524.1
2611,514.09,1345.45,1730.13,155.2,81.72,-65.53,-1136.12,-10127.29,555.0,8616.51,-2228.84,76.99,1669.16,-2151.85,-482.68
2621,520.22,1341.75,1726.98,148.69,89.29,-50.98,-1135.99,-10171.41,555.2,8679.78,-2235.54,77.08,1703.53,-2158.46,-454.93
2631,527.87,1320.05,1715.0,152.66,83.03,-54.93,-1141.88,-10164.58,549.78,8653.82,-2235.04,78.72,1640.83,-2156.32,-515.49
2641,546.19,1342.34,1744.36,154.16,95.51,-51.92,-1142.55,-10071.29,555.31,8628.48,-2295.22,78.85,1800.6,-2216.37,-415.78
2651,545.4,1297.62,1726.58,142.87,91.31,-62.85,-1165.38,-10061.96,567.47,8619.04,-2279.43,79.32,1700.11,-2200.11,-500.0
2661,557.82,1297.46,1734.42,151.7,98.88,-51.98,-1125.83,-10097.96,547.92,8591.94,-2262.3,78.12,1704.37,-2184.18,-479.81
2671,550.37,1296.44,1727.45,144.81,87.78,-56.85,-1129.15,-10117.06,559.55,8645.25,-2282.91,78.82,1708.6,-2204.09,-495.49
2681,554.57,1304.46,1731.5,152.02,89.03,-72.46,-1147.39,-10082.27,566.96,8621.08,-2275.03,78.08,1717.49,-2196.95,-479.47
2691,545.41,1311.9,1747.97,151.95,86.81,-50.35,-1139.68,-10117.84,573.77,8657.06,-2253.01,76.79,1767.0,-2176.23,-409.22
2701,571.51,1357.83,1746.93,159.4,92.13,-59.72,-1150.17,-10092.13,563.38,8597.36,-2292.78,79.51,1786.54,-2213.27,-426.73
2711,562.01,1350.63,1737.09,154.97,87.56,-54.87,-1121.73,-10160.01,542.94,8599.44,-2219.53,77.83,1698.05,-2141.7,-443.65
2721,572.67,1343.98,1748.52,163.01,82.21,-53.56,-1127.93,-10139.36,552.26,8598.6,-2215.61,79.33,1740.4,-2136.28,-395.89
2731,580.36,1350.91,1745.23,152.19,83.44,-64.66,-1112.63,-10116.93,550.88,8635.78,-2274.94,78.53,1804.57,-2196.41,-391.84
2741,536.24,1287.87,1742.01,162.51,97.68,-60.13,-1140.91,-10087.46,549.02,8648.52,-2290.03,78.82,1735.35,-2211.22,-475.86
2751,530.42,1315.65,1736.16,142.16,77.03,-57.52,-1120.97,-10130.88,556.89,8618.38,-2235.61,77.43,1667.33,-2158.19,-490.86
2761,576.06,1356.73,1730.37,152.3,82.04,-61.99,-1150.54,-10019.15,558.19,8570.15,-2286.58,77.4,1794.16,-2209.17,-415.02
2771,587.8,1312.66,1742.28,160.37,84.83,-60.22,-1138.87,-10033.8,547.48,8563.01,-2283.33,77.61,1765.54,-2205.72,-440.18
2781,565.55,1308.91,1748.37,143.91,91.9,-57.37,-1117.59,-10088.87,559.88,8563.43,-2243.65,77.34,1718.13,-2166.31,-448.18
2791,564.19,1276.19,1727.05,150.45,87.71,-50.34,-1135.31,-10105.95,564.95,8604.73,-2261.94,77.68,1683.65,-2184.25,-500.6
2801,561.93,1333.5,1772.84,145.61,96.79,-68.37,-1149.81,-10103.29,536.3,8612.95,-2242.48,77.72,1738.44,-2164.76,-426.32
2811,543.77,1340.17,1732.77,147.8,84.47,-64.6,-1126.41,-10090.55,559.61,8589.39,-2256.11,78.2,1716.43,-2177.92,-461.49
2821,562.26,1292.76,1707.72,149.67,88.0,-54.96,-1132.04,-10053.67,529.07,8575.36,-2286.29,78.97,1664.16,-2207.32,-543.16
2831,560.06,1318.06,1725.22,149.95,90.29,-65.01,-1125.05,-10088.86,561.32,8629.05,-2265.85,78.88,1755.02,-2186.97,-431.95
2841,560.09,1345.33,1709.84,155.39,81.46,-52.65,-1140.97,-10051.39,549.8,8617.96,-2291.5,79.11,1774.87,-2212.39,-437.52
2851,532.98,1322.02,1734.84,144.41,80.29,-68.18,-1119.45,-10097.85,554.1,8599.58,-2251.21,78.09,1682.76,-2173.12,-490.36
2861,524.72,1291.07,1741.41,142.93,84.11,-51.4,-1143.97,-10130.83,571.47,8683.64,-2245.3,77.52,1713.15,-2167.78,-454.63
2871,571.63,1306.95,1740.99,162.6,95.29,-50.02,-1118.42,-10127.91,567.3,8656.92,-2271.04,78.58,1805.32,-2192.46,-387.14
2881,551.99,1316.35,1734.19,159.07,95.21,-57.49,-1135.67,-10108.84,551.31,8617.68,-2263.12,79.6,1723.79,-2183.52,-459.72
2891,543.85,1318.46,1732.38,156.91,77.38,-55.24,-1138.83,-10040.05,555.42,8614.8,-2309.4,78.39,1765.08,-2231.01,-465.93
2901,569.71,1343.06,1724.45,149.79,90.62,-72.64,-1148.01,-10068.29,542.63,8642.66,-2298.31,79.04,1773.97,-2219.27,-445.31
2911,556.27,1339.38,1716.07,162.19,79.62,-71.54,-1109.41,-10128.74,562.08,8624.95,-2269.8,79.8,1730.86,-2190.0,-459.14
2921,547.04,1334.45,1741.16,153.61,75.59,-62.46,-1128.14,-10105.79,557.57,8663.85,-2287.57,79.98,1776.88,-2207.59,-430.71
2931,522.63,1295.9,1710.05,151.89,95.78,-52.98,-1131.57,-10045.65,563.12,8618.3,-2281.13,78.06,1727.47,-2203.07,-475.6
2941,579.88,1321.35,1715.48,152.0,91.87,-55.31,-1114.51,-10138.5,553.17,8623.88,-2246.49,80.16,1729.31,-2166.33,-437.02
2951,572.01,1382.18,1718.55,159.0,83.94,-48.98,-1128.78,-10036.51,535.3,8582.08,-2312.35,77.83,1818.78,-2234.52,-415.74
2961,579.99,1346.48,1724.27,159.8,80.88,-43.21,-1113.78,-10116.39,559.86,8632.56,-2271.92,78.59,1810.44,-2193.33,-382.89
2971,586.12,1355.86,1712.27,152.67,88.3,-60.43,-1144.48,-10068.05,549.62,8627.38,-2307.3,79.06,1799.26,-2228.24,-428.98
2981,538.05,1351.31,1724.5,150.77,86.34,-47.34,-1125.92,-10127.72,558.1,8665.7,-2258.15,79.51,1773.79,-2178.64,-404.85
2991,578.16,1298.87,1715.74,151.08,86.35,-64.57,-1130.96,-10109.63,555.34,8680.61,-2294.03,78.66,1760.98,-2215.37,-454.4
3001,572.75,1309.0,1728.58,155.29,83.92,-55.87,-1137.35,-10105.68,559.07,8649.54,-2293.01,78.96,1759.27,-2214.05,-454.78
3011,564.78,1379.4,1705.75,160.07,80.14,-46.1,-1149.71,-10070.85,538.56,8617.92,-2298.99,79.21,1779.95,-2219.78,-439.83
3021,575.9,1326.13,1747.4,154.83,83.86,-50.56,-1141.76,-10137.58,538.47,8662.22,-2266.89,78.07,1758.9,-2188.82,-429.91
3031,552.87,1359.22,1719.85,148.33,89.07,-63.11,-1139.82,-10170.64,534.78,8635.33,-2211.15,78.11,1665.88,-2133.05,-467.17
3041,554.27,1295.57,1717.41,159.97,86.99,-67.0,-1128.53,-10147.96,558.47,8653.9,-2245.9,79.31,1683.09,-2166.59,-483.5
3051,570.55,1360.7,1738.79,150.99,79.51,-86.47,-1117.98,-10145.16,555.47,8691.57,-2285.61,78.36,1797.97,-2207.26,-409.29
3061,572.31,1375.93,1731.55,155.8,93.81,-66.38,-1142.6,-10118.24,538.69,8632.39,-2265.65,77.81,1773.26,-2187.84,-414.58
3071,580.85,1333.05,1753.56,156.62,92.97,-52.55,-1160.17,-10081.98,540.94,8669.77,-2305.47,78.64,1833.06,-2226.83,-393.77
3081,556.26,1313.81,1738.81,156.14,90.31,-62.14,-1133.04,-10125.89,548.56,8638.33,-2258.13,80.01,1721.15,-2178.12,-456.97
3091,584.5,1303.07,1748.53,148.86,90.97,-74.2,-1122.14,-10106.95,562.17,8679.69,-2283.84,78.48,1814.49,-2205.36,-390.87
3101,538.82,1298.0,1737.94,152.5,89.04,-67.65,-1104.48,-10186.25,568.35,8643.53,-2225.58,79.77,1669.8,-2145.8,-476.01
3111,561.41,1272.25,1745.32,154.36,92.75,-63.59,-1118.92,-10146.49,561.88,8662.89,-2261.19,79.43,1721.84,-2181.76,-459.92
3121,540.72,1351.81,1709.38,150.0,97.12,-68.47,-1142.21,-10141.72,540.5,8697.34,-2276.99,79.23,1734.48,-2197.76,-463.28
3131,541.56,1307.59,1725.55,158.43,71.1,-35.48,-1118.59,-10175.46,556.01,8700.61,-2263.02,78.36,1731.31,-2184.66,-453.34
3141,521.08,1334.23,1743.2,150.95,80.61,-66.67,-1155.52,-10188.27,564.36,8715.87,-2250.77,79.5,1699.84,-2171.27,-471.43
3151,568.25,1301.31,1734.85,147.07,86.9,-67.41,-1135.37,-10198.86,545.44,8659.35,-2194.04,78.18,1641.52,-2115.86,-474.34
3161,538.18,1302.65,1731.84,142.99,83.91,-50.09,-1104.3,-10113.57,575.18,8659.18,-2296.87,79.99,1765.97,-2216.88,-450.91
3171,583.96,1351.61,1739.32,164.99,78.56,-49.57,-1099.71,-10148.53,558.31,8627.2,-2268.55,79.68,1806.14,-2188.87,-382.72
3181,588.56,1349.62,1744.94,159.14,85.06,-58.22,-1131.48,-10128.77,551.63,8631.57,-2270.39,79.23,1792.05,-2191.16,-399.11
3191,567.57,1314.66,1743.31,150.27,78.53,-63.89,-1100.72,-10188.18,557.44,8717.25,-2268.4,78.63,1776.25,-2189.77,-413.52
3201,536.62,1301.6,1759.02,153.94,78.69,-56.75,-1141.7,-10197.17,566.86,8706.7,-2228.42,77.36,1707.81,-2151.07,-443.26
3211,563.2,1343.83,1724.95,151.71,98.49,-64.61,-1125.96,-10080.57,564.74,8624.56,-2322.21,79.58,1800.34,-2242.64,-442.3
3221,555.52,1328.59,1755.38,147.18,88.14,-60.14,-1139.64,-10085.81,569.11,8589.09,-2269.96,78.54,1747.42,-2191.43,-444.0
3231,553.69,1346.47,1731.51,152.74,77.41,-64.14,-1130.82,-10057.62,563.27,8684.16,-2344.86,79.29,1856.66,-2265.57,-408.91
3241,543.38,1282.92,1751.52,147.83,86.57,-66.72,-1128.16,-10054.9,564.76,8663.03,-2346.94,77.42,1790.22,-2269.52,-479.3
3251,571.58,1327.34,1746.21,152.96,89.56,-67.47,-1133.61,-10074.12,549.74,8671.53,-2350.49,78.78,1833.72,-2271.71,-437.99
3261,563.88,1332.64,1735.34,154.92,83.56,-64.86,-1111.03,-10140.85,557.92,8685.27,-2309.61,78.16,1796.79,-2231.45,-434.66
3271,525.54,1340.66,1732.26,160.87,78.37,-59.08,-1130.92,-10113.65,551.16,8633.94,-2285.63,78.1,1719.17,-2207.54,-488.36
3281,568.35,1306.77,1699.99,158.25,89.54,-61.48,-1140.72,-10073.63,553.1,8682.46,-2317.48,78.28,1782.64,-2239.21,-456.56
3291,588.66,1388.9,1722.08,157.53,68.0,-66.07,-1136.18,-10014.83,540.25,8594.33,-2355.67,79.76,1842.67,-2275.91,-433.24
3301,529.01,1325.9,1741.39,148.53,89.13,-48.4,-1138.54,-10040.92,553.31,8652.69,-2335.81,78.53,1812.1,-2257.29,-445.19
3311,540.56,1383.51,1732.56,166.2,96.91,-47.32,-1152.8,-10079.23,556.47,8615.5,-2297.93,77.75,1812.36,-2220.18,-407.83
3321,544.53,1318.28,1728.21,148.87,91.0,-55.41,-1133.26,-10166.23,556.0,8709.71,-2290.81,79.34,1741.7,-2211.47,-469.77
3331,571.57,1295.83,1715.74,147.83,83.65,-70.41,-1100.89,-10058.87,551.95,8640.08,-2329.0,79.4,1776.49,-2249.6,-473.11
3341,546.32,1281.93,1734.26,149.27,93.69,-62.81,-1116.77,-10124.79,566.04,8686.32,-2297.39,78.0,1753.45,-2219.39,-465.94
3351,566.58,1305.85,1723.87,145.61,89.16,-65.52,-1115.69,-10084.72,552.31,8641.5,-2297.78,78.64,1758.97,-2219.14,-460.17
3361,582.27,1301.78,1720.32,148.34,99.47,-49.27,-1132.82,-10074.97,538.17,8712.27,-2353.12,78.23,1845.56,-2274.89,-429.33
3371,576.46,1353.13,1754.74,153.14,86.8,-74.23,-1132.68,-10079.9,549.37,8627.81,-2296.85,79.34,1814.65,-2217.51,-402.86
3381,512.31,1293.24,1732.05,143.98,85.87,-68.13,-1124.46,-10127.34,565.31,8679.88,-2270.61,79.73,1692.71,-2190.88,-498.17
3391,607.73,1388.95,1731.61,159.41,79.26,-65.61,-1145.45,-10028.41,549.55,8557.47,-2289.1,80.05,1834.52,-2209.05,-374.53
3401,542.34,1321.07,1727.51,145.47,85.0,-81.92,-1112.59,-10091.98,555.22,8603.68,-2286.46,79.11,1693.79,-2207.34,-513.55
3411,565.66,1340.55,1706.26,161.3,92.38,-69.41,-1129.11,-10117.79,563.5,8628.15,-2266.5,80.28,1741.48,-2186.22,-444.74
3421,582.84,1353.33,1742.59,155.47,83.49,-70.8,-1111.24,-10102.98,565.88,8603.98,-2265.21,79.64,1802.57,-2185.57,-383.0
3431,545.57,1345.56,1746.84,154.07,90.04,-68.93,-1117.61,-10118.46,559.87,8656.24,-2270.16,79.14,1793.19,-2191.02,-397.83
3441,566.48,1303.9,1715.87,154.78,92.32,-71.69,-1121.76,-10092.29,560.57,8638.78,-2313.38,80.42,1746.96,-2232.97,-486.01
3451,572.61,1290.74,1716.54,151.15,88.21,-56.97,-1118.99,-10094.67,548.11,8636.27,-2284.21,80.43,1732.98,-2203.78,-470.79
3461,577.39,1379.63,1724.49,166.84,77.93,-58.61,-1109.27,-10076.73,551.28,8615.8,-2298.55,79.96,1848.74,-2218.59,-369.84
3471,561.83,1317.97,1731.64,148.17,77.44,-55.27,-1114.58,-10124.37,567.98,8618.59,-2272.39,79.99,1729.38,-2192.4,-463.02
3481,552.6,1369.76,1739.9,158.18,83.61,-43.11,-1124.79,-10022.31,551.07,8541.62,-2315.55,79.35,1806.53,-2236.2,-429.67
3491,532.52,1342.22,1743.31,150.96,90.69,-68.29,-1120.56,-10088.7,570.27,8609.32,-2264.72,78.21,1761.73,-2186.51,-424.78
3501,539.35,1291.57,1724.92,151.7,73.9,-59.23,-1138.51,-10172.85,558.76,8678.15,-2246.51,78.47,1647.75,-2168.04,-520.28
3511,554.28,1374.0,1729.16,151.79,84.95,-51.01,-1139.41,-10078.62,552.77,8580.65,-2258.46,78.31,1758.55,-2180.15,-421.6
3521,575.1,1287.77,1708.07,158.73,76.2,-62.71,-1122.63,-10077.92,572.77,8639.29,-2284.25,79.85,1754.66,-2204.4,-449.74
3531,575.29,1324.23,1736.29,157.42,88.35,-53.52,-1114.52,-10149.71,555.73,8624.59,-2230.81,78.78,1744.14,-2152.03,-407.89
3541,567.26,1329.46,1738.6,156.01,83.91,-62.9,-1137.36,-10062.4,560.54,8571.2,-2264.39,79.07,1744.33,-2185.32,-440.99
3551,556.12,1321.74,1751.04,138.88,93.33,-66.2,-1135.4,-10004.32,568.68,8571.58,-2290.3,79.5,1795.44,-2210.8,-415.36
3561,561.47,1268.78,1722.69,148.3,85.54,-62.6,-1132.04,-10033.77,556.73,8598.15,-2301.59,79.87,1713.24,-2221.72,-508.49
3571,581.43,1366.72,1730.24,148.57,70.72,-47.71,-1145.36,-10061.48,548.1,8595.31,-2290.0,78.34,1786.55,-2211.66,-425.11
3581,590.2,1312.22,1746.62,145.56,91.3,-58.39,-1121.58,-10023.36,566.15,8606.74,-2342.97,79.12,1855.46,-2263.84,-408.39
3591,580.62,1282.47,1758.39,158.43,91.35,-65.15,-1148.29,-10067.32,556.66,8621.8,-2284.52,78.6,1768.96,-2205.92,-436.97
3601,581.57,1297.05,1717.8,151.55,75.01,-50.21,-1128.55,-10126.71,561.83,8633.56,-2250.89,79.99,1712.91,-2170.91,-458.0
3611,602.19,1319.03,1727.04,150.39,79.49,-71.99,-1128.11,-10009.4,541.96,8594.32,-2318.41,78.74,1804.92,-2239.67,-434.75
3621,532.23,1327.99,1712.8,156.43,83.62,-59.07,-1121.73,-10018.28,554.3,8623.25,-2321.51,78.38,1791.52,-2243.13,-451.61
3631,551.02,1295.35,1748.59,144.63,81.86,-63.56,-1126.99,-10074.26,563.7,8603.39,-2269.07,78.91,1723.73,-2190.16,-466.42
3641,545.03,1359.54,1726.57,154.49,97.69,-61.36,-1133.51,-9985.57,546.58,8563.64,-2311.39,77.55,1813.1,-2233.84,-420.74
3651,576.91,1340.37,1741.25,150.86,82.4,-72.15,-1126.57,-10085.02,551.81,8678.34,-2311.87,79.07,1838.19,-2232.8,-394.61
3661,561.27,1321.02,1741.69,145.0,93.78,-60.93,-1102.75,-10085.87,541.16,8633.59,-2286.46,78.19,1787.97,-2208.27,-420.3
3671,539.1,1341.89,1743.95,154.55,92.59,-63.1,-1162.25,-10039.11,547.85,8587.93,-2291.07,78.29,1743.4,-2212.78,-469.38
3681,559.88,1361.05,1749.46,151.77,94.76,-70.55,-1122.34,-9978.44,547.11,8510.76,-2319.12,79.54,1803.47,-2239.58,-436.11
3691,557.51,1312.86,1709.28,150.28,87.5,-61.79,-1112.35,-10084.77,549.72,8632.55,-2283.57,78.36,1740.81,-2205.21,-464.4
3701,598.76,1319.3,1727.87,150.09,99.23,-62.27,-1132.37,-10071.58,575.16,8565.28,-2242.78,77.91,1769.46,-2164.87,-395.42
3711,551.62,1370.01,1719.92,150.94,72.08,-72.74,-1129.34,-10086.99,562.15,8578.84,-2263.91,78.83,1716.48,-2185.08,-468.6
3721,561.96,1342.39,1697.12,151.12,81.7,-46.46,-1118.31,-10085.68,544.89,8653.75,-2293.72,79.32,1782.49,-2214.4,-431.9
3731,550.85,1361.95,1730.93,151.78,92.16,-67.74,-1143.27,-10059.08,547.07,8551.43,-2269.09,78.77,1716.08,-2190.31,-474.23
3741,558.3,1336.7,1725.68,150.55,76.63,-72.04,-1116.1,-10091.58,554.86,8604.01,-2253.47,77.72,1727.02,-2175.75,-448.74
3751,574.08,1292.74,1714.91,148.54,80.96,-62.11,-1136.96,-10001.2,537.52,8600.05,-2321.32,78.89,1748.51,-2242.43,-493.92
3761,562.84,1357.83,1726.24,159.24,85.51,-52.95,-1142.81,-9953.63,546.05,8585.44,-2360.93,78.95,1873.75,-2281.98,-408.23
3771,550.03,1330.73,1728.14,158.59,91.64,-64.32,-1147.8,-10060.41,579.87,8578.29,-2264.16,78.27,1744.75,-2185.89,-441.14
3781,568.94,1332.58,1709.66,159.19,81.94,-64.84,-1124.82,-10047.22,538.73,8631.29,-2321.45,78.98,1785.44,-2242.47,-457.03
3791,587.92,1342.04,1714.96,156.57,81.2,-53.86,-1122.57,-10092.32,543.16,8590.18,-2268.85,78.38,1747.27,-2190.47,-443.19
3801,563.81,1357.84,1691.44,157.07,78.15,-50.37,-1112.25,-10094.22,562.34,8618.87,-2283.25,77.23,1772.68,-2206.02,-433.34
3811,533.59,1344.74,1720.09,142.61,74.45,-61.83,-1150.95,-10070.44,557.26,8571.97,-2261.57,76.53,1661.47,-2185.03,-523.56
3821,562.69,1318.52,1703.19,155.01,98.3,-57.19,-1139.51,-10096.66,564.0,8675.05,-2296.21,77.41,1783.4,-2218.79,-435.39
3831,620.97,1346.35,1723.12,148.13,88.69,-54.37,-1118.65,-10018.66,520.82,8572.22,-2319.02,80.07,1828.61,-2238.95,-410.34
3841,567.23,1315.25,1724.95,154.47,91.65,-55.86,-1120.92,-10058.45,552.79,8596.12,-2328.89,80.15,1767.23,-2248.74,-481.51
3851,532.59,1362.08,1723.8,154.5,86.82,-64.99,-1139.09,-10122.06,550.67,8687.05,-2290.23,78.59,1771.38,-2211.64,-440.27
3861,595.65,1319.74,1716.53,147.54,78.41,-53.61,-1116.61,-10109.92,543.84,8654.78,-2314.15,79.1,1776.35,-2235.05,-458.7
3871,566.8,1309.14,1690.48,143.98,90.35,-66.58,-1115.32,-10100.72,546.49,8614.66,-2289.58,79.06,1679.27,-2210.51,-531.24
3881,569.29,1353.88,1724.01,153.07,83.7,-69.38,-1136.76,-10066.01,556.44,8669.62,-2350.37,79.33,1837.86,-2271.03,-433.18
3891,544.76,1349.18,1721.56,153.62,75.85,-65.72,-1122.42,-10026.15,555.5,8582.62,-2326.98,79.57,1768.79,-2247.41,-478.62
3901,545.06,1350.0,1700.6,153.86,88.7,-57.09,-1121.48,-10046.19,554.21,8660.65,-2357.87,81.18,1828.33,-2276.69,-448.36
3911,556.38,1336.07,1729.66,149.59,92.59,-63.53,-1116.57,-10074.81,548.43,8642.35,-2299.61,78.48,1800.16,-2221.13,-420.97
3921,577.45,1320.73,1728.71,143.04,87.89,-61.23,-1131.0,-10088.51,549.29,8634.75,-2294.28,79.95,1761.12,-2214.33,-453.21
3931,568.11,1345.18,1724.79,153.93,82.07,-71.6,-1118.23,-9948.26,564.81,8577.2,-2384.29,79.91,1878.0,-2304.38,-426.38
3941,543.94,1296.02,1717.69,147.39,70.19,-67.43,-1110.98,-10054.63,567.94,8644.66,-2318.89,81.28,1754.78,-2237.61,-482.83
3951,590.99,1296.61,1721.09,156.66,78.47,-54.71,-1126.78,-9987.94,541.45,8569.07,-2348.07,78.66,1784.92,-2269.42,-484.5
3961,527.17,1331.71,1728.44,142.91,83.19,-62.49,-1143.59,-10051.92,546.93,8609.42,-2300.47,80.36,1711.76,-2220.11,-508.34
3971,572.73,1281.16,1744.72,151.58,79.76,-52.53,-1120.8,-10023.95,554.88,8602.36,-2342.24,79.9,1789.91,-2262.34,-472.43
3981,558.07,1321.83,1749.14,155.82,90.81,-54.98,-1138.44,-9942.67,535.13,8617.14,-2373.73,79.8,1891.85,-2293.94,-402.09
3991,565.39,1353.74,1715.95,147.86,87.94,-59.08,-1121.68,-9964.04,541.19,8584.07,-2386.28,79.71,1851.33,-2306.57,-455.24
4001,544.36,1326.09,1772.16,139.61,92.6,-68.99,-1117.71,-10021.29,559.59,8594.82,-2329.59,78.44,1821.23,-2251.15,-429.92

Receptor Energy Terms
Frame #,BOND,ANGLE,DIHED,UB,IMP,CMAP,VDWAALS,EEL,1-4 VDW,1-4 EEL,EGB,ESURF,GGAS,GSOLV,TOTAL
1,563.69,1349.99,1682.94,151.81,87.45,-71.49,-1092.88,-10050.37,539.42,8621.14,-2310.58,76.89,1781.7,-2233.69,-451.99
11,521.88,1337.25,1700.46,151.37,76.86,-68.4,-1089.18,-10016.08,556.87,8649.78,-2329.35,77.85,1820.81,-2251.5,-430.69
21,564.83,1316.15,1680.48,149.13,85.95,-63.81,-1099.04,-9990.2,537.7,8620.31,-2360.65,78.08,1801.51,-2282.57,-481.07
31,550.8,1296.23,1670.52,151.56,88.14,-49.81,-1113.32,-10034.17,544.25,8609.01,-2306.95,78.07,1713.21,-2228.88,-515.67
41,547.3,1380.81,1700.95,145.97,79.16,-69.9,-1086.5,-10022.78,546.47,8619.91,-2331.96,77.57,1841.38,-2254.39,-413.01
51,544.96,1310.82,1686.54,149.44,93.25,-56.88,-1117.77,-10080.17,536.54,8687.88,-2311.76,77.86,1754.6,-2233.9,-479.3
61,575.32,1296.34,1679.83,150.45,85.15,-58.6,-1118.2,-10033.12,529.81,8650.83,-2339.54,76.99,1757.82,-2262.55,-504.73
71,552.51,1330.76,1686.52,160.15,79.47,-56.78,-1114.95,-10030.75,543.16,8654.11,-2324.54,78.33,1804.21,-2246.22,-442.01
81,568.72,1305.09,1684.52,153.56,84.06,-63.35,-1088.06,-9965.71,544.84,8575.72,-2341.5,79.05,1799.39,-2262.46,-463.07
91,549.77,1299.23,1661.23,151.18,76.08,-61.94,-1124.98,-10060.91,533.24,8649.18,-2309.72,77.3,1672.1,-2232.42,-560.33
101,553.78,1259.59,1678.95,138.26,78.76,-60.26,-1107.93,-10088.9,543.79,8678.64,-2319.51,78.13,1674.67,-2241.37,-566.7
111,554.96,1279.76,1698.09,147.5,87.76,-69.28,-1120.99,-10094.56,542.38,8688.25,-2301.21,78.0,1713.87,-2223.21,-509.34
121,540.54,1277.8,1675.65,144.53,90.32,-50.11,-1102.81,-10085.75,545.15,8696.7,-2328.51,78.72,1732.01,-2249.79,-517.78
131,513.8,1271.99,1681.65,142.84,85.57,-47.95,-1110.96,-10032.78,551.81,8659.43,-2340.58,79.3,1715.42,-2261.28,-545.86
141,558.03,1294.96,1683.09,144.18,89.06,-55.27,-1092.99,-9972.35,534.47,8624.17,-2379.07,80.83,1807.37,-2298.24,-490.87
151,522.1,1306.33,1669.94,142.39,91.3,-51.7,-1098.35,-9975.86,537.21,8616.77,-2381.69,79.17,1760.13,-2302.52,-542.39
161,584.45,1304.55,1704.96,154.92,85.43,-54.99,-1118.27,-10022.59,533.2,8674.04,-2360.8,78.1,1845.71,-2282.69,-436.98
171,542.42,1293.8,1664.49,142.38,83.46,-40.59,-1092.97,-10157.63,554.33,8737.06,-2301.04,78.51,1726.74,-2222.53,-495.79
181,527.61,1316.11,1697.01,140.62,92.21,-51.51,-1116.72,-10022.91,552.0,8618.85,-2316.77,76.45,1753.27,-2240.31,-487.04
191,512.21,1232.81,1666.67,143.38,87.8,-39.67,-1119.93,-10049.07,555.84,8664.44,-2314.16,77.06,1654.48,-2237.09,-582.61
201,572.35,1319.85,1684.02,153.55,85.86,-54.27,-1105.53,-10046.82,519.45,8613.11,-2284.39,76.08,1741.58,-2208.31,-466.74
211,571.46,1294.51,1684.56,150.71,81.41,-64.32,-1111.52,-10003.91,523.66,8623.97,-2312.68,76.64,1750.53,-2236.04,-485.51
221,526.38,1312.54,1707.53,147.39,80.22,-59.32,-1128.02,-10113.2,530.17,8702.59,-2282.02,77.74,1706.28,-2204.28,-498.0
231,554.26,1335.65,1690.26,156.32,83.11,-56.21,-1142.91,-10039.4,539.03,8625.32,-2284.34,75.95,1745.43,-2208.39,-462.96
241,556.26,1313.81,1674.86,159.63,91.41,-58.7,-1114.47,-10103.23,537.55,8645.49,-2285.79,76.62,1702.6,-2209.17,-506.57
251,506.48,1288.67,1679.93,150.26,86.69,-52.66,-1125.33,-10046.61,530.61,8690.33,-2357.2,76.46,1708.38,-2280.74,-572.36
261,546.02,1301.98,1706.9,138.78,87.18,-67.34,-1113.37,-9959.17,525.69,8612.61,-2373.85,79.07,1779.28,-2294.78,-515.49
271,547.03,1321.36,1682.18,152.87,92.07,-67.54,-1129.13,-10061.98,518.64,8683.4,-2316.92,75.36,1738.91,-2241.56,-502.65
281,578.67,1268.66,1683.88,139.61,80.88,-53.37,-1109.43,-10047.06,551.76,8654.39,-2330.14,76.68,1747.99,-2253.47,-505.48
291,524.27,1304.82,1667.62,144.71,83.58,-58.02,-1098.97,-10057.98,552.27,8663.65,-2308.0,77.97,1725.96,-2230.03,-504.07
301,555.49,1312.62,1684.1,154.57,77.57,-61.65,-1123.34,-10038.43,531.93,8645.62,-2317.56,77.42,1738.49,-2240.15,-501.66
311,552.08,1299.17,1688.96,155.97,71.87,-56.71,-1114.56,-10024.71,534.98,8658.68,-2351.25,77.08,1765.73,-2274.17,-508.44
321,538.76,1323.23,1686.07,149.52,80.87,-64.04,-1095.78,-10001.97,540.53,8658.92,-2383.86,78.9,1816.1,-2304.96,-488.86
331,535.74,1285.28,1692.79,151.43,89.44,-68.05,-1130.82,-10086.86,536.37,8669.02,-2278.34,76.97,1674.34,-2201.37,-527.03
341,534.34,1323.69,1669.53,151.08,93.52,-57.32,-1116.24,-10089.24,539.23,8642.3,-2283.41,77.46,1690.9,-2205.95,-515.05
351,562.07,1297.74,1680.85,154.48,75.28,-57.99,-1118.79,-10126.09,529.89,8667.61,-2264.97,78.17,1665.05,-2186.79,-521.75
361,557.06,1313.4,1710.49,157.0,78.31,-61.95,-1101.86,-10112.33,532.9,8663.98,-2276.35,78.36,1737.02,-2197.99,-460.97
371,567.72,1364.34,1686.92,160.86,92.55,-69.6,-1118.63,-10103.1,531.23,8697.4,-2310.17,77.41,1809.69,-2232.76,-423.06
381,539.42,1353.01,1665.52,155.42,78.97,-56.01,-1113.23,-10162.28,548.48,8691.53,-2238.09,77.53,1700.83,-2160.56,-459.73
391,524.27,1329.74,1666.75,152.5,78.15,-73.07,-1121.48,-10136.62,539.6,8709.27,-2278.05,77.73,1669.11,-2200.32,-531.21
401,553.25,1306.76,1689.22,138.38,85.01,-64.15,-1109.46,-10128.95,524.86,8674.55,-2283.48,77.83,1669.47,-2205.65,-536.18
411,540.19,1289.42,1673.73,147.03,83.49,-53.72,-1114.23,-10216.92,513.72,8726.1,-2226.05,77.44,1588.81,-2148.61,-559.8
421,536.91,1280.59,1690.89,148.02,88.11,-53.1,-1120.16,-10238.15,545.46,8748.01,-2226.31,76.47,1626.56,-2149.84,-523.28
431,537.43,1293.27,1657.69,146.82,90.48,-60.59,-1116.41,-10182.16,555.98,8694.63,-2240.21,76.93,1617.16,-2163.29,-546.12
441,506.68,1320.45,1694.17,146.85,81.68,-72.04,-1116.9,-10209.98,545.76,8702.31,-2197.71,77.06,1598.98,-2120.65,-521.67
451,538.57,1297.87,1666.43,148.35,93.0,-47.78,-1109.17,-10210.42,547.86,8653.24,-2177.33,76.8,1577.96,-2100.53,-522.57
461,542.62,1288.75,1679.43,154.19,77.68,-67.34,-1104.36,-10202.46,557.26,8655.82,-2195.12,77.82,1581.59,-2117.3,-535.71
471,554.99,1273.88,1671.08,148.43,80.78,-50.26,-1120.96,-10182.43,537.72,8666.5,-2200.73,76.34,1579.74,-2124.39,-544.65
481,526.76,1296.49,1672.35,143.05,72.7,-56.72,-1115.94,-10203.72,536.45,8709.97,-2209.24,76.88,1581.4,-2132.36,-550.96
491,519.24,1297.43,1705.92,151.75,97.74,-61.58,-1125.3,-10170.01,555.14,8663.37,-2215.97,76.22,1633.7,-2139.75,-506.04
501,530.08,1285.74,1666.53,150.52,83.5,-52.9,-1111.41,-10193.87,556.31,8719.94,-2205.52,76.33,1634.44,-2129.2,-494.76
511,566.83,1293.65,1677.55,161.32,87.27,-65.58,-1092.36,-10126.66,556.31,8705.89,-2277.56,77.83,1764.22,-2199.74,-435.52
521,538.49,1333.75,1657.23,149.74,79.74,-60.83,-1100.23,-10220.44,533.53,8668.49,-2183.77,76.78,1579.46,-2107.0,-527.53
531,585.32,1281.02,1666.76,143.41,80.98,-59.64,-1106.77,-10234.79,534.06,8700.29,-2212.44,76.96,1590.62,-2135.48,-544.86
541,565.34,1309.25,1673.83,145.64,81.66,-65.71,-1104.87,-10185.18,529.15,8679.27,-2236.35,77.46,1628.38,-2158.89,-530.5
551,569.13,1313.62,1682.51,144.19,81.96,-52.49,-1113.65,-10195.65,526.07,8700.8,-2231.04,76.8,1656.5,-2154.24,-497.74
561,546.99,1290.38,1669.82,149.23,80.23,-49.61,-1132.99,-10243.1,547.16,8656.43,-2155.92,75.34,1514.53,-2080.58,-566.06
571,572.21,1330.28,1681.43,151.49,88.16,-56.7,-1116.55,-10247.22,535.51,8677.56,-2169.45,77.08,1616.17,-2092.37,-476.2
581,538.57,1328.17,1693.04,158.3,93.83,-57.12,-1116.93,-10223.07,544.04,8693.72,-2183.66,75.77,1652.56,-2107.89,-455.33
591,533.17,1356.66,1676.06,169.32,86.97,-57.57,-1086.28,-10202.29,525.3,8648.39,-2206.31,77.1,1649.74,-2129.21,-479.48
601,587.22,1319.58,1680.8,150.23,82.09,-67.89,-1095.98,-10199.77,530.0,8653.86,-2221.83,77.28,1640.12,-2144.55,-504.43
611,598.91,1309.12,1677.65,152.75,85.58,-52.31,-1099.9,-10244.97,544.36,8674.65,-2176.32,76.89,1645.83,-2099.42,-453.6
621,531.18,1343.83,1702.57,156.84,88.76,-67.89,-1123.53,-10215.47,535.88,8639.74,-2178.04,76.41,1591.92,-2101.63,-509.72
631,557.03,1285.99,1667.62,138.26,81.81,-52.84,-1115.62,-10178.02,550.56,8657.64,-2185.03,75.0,1592.44,-2110.02,-517.58
641,549.64,1298.88,1677.7,142.38,102.81,-60.11,-1109.49,-10139.19,541.91,8620.25,-2208.1,76.47,1624.78,-2131.63,-506.85
651,557.83,1344.69,1683.86,156.35,75.45,-56.71,-1109.23,-10194.87,533.12,8647.93,-2170.14,76.63,1638.42,-2093.52,-455.09
661,524.48,1304.38,1688.43,151.53,88.68,-68.66,-1112.44,-10238.3,531.71,8664.16,-2156.82,75.53,1533.97,-2081.29,-547.32
671,562.13,1329.16,1668.31,149.49,89.04,-68.49,-1111.52,-10184.49,546.61,8650.39,-2198.95,75.54,1630.62,-2123.41,-492.79
681,540.55,1339.11,1676.66,151.78,83.87,-65.44,-1123.02,-10131.32,543.42,8662.15,-2252.31,76.53,1677.78,-2175.78,-497.99
691,550.31,1304.94,1700.98,152.08,75.78,-52.33,-1102.74,-10088.18,543.13,8598.34,-2246.17,77.45,1682.33,-2168.72,-486.39
701,548.59,1276.19,1685.62,142.72,77.14,-63.64,-1115.65,-10157.65,528.01,8631.97,-2198.48,75.59,1553.3,-2122.89,-569.59
711,545.38,1293.87,1693.55,148.25,82.1,-55.91,-1121.48,-10136.78,530.95,8637.76,-2241.42,77.61,1617.69,-2163.82,-546.13
721,567.26,1292.18,1679.8,151.04,82.0,-67.77,-1113.18,-10164.51,531.46,8661.42,-2209.8,76.46,1619.71,-2133.34,-513.63
731,553.53,1366.69,1676.99,158.71,84.0,-62.57,-1120.1,-10142.2,534.65,8615.34,-2224.66,78.05,1665.05,-2146.61,-481.56
741,565.41,1299.76,1680.6,151.94,82.6,-60.06,-1132.97,-10061.38,534.79,8592.95,-2247.45,76.16,1653.63,-2171.29,-517.66
751,586.82,1320.47,1700.88,147.35,81.96,-69.16,-1121.0,-10138.38,521.43,8679.49,-2263.67,77.86,1709.88,-2185.81,-475.93
761,536.35,1240.36,1676.9,140.27,82.31,-59.04,-1109.32,-10114.61,553.1,8657.13,-2234.22,76.33,1603.45,-2157.89,-554.44
771,543.01,1311.65,1645.28,153.61,87.34,-59.59,-1149.86,-10106.97,535.01,8660.33,-2252.93,76.8,1619.81,-2176.13,-556.32
781,542.45,1293.07,1698.63,152.64,79.98,-51.47,-1124.19,-10129.1,540.65,8649.02,-2240.72,77.08,1651.68,-2163.63,-511.95
791,554.7,1287.32,1689.74,152.91,89.18,-62.83,-1109.6,-10142.85,562.89,8634.32,-2218.83,77.99,1655.77,-2140.84,-485.07
801,540.13,1284.83,1693.02,144.44,81.81,-62.03,-1127.55,-10057.86,541.01,8590.7,-2247.86,77.0,1628.49,-2170.86,-542.37
811,569.24,1266.94,1698.42,155.28,77.68,-51.69,-1119.51,-10182.75,549.22,8667.2,-2186.59,76.48,1630.01,-2110.11,-480.09
821,514.03,1275.67,1682.06,138.46,84.67,-63.53,-1089.82,-10208.17,551.8,8658.12,-2180.92,78.17,1543.28,-2102.75,-559.47
831,553.04,1330.22,1684.12,150.03,83.36,-59.52,-1117.73,-10136.45,529.18,8630.29,-2212.35,76.58,1646.53,-2135.77,-489.23
841,551.35,1292.62,1698.53,147.55,89.43,-55.05,-1115.32,-10093.92,536.8,8665.27,-2292.03,78.98,1717.26,-2213.05,-495.8
851,544.2,1301.29,1679.39,150.05,92.4,-60.9,-1121.4,-10125.91,548.92,8671.76,-2225.53,76.87,1679.79,-2148.65,-468.86
861,576.2,1304.03,1704.62,154.48,86.99,-70.48,-1090.54,-10198.61,533.12,8674.03,-2225.58,77.65,1673.84,-2147.93,-474.1
871,527.59,1276.83,1668.28,148.49,94.72,-52.47,-1113.69,-10152.31,542.34,8688.31,-2237.3,77.59,1628.09,-2159.71,-531.62
881,543.26,1346.42,1693.72,140.02,87.05,-71.4,-1088.99,-10125.95,539.58,8651.18,-2243.7,79.24,1714.89,-2164.46,-449.57
891,541.51,1346.89,1692.19,147.5,89.91,-74.68,-1105.46,-10148.36,539.43,8665.44,-2242.23,78.93,1694.37,-2163.3,-468.93
901,519.55,1295.21,1681.04,147.67,87.23,-43.75,-1120.7,-10134.48,524.86,8683.94,-2256.87,76.95,1640.57,-2179.92,-539.35
911,536.53,1301.21,1653.65,146.61,85.36,-50.77,-1121.69,-10067.58,552.16,8643.17,-2271.83,76.98,1678.65,-2194.86,-516.21
921,545.08,1343.71,1665.49,155.58,84.03,-62.42,-1121.12,-10045.36,529.64,8596.36,-2258.84,78.42,1691.0,-2180.42,-489.42
931,580.69,1351.59,1659.19,160.27,86.45,-62.43,-1114.3,-10082.43,545.34,8625.94,-2255.41,79.75,1750.32,-2175.66,-425.34
941,561.71,1294.91,1692.77,150.23,79.09,-59.38,-1095.47,-10157.04,541.82,8657.02,-2243.55,77.83,1665.65,-2165.73,-500.08
951,544.06,1328.57,1660.49,155.56,76.93,-41.68,-1124.55,-10175.51,537.19,8710.45,-2246.53,77.19,1671.51,-2169.33,-497.82
961,513.64,1317.2,1686.07,138.96,84.9,-63.2,-1117.59,-10189.82,546.17,8718.86,-2222.44,77.18,1635.18,-2145.26,-510.09
971,560.69,1321.37,1690.18,153.47,92.88,-64.13,-1115.7,-10126.78,544.01,8620.22,-2231.59,77.3,1676.2,-2154.29,-478.09
981,546.88,1283.64,1692.13,143.38,84.48,-58.61,-1133.48,-10118.59,526.22,8657.84,-2275.21,77.23,1623.91,-2197.98,-574.08
991,530.53,1272.31,1676.87,146.47,86.63,-57.66,-1121.81,-10075.51,539.79,8632.77,-2272.15,76.76,1630.4,-2195.39,-564.99
1001,526.83,1302.8,1671.58,150.96,76.37,-52.59,-1118.09,-10123.9,544.05,8671.04,-2257.91,75.67,1649.05,-2182.24,-533.19
1011,561.8,1339.06,1674.38,149.7,82.27,-58.82,-1100.59,-10181.14,531.33,8659.63,-2204.29,77.29,1657.61,-2127.0,-469.38
1021,507.77,1329.71,1678.54,154.66,81.66,-59.54,-1086.44,-10111.53,558.82,8655.59,-2287.61,77.9,1709.24,-2209.71,-500.47
1031,523.62,1320.6,1697.89,154.65,85.26,-70.9,-1147.26,-10063.03,556.51,8649.84,-2276.0,75.66,1707.19,-2200.35,-493.15
1041,554.66,1299.34,1656.77,147.6,81.58,-49.66,-1101.12,-10119.22,554.78,8611.37,-2265.4,78.23,1636.11,-2187.18,-551.07
1051,542.62,1326.31,1672.64,147.86,88.96,-66.3,-1135.93,-10104.15,536.71,8654.56,-2250.57,76.41,1663.27,-2174.16,-510.89
1061,567.83,1289.33,1689.46,155.39,84.27,-58.84,-1130.24,-10069.03,525.86,8643.93,-2267.29,76.06,1697.97,-2191.24,-493.27
1071,565.68,1282.36,1676.06,143.42,88.43,-51.66,-1115.02,-10098.61,530.41,8636.71,-2262.43,76.92,1657.79,-2185.51,-527.72
1081,561.96,1300.8,1670.66,148.43,84.91,-65.15,-1122.45,-10106.0,530.79,8611.23,-2227.03,77.12,1615.17,-2149.91,-534.74
1091,554.51,1287.2,1677.63,151.45,80.71,-60.24,-1117.0,-10165.81,531.94,8713.67,-2263.33,77.12,1654.05,-2186.2,-532.15
1101,550.58,1311.82,1671.27,146.18,91.99,-84.36,-1138.95,-10173.43,543.33,8724.52,-2232.35,78.33,1642.96,-2154.02,-511.05
1111,503.12,1293.56,1672.55,141.95,88.55,-53.4,-1117.1,-10216.21,545.04,8698.55,-2181.64,76.82,1556.61,-2104.82,-548.21
1121,556.79,1316.09,1690.98,163.21,90.6,-53.31,-1133.77,-10084.65,539.75,8628.25,-2252.43,76.4,1713.94,-2176.03,-462.09
1131,548.15,1251.41,1691.77,144.95,93.64,-64.3,-1091.35,-10172.11,552.49,8694.31,-2223.98,77.85,1648.96,-2146.13,-497.17
1141,555.51,1337.55,1672.26,152.28,92.0,-56.42,-1117.14,-10181.91,535.93,8714.76,-2249.96,77.36,1704.82,-2172.59,-467.77
1151,577.05,1304.34,1688.94,144.3,93.67,-62.98,-1123.36,-10129.68,524.0,8633.47,-2219.28,76.76,1649.75,-2142.52,-492.77
1161,539.53,1274.31,1694.23,144.24,83.67,-54.11,-1109.56,-10165.0,558.08,8690.34,-2236.29,77.66,1655.73,-2158.63,-502.9
1171,546.16,1316.73,1659.61,146.39,82.45,-65.5,-1102.48,-10135.14,538.2,8656.23,-2251.84,79.04,1642.64,-2172.8,-530.16
1181,541.05,1317.64,1667.24,145.78,85.48,-67.42,-1102.01,-10076.89,537.87,8653.75,-2278.62,78.24,1702.49,-2200.39,-497.9
1191,591.97,1299.4,1667.1,147.98,85.15,-55.48,-1108.59,-10135.47,529.67,8679.28,-2255.98,77.3,1701.01,-2178.68,-477.67
1201,586.23,1259.66,1690.62,153.69,77.28,-53.92,-1085.2,-10093.47,535.05,8649.64,-2280.48,77.64,1719.6,-2202.84,-483.24
1211,522.2,1321.84,1660.2,147.5,87.58,-47.28,-1114.78,-10185.02,556.63,8721.75,-2253.79,77.41,1670.61,-2176.38,-505.78
1221,543.44,1291.02,1673.84,148.62,97.34,-58.19,-1114.62,-10104.39,555.49,8691.66,-2286.2,77.94,1724.22,-2208.25,-484.04
1231,551.43,1313.46,1678.91,145.0,94.31,-56.43,-1110.41,-10137.36,543.04,8716.03,-2276.98,78.2,1737.98,-2198.78,-460.81
1241,525.44,1324.03,1683.2,146.49,75.36,-48.3,-1083.94,-10138.99,539.44,8651.09,-2244.43,78.86,1673.82,-2165.57,-491.75
1251,552.72,1270.86,1666.6,150.76,86.36,-70.87,-1126.18,-10050.91,542.76,8629.74,-2277.67,77.97,1651.85,-2199.7,-547.86
1261,518.61,1263.07,1675.72,151.1,95.61,-62.81,-1087.0,-10064.47,561.86,8647.15,-2312.0,79.74,1698.83,-2232.26,-533.43
1271,556.73,1304.27,1665.36,150.2,85.81,-61.96,-1101.08,-10053.81,510.97,8656.98,-2316.76,79.7,1713.45,-2237.06,-523.6
1281,542.66,1331.4,1674.45,145.65,83.53,-67.59,-1108.84,-10048.0,537.36,8613.76,-2280.36,78.38,1704.39,-2201.99,-497.6
1291,574.34,1298.78,1693.66,146.21,103.98,-60.92,-1127.7,-10089.12,527.07,8651.85,-2267.75,79.15,1718.15,-2188.6,-470.45
1301,535.07,1306.98,1667.49,154.05,78.07,-69.15,-1115.01,-10044.2,542.65,8651.07,-2324.25,78.18,1707.01,-2246.07,-539.06
1311,538.72,1293.37,1677.87,148.06,90.38,-63.38,-1088.14,-10059.93,532.21,8660.23,-2293.51,77.61,1729.38,-2215.9,-486.52
1321,549.54,1285.8,1690.43,150.68,98.55,-57.79,-1108.18,-10059.44,529.52,8657.15,-2298.73,77.99,1736.27,-2220.74,-484.47
1331,540.31,1349.56,1704.2,136.25,102.79,-73.37,-1104.51,-10072.22,530.16,8653.28,-2297.73,80.01,1766.44,-2217.72,-451.28
1341,528.87,1282.86,1678.11,139.52,82.23,-54.2,-1116.73,-10093.7,549.26,8699.81,-2294.59,78.65,1696.02,-2215.95,-519.93
1351,571.58,1277.79,1665.78,151.08,81.94,-69.4,-1118.33,-10108.2,532.76,8671.09,-2257.87,78.17,1656.1,-2179.7,-523.6
1361,575.29,1302.01,1687.53,142.35,81.66,-61.34,-1108.62,-10093.05,530.44,8611.24,-2269.71,79.2,1667.51,-2190.52,-523.01
1371,532.73,1309.27,1665.07,159.17,83.42,-54.59,-1100.62,-10169.56,547.77,8671.44,-2246.34,77.94,1644.09,-2168.4,-524.31
1381,564.99,1290.68,1698.14,151.04,86.58,-58.14,-1096.06,-10095.97,535.46,8631.97,-2261.06,78.83,1708.69,-2182.24,-473.54
1391,544.57,1358.49,1677.75,152.41,81.83,-69.62,-1116.86,-10047.42,541.45,8662.42,-2355.57,77.68,1785.02,-2277.89,-492.87
1401,562.26,1324.49,1708.71,150.76,83.7,-63.48,-1113.76,-10102.02,533.25,8639.34,-2283.55,77.96,1723.25,-2205.59,-482.35
1411,520.9,1308.46,1691.63,141.51,87.7,-55.68,-1138.79,-10073.31,542.59,8715.41,-2336.56,77.95,1740.42,-2258.61,-518.19
1421,551.5,1293.24,1693.85,138.71,81.85,-63.52,-1116.43,-10134.93,549.63,8696.22,-2265.36,77.83,1690.14,-2187.54,-497.4
1431,534.96,1344.23,1684.42,157.89,84.13,-56.09,-1106.49,-10148.32,540.55,8697.99,-2253.83,77.51,1733.27,-2176.32,-443.05
1441,554.7,1339.75,1680.34,156.03,84.16,-70.9,-1089.85,-10137.17,534.05,8669.0,-2253.11,79.88,1720.11,-2173.23,-453.12
1451,581.93,1305.33,1679.64,142.65,92.73,-71.36,-1085.85,-10132.7,535.43,8681.44,-2281.14,79.01,1729.25,-2202.13,-472.88
1461,565.66,1334.85,1675.12,157.69,82.41,-57.76,-1118.04,-10161.68,520.56,8688.91,-2252.69,79.17,1687.71,-2173.51,-485.8
1471,548.97,1319.79,1667.29,146.62,88.84,-52.97,-1106.83,-10085.37,526.02,8625.93,-2263.76,78.68,1678.3,-2185.08,-506.78
1481,565.91,1317.75,1656.22,150.16,75.67,-51.35,-1102.56,-10195.5,526.18,8686.02,-2217.28,78.63,1628.49,-2138.65,-510.16
1491,519.36,1331.59,1696.32,154.42,90.09,-54.55,-1085.06,-10224.23,530.1,8736.18,-2222.88,78.63,1694.21,-2144.26,-450.05
1501,584.61,1309.04,1664.49,142.82,88.3,-65.44,-1123.59,-10102.69,528.64,8634.73,-2265.49,77.92,1660.91,-2187.58,-526.67
1511,542.96,1299.7,1687.59,144.16,86.78,-59.35,-1122.7,-10153.74,540.32,8682.59,-2241.57,78.32,1648.31,-2163.25,-514.94
1521,553.07,1288.03,1688.16,150.0,88.36,-62.95,-1076.34,-10203.13,550.31,8677.37,-2214.24,78.03,1652.87,-2136.2,-483.34
1531,576.87,1284.21,1677.81,144.5,84.77,-60.93,-1116.33,-10080.22,552.21,8701.23,-2311.13,79.33,1764.13,-2231.8,-467.67
1541,566.26,1317.42,1653.67,147.45,83.51,-51.78,-1100.43,-10177.08,532.86,8740.35,-2252.22,78.81,1712.23,-2173.41,-461.18
1551,555.33,1309.22,1697.54,152.59,82.38,-67.19,-1089.86,-10159.45,555.84,8726.87,-2266.09,77.82,1763.27,-2188.26,-424.99
1561,528.5,1293.66,1684.36,147.07,90.22,-67.11,-1079.44,-10142.14,536.21,8677.19,-2268.71,79.33,1668.52,-2189.38,-520.85
1571,542.05,1309.52,1652.55,151.23,91.21,-44.44,-1089.71,-10152.27,549.81,8753.48,-2299.51,80.55,1763.44,-2218.96,-455.52
1581,548.96,1268.85,1659.28,145.96,92.9,-53.33,-1104.57,-10160.57,550.59,8727.18,-2271.35,77.87,1675.24,-2193.48,-518.24
1591,544.44,1303.09,1654.71,153.31,83.46,-63.17,-1121.53,-10118.71,538.12,8679.41,-2269.83,77.1,1653.13,-2192.73,-539.6
1601,538.17,1317.09,1684.29,141.34,77.59,-55.86,-1102.68,-10156.93,528.39,8720.97,-2262.42,78.51,1692.37,-2183.91,-491.55
1611,569.72,1299.98,1658.24,148.51,79.09,-48.61,-1107.08,-10101.32,541.4,8647.72,-2271.7,78.15,1687.65,-2193.55,-505.9
1621,549.55,1305.23,1674.53,148.83,84.42,-61.98,-1094.31,-10221.17,553.49,8736.58,-2234.92,78.86,1675.17,-2156.06,-480.89
1631,524.38,1314.56,1690.32,152.97,74.4,-63.18,-1103.33,-10119.23,546.06,8674.9,-2276.77,79.5,1691.85,-2197.27,-505.42
1641,538.2,1300.27,1661.95,148.99,86.57,-65.21,-1108.4,-10080.7,539.39,8641.19,-2273.57,76.74,1662.24,-2196.83,-534.59
1651,510.31,1377.99,1670.37,151.74,87.22,-71.33,-1108.39,-10132.0,541.51,8686.27,-2246.84,76.69,1713.69,-2170.16,-456.47
1661,517.53,1311.63,1682.42,148.13,90.89,-62.72,-1113.9,-10161.36,535.07,8699.42,-2247.58,78.78,1647.1,-2168.8,-521.7
1671,533.29,1300.69,1674.15,147.4,87.53,-65.01,-1087.28,-10209.38,530.17,8704.54,-2229.03,78.25,1616.11,-2150.79,-534.68
1681,558.55,1321.28,1672.92,158.94,86.77,-63.89,-1137.71,-10255.53,532.8,8772.38,-2195.46,75.82,1646.52,-2119.64,-473.12
1691,540.9,1264.78,1697.76,145.09,81.85,-65.49,-1100.22,-10143.97,533.44,8712.93,-2275.98,78.76,1667.08,-2197.22,-530.13
1701,548.19,1302.94,1676.61,156.1,90.37,-66.28,-1088.11,-10114.63,553.8,8677.05,-2269.51,79.05,1736.04,-2190.46,-454.42
1711,545.58,1318.91,1681.94,151.98,77.13,-64.49,-1115.83,-10061.12,523.53,8633.97,-2294.41,77.13,1691.6,-2217.28,-525.68
1721,552.83,1304.33,1715.34,140.89,93.17,-65.31,-1103.5,-10199.26,548.33,8725.69,-2245.17,77.42,1712.51,-2167.75,-455.24
1731,530.69,1270.78,1674.83,147.33,86.47,-60.5,-1102.39,-10155.11,532.96,8697.74,-2252.32,78.07,1622.81,-2174.26,-551.45
1741,579.33,1276.34,1684.24,152.71,72.66,-63.63,-1112.8,-10144.88,522.41,8704.84,-2260.39,78.12,1671.22,-2182.27,-511.05
1751,551.78,1300.12,1663.71,144.73,86.89,-56.66,-1112.88,-10143.8,543.26,8686.69,-2247.57,76.32,1663.84,-2171.25,-507.41
1761,558.08,1300.05,1709.75,156.1,96.83,-70.39,-1117.87,-10100.65,542.37,8695.21,-2284.04,77.42,1769.47,-2206.63,-437.16
1771,523.43,1311.07,1658.3,153.01,81.43,-63.78,-1114.68,-10207.02,533.01,8712.85,-2200.46,77.17,1587.62,-2123.29,-535.67
1781,580.31,1292.4,1665.11,155.04,74.51,-60.75,-1116.91,-10207.89,535.07,8642.21,-2171.92,77.18,1559.1,-2094.73,-535.63
1791,580.55,1312.68,1687.4,142.91,86.3,-49.58,-1125.25,-10080.76,548.67,8649.67,-2292.86,78.46,1752.59,-2214.4,-461.81
1801,552.84,1338.5,1658.24,157.54,86.45,-52.01,-1119.5,-10201.88,540.0,8746.19,-2263.43,76.9,1706.37,-2186.53,-480.16
1811,550.19,1319.76,1698.43,155.91,86.52,-62.46,-1116.29,-10183.1,544.52,8741.42,-2249.2,76.09,1734.89,-2173.11,-438.23
1821,543.75,1326.99,1674.88,149.8,78.38,-58.51,-1105.08,-10209.73,557.81,8726.21,-2237.31,77.88,1684.5,-2159.43,-474.93
1831,562.54,1352.98,1668.52,155.46,83.68,-63.8,-1112.49,-10108.78,533.99,8612.0,-2275.99,76.66,1684.12,-2199.33,-515.21
1841,556.02,1291.08,1686.99,144.54,74.31,-69.89,-1127.64,-10194.09,533.56,8734.84,-2241.38,77.42,1629.72,-2163.96,-534.24
1851,561.27,1283.13,1652.84,156.72,92.16,-47.78,-1114.54,-10157.97,536.36,8710.47,-2250.19,76.84,1672.66,-2173.35,-500.69
1861,567.53,1360.5,1671.39,148.93,85.6,-59.65,-1131.18,-10121.96,526.83,8730.61,-2284.95,77.43,1778.61,-2207.52,-428.91
1871,565.31,1317.24,1688.08,145.65,78.7,-53.9,-1106.57,-10116.19,536.76,8686.97,-2296.17,78.21,1742.05,-2217.96,-475.92
1881,556.25,1323.81,1690.66,166.04,72.04,-55.36,-1129.26,-10036.13,532.13,8657.03,-2339.08,78.42,1777.21,-2260.66,-483.45
1891,528.26,1335.65,1672.5,146.12,77.02,-53.79,-1095.21,-10135.76,531.7,8684.71,-2284.83,78.43,1691.19,-2206.39,-515.2
1901,569.86,1323.76,1684.97,155.9,75.15,-65.39,-1110.22,-10130.84,539.76,8742.19,-2321.42,78.0,1785.14,-2243.42,-458.28
1911,536.24,1283.75,1677.95,137.82,85.73,-69.72,-1132.77,-10125.33,524.66,8750.05,-2319.09,78.02,1668.37,-2241.07,-572.7
1921,574.4,1301.6,1673.69,156.7,81.7,-66.17,-1137.61,-10098.3,527.81,8716.82,-2305.19,77.73,1730.65,-2227.46,-496.8
1931,550.93,1257.28,1665.82,148.64,82.87,-54.34,-1107.73,-10169.74,553.12,8712.77,-2252.98,77.32,1639.61,-2175.66,-536.05
1941,545.03,1320.48,1706.27,154.28,89.34,-57.92,-1100.06,-10231.23,546.81,8754.73,-2242.51,77.48,1727.72,-2165.03,-437.31
1951,529.28,1317.54,1688.14,155.82,81.35,-64.46,-1126.11,-10183.32,543.37,8720.89,-2241.85,77.08,1662.51,-2164.76,-502.26
1961,513.92,1294.55,1678.48,143.31,84.77,-61.1,-1101.67,-10200.65,543.89,8735.84,-2235.74,75.95,1631.33,-2159.79,-528.46
1971,562.8,1322.83,1680.72,145.98,83.4,-57.42,-1113.21,-10216.59,536.87,8665.65,-2195.04,76.32,1611.04,-2118.72,-507.68
1981,557.95,1287.92,1691.08,145.03,76.53,-49.8,-1100.88,-10151.15,539.33,8651.91,-2223.8,76.46,1647.91,-2147.34,-499.43
1991,556.74,1336.63,1664.08,154.33,83.91,-61.46,-1100.02,-10131.07,537.29,8684.75,-2286.62,78.51,1725.18,-2208.11,-482.93
2001,569.94,1284.38,1650.05,143.88,94.01,-40.81,-1117.03,-10151.96,526.18,8705.58,-2257.7,77.23,1664.23,-2180.47,-516.24
2011,567.53,1322.68,1693.32,147.68,101.65,-75.12,-1124.77,-10134.08,514.12,8709.45,-2262.04,76.62,1722.46,-2185.42,-462.96
2021,546.66,1311.81,1672.31,153.31,96.34,-64.78,-1118.59,-10116.79,551.48,8673.62,-2279.44,76.6,1705.38,-2202.84,-497.46
2031,559.49,1286.05,1674.73,152.59,81.85,-55.19,-1123.11,-10126.0,516.01,8715.74,-2302.49,77.49,1682.16,-2225.01,-542.85
2041,570.64,1284.99,1687.7,152.24,87.13,-58.33,-1110.56,-10174.47,545.08,8729.31,-2294.21,78.01,1713.73,-2216.2,-502.47
2051,551.48,1345.85,1669.39,143.79,75.72,-55.9,-1122.43,-10119.6,517.22,8675.38,-2265.14,75.94,1680.89,-2189.2,-508.31
2061,559.04,1302.25,1676.47,153.59,87.97,-69.94,-1112.88,-10141.16,523.84,8690.17,-2271.3,76.75,1669.35,-2194.55,-525.2
2071,587.75,1311.52,1697.27,152.67,102.94,-73.84,-1118.63,-10180.95,522.04,8687.9,-2246.69,77.89,1688.66,-2168.79,-480.14
2081,577.61,1301.04,1678.45,147.3,86.26,-54.87,-1097.31,-10138.38,529.54,8672.98,-2267.84,77.89,1702.63,-2189.95,-487.31
2091,561.89,1287.27,1678.74,152.44,71.5,-61.57,-1112.21,-10128.77,524.94,8685.43,-2253.45,77.38,1659.66,-2176.07,-516.41
2101,557.46,1308.17,1688.94,147.63,84.6,-53.1,-1111.71,-10168.52,525.71,8706.86,-2256.8,77.94,1686.03,-2178.85,-492.83
2111,579.23,1341.3,1683.62,155.06,94.71,-70.49,-1105.27,-10148.72,535.75,8693.22,-2263.31,77.76,1758.4,-2185.55,-427.15
2121,521.68,1323.86,1686.93,148.45,83.12,-60.98,-1117.31,-10166.04,551.93,8716.84,-2233.18,76.51,1688.48,-2156.67,-468.19
2131,543.66,1336.46,1684.18,145.66,87.63,-60.71,-1113.35,-10083.9,546.05,8646.27,-2279.75,76.87,1731.95,-2202.88,-470.93
2141,527.16,1278.73,1679.35,143.95,79.65,-62.82,-1115.17,-10091.26,556.7,8721.78,-2303.19,79.23,1718.07,-2223.97,-505.89
2151,544.64,1275.06,1683.81,143.23,88.73,-68.21,-1117.58,-10098.42,544.36,8701.15,-2303.93,77.25,1696.76,-2226.68,-529.92
2161,592.6,1328.13,1668.33,157.51,89.69,-62.94,-1110.48,-10044.78,533.97,8630.34,-2306.43,77.78,1782.38,-2228.65,-446.27
2171,558.95,1287.43,1683.6,154.59,87.86,-59.27,-1137.95,-10095.5,520.88,8680.51,-2304.54,76.99,1681.09,-2227.55,-546.46
2181,530.13,1296.57,1707.36,150.91,91.78,-57.8,-1116.57,-10133.75,541.43,8754.87,-2289.65,77.79,1764.94,-2211.86,-446.92
2191,530.8,1329.95,1673.74,152.04,79.38,-63.04,-1116.89,-10031.77,539.6,8631.58,-2324.4,78.06,1725.4,-2246.34,-520.94
2201,571.63,1276.74,1661.3,153.64,86.49,-67.67,-1107.04,-10112.41,541.02,8683.78,-2293.97,77.29,1687.49,-2216.68,-529.19
2211,555.56,1329.69,1654.77,143.15,84.92,-57.81,-1104.66,-10047.7,541.47,8666.07,-2322.53,77.24,1765.46,-2245.29,-479.84
2221,549.88,1296.34,1686.79,143.69,103.22,-60.11,-1146.46,-10098.15,543.89,8701.41,-2299.19,77.53,1720.49,-2221.66,-501.17
2231,539.84,1291.13,1663.65,153.82,85.16,-55.2,-1100.04,-10117.33,555.16,8697.31,-2299.8,77.72,1713.5,-2222.07,-508.57
2241,534.4,1299.38,1658.02,152.63,84.4,-59.48,-1107.89,-10177.85,547.47,8740.25,-2260.03,77.8,1671.31,-2182.23,-510.92
2251,559.94,1325.27,1690.87,154.76,87.52,-75.83,-1103.62,-10111.6,527.68,8613.2,-2269.23,78.68,1668.18,-2190.55,-522.37
2261,559.83,1280.01,1692.66,147.09,79.11,-63.59,-1122.26,-10185.25,526.46,8720.88,-2235.48,77.24,1634.93,-2158.24,-523.31
2271,551.72,1288.78,1690.04,145.71,92.25,-74.69,-1092.96,-10241.71,526.36,8734.99,-2221.73,77.24,1620.47,-2144.49,-524.02
2281,530.58,1272.43,1705.35,155.64,91.72,-61.93,-1118.64,-10116.23,545.52,8742.68,-2308.91,78.99,1747.11,-2229.92,-482.8
2291,559.7,1382.36,1665.48,156.75,80.27,-74.34,-1106.02,-10142.91,523.35,8693.59,-2285.49,76.99,1738.23,-2208.5,-470.28
2301,576.19,1297.28,1687.35,147.2,89.68,-59.98,-1111.55,-10107.81,520.37,8682.55,-2286.84,78.95,1721.29,-2207.89,-486.6
2311,526.0,1279.41,1690.87,141.39,78.94,-69.68,-1107.83,-10144.42,552.8,8725.53,-2278.99,76.88,1673.03,-2202.11,-529.08
2321,543.71,1304.13,1675.98,146.57,81.29,-63.19,-1112.66,-10103.75,544.26,8660.79,-2255.12,77.03,1677.11,-2178.09,-500.97
2331,568.02,1316.45,1667.54,157.36,99.08,-65.24,-1103.75,-10124.73,533.76,8661.59,-2260.81,77.75,1710.08,-2183.05,-472.97
2341,540.82,1324.23,1656.57,148.95,89.39,-73.92,-1125.85,-10098.64,536.38,8693.57,-2301.83,77.01,1691.48,-2224.82,-533.34
2351,547.49,1342.12,1669.93,159.29,77.11,-58.81,-1101.43,-10089.8,533.04,8684.9,-2305.52,78.46,1763.85,-2227.07,-463.22
2361,547.32,1329.71,1673.03,152.41,84.29,-44.47,-1113.22,-10051.9,538.96,8687.05,-2333.15,77.65,1803.18,-2255.49,-452.31
2371,559.55,1312.6,1686.56,147.56,83.57,-72.81,-1127.42,-10061.6,526.07,8644.27,-2294.36,77.34,1698.35,-2217.02,-518.68
2381,543.23,1294.11,1679.01,154.41,85.49,-62.2,-1125.52,-10158.54,542.04,8712.27,-2249.45,77.93,1664.3,-2171.53,-507.23
2391,565.6,1315.86,1684.79,141.4,82.53,-66.3,-1106.61,-10162.09,529.2,8662.69,-2234.97,77.24,1647.06,-2157.73,-510.67
2401,585.76,1326.54,1677.09,152.23,77.1,-71.9,-1101.81,-10135.48,531.57,8687.94,-2256.39,76.06,1729.05,-2180.33,-451.28
2411,520.32,1347.92,1703.28,149.8,89.92,-69.35,-1128.0,-10108.14,538.89,8645.3,-2256.89,77.78,1689.94,-2179.1,-489.16
2421,529.92,1323.97,1700.47,142.15,102.18,-64.26,-1116.12,-10256.56,536.17,8725.68,-2196.15,77.79,1623.6,-2118.36,-494.75
2431,568.15,1332.32,1696.29,150.45,85.49,-70.87,-1103.39,-10240.0,546.41,8732.89,-2220.5,77.68,1697.74,-2142.82,-445.08
2441,532.23,1305.17,1681.92,153.8,101.6,-65.88,-1131.87,-10253.54,544.08,8737.23,-2194.4,76.96,1604.75,-2117.44,-512.69
2451,564.93,1274.31,1668.77,154.23,79.52,-60.91,-1099.75,-10172.87,557.63,8709.39,-2249.76,77.54,1675.27,-2172.22,-496.96
2461,548.99,1303.39,1707.13,146.48,77.36,-67.13,-1128.73,-10155.15,515.8,8711.2,-2270.56,78.02,1659.34,-2192.54,-533.21
2471,535.8,1316.96,1668.67,156.44,83.21,-55.33,-1101.05,-10133.85,530.89,8667.42,-2269.28,78.41,1669.17,-2190.87,-521.7
2481,572.02,1285.13,1681.51,155.58,81.63,-69.63,-1090.01,-10197.24,543.7,8719.61,-2254.56,77.93,1682.29,-2176.63,-494.34
2491,560.82,1293.37,1654.94,150.79,83.62,-67.16,-1098.83,-10146.37,546.85,8697.48,-2279.72,78.15,1675.51,-2201.57,-526.06
2501,522.33,1276.76,1695.0,154.29,89.37,-65.36,-1109.85,-10152.36,538.31,8703.89,-2259.94,78.65,1652.38,-2181.29,-528.91
2511,546.27,1327.17,1664.6,159.91,77.31,-64.13,-1110.2,-10119.79,545.56,8705.94,-2305.98,78.61,1732.64,-2227.37,-494.73
2521,534.64,1264.26,1683.18,152.58,80.44,-58.39,-1114.52,-10161.76,521.78,8747.65,-2286.79,77.22,1649.86,-2209.57,-559.71
2531,533.78,1297.99,1672.65,143.81,91.46,-71.09,-1126.59,-10161.16,526.65,8711.05,-2271.98,78.13,1618.56,-2193.85,-575.28
2541,553.64,1350.28,1684.32,158.35,89.63,-73.5,-1130.0,-10145.59,539.49,8667.1,-2253.65,76.41,1693.73,-2177.24,-483.51
2551,539.87,1313.64,1684.4,152.73,76.8,-59.88,-1114.89,-10083.18,559.66,8646.21,-2289.52,76.8,1715.36,-2212.72,-497.36
2561,538.01,1360.96,1672.77,151.29,83.65,-63.13,-1132.93,-10143.37,551.59,8668.37,-2251.73,77.96,1687.23,-2173.77,-486.54
2571,498.94,1292.29,1686.76,144.57,96.27,-67.77,-1116.99,-10204.13,557.07,8747.27,-2243.17,78.06,1634.27,-2165.11,-530.84
2581,523.91,1312.95,1664.78,145.89,84.78,-78.62,-1115.89,-10150.19,535.06,8671.87,-2230.6,77.72,1594.55,-2152.88,-558.33
2591,569.35,1315.1,1674.89,152.56,85.74,-53.38,-1110.37,-10122.94,535.13,8675.86,-2257.36,76.36,1721.95,-2181.0,-459.05
2601,560.66,1272.34,1686.87,145.79,80.76,-70.27,-1136.24,-10203.81,544.07,8655.18,-2186.05,76.15,1535.34,-2109.9,-574.56
2611,505.97,1327.42,1680.28,151.31,81.71,-65.53,-1121.58,-10157.37,538.1,8668.35,-2221.96,76.11,1608.66,-2145.85,-537.18
2621,513.85,1321.03,1677.39,144.27,89.04,-50.98,-1121.84,-10197.67,536.37,8730.49,-2231.2,76.06,1641.95,-2155.14,-513.19
2631,521.52,1304.37,1665.01,148.85,82.89,-54.93,-1122.41,-10186.22,533.98,8701.21,-2232.66,77.93,1594.28,-2154.73,-560.44
2641,533.96,1328.66,1696.0,149.29,94.98,-51.92,-1127.99,-10095.62,540.08,8677.83,-2289.48,77.23,1745.27,-2212.26,-466.99
2651,533.75,1280.86,1677.22,138.85,90.3,-62.85,-1151.67,-10085.4,553.28,8667.74,-2273.48,77.82,1642.09,-2195.66,-553.57
2661,547.1,1274.67,1686.0,146.98,98.11,-51.98,-1109.19,-10122.93,529.31,8643.8,-2260.25,77.29,1641.87,-2182.96,-541.09
2671,541.64,1276.04,1677.74,140.05,87.66,-56.85,-1115.64,-10140.67,541.45,8692.61,-2276.99,77.45,1644.04,-2199.54,-555.5
2681,545.86,1286.38,1679.45,148.16,88.54,-72.46,-1128.13,-10108.86,549.94,8669.2,-2271.26,77.43,1658.09,-2193.83,-535.75
2691,533.62,1291.89,1698.14,147.89,86.12,-50.35,-1126.07,-10144.27,557.16,8711.68,-2249.84,75.77,1705.82,-2174.07,-468.25
2701,560.87,1344.13,1698.21,156.49,91.8,-59.72,-1135.67,-10117.93,545.8,8648.56,-2286.69,78.24,1732.54,-2208.45,-475.91
2711,554.35,1335.05,1685.8,149.9,87.44,-54.87,-1104.03,-10183.96,526.19,8649.44,-2217.97,76.99,1645.32,-2140.98,-495.65
2721,559.74,1323.73,1699.63,158.19,81.78,-53.56,-1113.34,-10164.93,537.57,8650.28,-2213.56,78.34,1679.1,-2135.22,-456.12
2731,571.76,1333.76,1694.48,149.01,82.72,-64.66,-1095.17,-10146.77,535.07,8686.9,-2267.74,77.64,1747.11,-2190.1,-442.99
2741,528.53,1271.23,1690.66,159.38,97.15,-60.13,-1125.36,-10112.63,532.14,8697.67,-2287.77,78.02,1678.65,-2209.75,-531.1
2751,524.23,1298.85,1685.22,139.26,76.38,-57.52,-1103.75,-10157.34,540.15,8669.27,-2233.04,76.57,1614.73,-2156.48,-541.74
2761,568.12,1335.2,1671.99,146.75,81.9,-61.99,-1133.01,-10041.9,540.14,8620.0,-2286.43,76.74,1727.21,-2209.69,-482.48
2771,577.2,1296.07,1690.29,156.0,83.76,-60.22,-1122.2,-10058.24,530.53,8615.17,-2280.38,76.62,1708.37,-2203.75,-495.38
2781,556.26,1293.31,1693.85,140.46,91.69,-57.37,-1103.49,-10114.09,542.46,8615.08,-2241.93,76.33,1658.15,-2165.59,-507.44
2791,558.18,1254.72,1678.03,146.05,86.6,-50.34,-1117.98,-10129.1,547.62,8655.34,-2260.93,76.77,1629.12,-2184.17,-555.05
2801,552.93,1315.49,1717.19,141.51,96.6,-68.37,-1133.71,-10128.12,521.92,8662.74,-2237.66,76.8,1678.18,-2160.86,-482.68
2811,537.33,1318.64,1681.45,142.71,84.25,-64.6,-1109.9,-10118.61,544.79,8643.0,-2250.0,76.7,1659.05,-2173.3,-514.25
2821,550.95,1275.65,1658.82,145.56,87.86,-54.96,-1120.35,-10080.35,513.02,8628.03,-2278.85,77.3,1604.22,-2201.55,-597.33
2831,546.96,1307.14,1673.13,146.52,87.55,-65.01,-1110.42,-10113.88,547.78,8679.83,-2262.09,77.78,1699.6,-2184.3,-484.71
2841,549.82,1328.7,1659.86,152.16,80.86,-52.65,-1125.25,-10084.08,533.29,8670.61,-2283.76,78.23,1713.33,-2205.53,-492.2
2851,524.23,1301.64,1684.4,140.97,79.72,-68.18,-1105.24,-10130.74,537.29,8650.65,-2240.89,76.64,1614.76,-2164.25,-549.49
2861,514.51,1276.41,1687.96,140.66,82.88,-51.4,-1132.49,-10152.83,554.3,8733.74,-2241.78,76.08,1653.73,-2165.7,-511.98
2871,560.26,1290.22,1690.89,157.9,95.23,-50.02,-1104.14,-10151.99,551.45,8706.92,-2266.04,77.18,1746.74,-2188.85,-442.11
2881,543.15,1297.99,1685.8,155.26,95.18,-57.49,-1120.48,-10132.3,536.41,8668.66,-2259.5,78.25,1672.2,-2181.25,-509.05
2891,535.6,1297.6,1684.49,152.8,77.17,-55.24,-1126.79,-10063.29,538.53,8665.66,-2305.59,76.84,1706.55,-2228.75,-522.2
2901,560.69,1328.01,1675.31,145.42,90.6,-72.64,-1135.16,-10093.37,525.45,8693.6,-2293.94,77.45,1717.91,-2216.49,-498.58
2911,547.92,1313.82,1669.81,158.34,79.16,-71.54,-1095.33,-10152.54,542.93,8672.66,-2264.1,78.1,1665.23,-2186.01,-520.77
2921,537.02,1316.97,1693.09,149.14,75.18,-62.46,-1118.11,-10128.14,541.22,8714.79,-2283.39,78.37,1718.7,-2205.02,-486.32
2931,516.23,1280.41,1661.96,148.77,95.75,-52.98,-1119.43,-10070.41,545.69,8667.1,-2274.85,76.39,1673.09,-2198.46,-525.37
2941,569.1,1305.35,1667.13,147.23,90.47,-55.31,-1101.77,-10162.25,534.2,8673.65,-2242.5,78.54,1667.79,-2163.96,-496.17
2951,563.24,1367.08,1669.76,155.75,83.86,-48.98,-1117.51,-10063.29,519.65,8630.73,-2304.7,76.11,1760.3,-2228.59,-468.29
2961,566.97,1331.28,1676.42,156.1,79.87,-43.21,-1101.92,-10138.87,544.02,8684.93,-2269.26,76.85,1755.58,-2192.41,-436.83
2971,578.09,1339.65,1661.38,148.4,88.01,-60.43,-1128.57,-10093.28,529.79,8675.43,-2301.63,77.76,1738.47,-2223.87,-485.4
2981,527.78,1336.59,1673.2,145.72,85.38,-47.34,-1109.66,-10151.56,540.78,8715.74,-2252.94,78.0,1716.63,-2174.94,-458.31
2991,568.66,1282.14,1667.16,148.0,86.3,-64.57,-1116.9,-10138.36,540.52,8730.25,-2285.25,77.29,1703.18,-2207.96,-504.78
3001,562.48,1290.78,1679.24,150.89,83.33,-55.87,-1122.36,-10128.65,541.22,8696.43,-2287.39,77.82,1697.51,-2209.57,-512.06
3011,554.74,1361.98,1653.94,156.58,79.89,-46.1,-1137.62,-10092.76,521.42,8669.79,-2298.26,78.14,1721.86,-2220.12,-498.26
3021,562.62,1311.23,1695.58,151.21,83.8,-50.56,-1129.57,-10163.11,523.31,8714.21,-2260.56,76.57,1698.74,-2183.99,-485.24
3031,540.71,1339.37,1669.7,145.4,88.54,-63.11,-1125.22,-10194.61,519.2,8687.41,-2207.18,76.67,1607.38,-2130.5,-523.13
3041,544.63,1275.14,1669.59,154.67,86.48,-67.0,-1112.06,-10170.06,538.99,8705.2,-2243.57,77.97,1625.58,-2165.6,-540.02
3051,562.75,1338.71,1684.46,145.3,79.05,-86.47,-1100.76,-10167.19,541.43,8738.89,-2285.1,77.63,1736.17,-2207.47,-471.3
3061,562.15,1356.32,1679.73,152.45,92.84,-66.38,-1127.45,-10141.82,523.7,8686.09,-2265.93,76.93,1717.62,-2189.01,-471.38
3071,570.05,1312.5,1701.52,151.74,92.5,-52.55,-1140.6,-10105.42,523.22,8719.71,-2304.64,78.06,1772.68,-2226.58,-453.9
3081,546.29,1299.53,1687.25,151.25,89.75,-62.14,-1116.73,-10148.61,533.81,8689.59,-2257.0,79.16,1669.99,-2177.84,-507.84
3091,574.87,1285.64,1697.85,145.59,89.87,-74.2,-1104.84,-10133.9,545.17,8729.87,-2278.65,77.64,1755.91,-2201.01,-445.1
3101,527.82,1279.76,1686.88,149.29,88.72,-67.65,-1091.56,-10212.54,550.64,8696.17,-2220.74,78.61,1607.54,-2142.13,-534.59
3111,553.51,1255.02,1695.86,149.78,88.78,-63.59,-1102.6,-10170.21,543.63,8713.26,-2258.93,78.34,1663.44,-2180.59,-517.15
3121,528.59,1339.25,1658.46,146.56,96.59,-68.47,-1127.5,-10166.49,524.95,8746.25,-2269.53,77.79,1678.19,-2191.74,-513.55
3131,535.26,1287.49,1678.35,153.26,70.86,-35.48,-1103.92,-10200.4,537.34,8750.86,-2259.19,77.09,1673.62,-2182.1,-508.48
3141,514.29,1319.26,1694.72,147.78,78.05,-66.67,-1142.21,-10213.01,548.01,8766.94,-2245.93,78.04,1647.16,-2167.89,-520.73
3151,555.62,1283.63,1683.14,144.21,85.6,-67.41,-1120.72,-10222.03,528.76,8710.54,-2192.59,77.12,1581.33,-2115.47,-534.14
3161,529.0,1286.56,1681.07,140.6,83.28,-50.09,-1094.27,-10136.84,555.67,8712.0,-2294.66,78.29,1706.98,-2216.37,-509.4
3171,574.46,1328.73,1686.97,159.53,77.83,-49.57,-1085.65,-10173.25,542.41,8676.32,-2262.01,78.23,1737.79,-2183.78,-445.99
3181,577.7,1335.05,1693.16,155.64,84.5,-58.22,-1117.67,-10154.52,534.16,8682.84,-2264.49,77.82,1732.65,-2186.67,-454.03
3191,556.06,1291.65,1694.69,145.41,77.99,-63.89,-1084.08,-10211.25,540.97,8765.9,-2266.45,77.73,1713.44,-2188.72,-475.28
3201,526.58,1280.47,1707.97,150.04,78.49,-56.75,-1124.94,-10220.63,551.03,8759.53,-2226.33,76.36,1651.79,-2149.98,-498.18
3211,553.4,1324.41,1678.51,146.93,98.46,-64.61,-1114.54,-10107.44,546.95,8679.74,-2316.8,78.27,1741.81,-2238.53,-496.72
3221,544.34,1314.85,1706.97,144.18,87.66,-60.14,-1124.94,-10109.94,553.0,8639.77,-2266.06,77.23,1695.73,-2188.83,-493.09
3231,544.14,1329.31,1681.56,149.47,76.8,-64.14,-1119.07,-10081.29,548.04,8733.43,-2340.48,77.68,1798.26,-2262.8,-464.54
3241,534.79,1263.5,1703.61,142.7,85.86,-66.72,-1112.15,-10079.4,545.62,8711.9,-2341.55,75.95,1729.7,-2265.6,-535.9
3251,562.08,1306.95,1695.82,147.77,89.25,-67.47,-1118.53,-10096.33,531.21,8720.61,-2345.32,77.06,1771.35,-2268.26,-496.91
3261,550.8,1317.02,1683.88,150.14,83.51,-64.86,-1099.04,-10165.91,541.47,8735.26,-2306.16,76.66,1732.26,-2229.49,-497.24
3271,516.74,1320.99,1681.3,157.56,76.65,-59.08,-1115.87,-10138.05,534.35,8685.81,-2281.49,76.62,1660.39,-2204.87,-544.48
3281,559.46,1288.8,1650.96,153.86,89.51,-61.48,-1124.86,-10094.74,537.88,8732.36,-2317.81,76.86,1731.76,-2240.94,-509.19
3291,578.25,1367.31,1674.91,154.03,67.62,-66.07,-1121.25,-10039.28,525.2,8646.44,-2351.89,78.49,1787.15,-2273.41,-486.25
3301,523.67,1307.52,1690.96,143.48,88.26,-48.4,-1122.89,-10063.11,536.21,8703.18,-2335.96,77.74,1758.86,-2258.22,-499.36
3311,532.23,1366.95,1681.87,161.37,96.84,-47.32,-1138.14,-10105.9,538.26,8667.14,-2292.82,76.84,1753.3,-2215.98,-462.68
3321,536.0,1296.33,1676.42,144.06,90.7,-55.41,-1114.73,-10188.27,537.35,8758.15,-2289.8,78.48,1680.6,-2211.32,-530.72
3331,563.3,1277.35,1666.85,144.01,82.35,-70.41,-1083.91,-10077.84,537.38,8688.77,-2330.98,78.53,1727.86,-2252.45,-524.58
3341,538.54,1262.09,1683.7,145.23,92.94,-62.81,-1101.31,-10151.38,549.6,8740.69,-2295.64,77.06,1697.29,-2218.58,-521.29
3351,558.11,1289.11,1671.01,141.45,87.74,-65.52,-1100.17,-10105.33,537.69,8693.38,-2298.59,77.43,1707.48,-2221.16,-513.68
3361,573.11,1285.68,1671.76,143.99,98.4,-49.27,-1115.4,-10094.42,523.75,8760.54,-2354.93,77.08,1798.13,-2277.85,-479.72
3371,561.63,1337.91,1704.99,149.74,86.03,-74.23,-1120.24,-10106.43,531.38,8678.28,-2291.04,77.94,1749.05,-2213.1,-464.05
3381,504.86,1277.63,1676.36,139.92,85.15,-68.13,-1108.14,-10150.42,547.95,8729.45,-2269.14,78.76,1634.64,-2190.38,-555.74
3391,601.58,1367.66,1676.62,156.55,78.65,-65.61,-1129.32,-10052.37,531.93,8608.09,-2285.62,78.89,1773.78,-2206.73,-432.95
3401,534.86,1302.12,1679.36,141.71,84.38,-81.92,-1100.01,-10117.35,540.51,8652.26,-2282.64,78.04,1635.92,-2204.6,-568.68
3411,558.91,1322.14,1658.54,156.78,91.73,-69.41,-1118.13,-10141.86,546.33,8678.83,-2262.8,78.89,1683.86,-2183.91,-500.04
3421,571.74,1333.2,1693.21,151.43,83.36,-70.8,-1097.32,-10125.02,548.54,8651.65,-2259.7,78.04,1740.0,-2181.67,-441.67
3431,537.22,1319.16,1695.37,148.87,89.94,-68.93,-1102.77,-10141.81,543.14,8705.87,-2263.58,77.65,1726.05,-2185.93,-459.87
3441,559.29,1289.59,1667.42,150.74,92.31,-71.69,-1108.14,-10115.68,542.51,8688.32,-2308.0,78.74,1694.67,-2229.26,-534.59
3451,558.97,1272.09,1665.79,146.86,87.03,-56.97,-1103.99,-10116.88,530.65,8684.84,-2280.15,78.87,1668.39,-2201.28,-532.89
3461,568.51,1352.56,1671.64,162.4,77.08,-58.61,-1093.1,-10100.55,535.6,8665.21,-2293.28,78.46,1780.75,-2214.82,-434.06
3471,552.42,1302.41,1684.03,144.95,77.21,-55.27,-1100.95,-10146.98,549.99,8666.32,-2266.58,78.48,1674.12,-2188.1,-513.99
3481,543.76,1350.17,1690.65,154.59,82.43,-43.11,-1109.91,-10048.1,536.72,8592.14,-2308.49,77.84,1749.36,-2230.66,-481.3
3491,522.74,1324.45,1696.2,147.24,89.68,-68.29,-1106.62,-10108.44,553.54,8656.58,-2264.62,76.95,1707.08,-2187.67,-480.58
3501,531.33,1271.36,1675.46,146.95,73.9,-59.23,-1121.77,-10195.75,543.8,8730.0,-2245.79,77.48,1596.04,-2168.31,-572.27
3511,545.88,1360.77,1679.34,149.34,84.83,-51.01,-1121.34,-10099.17,535.99,8631.07,-2260.46,77.57,1715.7,-2182.89,-467.19
3521,564.12,1266.66,1656.52,154.62,75.89,-62.71,-1109.02,-10104.36,554.06,8693.29,-2278.15,78.25,1689.07,-2199.9,-510.84
3531,559.89,1307.45,1686.67,154.01,86.96,-53.52,-1100.89,-10171.91,538.19,8673.1,-2226.56,77.31,1679.94,-2149.25,-469.31
3541,556.94,1309.88,1689.9,152.74,83.65,-62.9,-1124.47,-10087.98,542.81,8619.46,-2257.45,77.47,1680.04,-2179.98,-499.94
3551,550.45,1304.78,1702.18,135.73,91.08,-66.2,-1124.02,-10030.29,552.25,8623.1,-2284.33,77.95,1739.07,-2206.39,-467.32
3561,554.72,1252.15,1672.59,144.43,84.94,-62.6,-1119.92,-10060.54,537.87,8648.63,-2294.02,78.13,1652.26,-2215.89,-563.64
3571,574.21,1345.67,1680.54,144.43,70.52,-47.71,-1131.49,-10082.94,531.42,8646.78,-2288.97,76.83,1731.44,-2212.14,-480.71
3581,578.98,1288.74,1694.49,142.0,91.03,-58.39,-1107.52,-10044.01,550.62,8655.89,-2339.57,77.58,1791.82,-2261.99,-470.17
3591,569.87,1265.14,1708.51,155.06,91.31,-65.15,-1133.13,-10093.95,540.14,8673.02,-2278.64,77.21,1710.81,-2201.44,-490.63
3601,574.85,1277.76,1668.84,146.63,74.62,-50.21,-1114.22,-10151.15,543.9,8685.22,-2247.08,78.41,1656.25,-2168.66,-512.41
3611,594.31,1301.02,1677.02,146.57,79.32,-71.99,-1114.55,-10033.83,525.81,8641.9,-2311.09,77.06,1745.57,-2234.03,-488.46
3621,525.26,1309.56,1663.02,153.1,83.46,-59.07,-1111.48,-10045.89,537.84,8677.97,-2314.65,76.7,1733.77,-2237.95,-504.18
3631,539.69,1272.91,1700.0,140.01,81.66,-63.56,-1112.39,-10099.59,548.79,8653.95,-2264.86,77.37,1661.45,-2187.49,-526.04
3641,537.44,1343.33,1672.58,149.22,96.8,-61.36,-1121.35,-10010.63,528.58,8614.44,-2305.02,75.89,1749.05,-2229.13,-480.09
3651,571.87,1320.43,1690.03,146.93,82.34,-72.15,-1116.43,-10111.38,534.28,8729.02,-2302.05,77.24,1774.95,-2224.81,-449.85
3661,549.94,1305.02,1688.76,140.27,93.65,-60.93,-1096.64,-10110.79,525.46,8684.6,-2277.41,76.12,1719.34,-2201.29,-481.95
3671,533.04,1320.66,1692.97,150.1,92.3,-63.1,-1148.52,-10060.48,528.49,8633.17,-2283.52,76.47,1678.63,-2207.05,-528.42
3681,547.21,1340.63,1698.25,145.96,94.64,-70.55,-1114.03,-10003.28,531.85,8561.92,-2309.63,77.49,1732.61,-2232.14,-499.53
3691,547.97,1297.88,1660.24,146.87,87.02,-61.79,-1100.59,-10110.12,533.0,8681.78,-2273.74,76.59,1682.27,-2197.15,-514.88
3701,588.95,1304.84,1676.94,146.23,96.41,-62.27,-1121.03,-10097.57,559.78,8616.56,-2232.71,75.85,1708.84,-2156.85,-448.02
3711,544.97,1348.55,1668.07,147.58,71.92,-72.74,-1118.81,-10107.05,544.02,8626.59,-2257.86,76.81,1653.09,-2181.05,-527.97
3721,555.64,1326.4,1651.09,147.77,80.29,-46.46,-1108.6,-10113.72,524.92,8704.78,-2281.83,77.3,1722.1,-2204.53,-482.43
3731,541.0,1344.41,1679.77,147.98,91.9,-67.74,-1130.92,-10083.91,530.68,8600.51,-2259.26,76.89,1653.69,-2182.37,-528.69
3741,548.96,1316.78,1672.87,145.81,75.95,-72.04,-1105.89,-10115.92,537.39,8653.57,-2243.99,75.61,1657.47,-2168.38,-510.91
3751,561.05,1277.11,1665.74,144.36,79.99,-62.11,-1127.14,-10024.07,522.86,8649.23,-2313.76,76.86,1687.01,-2236.91,-549.9
3761,553.92,1341.86,1679.13,155.46,82.69,-52.95,-1132.34,-9978.89,529.88,8634.14,-2351.33,76.9,1812.91,-2274.43,-461.52
3771,537.2,1314.02,1676.49,154.43,91.44,-64.32,-1136.18,-10087.95,564.51,8627.79,-2251.17,76.17,1677.43,-2175.0,-497.57
3781,559.97,1313.11,1661.46,154.94,81.7,-64.84,-1116.66,-10072.71,522.75,8681.02,-2311.69,76.95,1720.74,-2234.75,-514.0
3791,581.15,1322.07,1661.6,152.27,80.59,-53.86,-1112.81,-10115.88,526.08,8638.68,-2259.44,76.37,1679.87,-2183.08,-503.21
3801,552.61,1342.48,1643.12,152.95,77.85,-50.37,-1102.39,-10122.91,545.17,8669.55,-2271.86,75.23,1708.06,-2196.64,-488.57
3811,521.41,1318.61,1670.86,138.68,74.34,-61.83,-1139.46,-10095.29,543.79,8623.13,-2252.69,74.71,1594.24,-2177.98,-583.74
3821,551.57,1300.84,1651.69,151.16,98.29,-57.19,-1130.12,-10123.13,547.12,8724.57,-2286.06,75.43,1714.78,-2210.64,-495.85
3831,611.17,1332.9,1674.31,145.28,88.4,-54.37,-1107.01,-10044.99,505.25,8622.14,-2308.64,78.12,1773.08,-2230.53,-457.45
3841,556.32,1300.24,1674.41,149.74,90.63,-55.86,-1110.07,-10082.43,537.83,8644.09,-2318.79,78.06,1704.89,-2240.73,-535.84
3851,524.15,1346.46,1669.95,151.28,86.74,-64.99,-1129.87,-10145.76,534.64,8739.75,-2283.38,76.52,1712.34,-2206.87,-494.52
3861,585.44,1306.34,1667.36,145.07,77.98,-53.61,-1106.41,-10137.69,527.31,8706.39,-2303.65,77.12,1718.18,-2226.53,-508.35
3871,556.59,1292.3,1639.16,140.46,89.85,-66.58,-1104.83,-10124.71,532.42,8666.16,-2281.56,77.1,1620.81,-2204.46,-583.65
3881,558.07,1335.06,1673.43,146.77,83.67,-69.38,-1125.3,-10093.29,541.88,8719.2,-2339.6,77.31,1770.11,-2262.29,-492.18
3891,533.88,1327.47,1668.36,148.94,75.37,-65.72,-1113.38,-10055.22,538.74,8632.68,-2311.95,77.34,1691.12,-2234.61,-543.5
3901,535.46,1331.18,1652.53,149.77,88.37,-57.09,-1112.96,-10073.32,539.45,8710.05,-2343.27,78.76,1763.43,-2264.51,-501.07
3911,544.13,1316.13,1680.36,145.25,91.93,-63.53,-1104.81,-10097.97,531.27,8693.5,-2292.62,76.6,1736.27,-2216.02,-479.75
3921,570.12,1301.71,1675.27,139.85,87.2,-61.23,-1119.26,-10112.13,533.84,8684.87,-2286.81,77.93,1700.23,-2208.88,-508.64
3931,559.5,1327.76,1677.02,150.08,81.99,-71.6,-1109.08,-9974.95,545.44,8625.95,-2371.71,77.78,1812.12,-2293.93,-481.81
3941,533.74,1279.71,1668.87,144.06,70.11,-67.43,-1099.32,-10081.1,549.23,8694.71,-2307.91,79.27,1692.58,-2228.64,-536.05
3951,582.1,1276.64,1672.74,152.69,77.62,-54.71,-1117.9,-10016.21,525.6,8619.75,-2334.67,76.64,1718.32,-2258.02,-539.7
3961,515.96,1311.65,1678.0,138.5,83.18,-62.49,-1132.03,-10075.8,532.6,8659.32,-2293.25,78.24,1648.89,-2215.01,-566.12
3971,560.29,1267.98,1692.57,148.52,79.47,-52.53,-1110.4,-10048.19,539.77,8648.79,-2331.66,77.96,1726.27,-2253.7,-527.42
3981,541.54,1300.37,1699.49,151.49,88.43,-54.98,-1126.79,-9968.98,518.79,8667.68,-2363.3,77.92,1817.05,-2285.38,-468.33
3991,553.2,1335.61,1666.14,143.4,87.44,-59.08,-1111.47,-9994.96,524.39,8633.43,-2370.04,77.59,1778.1,-2292.45,-514.35
4001,533.91,1306.95,1718.89,135.64,92.47,-68.99,-1106.5,-10046.27,545.82,8645.77,-2320.6,76.49,1757.7,-2244.11,-486.41

Ligand Energy Terms
Frame #,BOND,ANGLE,DIHED,UB,IMP,CMAP,VDWAALS,EEL,1-4 VDW,1-4 EEL,EGB,ESURF,GGAS,GSOLV,TOTAL
1,9.6,23.44,48.39,4.51,0.47,0.0,-3.68,25.66,16.23,-48.29,-18.66,2.75,76.32,-15.91,60.4
11,11.52,22.26,49.24,5.85,1.04,0.0,-3.64,27.84,17.41,-50.94,-18.7,2.72,80.58,-15.99,64.59
21,10.12,18.75,48.5,3.63,0.2,0.0,-2.9,28.16,18.52,-52.26,-18.13,2.69,72.7,-15.43,57.27
31,9.48,24.06,49.2,4.22,0.24,0.0,-2.1,28.46,15.45,-52.44,-18.86,2.72,76.57,-16.14,60.43
41,9.19,18.53,51.14,4.91,0.71,0.0,-3.84,27.58,17.08,-51.66,-18.98,2.73,73.64,-16.25,57.39
51,9.7,15.63,47.52,3.82,1.12,0.0,-3.55,26.18,16.82,-47.47,-18.74,2.73,69.77,-16.02,53.75
61,8.26,16.85,47.59,4.69,1.34,0.0,-2.76,27.74,19.27,-51.09,-18.5,2.72,71.9,-15.79,56.12
71,9.17,15.91,50.69,3.51,0.23,0.0,-2.47,28.54,14.39,-50.23,-19.17,2.75,69.74,-16.42,53.32
81,9.74,15.13,48.43,4.65,0.26,0.0,-4.04,26.33,16.53,-48.08,-18.41,2.74,68.96,-15.67,53.29
91,14.8,14.64,49.81,4.09,0.14,0.0,-4.01,27.27,14.39,-49.07,-18.79,2.74,72.05,-16.05,56.0
101,11.66,18.78,49.05,2.78,0.79,0.0,-1.96,26.97,17.17,-50.09,-18.28,2.73,75.15,-15.56,59.59
111,13.22,18.81,54.01,3.98,0.74,0.0,-1.16,27.18,13.7,-50.45,-19.51,2.75,80.02,-16.76,63.26
121,9.11,15.98,48.66,4.34,2.01,0.0,-2.11,28.52,16.22,-51.16,-18.02,2.7,71.58,-15.32,56.26
131,12.12,19.22,51.65,3.4,0.42,0.0,-1.47,27.16,14.05,-49.64,-18.91,2.76,76.91,-16.15,60.76
141,11.7,14.35,46.49,3.24,0.03,0.0,-2.77,27.77,13.38,-50.86,-18.76,2.76,63.33,-16.0,47.32
151,8.64,14.19,49.83,5.01,0.13,0.0,-2.3,29.03,21.08,-52.06,-18.25,2.7,73.55,-15.55,58.0
161,11.0,23.63,50.12,5.71,0.08,0.0,-4.15,27.87,16.75,-51.81,-18.68,2.72,79.19,-15.97,63.22
171,6.63,21.11,49.01,5.51,0.1,0.0,-2.26,27.82,18.69,-50.24,-18.1,2.72,76.35,-15.38,60.97
181,13.88,19.98,49.97,5.61,2.26,0.0,-3.36,27.47,16.41,-52.75,-18.58,2.72,79.47,-15.86,63.62
191,8.93,20.88,48.43,4.2,0.07,0.0,-1.29,27.13,16.68,-50.38,-18.48,2.75,74.67,-15.73,58.94
201,8.03,16.18,51.31,3.32,1.07,0.0,-2.93,28.08,14.82,-52.1,-18.85,2.75,67.78,-16.1,51.68
211,5.54,15.09,49.71,3.57,1.01,0.0,-2.75,27.78,16.17,-50.75,-18.06,2.7,65.37,-15.36,50.0
221,11.68,13.17,48.13,1.44,1.78,0.0,-3.38,27.14,15.57,-51.1,-18.5,2.73,64.43,-15.76,48.67
231,12.58,14.67,47.83,2.88,1.27,0.0,-0.26,27.38,18.03,-50.38,-17.88,2.73,74.01,-15.15,58.86
241,6.29,20.25,50.21,4.08,0.39,0.0,-2.47,28.13,19.76,-52.94,-17.85,2.7,73.69,-15.15,58.54
251,14.13,21.77,53.1,5.74,0.13,0.0,-3.52,28.35,16.11,-51.16,-18.91,2.72,84.65,-16.19,68.46
261,12.69,21.52,47.95,5.5,1.47,0.0,-2.56,26.49,15.65,-48.21,-18.86,2.73,80.5,-16.13,64.37
271,7.06,19.78,50.22,3.56,0.2,0.0,-0.27,26.8,17.35,-48.68,-18.04,2.73,76.02,-15.31,60.71
281,9.7,19.34,49.27,3.86,1.11,0.0,-3.25,26.53,18.46,-50.11,-17.41,2.73,74.91,-14.68,60.23
291,12.25,19.22,49.4,3.82,0.97,0.0,-4.38,27.45,15.95,-51.83,-19.02,2.75,72.85,-16.28,56.57
301,9.29,20.02,50.0,3.99,0.79,0.0,-2.37,26.93,17.83,-51.06,-19.04,2.75,75.43,-16.29,59.14
311,12.27,17.97,49.37,4.78,2.15,0.0,-2.59,27.5,18.28,-49.93,-18.15,2.72,79.78,-15.43,64.35
321,13.16,15.91,49.06,3.33,0.19,0.0,-1.9,27.07,16.35,-50.26,-17.99,2.72,72.92,-15.27,57.65
331,12.09,21.28,54.5,5.64,3.42,0.0,-4.82,29.73,14.28,-51.68,-20.07,2.76,84.44,-17.31,67.13
341,7.13,22.33,50.54,4.32,0.06,0.0,-3.97,27.77,18.29,-49.62,-19.26,2.74,76.85,-16.53,60.33
351,12.11,19.76,52.9,4.58,1.34,0.0,-3.77,28.72,14.89,-53.45,-18.97,2.74,77.08,-16.23,60.85
361,12.16,15.61,51.02,3.62,0.42,0.0,-1.88,27.23,13.27,-45.97,-18.88,2.76,75.49,-16.13,59.36
371,9.27,13.39,52.61,2.94,1.22,0.0,-3.82,26.66,18.75,-50.72,-18.59,2.74,70.31,-15.86,54.45
381,12.45,19.89,49.41,5.63,0.27,0.0,-2.54,27.26,15.92,-51.01,-19.01,2.74,77.29,-16.26,61.02
391,9.04,26.14,48.81,5.64,0.17,0.0,-3.87,28.15,17.87,-49.99,-19.18,2.74,81.95,-16.44,65.51
401,8.18,13.77,50.79,4.59,0.21,0.0,-3.44,27.56,16.21,-49.7,-18.27,2.7,68.16,-15.57,52.59
411,5.79,22.88,48.61,3.32,0.51,0.0,-4.07,27.35,18.69,-51.6,-18.16,2.72,71.48,-15.44,56.03
421,15.39,21.13,48.89,4.94,0.73,0.0,-1.48,28.2,13.07,-53.06,-18.28,2.74,77.81,-15.54,62.27
431,12.92,16.48,49.39,3.34,0.22,0.0,-1.47,27.16,15.39,-52.4,-18.92,2.73,71.03,-16.19,54.84
441,12.49,22.86,49.76,5.62,1.35,0.0,-3.71,27.89,14.51,-50.08,-19.4,2.75,80.67,-16.65,64.02
451,6.98,25.68,51.63,5.7,0.12,0.0,-4.11,27.25,19.84,-51.14,-18.39,2.74,81.95,-15.66,66.3
461,7.5,15.5,49.86,4.06,2.08,0.0,-4.27,27.33,15.58,-50.06,-18.53,2.73,67.57,-15.8,51.77
471,6.74,22.19,48.64,5.08,0.28,0.0,-1.99,26.13,16.13,-49.08,-17.93,2.73,74.11,-15.2,58.91
481,13.48,24.46,47.25,5.25,0.64,0.0,-3.1,28.31,16.7,-52.29,-18.48,2.71,80.7,-15.77,64.94
491,13.2,17.84,48.63,4.19,0.59,0.0,-3.62,27.71,15.58,-50.07,-18.43,2.73,74.06,-15.7,58.36
501,7.93,19.17,53.2,3.91,2.2,0.0,-4.75,26.33,16.38,-47.61,-19.67,2.73,76.75,-16.94,59.81
511,12.63,13.43,49.73,4.36,0.18,0.0,-2.95,25.41,16.13,-47.19,-18.39,2.76,71.73,-15.64,56.09
521,10.48,15.41,48.84,4.36,0.63,0.0,-2.84,27.11,18.52,-51.12,-18.51,2.72,71.38,-15.78,55.6
531,9.07,17.17,49.5,2.96,0.95,0.0,-2.58,27.55,15.74,-51.95,-18.66,2.75,68.38,-15.9,52.47
541,7.91,26.94,48.87,4.3,0.33,0.0,-4.11,26.02,18.08,-47.11,-18.52,2.71,81.23,-15.81,65.42
551,7.44,20.34,50.16,4.67,0.78,0.0,-3.61,28.29,16.36,-53.38,-18.24,2.72,71.05,-15.52,55.54
561,8.51,18.62,47.71,4.59,1.11,0.0,-3.34,27.86,16.2,-52.13,-17.58,2.71,69.14,-14.87,54.27
571,12.42,19.04,51.23,5.22,1.38,0.0,-2.77,26.03,15.56,-49.22,-17.85,2.72,78.88,-15.13,63.75
581,12.49,18.1,48.95,4.64,0.04,0.0,-2.71,27.4,14.38,-52.08,-17.84,2.71,71.22,-15.12,56.09
591,12.08,24.25,47.98,4.75,0.26,0.0,-3.79,26.44,16.47,-51.07,-18.17,2.74,77.37,-15.42,61.94
601,9.32,19.31,53.93,3.77,0.15,0.0,-4.68,27.11,13.61,-49.31,-19.45,2.67,73.21,-16.79,56.43
611,13.54,21.1,52.43,3.45,0.41,0.0,-4.49,27.56,13.29,-50.1,-19.01,2.7,77.2,-16.31,60.89
621,7.76,14.67,52.23,4.57,1.52,0.0,-4.79,27.07,16.56,-50.44,-18.68,2.69,69.15,-15.98,53.17
631,8.71,14.61,52.77,3.2,0.05,0.0,-3.78,26.57,16.55,-46.91,-19.55,2.75,71.76,-16.81,54.96
641,9.62,14.84,49.38,3.77,1.05,0.0,-1.89,26.46,18.56,-49.11,-18.88,2.75,72.66,-16.13,56.54
651,7.48,15.24,52.71,4.18,2.97,0.0,-3.09,27.04,16.9,-48.96,-19.45,2.76,74.47,-16.69,57.78
661,8.98,19.84,50.61,3.8,0.02,0.0,-0.88,27.02,15.06,-53.63,-17.6,2.74,70.83,-14.86,55.97
671,8.55,17.89,53.17,6.05,1.8,0.0,-4.26,24.69,18.16,-46.2,-19.34,2.78,79.85,-16.56,63.3
681,7.5,17.42,49.84,4.06,0.42,0.0,-5.01,27.05,21.39,-50.43,-18.75,2.74,72.23,-16.0,56.23
691,8.98,15.26,48.75,4.05,0.66,0.0,-0.76,26.78,16.68,-49.69,-17.98,2.72,70.71,-15.26,55.45
701,13.07,21.43,50.62,6.45,0.09,0.0,-3.73,26.47,14.7,-50.01,-19.08,2.73,79.1,-16.35,62.74
711,9.45,16.11,52.22,3.59,0.48,0.0,-3.68,26.11,15.6,-48.18,-18.65,2.74,71.7,-15.91,55.79
721,8.81,14.48,51.18,3.51,0.18,0.0,-3.83,28.44,19.33,-51.93,-19.54,2.74,70.17,-16.79,53.37
731,7.93,17.73,50.88,4.09,4.01,0.0,-3.78,27.76,13.99,-50.27,-19.48,2.74,72.34,-16.74,55.6
741,9.0,19.91,52.52,4.52,0.16,0.0,-4.39,25.93,16.92,-49.5,-18.53,2.73,75.09,-15.79,59.3
751,7.04,20.99,51.07,4.57,0.56,0.0,-5.63,25.61,16.03,-47.28,-19.25,2.73,72.98,-16.52,56.45
761,7.48,14.03,50.92,3.08,0.81,0.0,-4.28,26.59,15.94,-48.4,-19.51,2.73,66.18,-16.78,49.4
771,9.59,17.21,51.41,3.7,0.04,0.0,-3.48,27.08,13.99,-49.23,-19.2,2.79,70.3,-16.41,53.89
781,7.79,20.19,49.62,3.73,0.23,0.0,-4.01,27.45,17.36,-51.93,-18.67,2.74,70.43,-15.93,54.49
791,8.19,15.62,49.19,3.47,0.01,0.0,-3.08,27.75,16.1,-51.2,-19.03,2.74,66.06,-16.29,49.78
801,9.85,17.26,52.36,2.94,0.81,0.0,-2.39,26.46,16.36,-50.28,-18.67,2.73,73.37,-15.94,57.43
811,13.11,17.51,51.57,4.76,0.84,0.0,-2.82,27.04,14.69,-49.96,-19.05,2.73,76.75,-16.32,60.43
821,8.47,17.68,47.21,3.34,0.19,0.0,-2.87,28.12,16.75,-51.64,-17.93,2.73,67.25,-15.2,52.05
831,9.17,15.85,47.76,3.28,0.74,0.0,-3.51,27.06,17.28,-49.73,-19.0,2.72,67.89,-16.28,51.62
841,11.24,17.11,49.87,3.66,0.77,0.0,-2.76,27.36,14.89,-49.62,-18.78,2.74,72.52,-16.04,56.47
851,9.62,21.56,51.16,5.44,0.78,0.0,-4.79,27.52,18.23,-50.07,-19.12,2.74,79.46,-16.38,63.07
861,8.14,18.65,50.74,4.07,0.36,0.0,-4.26,24.23,17.88,-44.34,-18.8,2.75,75.48,-16.05,59.43
871,5.16,19.89,49.66,4.26,0.23,0.0,-1.98,25.58,21.36,-47.92,-17.58,2.73,76.23,-14.86,61.37
881,10.17,21.8,49.63,4.13,0.17,0.0,-3.65,27.29,13.87,-52.63,-18.7,2.74,70.77,-15.95,54.82
891,11.95,18.59,51.01,4.42,1.56,0.0,-1.28,28.95,15.91,-54.21,-18.29,2.74,76.9,-15.55,61.34
901,10.0,17.5,49.42,2.95,0.56,0.0,-1.58,27.6,17.35,-51.65,-18.0,2.75,72.15,-15.26,56.89
911,11.23,16.78,51.91,3.8,0.32,0.0,-4.3,25.98,17.27,-48.34,-18.4,2.71,74.64,-15.7,58.94
921,8.84,16.22,50.09,2.91,0.42,0.0,-2.88,27.54,15.03,-51.91,-18.76,2.75,66.24,-16.01,50.23
931,11.31,26.19,50.55,7.08,0.31,0.0,-4.14,28.35,15.89,-53.3,-19.2,2.76,82.24,-16.43,65.81
941,9.41,17.3,48.02,3.29,0.05,0.0,-3.17,26.62,15.42,-50.44,-19.16,2.74,66.48,-16.42,50.06
951,7.88,21.56,50.22,5.69,0.44,0.0,-4.41,28.35,20.5,-51.31,-19.19,2.74,78.91,-16.46,62.46
961,12.97,16.73,53.26,2.95,0.05,0.0,0.46,29.94,13.99,-53.45,-20.21,2.77,76.9,-17.45,59.46
971,5.68,17.72,53.78,2.82,0.5,0.0,-1.44,27.31,17.7,-51.32,-18.07,2.74,72.74,-15.33,57.41
981,9.68,17.86,47.77,3.4,1.88,0.0,-3.48,27.37,16.02,-50.35,-18.73,2.74,70.15,-15.99,54.16
991,8.79,17.72,49.65,2.64,0.01,0.0,-2.67,27.27,17.31,-51.49,-18.34,2.73,69.22,-15.61,53.61
1001,8.3,17.76,53.01,3.73,0.06,0.0,-4.84,27.55,17.51,-49.53,-19.55,2.78,73.56,-16.77,56.79
1011,11.85,19.11,48.14,3.99,1.34,0.0,-3.78,27.22,13.75,-52.43,-18.08,2.77,69.18,-15.31,53.87
1021,8.72,15.49,46.77,4.0,3.85,0.0,-2.85,26.05,17.33,-49.47,-17.67,2.74,69.9,-14.94,54.96
1031,5.6,15.9,49.5,4.17,0.11,0.0,-4.38,26.48,17.4,-47.26,-18.52,2.72,67.52,-15.8,51.72
1041,7.93,15.8,53.21,3.17,0.55,0.0,-4.53,27.0,15.7,-49.99,-19.09,2.75,68.84,-16.34,52.5
1051,10.67,25.57,49.8,5.17,0.12,0.0,-1.82,27.8,18.15,-52.18,-18.31,2.75,83.27,-15.56,67.7
1061,10.97,16.59,51.18,4.8,2.47,0.0,-4.75,25.33,12.68,-45.54,-19.24,2.74,73.73,-16.5,57.23
1071,8.34,17.67,52.03,3.54,0.26,0.0,-3.98,27.81,14.83,-49.54,-19.03,2.72,70.95,-16.31,54.64
1081,4.22,21.46,48.48,4.62,0.95,0.0,-3.75,26.98,16.44,-50.6,-18.88,2.71,68.8,-16.16,52.63
1091,11.61,20.38,50.63,4.71,0.37,0.0,-2.6,27.72,15.92,-50.8,-18.59,2.74,77.94,-15.85,62.09
1101,6.49,20.84,49.15,4.6,0.27,0.0,-4.35,26.59,17.92,-50.86,-17.93,2.72,70.65,-15.2,55.45
1111,9.41,19.33,50.03,4.26,2.99,0.0,-3.97,26.35,14.96,-48.69,-18.88,2.74,74.67,-16.14,58.52
1121,8.12,21.78,51.72,5.38,0.08,0.0,-3.56,27.73,19.13,-51.62,-18.69,2.75,78.77,-15.94,62.83
1131,6.7,16.35,52.89,4.18,0.38,0.0,-4.67,26.55,18.08,-48.75,-18.17,2.71,71.7,-15.46,56.24
1141,11.1,17.95,50.33,4.44,0.0,0.0,-2.68,28.6,15.99,-52.97,-18.7,2.73,72.76,-15.97,56.79
1151,10.51,18.9,51.96,4.26,1.51,0.0,-5.63,25.39,13.05,-46.06,-19.14,2.74,73.9,-16.39,57.5
1161,6.96,18.36,51.82,4.06,1.34,0.0,-3.41,28.0,17.02,-48.94,-18.97,2.7,75.21,-16.26,58.95
1171,10.14,15.93,48.93,3.68,1.07,0.0,0.51,28.07,16.34,-54.1,-16.79,2.7,70.57,-14.09,56.48
1181,7.17,18.5,51.88,2.55,0.03,0.0,-4.45,26.82,16.42,-49.1,-19.43,2.74,69.81,-16.69,53.12
1191,10.66,21.2,49.31,4.83,0.25,0.0,-2.92,26.76,17.27,-49.73,-18.46,2.75,77.62,-15.71,61.91
1201,8.14,20.5,49.44,5.24,0.74,0.0,-4.81,26.0,19.78,-47.52,-18.43,2.72,77.51,-15.71,61.8
1211,11.2,21.92,50.02,6.3,1.19,0.0,-4.7,27.27,18.13,-51.72,-18.17,2.7,79.61,-15.48,64.13
1221,10.22,20.2,49.21,5.0,0.32,0.0,-4.35,27.2,15.71,-51.13,-18.6,2.76,72.37,-15.84,56.53
1231,10.1,23.23,50.95,4.14,0.59,0.0,-4.3,26.06,16.84,-49.09,-18.9,2.74,78.51,-16.16,62.35
1241,8.55,23.11,47.99,5.24,0.09,0.0,-4.37,26.79,15.04,-48.34,-19.15,2.76,74.1,-16.38,57.72
1251,11.09,17.61,51.58,5.74,0.65,0.0,-4.73,25.98,18.06,-48.66,-18.12,2.71,77.31,-15.41,61.9
1261,12.84,19.61,53.03,4.59,0.08,0.0,-2.02,27.44,14.85,-51.26,-18.79,2.75,79.16,-16.05,63.11
1271,11.96,19.4,48.96,3.53,0.95,0.0,-1.59,27.02,15.83,-49.78,-18.35,2.74,76.29,-15.61,60.68
1281,9.99,14.49,49.23,3.75,0.04,0.0,-2.64,27.06,15.32,-50.0,-18.39,2.74,67.23,-15.65,51.59
1291,10.88,23.95,52.51,5.95,0.71,0.0,-4.87,27.87,13.52,-50.27,-20.03,2.76,80.26,-17.27,62.98
1301,12.05,14.52,47.28,4.56,0.44,0.0,-2.83,27.22,13.31,-49.9,-18.9,2.74,66.65,-16.16,50.49
1311,13.99,16.56,52.7,3.03,0.49,0.0,-3.08,28.61,15.03,-53.11,-18.39,2.72,74.22,-15.66,58.56
1321,11.14,19.69,46.01,4.8,0.38,0.0,-2.61,25.95,16.67,-48.27,-18.14,2.74,73.77,-15.4,58.37
1331,15.3,19.78,47.48,3.53,1.76,0.0,-3.53,27.69,13.9,-52.79,-18.45,2.74,73.14,-15.7,57.43
1341,11.49,17.44,52.81,3.35,0.42,0.0,-4.0,27.78,15.22,-50.4,-19.65,2.76,74.11,-16.89,57.21
1351,8.28,19.74,50.44,5.63,0.4,0.0,-1.24,27.07,16.68,-51.13,-17.59,2.73,75.88,-14.87,61.01
1361,8.52,18.15,50.91,3.67,0.16,0.0,-2.94,26.86,18.38,-49.55,-18.67,2.75,74.17,-15.91,58.26
1371,9.09,19.5,50.73,5.04,1.32,0.0,-4.81,28.44,13.97,-51.3,-19.67,2.75,71.97,-16.92,55.06
1381,5.12,16.85,50.66,4.4,0.02,0.0,-4.23,27.35,19.45,-50.04,-18.14,2.7,69.59,-15.44,54.16
1391,7.35,16.36,54.63,3.63,0.07,0.0,-3.8,27.56,17.3,-49.59,-19.42,2.74,73.51,-16.68,56.83
1401,13.74,17.34,50.2,4.25,0.57,0.0,-2.41,26.45,15.43,-49.96,-18.29,2.74,75.61,-15.56,60.06
1411,10.15,19.45,48.78,6.5,0.75,0.0,-2.53,28.4,17.55,-52.84,-17.41,2.7,76.2,-14.7,61.5
1421,8.61,16.14,52.26,4.57,0.09,0.0,-4.69,28.22,15.11,-49.9,-19.4,2.75,70.4,-16.65,53.75
1431,10.87,16.96,48.88,3.36,2.1,0.0,-1.48,27.38,13.74,-51.62,-18.38,2.73,70.19,-15.65,54.54
1441,6.86,13.23,46.78,2.81,0.33,0.0,-1.55,26.71,16.63,-51.31,-18.05,2.74,60.49,-15.31,45.18
1451,9.46,13.62,48.73,2.93,2.34,0.0,-1.2,28.3,17.98,-51.68,-18.61,2.75,70.48,-15.87,54.61
1461,10.04,16.13,48.35,3.48,0.2,0.0,-2.72,26.12,16.02,-48.13,-18.46,2.72,69.51,-15.74,53.77
1471,8.47,21.06,51.52,3.99,0.6,0.0,-4.59,25.26,18.1,-45.28,-18.85,2.71,79.13,-16.15,62.98
1481,11.43,16.66,52.13,2.62,0.28,0.0,-4.39,28.65,15.3,-51.91,-18.42,2.7,70.76,-15.72,55.04
1491,8.98,16.16,50.46,4.31,0.75,0.0,-1.69,27.69,15.22,-50.84,-18.55,2.7,71.03,-15.86,55.17
1501,12.65,17.03,51.38,4.29,0.3,0.0,0.19,28.0,15.24,-52.31,-20.19,2.77,76.77,-17.42,59.35
1511,5.61,20.48,50.45,3.43,0.49,0.0,-1.85,27.18,19.36,-51.99,-18.48,2.76,73.15,-15.72,57.43
1521,8.05,17.65,48.4,5.58,0.48,0.0,-1.83,26.95,23.2,-49.36,-17.51,2.71,79.12,-14.8,64.32
1531,9.03,18.71,50.07,3.74,1.5,0.0,-3.06,27.57,16.91,-51.3,-18.21,2.73,73.16,-15.48,57.69
1541,9.67,12.75,49.49,3.55,0.21,0.0,-1.43,27.61,17.32,-51.98,-18.57,2.74,67.18,-15.83,51.35
1551,8.42,17.64,48.8,4.76,0.34,0.0,-3.93,26.17,18.27,-50.24,-17.79,2.74,70.21,-15.05,55.16
1561,7.58,17.41,48.69,4.34,0.73,0.0,-4.91,25.84,19.18,-46.78,-18.63,2.73,72.08,-15.9,56.19
1571,7.64,15.83,48.23,3.59,0.15,0.0,-3.19,28.36,16.18,-52.5,-18.48,2.74,64.28,-15.74,48.53
1581,8.47,14.9,50.99,3.78,0.38,0.0,-4.28,26.77,16.33,-48.34,-19.31,2.73,69.01,-16.58,52.43
1591,12.77,13.3,50.11,3.56,0.0,0.0,-1.02,26.39,17.53,-49.21,-17.99,2.75,73.43,-15.23,58.19
1601,6.19,15.03,48.54,3.1,1.9,0.0,-2.51,25.37,18.42,-47.4,-17.8,2.72,68.63,-15.08,53.55
1611,12.33,17.24,48.58,3.75,0.06,0.0,-3.85,26.79,16.17,-49.31,-18.81,2.75,71.75,-16.06,55.69
1621,9.53,16.5,45.59,4.11,2.69,0.0,-2.33,25.55,19.38,-49.75,-17.94,2.71,71.27,-15.24,56.03
1631,8.24,17.2,49.96,4.14,0.41,0.0,-5.05,26.87,14.51,-48.39,-19.61,2.72,67.9,-16.89,51.01
1641,6.83,15.79,59.05,2.85,0.05,0.0,-3.07,30.09,17.36,-54.08,-19.55,2.73,74.85,-16.82,58.03
1651,11.82,16.58,46.86,3.41,0.67,0.0,-2.98,27.59,16.96,-52.41,-18.36,2.75,68.5,-15.61,52.89
1661,9.26,14.81,48.8,2.74,0.08,0.0,-1.65,27.79,15.14,-52.22,-18.44,2.73,64.76,-15.71,49.06
1671,9.67,17.05,53.43,4.26,0.17,0.0,-5.23,26.82,15.85,-48.01,-20.18,2.7,73.99,-17.48,56.51
1681,6.78,17.92,51.26,3.41,0.23,0.0,-3.86,25.18,15.94,-46.45,-18.57,2.7,70.41,-15.87,54.54
1691,7.72,18.79,50.25,4.07,0.81,0.0,-3.67,24.89,17.55,-48.71,-18.62,2.68,71.71,-15.94,55.77
1701,11.93,16.49,48.11,4.48,0.9,0.0,-2.69,24.41,16.21,-46.78,-17.92,2.69,73.07,-15.23,57.84
1711,9.6,17.86,49.6,4.17,0.05,0.0,-3.64,25.83,15.74,-48.32,-19.08,2.71,70.89,-16.37,54.53
1721,10.07,22.26,53.52,4.91,3.09,0.0,-5.43,30.13,14.71,-54.22,-19.24,2.73,79.03,-16.51,62.52
1731,6.47,15.81,47.51,2.27,0.37,0.0,-2.45,24.72,17.43,-47.74,-18.09,2.75,64.39,-15.34,49.05
1741,10.36,18.39,48.64,3.51,0.09,0.0,-2.86,26.88,17.16,-48.98,-18.39,2.76,73.19,-15.63,57.55
1751,5.26,15.14,54.13,3.58,0.98,0.0,-5.86,27.98,17.72,-48.23,-18.6,2.68,70.69,-15.92,54.77
1761,11.2,18.46,49.89,3.97,0.59,0.0,-2.63,26.58,17.2,-47.61,-18.45,2.71,77.65,-15.74,61.91
1771,9.71,19.0,50.23,5.0,0.46,0.0,-3.11,27.11,15.62,-50.5,-18.12,2.76,73.53,-15.36,58.17
1781,10.13,17.0,48.42,4.39,0.09,0.0,-3.21,26.3,15.79,-47.81,-18.63,2.74,71.1,-15.89,55.21
1791,7.56,14.91,47.99,3.18,0.57,0.0,-2.16,27.65,15.42,-52.79,-18.41,2.74,62.34,-15.67,46.66
1801,9.89,19.28,54.94,3.32,0.37,0.0,-3.52,28.14,15.4,-52.2,-18.79,2.72,75.61,-16.08,59.53
1811,8.93,23.47,51.71,3.39,0.39,0.0,-3.39,29.08,15.1,-53.34,-19.36,2.73,75.34,-16.63,58.72
1821,13.49,18.0,49.47,4.61,1.21,0.0,-3.42,27.47,13.48,-51.6,-18.59,2.75,72.69,-15.84,56.85
1831,10.17,15.14,51.48,4.32,0.66,0.0,-4.29,28.19,13.82,-47.94,-19.8,2.77,71.55,-17.03,54.52
1841,10.03,14.21,52.48,3.58,0.06,0.0,-2.81,26.83,16.41,-50.61,-18.15,2.74,70.19,-15.41,54.77
1851,9.38,17.47,50.87,3.52,0.02,0.0,-3.87,25.48,17.3,-48.19,-18.78,2.74,71.98,-16.05,55.93
1861,6.83,20.39,53.25,3.13,0.17,0.0,-2.58,25.91,16.66,-48.59,-18.6,2.74,75.17,-15.86,59.31
1871,6.76,23.86,50.7,6.74,0.0,0.0,-3.6,28.9,18.74,-53.27,-19.17,2.74,78.85,-16.44,62.41
1881,12.48,16.86,46.47,5.01,2.3,0.0,-4.39,24.43,18.47,-47.12,-18.49,2.74,74.5,-15.75,58.75
1891,11.94,16.72,50.48,4.84,0.57,0.0,-2.37,27.64,15.44,-51.33,-18.08,2.73,73.94,-15.35,58.59
1901,10.2,18.79,49.16,4.51,1.0,0.0,-3.49,26.03,17.34,-48.79,-18.03,2.74,74.74,-15.29,59.46
1911,8.52,19.78,49.02,3.53,0.88,0.0,-2.78,26.74,16.16,-49.16,-18.63,2.74,72.7,-15.89,56.8
1921,9.82,13.23,51.54,3.99,0.21,0.0,-4.33,26.32,17.39,-49.73,-18.32,2.75,68.44,-15.57,52.87
1931,11.62,20.09,51.59,4.5,0.03,0.0,-4.27,29.57,16.41,-53.76,-18.8,2.7,75.78,-16.1,59.67
1941,12.66,18.17,49.44,3.07,1.5,0.0,0.08,27.62,14.2,-50.99,-19.34,2.75,75.75,-16.58,59.16
1951,8.33,16.96,50.92,5.02,0.05,0.0,-4.0,28.17,15.03,-50.66,-19.0,2.72,69.82,-16.27,53.55
1961,12.65,18.35,52.74,4.23,3.19,0.0,-3.95,27.83,13.79,-51.71,-19.13,2.75,77.12,-16.38,60.74
1971,12.08,17.0,51.2,2.87,0.08,0.0,-3.63,26.32,16.25,-47.36,-19.15,2.75,74.81,-16.41,58.4
1981,12.75,15.6,51.3,2.46,0.69,0.0,-2.47,27.09,15.57,-49.84,-19.61,2.74,73.15,-16.86,56.29
1991,7.35,17.15,48.52,4.35,0.4,0.0,-3.12,27.06,19.51,-49.52,-18.01,2.72,71.69,-15.29,56.39
2001,11.64,20.54,47.63,3.92,0.43,0.0,-3.64,26.83,14.89,-49.67,-19.17,2.75,72.57,-16.42,56.15
2011,14.26,16.4,48.42,3.61,0.38,0.0,-2.02,27.88,17.47,-52.03,-18.77,2.74,74.35,-16.02,58.33
2021,4.86,18.45,50.93,4.08,0.86,0.0,-4.25,26.65,16.81,-49.89,-18.27,2.74,68.51,-15.54,52.97
2031,12.56,14.25,49.6,3.37,0.43,0.0,-2.81,27.19,15.0,-50.2,-18.58,2.73,69.4,-15.86,53.54
2041,10.83,13.29,48.62,3.58,1.23,0.0,-0.98,27.58,17.52,-52.59,-17.5,2.71,69.09,-14.78,54.31
2051,9.12,22.44,49.76,4.46,0.7,0.0,-5.32,25.8,18.78,-47.83,-18.97,2.73,77.89,-16.23,61.66
2061,13.61,20.41,51.38,3.78,0.59,0.0,-2.89,27.68,17.25,-51.59,-18.56,2.74,80.21,-15.82,64.39
2071,6.53,20.29,49.35,3.3,0.59,0.0,-2.5,26.44,17.74,-50.05,-18.47,2.74,71.7,-15.73,55.97
2081,10.46,21.37,50.53,4.04,0.29,0.0,-3.87,27.99,15.26,-51.92,-18.72,2.76,74.16,-15.95,58.2
2091,6.78,19.91,47.25,5.72,0.06,0.0,-3.56,27.45,17.81,-50.87,-18.65,2.75,70.55,-15.9,54.65
2101,10.45,23.73,51.83,3.76,0.81,0.0,-2.0,28.52,17.72,-51.97,-18.72,2.73,82.84,-15.99,66.85
2111,13.07,17.84,48.02,4.23,0.52,0.0,-4.07,26.5,16.31,-49.97,-17.69,2.72,72.45,-14.97,57.49
2121,8.57,17.04,49.48,3.9,2.51,0.0,-3.75,25.54,18.77,-47.32,-18.48,2.76,74.73,-15.71,59.02
2131,5.21,18.68,53.42,3.75,0.89,0.0,-3.82,28.64,17.91,-50.46,-18.98,2.7,74.22,-16.27,57.94
2141,8.67,20.1,50.96,3.7,0.04,0.0,-3.93,28.44,15.47,-53.32,-18.19,2.72,70.13,-15.47,54.65
2151,11.58,17.98,48.62,4.71,0.4,0.0,-4.39,28.75,18.29,-52.59,-19.3,2.69,73.35,-16.61,56.75
2161,7.97,19.57,50.54,6.9,0.28,0.0,-4.67,28.17,16.14,-49.15,-18.58,2.72,75.75,-15.87,59.88
2171,10.66,19.25,49.58,3.43,0.58,0.0,-2.4,28.7,15.98,-54.38,-18.06,2.71,71.4,-15.35,56.05
2181,10.37,18.55,50.67,3.21,0.17,0.0,-3.93,29.09,17.89,-51.07,-18.59,2.71,74.95,-15.88,59.07
2191,8.15,17.35,49.21,3.85,1.23,0.0,-3.11,28.3,17.05,-52.12,-18.29,2.72,69.91,-15.57,54.34
2201,7.34,17.48,54.61,2.91,0.93,0.0,-4.16,28.17,15.02,-49.38,-19.59,2.72,72.91,-16.87,56.04
2211,9.15,18.12,54.39,4.0,0.93,0.0,-5.04,27.69,15.92,-51.52,-19.12,2.7,73.63,-16.41,57.22
2221,12.44,26.01,50.34,5.52,0.43,0.0,-5.46,27.25,13.12,-49.94,-18.99,2.74,79.7,-16.25,63.45
2231,4.84,17.79,49.12,3.96,0.23,0.0,0.97,27.46,16.41,-52.07,-17.68,2.71,68.7,-14.97,53.73
2241,7.95,19.93,51.12,4.32,0.35,0.0,-3.43,27.62,15.25,-51.68,-17.87,2.72,71.43,-15.15,56.28
2251,7.89,13.77,51.08,2.8,4.03,0.0,-3.54,26.84,16.48,-50.77,-18.31,2.72,68.58,-15.59,52.99
2261,9.99,24.38,53.03,6.21,0.58,0.0,-3.93,26.35,16.9,-48.72,-19.94,2.75,84.78,-17.19,67.59
2271,12.4,19.27,50.61,4.99,0.87,0.0,-4.65,27.93,14.52,-52.1,-19.32,2.75,73.83,-16.58,57.26
2281,6.04,14.99,50.1,4.0,0.33,0.0,-4.17,29.24,19.21,-52.61,-19.32,2.7,67.12,-16.62,50.5
2291,12.72,16.82,51.19,2.96,0.71,0.0,-4.29,27.77,16.49,-49.21,-19.0,2.73,75.16,-16.26,58.9
2301,7.98,17.11,51.1,3.19,0.06,0.0,-4.34,27.64,16.85,-50.95,-18.8,2.71,68.64,-16.09,52.55
2311,7.91,22.19,57.17,4.73,0.29,0.0,-4.7,28.92,15.56,-53.74,-18.61,2.71,78.32,-15.9,62.43
2321,9.11,16.35,52.6,4.72,0.09,0.0,-5.2,27.28,17.95,-47.92,-19.47,2.72,74.98,-16.74,58.24
2331,4.95,22.11,52.45,3.73,0.52,0.0,-3.32,27.62,15.79,-49.94,-18.74,2.75,73.9,-16.0,57.9
2341,14.16,16.48,52.77,5.49,0.51,0.0,-5.54,27.13,17.26,-50.83,-19.02,2.72,77.43,-16.31,61.12
2351,8.59,19.02,52.05,4.58,0.1,0.0,-1.98,28.41,16.71,-52.53,-18.89,2.75,74.96,-16.14,58.81
2361,8.1,19.47,51.85,5.16,4.87,0.0,-5.49,25.44,17.99,-47.89,-18.52,2.73,79.5,-15.79,63.71
2371,9.64,21.74,48.73,3.86,1.33,0.0,-2.53,28.11,16.62,-52.07,-18.52,2.72,75.43,-15.81,59.63
2381,8.66,17.5,47.44,3.35,0.58,0.0,-2.5,27.8,15.89,-50.5,-18.14,2.73,68.23,-15.42,52.82
2391,14.14,15.77,50.14,2.9,1.54,0.0,-0.11,29.58,15.06,-54.51,-18.55,2.73,74.5,-15.83,58.67
2401,14.5,16.65,46.85,3.54,0.41,0.0,-2.04,27.42,15.13,-49.23,-18.85,2.72,73.22,-16.13,57.09
2411,7.95,19.14,48.35,4.98,0.92,0.0,-3.84,26.28,19.42,-49.76,-17.98,2.71,73.42,-15.27,58.15
2421,10.26,20.69,50.46,3.87,0.06,0.0,-3.91,27.58,14.82,-50.36,-19.33,2.74,73.46,-16.58,56.88
2431,11.05,17.01,54.26,4.98,0.43,0.0,-3.29,28.14,13.78,-49.79,-19.54,2.75,76.56,-16.79,59.77
2441,11.96,18.41,55.49,2.59,0.34,0.0,-3.91,28.12,15.54,-49.99,-20.05,2.75,78.58,-17.3,61.27
2451,6.98,14.6,53.42,3.38,0.03,0.0,-3.87,27.58,17.69,-50.4,-19.88,2.78,69.41,-17.1,52.31
2461,9.0,18.11,51.52,3.61,0.44,0.0,-1.29,25.19,17.3,-49.04,-18.0,2.74,74.84,-15.26,59.57
2471,13.48,16.66,49.39,3.77,0.0,0.0,-3.85,25.95,17.59,-47.52,-18.57,2.73,75.47,-15.83,59.64
2481,9.24,20.44,51.5,3.21,0.04,0.0,-3.8,29.99,16.12,-53.98,-19.88,2.73,72.76,-17.15,55.61
2491,5.2,18.55,54.66,3.76,0.52,0.0,-4.28,26.67,19.3,-48.0,-19.18,2.75,76.38,-16.43,59.95
2501,11.5,17.73,52.36,3.13,0.91,0.0,-4.06,26.67,15.48,-46.62,-19.67,2.75,77.09,-16.91,60.17
2511,11.2,17.16,47.71,5.55,0.05,0.0,-4.25,26.8,15.15,-48.22,-18.59,2.73,71.13,-15.87,55.27
2521,11.37,16.08,52.98,3.98,1.42,0.0,-2.61,25.7,17.17,-47.22,-18.77,2.75,78.89,-16.02,62.87
2531,14.79,18.72,49.97,4.44,0.23,0.0,-3.04,26.79,14.05,-49.94,-18.51,2.75,76.0,-15.76,60.24
2541,9.02,13.13,49.05,4.89,0.09,0.0,-0.23,26.63,17.67,-49.97,-17.67,2.72,70.28,-14.95,55.33
2551,7.8,19.2,50.81,3.89,1.6,0.0,-3.96,27.58,15.99,-52.55,-18.48,2.73,70.36,-15.75,54.61
2561,10.12,18.37,50.55,5.34,0.26,0.0,-3.19,26.56,19.32,-48.36,-19.0,2.74,78.97,-16.26,62.72
2571,8.48,17.62,48.55,3.33,0.84,0.0,-3.65,26.43,17.93,-49.71,-18.26,2.72,69.82,-15.53,54.28
2581,12.17,16.54,53.27,3.46,1.59,0.0,-0.96,27.92,16.31,-51.78,-17.62,2.68,78.5,-14.94,63.56
2591,11.04,21.91,51.57,5.57,0.62,0.0,-3.1,27.85,17.16,-52.3,-18.05,2.7,80.31,-15.36,64.95
2601,7.19,16.99,48.32,3.5,1.3,0.0,-3.41,27.8,16.89,-52.47,-17.46,2.7,66.09,-14.76,51.33
2611,8.13,18.03,49.84,3.89,0.01,0.0,-1.31,27.73,16.9,-51.84,-17.97,2.72,71.38,-15.25,56.13
2621,6.37,20.72,49.58,4.41,0.26,0.0,-2.44,28.2,18.83,-50.7,-18.04,2.7,75.21,-15.34,59.88
2631,6.36,15.68,49.99,3.81,0.14,0.0,-4.94,26.52,15.79,-47.39,-18.83,2.73,65.96,-16.1,49.86
2641,12.23,13.68,48.37,4.87,0.54,0.0,-4.39,26.99,15.23,-49.35,-18.12,2.73,68.15,-15.39,52.77
2651,11.65,16.76,49.37,4.02,1.01,0.0,-2.77,26.43,14.19,-48.7,-18.62,2.74,71.96,-15.87,56.08
2661,10.72,22.79,48.42,4.72,0.77,0.0,-4.43,27.99,18.61,-51.86,-18.06,2.74,77.73,-15.33,62.4
2671,8.73,20.4,49.71,4.76,0.12,0.0,-3.39,25.22,18.1,-47.35,-18.59,2.73,76.3,-15.86,60.44
2681,8.7,18.08,52.05,3.86,0.49,0.0,-4.38,28.38,17.02,-48.12,-20.24,2.74,76.07,-17.5,58.58
2691,11.79,20.01,49.83,4.06,0.69,0.0,-1.08,29.15,16.61,-54.62,-18.59,2.72,76.43,-15.87,60.57
2701,10.64,13.69,48.72,2.92,0.33,0.0,-2.23,27.31,17.58,-51.2,-18.42,2.74,67.78,-15.69,52.09
2711,7.67,15.58,51.29,5.07,0.13,0.0,-4.72,27.92,16.75,-50.0,-19.06,2.75,69.68,-16.3,53.38
2721,12.93,20.24,48.89,4.82,0.42,0.0,-2.3,29.11,14.69,-51.68,-18.79,2.73,77.12,-16.06,61.06
2731,8.6,17.15,50.75,3.18,0.72,0.0,-3.23,28.93,15.81,-51.12,-19.57,2.74,70.78,-16.83,53.95
2741,7.71,16.64,51.35,3.12,0.53,0.0,-2.79,26.92,16.88,-49.16,-18.35,2.72,71.21,-15.63,55.58
2751,6.19,16.8,50.94,2.9,0.65,0.0,-3.47,28.22,16.74,-50.89,-18.95,2.7,68.1,-16.24,51.86
2761,7.94,21.53,58.38,5.55,0.14,0.0,-1.63,26.89,18.05,-49.85,-18.38,2.69,86.99,-15.69,71.3
2771,10.6,16.59,51.99,4.37,1.06,0.0,-2.5,27.49,16.95,-52.16,-17.79,2.72,74.4,-15.07,59.33
2781,9.29,15.6,54.52,3.46,0.21,0.0,-1.21,28.14,17.42,-51.64,-17.91,2.74,75.78,-15.16,60.62
2791,6.01,21.47,49.01,4.4,1.1,0.0,-3.76,28.12,17.34,-50.61,-19.22,2.71,73.08,-16.51,56.56
2801,9.0,18.01,55.66,4.1,0.19,0.0,-2.58,28.72,14.38,-49.8,-20.27,2.75,77.68,-17.52,60.17
2811,6.44,21.53,51.32,5.09,0.22,0.0,-5.18,30.43,14.83,-53.6,-19.97,2.73,71.07,-17.24,53.83
2821,11.3,17.11,48.9,4.12,0.14,0.0,-1.08,28.34,16.05,-52.67,-18.53,2.74,72.21,-15.79,56.42
2831,13.11,10.92,52.09,3.43,2.73,0.0,-2.61,27.25,13.54,-50.78,-18.76,2.75,69.68,-16.02,53.66
2841,10.27,16.63,49.99,3.23,0.6,0.0,-3.13,29.07,16.5,-52.65,-19.03,2.71,70.51,-16.32,54.19
2851,8.75,20.38,50.44,3.44,0.57,0.0,-2.86,28.28,16.81,-51.07,-19.05,2.74,74.74,-16.31,58.43
2861,10.22,14.66,53.46,2.27,1.23,0.0,-2.2,26.78,17.17,-50.1,-19.1,2.74,73.48,-16.36,57.13
2871,11.36,16.73,50.1,4.69,0.06,0.0,-3.55,27.57,15.84,-50.0,-18.88,2.73,72.8,-16.15,56.64
2881,8.83,18.36,48.39,3.81,0.03,0.0,-4.66,27.03,14.89,-50.98,-18.38,2.73,65.71,-15.65,50.05
2891,8.25,20.87,47.89,4.11,0.21,0.0,-2.19,26.94,16.89,-50.87,-18.11,2.74,72.09,-15.37,56.71
2901,9.02,15.05,49.14,4.37,0.02,0.0,-2.47,27.74,17.17,-50.94,-18.1,2.71,69.09,-15.4,53.69
2911,8.35,25.56,46.26,3.85,0.46,0.0,-3.82,26.11,19.15,-47.71,-18.58,2.73,78.21,-15.85,62.35
2921,10.02,17.47,48.06,4.46,0.41,0.0,-0.53,26.88,16.35,-50.93,-18.04,2.72,72.2,-15.32,56.88
2931,6.4,15.49,48.08,3.12,0.03,0.0,-1.95,26.36,17.43,-48.8,-18.95,2.74,66.17,-16.21,49.97
2941,10.78,16.0,48.35,4.78,1.4,0.0,-1.61,26.79,18.97,-49.77,-17.72,2.72,75.68,-15.0,60.68
2951,8.77,15.09,48.8,3.25,0.08,0.0,-2.97,26.97,15.64,-48.66,-18.57,2.74,66.98,-15.83,51.15
2961,13.01,15.19,47.85,3.7,1.02,0.0,-1.74,27.44,15.83,-52.37,-18.35,2.75,69.93,-15.6,54.33
2971,8.03,16.21,50.88,4.27,0.29,0.0,-4.06,26.0,19.84,-48.06,-18.31,2.74,73.39,-15.57,57.82
2981,10.27,14.72,51.3,5.05,0.96,0.0,-4.86,26.79,17.32,-50.04,-18.73,2.75,71.51,-15.98,55.53
2991,9.5,16.73,48.59,3.08,0.06,0.0,-3.09,26.87,14.81,-49.64,-19.01,2.76,66.91,-16.25,50.67
3001,10.27,18.21,49.34,4.4,0.59,0.0,-3.94,24.6,17.86,-46.89,-18.54,2.75,74.45,-15.8,58.66
3011,10.04,17.42,51.81,3.49,0.25,0.0,-1.86,27.69,17.14,-51.87,-17.59,2.72,74.11,-14.87,59.24
3021,13.28,14.9,51.82,3.61,0.06,0.0,-2.1,26.72,15.16,-51.99,-17.84,2.74,71.44,-15.1,56.34
3031,12.16,19.85,50.15,2.94,0.53,0.0,-3.13,27.95,15.59,-52.08,-18.47,2.73,73.95,-15.73,58.22
3041,9.65,20.44,47.82,5.3,0.51,0.0,-4.29,27.5,19.47,-51.3,-18.64,2.72,75.09,-15.91,59.18
3051,7.8,21.99,54.33,5.69,0.46,0.0,-3.96,27.47,14.04,-47.32,-19.83,2.77,80.5,-17.06,63.44
3061,10.16,19.61,51.82,3.35,0.98,0.0,-2.08,29.23,14.99,-53.71,-19.02,2.73,74.35,-16.29,58.06
3071,10.8,20.56,52.04,4.87,0.47,0.0,-3.68,27.61,17.72,-49.94,-18.22,2.7,80.45,-15.52,64.93
3081,9.97,14.28,51.56,4.9,0.56,0.0,-3.47,28.21,14.75,-51.27,-18.75,2.73,69.49,-16.02,53.47
3091,9.63,17.43,50.68,3.27,1.1,0.0,-3.85,27.01,17.01,-50.18,-18.9,2.76,72.09,-16.14,55.95
3101,11.0,18.24,51.05,3.21,0.32,0.0,-1.19,27.78,17.71,-52.64,-18.01,2.71,75.47,-15.29,60.18
3111,7.9,17.22,49.46,4.57,3.96,0.0,-3.53,28.08,18.25,-50.37,-18.69,2.71,75.55,-15.99,59.57
3121,12.13,12.56,50.92,3.43,0.53,0.0,-4.41,26.56,15.55,-48.91,-18.86,2.76,68.37,-16.1,52.27
3131,6.31,20.1,47.2,5.17,0.24,0.0,-2.07,27.41,18.67,-50.25,-18.14,2.72,72.77,-15.42,57.35
3141,6.79,14.97,48.48,3.17,2.55,0.0,-3.1,27.77,16.35,-51.07,-18.19,2.72,65.91,-15.47,50.44
3151,12.63,17.68,51.71,2.86,1.3,0.0,-4.02,28.0,16.68,-51.2,-18.49,2.75,75.65,-15.74,59.91
3161,9.18,16.1,50.77,2.38,0.64,0.0,0.32,27.95,19.5,-52.82,-17.29,2.68,74.02,-14.6,59.42
3171,9.5,22.87,52.35,5.46,0.73,0.0,-3.61,26.48,15.9,-49.12,-18.14,2.71,80.57,-15.43,65.14
3181,10.86,14.57,51.78,3.49,0.56,0.0,-1.8,27.6,17.46,-51.26,-18.22,2.72,73.27,-15.5,57.77
3191,11.51,23.01,48.62,4.87,0.54,0.0,-3.49,26.68,16.47,-48.65,-18.41,2.73,79.57,-15.68,63.89
3201,10.04,21.13,51.05,3.9,0.2,0.0,-3.63,27.79,15.83,-52.83,-18.5,2.73,73.49,-15.77,57.72
3211,9.8,19.42,46.44,4.79,0.03,0.0,0.14,29.26,17.78,-55.18,-17.67,2.7,72.48,-14.96,57.52
3221,11.17,13.74,48.41,3.01,0.48,0.0,-3.15,27.43,16.11,-50.68,-18.17,2.73,66.54,-15.44,51.1
3231,9.56,17.16,49.94,3.27,0.6,0.0,-2.75,27.64,15.23,-49.27,-18.66,2.75,71.39,-15.91,55.48
3241,8.59,19.42,47.91,5.12,0.71,0.0,-4.18,26.23,19.14,-48.87,-18.74,2.75,74.09,-15.99,58.1
3251,9.5,20.39,50.39,5.19,0.31,0.0,-4.68,26.11,18.53,-49.07,-18.71,2.75,76.68,-15.97,60.71
3261,13.08,15.63,51.46,4.78,0.05,0.0,-2.72,27.64,16.45,-49.99,-18.02,2.71,76.38,-15.31,61.07
3271,8.8,19.68,50.96,3.32,1.71,0.0,-3.95,27.47,16.82,-51.86,-18.28,2.72,72.94,-15.56,57.38
3281,8.89,17.98,49.03,4.39,0.02,0.0,-3.93,27.75,15.22,-49.9,-18.5,2.73,69.46,-15.77,53.69
3291,10.4,21.59,47.17,3.5,0.39,0.0,-2.55,27.95,15.05,-52.11,-18.23,2.74,71.39,-15.49,55.9
3301,5.34,18.38,50.43,5.05,0.88,0.0,-2.08,28.6,17.1,-50.49,-19.22,2.73,73.21,-16.48,56.73
3311,8.33,16.56,50.69,4.82,0.07,0.0,-1.53,28.63,18.21,-51.64,-18.74,2.72,74.14,-16.02,58.12
3321,8.53,21.94,51.8,4.81,0.3,0.0,-3.59,27.68,18.65,-48.44,-19.12,2.72,81.67,-16.4,65.27
3331,8.27,18.48,48.89,3.82,1.3,0.0,-4.76,27.05,14.57,-48.69,-19.01,2.75,68.92,-16.25,52.66
3341,7.78,19.83,50.56,4.04,0.75,0.0,-2.43,31.0,16.44,-54.37,-19.3,2.73,73.61,-16.57,57.04
3351,8.47,16.74,52.86,4.17,1.42,0.0,-3.32,28.91,14.62,-51.88,-19.02,2.72,71.98,-16.3,55.68
3361,9.16,16.11,48.56,4.34,1.07,0.0,-4.79,28.03,14.41,-48.27,-19.67,2.73,68.64,-16.93,51.7
3371,14.83,15.23,49.75,3.4,0.77,0.0,-1.86,27.63,18.0,-50.47,-18.33,2.72,77.29,-15.6,61.68
3381,7.44,15.61,55.69,4.07,0.71,0.0,-3.29,27.38,17.35,-49.57,-18.25,2.68,75.39,-15.57,59.82
3391,6.15,21.29,55.0,2.86,0.62,0.0,-4.4,27.79,17.62,-50.62,-18.69,2.73,76.3,-15.96,60.34
3401,7.48,18.95,48.15,3.76,0.61,0.0,-2.12,26.97,14.71,-48.58,-18.23,2.72,69.94,-15.51,54.43
3411,6.75,18.41,47.72,4.52,0.65,0.0,-0.87,27.9,17.16,-50.68,-18.54,2.72,71.56,-15.82,55.73
3421,11.1,20.13,49.38,4.04,0.13,0.0,-4.11,25.04,17.34,-47.67,-17.99,2.72,75.39,-15.27,60.12
3431,8.35,26.4,51.47,5.2,0.1,0.0,-5.01,25.44,16.73,-49.63,-18.72,2.72,79.06,-15.99,63.06
3441,7.19,14.31,48.44,4.04,0.02,0.0,-3.7,27.55,18.06,-49.54,-18.52,2.7,66.37,-15.82,50.55
3451,13.64,18.65,50.74,4.29,1.19,0.0,-4.37,26.55,17.46,-48.57,-18.34,2.73,79.57,-15.61,63.96
3461,8.88,27.07,52.85,4.44,0.85,0.0,-5.23,26.21,15.68,-49.42,-18.63,2.71,81.33,-15.92,65.41
3471,9.41,15.56,47.61,3.22,0.23,0.0,-3.36,24.97,17.99,-47.73,-17.95,2.73,67.9,-15.22,52.67
3481,8.84,19.59,49.25,3.59,1.18,0.0,-4.16,27.92,14.35,-50.52,-19.02,2.72,70.04,-16.3,53.73
3491,9.78,17.77,47.1,3.73,1.01,0.0,-3.96,25.61,16.72,-47.26,-17.85,2.72,70.5,-15.13,55.38
3501,8.02,20.2,49.46,4.75,0.0,0.0,-2.62,28.46,14.96,-51.84,-18.85,2.73,71.39,-16.12,55.28
3511,8.4,13.23,49.82,2.45,0.11,0.0,-3.71,27.77,16.78,-50.42,-18.52,2.72,64.45,-15.8,48.65
3521,10.98,21.1,51.55,4.12,0.32,0.0,-3.91,28.92,18.71,-54.0,-18.06,2.72,77.79,-15.34,62.44
3531,15.41,16.78,49.61,3.4,1.38,0.0,-3.33,26.22,17.54,-48.51,-18.4,2.73,78.5,-15.66,62.84
3541,10.32,19.58,48.7,3.26,0.25,0.0,-2.83,25.66,17.74,-48.26,-18.34,2.74,74.43,-15.6,58.84
3551,5.68,16.96,48.85,3.14,2.24,0.0,-2.28,27.46,16.42,-51.52,-17.64,2.72,66.96,-14.92,52.04
3561,6.76,16.62,50.1,3.86,0.6,0.0,-2.96,27.88,18.86,-50.47,-18.23,2.72,71.25,-15.51,55.74
3571,7.21,21.05,49.7,4.15,0.2,0.0,-3.03,26.94,16.68,-51.46,-17.94,2.73,71.45,-15.21,56.23
3581,11.22,23.48,52.12,3.56,0.28,0.0,-3.42,25.68,15.54,-49.15,-18.42,2.72,79.31,-15.7,63.61
3591,10.75,17.33,49.88,3.37,0.04,0.0,-3.98,27.7,16.52,-51.21,-18.44,2.75,70.4,-15.7,54.71
3601,6.72,19.29,48.96,4.92,0.39,0.0,-3.51,27.34,17.93,-51.65,-17.94,2.71,70.38,-15.23,55.16
3611,7.88,18.02,50.02,3.82,0.16,0.0,-3.61,26.88,16.16,-47.58,-19.11,2.73,71.75,-16.38,55.37
3621,6.96,18.43,49.78,3.33,0.16,0.0,-0.18,29.75,16.46,-54.72,-18.12,2.73,69.98,-15.39,54.59
3631,11.33,22.44,48.6,4.62,0.2,0.0,-2.73,26.79,14.92,-50.56,-18.1,2.73,75.61,-15.37,60.24
3641,7.59,16.22,53.99,5.27,0.89,0.0,-3.38,27.81,18.0,-50.8,-17.91,2.71,75.58,-15.2,60.39
3651,5.04,19.94,51.22,3.93,0.06,0.0,-3.0,27.4,17.53,-50.69,-18.35,2.74,71.42,-15.61,55.81
3661,11.33,16.0,52.93,4.74,0.14,0.0,1.03,27.17,15.7,-51.01,-18.48,2.75,78.01,-15.73,62.28
3671,6.06,21.23,50.98,4.45,0.28,0.0,-5.18,25.76,19.36,-45.24,-19.21,2.71,77.71,-16.5,61.21
3681,12.67,20.43,51.21,5.81,0.12,0.0,-1.95,27.63,15.26,-51.16,-19.46,2.76,80.01,-16.7,63.31
3691,9.54,14.97,49.05,3.42,0.48,0.0,-3.3,26.17,16.72,-49.23,-18.59,2.75,67.81,-15.84,51.97
3701,9.81,14.46,50.93,3.86,2.82,0.0,-4.33,28.05,15.38,-51.28,-18.79,2.74,69.69,-16.05,53.64
3711,6.65,21.46,51.84,3.37,0.16,0.0,-3.28,25.96,18.12,-47.75,-18.76,2.73,76.54,-16.03,60.51
3721,6.32,15.99,46.03,3.36,1.41,0.0,-2.58,26.76,19.97,-51.03,-17.5,2.73,66.23,-14.77,51.46
3731,9.84,17.54,51.16,3.79,0.26,0.0,-4.95,26.97,16.39,-49.08,-18.76,2.71,71.93,-16.06,55.87
3741,9.34,19.93,52.81,4.74,0.68,0.0,-4.22,28.13,17.48,-49.57,-19.7,2.73,79.33,-16.97,62.36
3751,13.03,15.63,49.17,4.17,0.97,0.0,-2.47,27.31,14.66,-49.17,-19.07,2.77,73.29,-16.31,56.98
3761,8.92,15.96,47.12,3.78,2.82,0.0,-3.14,26.55,16.17,-48.7,-18.43,2.77,69.47,-15.66,53.81
3771,12.82,16.71,51.65,4.16,0.21,0.0,-4.87,27.25,15.36,-49.51,-19.46,2.73,73.78,-16.72,57.06
3781,8.97,19.47,48.2,4.25,0.24,0.0,-1.41,27.76,15.98,-49.73,-18.77,2.74,73.71,-16.04,57.68
3791,6.76,19.97,53.36,4.31,0.61,0.0,-2.45,25.57,17.09,-48.5,-18.67,2.74,76.72,-15.93,60.79
3801,11.21,15.36,48.31,4.12,0.3,0.0,-2.7,28.85,17.16,-50.68,-18.67,2.7,71.93,-15.98,55.95
3811,12.18,26.13,49.22,3.93,0.11,0.0,-3.47,27.64,13.47,-51.17,-18.76,2.75,78.05,-16.01,62.03
3821,11.13,17.69,51.5,3.85,0.01,0.0,-2.8,27.19,16.88,-49.52,-18.39,2.73,75.93,-15.66,60.27
3831,9.8,13.45,48.81,2.85,0.29,0.0,-3.77,27.29,15.56,-49.92,-18.85,2.74,64.37,-16.11,48.26
3841,10.91,15.01,50.54,4.73,1.02,0.0,-4.34,26.19,14.96,-47.97,-19.36,2.75,71.05,-16.61,54.44
3851,8.44,15.62,53.85,3.22,0.08,0.0,-2.55,28.51,16.03,-52.7,-18.86,2.75,70.52,-16.11,54.41
3861,10.21,13.4,49.18,2.47,0.43,0.0,-2.54,29.36,16.53,-51.62,-19.23,2.72,67.42,-16.52,50.9
3871,10.2,16.84,51.32,3.52,0.5,0.0,-3.22,27.98,14.08,-51.5,-18.95,2.74,69.71,-16.21,53.5
3881,11.21,18.82,50.58,6.3,0.03,0.0,-4.29,28.04,14.55,-49.58,-18.86,2.74,75.68,-16.12,59.55
3891,10.88,21.71,53.2,4.67,0.47,0.0,-4.14,27.16,16.75,-50.06,-18.78,2.73,80.66,-16.05,64.61
3901,9.59,18.82,48.08,4.09,0.34,0.0,-3.53,25.94,14.77,-49.4,-18.81,2.75,68.69,-16.06,52.64
3911,12.25,19.93,49.29,4.35,0.66,0.0,-3.78,27.9,17.16,-51.15,-19.55,2.76,76.61,-16.79,59.82
3921,7.34,19.02,53.44,3.19,0.69,0.0,-4.29,28.1,15.45,-50.11,-19.39,2.74,72.82,-16.65,56.17
3931,8.6,17.43,47.78,3.85,0.08,0.0,-2.44,25.9,19.37,-48.76,-18.8,2.74,71.81,-16.07,55.74
3941,10.2,16.3,48.82,3.33,0.08,0.0,-4.21,26.51,18.71,-50.05,-18.41,2.74,69.7,-15.67,54.03
3951,8.88,19.98,48.35,3.98,0.85,0.0,-2.83,26.9,15.84,-50.68,-18.34,2.72,71.27,-15.62,55.65
3961,11.21,20.06,50.44,4.41,0.0,0.0,-4.46,28.58,14.34,-49.91,-19.5,2.75,74.66,-16.76,57.9
3971,12.44,13.18,52.15,3.05,0.29,0.0,-3.52,25.32,15.11,-46.43,-18.79,2.75,71.59,-16.05,55.55
3981,16.53,21.46,49.65,4.33,2.38,0.0,-3.66,27.91,16.35,-50.54,-19.42,2.74,84.4,-16.68,67.72
3991,12.19,18.13,49.81,4.46,0.5,0.0,-3.84,26.92,16.79,-49.36,-19.31,2.74,75.62,-16.57,59.05
4001,10.45,19.13,53.27,3.97,0.12,0.0,-4.02,28.58,13.77,-50.95,-19.29,2.75,74.32,-16.54,57.78

Delta Energy Terms
Frame #,BOND,ANGLE,DIHED,UB,IMP,CMAP,VDWAALS,EEL,1-4 VDW,1-4 EEL,EGB,ESURF,GGAS,GSOLV,TOTAL
1,0.0,0.0,0.0,0.0,0.0,0.0,-26.61,-8.69,-0.0,0.0,34.83,-3.89,-35.3,30.93,-4.37
11,-0.0,0.0,0.0,0.0,0.0,0.0,-28.73,-9.43,0.0,-0.0,36.3,-3.97,-38.16,32.33,-5.84
21,0.0,-0.0,0.0,0.0,0.0,0.0,-27.18,-3.67,0.0,0.0,31.27,-3.92,-30.85,27.35,-3.5
31,0.0,0.0,-0.0,0.0,-0.0,0.0,-26.75,-7.79,-0.0,-0.0,34.17,-4.09,-34.55,30.08,-4.46
41,-0.0,-0.0,-0.0,0.0,-0.0,0.0,-27.18,-8.75,-0.0,-0.0,34.41,-3.92,-35.94,30.49,-5.44
51,-0.0,-0.0,-0.0,0.0,0.0,0.0,-26.95,-4.8,0.0,0.0,31.69,-3.91,-31.75,27.78,-3.97
61,0.0,0.0,0.0,0.0,0.0,0.0,-25.6,-9.53,-0.0,-0.0,35.18,-3.84,-35.13,31.35,-3.78
71,0.0,0.0,0.0,0.0,-0.0,0.0,-27.53,-5.85,0.0,-0.0,32.67,-3.91,-33.38,28.76,-4.61
81,0.0,0.0,0.0,-0.0,0.0,0.0,-27.59,-4.61,0.0,0.0,29.87,-3.81,-32.2,26.06,-6.14
91,0.0,0.0,0.0,-0.0,-0.0,0.0,-26.22,-8.42,-0.0,0.0,35.04,-3.97,-34.64,31.07,-3.57
101,-0.0,0.0,-0.0,0.0,0.0,0.0,-27.04,-8.45,0.0,0.0,37.18,-4.08,-35.49,33.1,-2.39
111,0.0,0.0,-0.0,-0.0,-0.0,0.0,-27.46,-8.98,-0.0,-0.0,33.47,-4.0,-36.45,29.47,-6.97
121,0.0,-0.0,-0.0,-0.0,-0.0,0.0,-26.43,-11.22,-0.0,0.0,35.28,-3.83,-37.65,31.45,-6.2
131,0.0,-0.0,0.0,0.0,0.0,0.0,-29.79,-8.09,-0.0,-0.0,34.83,-4.02,-37.89,30.81,-7.07
141,-0.0,0.0,0.0,0.0,-0.0,0.0,-29.19,-9.19,0.0,-0.0,37.53,-4.23,-38.38,33.3,-5.09
151,-0.0,-0.0,0.0,-0.0,0.0,0.0,-26.52,-10.0,0.0,-0.0,34.95,-3.63,-36.51,31.31,-5.2
161,-0.0,0.0,0.0,-0.0,-0.0,0.0,-22.68,-12.53,0.0,0.0,35.84,-3.69,-35.21,32.15,-3.06
171,-0.0,-0.0,0.0,0.0,0.0,0.0,-25.97,-9.1,-0.0,-0.0,34.13,-3.84,-35.06,30.29,-4.77
181,-0.0,0.0,-0.0,-0.0,0.0,0.0,-28.05,-4.45,0.0,-0.0,30.52,-3.94,-32.5,26.58,-5.92
191,0.0,-0.0,0.0,-0.0,0.0,0.0,-25.06,-16.32,-0.0,0.0,38.51,-3.58,-41.37,34.93,-6.45
201,0.0,0.0,-0.0,0.0,-0.0,0.0,-26.56,-0.65,0.0,0.0,24.82,-3.79,-27.21,21.03,-6.19
211,-0.0,0.0,0.0,0.0,-0.0,0.0,-26.01,-7.91,0.0,-0.0,32.58,-3.86,-33.92,28.72,-5.2
221,0.0,-0.0,0.0,-0.0,0.0,0.0,-24.85,-5.63,0.0,0.0,27.71,-3.45,-30.49,24.26,-6.23
231,-0.0,0.0,0.0,-0.0,-0.0,0.0,-25.83,-8.06,-0.0,-0.0,33.86,-3.64,-33.89,30.21,-3.68
241,-0.0,-0.0,0.0,0.0,0.0,0.0,-27.86,-9.73,0.0,-0.0,39.69,-3.85,-37.59,35.84,-1.75
251,0.0,-0.0,-0.0,0.0,-0.0,0.0,-25.93,-3.35,0.0,-0.0,34.37,-4.03,-29.29,30.34,1.05
261,-0.0,0.0,0.0,0.0,0.0,0.0,-20.98,-8.01,0.0,-0.0,31.4,-3.57,-28.99,27.83,-1.16
271,-0.0,-0.0,-0.0,-0.0,0.0,0.0,-25.14,-7.61,0.0,-0.0,37.1,-3.74,-32.75,33.36,0.6
281,-0.0,-0.0,-0.0,0.0,-0.0,0.0,-28.62,-5.88,-0.0,0.0,30.03,-3.76,-34.51,26.27,-8.24
291,-0.0,0.0,0.0,-0.0,0.0,0.0,-24.42,-7.29,0.0,-0.0,32.19,-3.55,-31.7,28.64,-3.07
301,-0.0,-0.0,-0.0,0.0,0.0,0.0,-22.25,-10.7,-0.0,-0.0,32.67,-3.22,-32.95,29.45,-3.5
311,-0.0,0.0,-0.0,-0.0,0.0,0.0,-24.12,-4.53,-0.0,0.0,29.8,-3.72,-28.65,26.08,-2.57
321,0.0,-0.0,-0.0,0.0,0.0,0.0,-25.04,-10.91,0.0,0.0,35.89,-3.75,-35.95,32.14,-3.81
331,0.0,-0.0,0.0,-0.0,-0.0,0.0,-21.72,-7.59,0.0,-0.0,31.67,-3.69,-29.31,27.98,-1.32
341,-0.0,0.0,-0.0,-0.0,-0.0,0.0,-22.4,-8.08,0.0,-0.0,29.05,-3.56,-30.48,25.49,-4.99
351,-0.0,-0.0,-0.0,0.0,0.0,0.0,-21.22,-7.78,-0.0,0.0,28.08,-3.07,-29.0,25.02,-3.98
361,0.0,0.0,0.0,0.0,0.0,0.0,-17.63,-11.39,-0.0,0.0,27.91,-2.86,-29.03,25.05,-3.98
371,0.0,-0.0,0.0,0.0,-0.0,0.0,-21.22,-7.75,0.0,0.0,25.01,-2.91,-28.97,22.1,-6.88
381,-0.0,0.0,-0.0,0.0,0.0,0.0,-23.82,-8.63,0.0,-0.0,26.72,-3.42,-32.45,23.3,-9.15
391,0.0,-0.0,0.0,-0.0,0.0,0.0,-22.23,-15.57,0.0,-0.0,32.7,-3.4,-37.8,29.31,-8.49
401,0.0,-0.0,-0.0,0.0,-0.0,0.0,-26.38,-13.17,0.0,-0.0,33.98,-3.52,-39.56,30.46,-9.09
411,0.0,0.0,-0.0,-0.0,0.0,0.0,-23.71,-9.79,0.0,0.0,25.77,-3.08,-33.49,22.68,-10.81
421,-0.0,0.0,0.0,0.0,-0.0,0.0,-21.47,-12.95,-0.0,0.0,26.77,-3.13,-34.43,23.64,-10.79
431,0.0,0.0,0.0,-0.0,0.0,0.0,-22.18,-6.2,-0.0,-0.0,22.39,-3.18,-28.37,19.2,-9.17
441,-0.0,0.0,0.0,0.0,-0.0,0.0,-26.82,-11.48,-0.0,-0.0,29.93,-3.26,-38.3,26.67,-11.63
451,0.0,-0.0,-0.0,0.0,0.0,0.0,-21.79,-14.23,0.0,-0.0,29.31,-3.21,-36.02,26.1,-9.92
461,-0.0,0.0,0.0,-0.0,-0.0,0.0,-23.86,-7.98,-0.0,-0.0,24.91,-3.23,-31.84,21.68,-10.16
471,-0.0,-0.0,-0.0,-0.0,-0.0,0.0,-20.19,-9.83,-0.0,0.0,25.39,-3.05,-30.02,22.34,-7.68
481,0.0,0.0,0.0,0.0,-0.0,0.0,-23.05,-8.33,0.0,0.0,25.86,-3.18,-31.38,22.68,-8.7
491,-0.0,-0.0,0.0,-0.0,-0.0,0.0,-23.6,-10.48,-0.0,0.0,26.07,-3.09,-34.08,22.98,-11.1
501,0.0,0.0,0.0,0.0,0.0,0.0,-20.41,-7.89,-0.0,0.0,21.18,-2.96,-28.3,18.23,-10.07
511,-0.0,0.0,-0.0,0.0,0.0,0.0,-20.91,-10.33,0.0,0.0,24.38,-3.12,-31.25,21.26,-9.98
521,-0.0,-0.0,0.0,0.0,-0.0,0.0,-22.15,-10.5,-0.0,-0.0,24.75,-2.88,-32.64,21.87,-10.77
531,-0.0,-0.0,-0.0,0.0,-0.0,0.0,-18.8,-9.33,0.0,-0.0,26.01,-3.39,-28.13,22.62,-5.51
541,0.0,-0.0,-0.0,0.0,-0.0,0.0,-23.7,-11.04,0.0,-0.0,27.02,-3.21,-34.74,23.81,-10.94
551,0.0,0.0,-0.0,-0.0,0.0,0.0,-23.32,-10.34,-0.0,-0.0,23.95,-2.79,-33.66,21.16,-12.49
561,0.0,0.0,-0.0,-0.0,0.0,0.0,-23.33,-11.32,0.0,-0.0,25.89,-2.95,-34.65,22.95,-11.7
571,-0.0,-0.0,-0.0,0.0,-0.0,0.0,-25.28,-9.63,0.0,-0.0,26.86,-3.3,-34.91,23.56,-11.35
581,0.0,-0.0,0.0,-0.0,-0.0,0.0,-25.62,-10.88,-0.0,0.0,28.2,-3.28,-36.5,24.92,-11.58
591,-0.0,-0.0,0.0,0.0,0.0,0.0,-26.54,-8.89,0.0,0.0,29.81,-3.54,-35.43,26.28,-9.15
601,0.0,0.0,0.0,-0.0,0.0,0.0,-21.56,-3.26,-0.0,-0.0,19.91,-2.99,-24.82,16.92,-7.9
611,0.0,0.0,0.0,0.0,0.0,0.0,-22.82,-5.79,-0.0,0.0,24.4,-3.1,-28.6,21.3,-7.3
621,-0.0,0.0,-0.0,0.0,0.0,0.0,-21.41,-4.76,-0.0,-0.0,22.78,-2.87,-26.17,19.91,-6.26
631,-0.0,0.0,0.0,0.0,-0.0,0.0,-20.65,-7.34,-0.0,-0.0,23.58,-2.79,-27.99,20.78,-7.21
641,-0.0,0.0,-0.0,0.0,-0.0,0.0,-18.64,-5.49,0.0,-0.0,21.55,-2.56,-24.13,18.99,-5.14
651,-0.0,0.0,-0.0,0.0,-0.0,0.0,-20.87,-5.5,-0.0,0.0,23.6,-2.68,-26.36,20.92,-5.44
661,-0.0,-0.0,0.0,0.0,0.0,0.0,-18.62,-5.19,-0.0,-0.0,23.29,-2.68,-23.81,20.61,-3.2
671,0.0,0.0,0.0,-0.0,-0.0,0.0,-17.55,-2.63,-0.0,0.0,20.33,-2.55,-20.18,17.78,-2.4
681,-0.0,0.0,0.0,-0.0,0.0,0.0,-17.44,-10.36,0.0,-0.0,29.14,-2.62,-27.8,26.52,-1.28
691,0.0,0.0,0.0,-0.0,0.0,0.0,-15.5,-6.89,-0.0,-0.0,23.61,-2.31,-22.39,21.3,-1.1
701,-0.0,-0.0,-0.0,-0.0,0.0,0.0,-16.71,-7.38,0.0,-0.0,25.68,-2.58,-24.08,23.1,-0.99
711,-0.0,0.0,-0.0,0.0,-0.0,0.0,-13.52,-5.38,0.0,-0.0,20.78,-2.41,-18.9,18.37,-0.53
721,0.0,0.0,0.0,0.0,-0.0,0.0,-18.75,-5.84,0.0,0.0,20.84,-2.61,-24.59,18.23,-6.36
731,-0.0,-0.0,0.0,0.0,0.0,0.0,-19.11,-7.99,0.0,-0.0,31.83,-2.99,-27.11,28.85,1.74
741,0.0,-0.0,0.0,0.0,-0.0,0.0,-17.97,-8.94,0.0,0.0,28.5,-2.83,-26.91,25.67,-1.24
751,0.0,0.0,-0.0,0.0,-0.0,0.0,-20.97,-10.36,-0.0,0.0,30.37,-3.11,-31.34,27.26,-4.08
761,-0.0,0.0,-0.0,-0.0,-0.0,0.0,-20.79,-8.86,0.0,0.0,28.34,-2.97,-29.65,25.37,-4.28
771,-0.0,0.0,-0.0,-0.0,-0.0,0.0,-16.77,-6.79,0.0,0.0,27.58,-2.89,-23.56,24.68,1.12
781,0.0,-0.0,0.0,-0.0,-0.0,0.0,-18.35,-6.96,-0.0,-0.0,25.27,-2.78,-25.31,22.49,-2.82
791,0.0,-0.0,0.0,-0.0,-0.0,0.0,-18.31,-8.35,-0.0,0.0,28.88,-2.85,-26.66,26.03,-0.63
801,0.0,-0.0,0.0,0.0,0.0,0.0,-17.88,-6.46,-0.0,-0.0,26.34,-2.91,-24.34,23.43,-0.91
811,-0.0,0.0,0.0,0.0,0.0,0.0,-17.5,-6.93,-0.0,0.0,21.54,-2.76,-24.42,18.78,-5.64
821,-0.0,-0.0,-0.0,0.0,-0.0,0.0,-18.74,-4.77,-0.0,0.0,25.2,-2.66,-23.51,22.54,-0.97
831,-0.0,-0.0,0.0,0.0,-0.0,0.0,-18.22,-7.52,-0.0,-0.0,28.8,-3.0,-25.74,25.8,0.06
841,0.0,-0.0,0.0,-0.0,-0.0,0.0,-18.32,-8.0,0.0,-0.0,27.3,-2.85,-26.32,24.45,-1.87
851,-0.0,0.0,0.0,-0.0,0.0,0.0,-19.35,-9.18,0.0,0.0,29.1,-2.68,-28.53,26.42,-2.11
861,-0.0,-0.0,0.0,0.0,0.0,0.0,-17.73,-4.71,-0.0,-0.0,19.86,-2.31,-22.44,17.55,-4.9
871,-0.0,0.0,0.0,0.0,-0.0,0.0,-17.23,-7.97,0.0,0.0,26.31,-2.37,-25.2,23.94,-1.27
881,0.0,-0.0,-0.0,-0.0,0.0,0.0,-16.85,-1.9,0.0,-0.0,15.83,-2.4,-18.75,13.42,-5.33
891,0.0,-0.0,0.0,-0.0,0.0,0.0,-14.77,-9.12,0.0,0.0,26.1,-2.34,-23.89,23.76,-0.13
901,0.0,-0.0,0.0,0.0,0.0,0.0,-16.35,-6.78,-0.0,-0.0,24.54,-2.32,-23.13,22.22,-0.91
911,0.0,0.0,-0.0,-0.0,-0.0,0.0,-13.86,-9.7,-0.0,0.0,29.63,-2.7,-23.56,26.93,3.36
921,-0.0,0.0,0.0,-0.0,-0.0,0.0,-15.42,-3.15,0.0,-0.0,18.87,-2.36,-18.57,16.51,-2.07
931,-0.0,0.0,0.0,0.0,0.0,0.0,-18.3,-9.95,-0.0,0.0,28.49,-2.81,-28.25,25.68,-2.57
941,-0.0,-0.0,0.0,-0.0,0.0,0.0,-18.51,-1.27,0.0,0.0,24.42,-2.88,-19.78,21.55,1.76
951,0.0,0.0,-0.0,-0.0,-0.0,0.0,-16.57,-6.01,-0.0,0.0,24.16,-2.56,-22.59,21.6,-0.99
961,-0.0,0.0,-0.0,-0.0,0.0,0.0,-16.07,-8.64,-0.0,-0.0,26.54,-2.31,-24.71,24.23,-0.48
971,-0.0,0.0,0.0,0.0,0.0,0.0,-15.65,-6.97,0.0,0.0,25.39,-2.37,-22.62,23.02,0.4
981,0.0,-0.0,-0.0,-0.0,0.0,0.0,-13.83,-7.77,0.0,-0.0,25.03,-2.34,-21.6,22.69,1.09
991,-0.0,0.0,0.0,0.0,-0.0,0.0,-16.36,-9.85,0.0,-0.0,26.78,-2.62,-26.21,24.16,-2.06
1001,0.0,0.0,0.0,-0.0,0.0,0.0,-15.02,-5.18,0.0,0.0,20.61,-2.24,-20.21,18.37,-1.84
1011,0.0,-0.0,-0.0,-0.0,-0.0,0.0,-15.93,-7.11,-0.0,-0.0,23.5,-2.38,-23.04,21.12,-1.92
1021,0.0,0.0,0.0,0.0,0.0,0.0,-15.98,-5.61,-0.0,0.0,26.37,-2.55,-21.59,23.81,2.23
1031,0.0,-0.0,-0.0,-0.0,0.0,0.0,-15.45,-2.91,0.0,-0.0,20.21,-2.33,-18.36,17.88,-0.48
1041,-0.0,-0.0,0.0,0.0,-0.0,0.0,-15.4,-8.33,0.0,-0.0,24.85,-2.22,-23.73,22.64,-1.1
1051,-0.0,-0.0,0.0,0.0,-0.0,0.0,-14.93,-8.57,0.0,0.0,27.29,-2.19,-23.5,25.1,1.6
1061,-0.0,0.0,0.0,0.0,-0.0,0.0,-15.87,-5.06,-0.0,-0.0,23.11,-2.39,-20.94,20.72,-0.22
1071,-0.0,-0.0,0.0,-0.0,0.0,0.0,-12.64,-0.87,-0.0,0.0,15.81,-2.08,-13.51,13.73,0.22
1081,-0.0,0.0,-0.0,-0.0,0.0,0.0,-14.62,-4.57,-0.0,0.0,20.9,-2.16,-19.19,18.74,-0.45
1091,0.0,0.0,-0.0,0.0,0.0,0.0,-17.04,-9.42,0.0,-0.0,29.35,-2.58,-26.46,26.77,0.31
1101,-0.0,-0.0,-0.0,0.0,0.0,0.0,-16.2,-0.99,-0.0,-0.0,19.0,-2.46,-17.19,16.55,-0.64
1111,0.0,0.0,-0.0,-0.0,0.0,0.0,-17.98,-7.78,0.0,-0.0,28.56,-2.54,-25.77,26.03,0.26
1121,-0.0,0.0,0.0,-0.0,-0.0,0.0,-16.76,-3.91,-0.0,-0.0,22.94,-2.59,-20.67,20.35,-0.31
1131,-0.0,-0.0,0.0,-0.0,-0.0,0.0,-15.49,-5.32,0.0,-0.0,22.3,-2.21,-20.8,20.09,-0.71
1141,0.0,-0.0,0.0,-0.0,0.0,0.0,-17.43,-4.62,-0.0,-0.0,23.79,-2.66,-22.06,21.13,-0.92
1151,-0.0,0.0,-0.0,0.0,-0.0,0.0,-17.31,-8.13,0.0,0.0,30.41,-2.66,-25.44,27.75,2.31
1161,0.0,0.0,-0.0,-0.0,0.0,0.0,-16.85,-6.28,0.0,-0.0,23.63,-2.46,-23.13,21.17,-1.96
1171,0.0,-0.0,0.0,0.0,-0.0,0.0,-15.14,-9.25,-0.0,-0.0,27.18,-2.51,-24.39,24.67,0.28
1181,-0.0,-0.0,0.0,0.0,-0.0,0.0,-17.71,-11.08,0.0,-0.0,31.63,-2.56,-28.8,29.07,0.27
1191,0.0,-0.0,-0.0,0.0,0.0,0.0,-16.61,-5.84,-0.0,0.0,26.72,-2.56,-22.45,24.16,1.71
1201,-0.0,-0.0,0.0,0.0,-0.0,0.0,-17.91,-6.62,-0.0,-0.0,25.87,-2.53,-24.53,23.33,-1.2
1211,0.0,0.0,-0.0,-0.0,-0.0,0.0,-16.31,-8.55,-0.0,0.0,26.4,-2.57,-24.86,23.83,-1.02
1221,0.0,-0.0,0.0,0.0,-0.0,0.0,-18.19,-4.64,0.0,0.0,23.6,-2.49,-22.83,21.1,-1.73
1231,0.0,0.0,-0.0,0.0,-0.0,0.0,-17.84,-8.44,0.0,-0.0,29.93,-2.62,-26.28,27.31,1.02
1241,-0.0,0.0,0.0,0.0,0.0,0.0,-16.92,-3.51,-0.0,0.0,24.32,-2.93,-20.43,21.4,0.97
1251,-0.0,0.0,0.0,0.0,0.0,0.0,-16.22,-3.5,-0.0,-0.0,22.59,-2.51,-19.71,20.07,0.36
1261,0.0,0.0,0.0,-0.0,-0.0,0.0,-17.21,-2.82,0.0,-0.0,23.96,-2.59,-20.03,21.37,1.33
1271,-0.0,-0.0,0.0,-0.0,-0.0,0.0,-18.05,-6.73,-0.0,-0.0,27.38,-2.73,-24.78,24.65,-0.13
1281,-0.0,0.0,-0.0,0.0,0.0,0.0,-17.38,-4.04,0.0,-0.0,24.07,-2.52,-21.42,21.55,0.13
1291,-0.0,0.0,-0.0,0.0,0.0,0.0,-16.77,-7.52,-0.0,-0.0,26.89,-2.7,-24.3,24.2,-0.1
1301,0.0,-0.0,-0.0,0.0,-0.0,0.0,-17.4,-4.71,-0.0,0.0,25.89,-2.83,-22.1,23.06,0.96
1311,-0.0,-0.0,-0.0,0.0,0.0,0.0,-16.88,-8.72,0.0,-0.0,26.73,-2.61,-25.59,24.12,-1.47
1321,-0.0,-0.0,-0.0,-0.0,0.0,0.0,-17.08,1.24,0.0,0.0,20.48,-2.68,-15.84,17.79,1.95
1331,0.0,-0.0,-0.0,-0.0,-0.0,0.0,-14.39,-10.13,-0.0,-0.0,27.88,-2.48,-24.51,25.4,0.88
1341,-0.0,-0.0,0.0,0.0,-0.0,0.0,-15.72,-6.78,0.0,-0.0,25.77,-2.62,-22.5,23.15,0.65
1351,0.0,0.0,-0.0,-0.0,0.0,0.0,-17.58,-3.13,0.0,-0.0,23.47,-2.49,-20.71,20.98,0.27
1361,0.0,-0.0,0.0,0.0,-0.0,0.0,-19.04,-7.98,0.0,-0.0,26.99,-2.78,-27.02,24.2,-2.82
1371,0.0,0.0,-0.0,0.0,0.0,0.0,-16.17,-1.54,-0.0,0.0,17.71,-2.23,-17.71,15.47,-2.23
1381,0.0,-0.0,-0.0,-0.0,0.0,0.0,-19.23,-7.42,-0.0,-0.0,27.52,-2.72,-26.65,24.8,-1.85
1391,0.0,-0.0,0.0,0.0,0.0,0.0,-18.87,-2.98,-0.0,-0.0,22.03,-2.71,-21.85,19.32,-2.53
1401,-0.0,0.0,-0.0,0.0,-0.0,0.0,-16.2,-2.19,-0.0,0.0,20.19,-2.42,-18.38,17.77,-0.61
1411,-0.0,0.0,-0.0,0.0,0.0,0.0,-16.11,-6.09,0.0,-0.0,25.4,-2.71,-22.2,22.69,0.5
1421,0.0,0.0,0.0,-0.0,-0.0,0.0,-16.7,-4.76,0.0,-0.0,22.0,-2.35,-21.47,19.64,-1.82
1431,-0.0,-0.0,-0.0,0.0,0.0,0.0,-17.23,-9.19,-0.0,-0.0,28.22,-2.62,-26.42,25.61,-0.81
1441,-0.0,-0.0,0.0,0.0,-0.0,0.0,-17.08,-4.25,-0.0,-0.0,21.83,-2.52,-21.33,19.31,-2.02
1451,-0.0,0.0,-0.0,-0.0,0.0,0.0,-15.91,-8.18,-0.0,0.0,28.06,-2.56,-24.09,25.5,1.41
1461,0.0,-0.0,-0.0,0.0,-0.0,0.0,-18.31,-3.92,0.0,-0.0,25.71,-2.96,-22.23,22.75,0.52
1471,0.0,-0.0,-0.0,-0.0,-0.0,0.0,-17.81,-2.02,-0.0,0.0,19.81,-2.52,-19.83,17.29,-2.54
1481,-0.0,-0.0,-0.0,-0.0,0.0,0.0,-18.09,-3.24,-0.0,-0.0,23.44,-2.82,-21.33,20.62,-0.71
1491,-0.0,-0.0,-0.0,0.0,0.0,0.0,-16.56,-3.66,-0.0,-0.0,19.93,-2.62,-20.21,17.31,-2.9
1501,-0.0,0.0,0.0,0.0,0.0,0.0,-17.37,-1.84,0.0,-0.0,20.8,-2.46,-19.21,18.34,-0.88
1511,0.0,-0.0,0.0,-0.0,-0.0,0.0,-14.75,-5.53,0.0,-0.0,24.98,-2.51,-20.27,22.47,2.2
1521,-0.0,0.0,-0.0,-0.0,-0.0,0.0,-18.12,-3.53,0.0,-0.0,22.5,-2.53,-21.66,19.97,-1.69
1531,0.0,0.0,-0.0,-0.0,-0.0,0.0,-17.6,-5.59,-0.0,0.0,22.16,-2.56,-23.19,19.6,-3.59
1541,-0.0,0.0,0.0,-0.0,-0.0,0.0,-18.16,-6.01,-0.0,0.0,26.41,-2.64,-24.17,23.77,-0.4
1551,-0.0,0.0,-0.0,-0.0,-0.0,0.0,-18.07,3.22,0.0,0.0,16.6,-2.44,-14.85,14.16,-0.69
1561,0.0,-0.0,-0.0,0.0,0.0,0.0,-14.96,-3.03,0.0,0.0,23.5,-2.63,-17.99,20.87,2.88
1571,0.0,-0.0,-0.0,-0.0,0.0,0.0,-17.21,-4.7,-0.0,0.0,23.84,-2.39,-21.91,21.45,-0.46
1581,-0.0,0.0,0.0,-0.0,-0.0,0.0,-19.83,-5.27,-0.0,-0.0,27.62,-2.83,-25.09,24.8,-0.3
1591,0.0,0.0,-0.0,0.0,0.0,0.0,-17.17,-2.52,-0.0,-0.0,21.71,-2.48,-19.69,19.23,-0.46
1601,-0.0,-0.0,0.0,0.0,0.0,0.0,-17.33,-4.95,0.0,0.0,24.21,-2.54,-22.27,21.67,-0.6
1611,-0.0,0.0,-0.0,0.0,-0.0,0.0,-15.45,-4.07,0.0,0.0,22.85,-2.45,-19.52,20.4,0.88
1621,0.0,-0.0,-0.0,0.0,-0.0,0.0,-13.06,-8.43,0.0,0.0,24.23,-2.49,-21.5,21.74,0.24
1631,0.0,0.0,0.0,0.0,-0.0,0.0,-18.31,-4.21,0.0,0.0,24.0,-2.8,-22.52,21.2,-1.33
1641,0.0,0.0,0.0,0.0,0.0,0.0,-17.2,-8.24,0.0,-0.0,27.16,-2.54,-25.45,24.61,-0.83
1651,-0.0,-0.0,0.0,-0.0,-0.0,0.0,-18.39,-8.33,-0.0,0.0,30.55,-2.55,-26.72,28.0,1.27
1661,0.0,0.0,0.0,-0.0,0.0,0.0,-17.05,-8.54,-0.0,-0.0,24.72,-2.43,-25.59,22.29,-3.3
1671,0.0,0.0,0.0,-0.0,0.0,0.0,-17.72,-3.14,-0.0,0.0,19.13,-2.69,-20.85,16.44,-4.41
1681,-0.0,0.0,0.0,0.0,-0.0,0.0,-18.02,-3.35,-0.0,0.0,20.05,-2.63,-21.37,17.43,-3.95
1691,-0.0,-0.0,0.0,-0.0,0.0,0.0,-18.69,-3.43,-0.0,-0.0,19.18,-2.63,-22.12,16.56,-5.56
1701,-0.0,-0.0,0.0,-0.0,-0.0,0.0,-19.51,-3.29,0.0,0.0,22.95,-2.93,-22.8,20.02,-2.78
1711,0.0,-0.0,-0.0,0.0,-0.0,0.0,-17.98,-2.32,0.0,-0.0,22.4,-2.9,-20.3,19.5,-0.81
1721,0.0,-0.0,0.0,0.0,0.0,0.0,-20.22,-0.43,0.0,0.0,17.9,-2.95,-20.66,14.95,-5.71
1731,-0.0,0.0,0.0,0.0,-0.0,0.0,-17.5,3.27,0.0,0.0,12.83,-2.45,-14.23,10.38,-3.85
1741,-0.0,0.0,0.0,-0.0,0.0,0.0,-15.61,3.73,0.0,-0.0,14.22,-2.51,-11.88,11.71,-0.17
1751,0.0,-0.0,0.0,-0.0,-0.0,0.0,-13.81,-3.28,-0.0,-0.0,15.81,-1.81,-17.09,14.0,-3.08
1761,0.0,-0.0,-0.0,-0.0,0.0,0.0,-16.57,-1.31,0.0,0.0,17.77,-2.22,-17.88,15.55,-2.33
1771,0.0,-0.0,-0.0,-0.0,0.0,0.0,-16.19,0.35,-0.0,-0.0,16.48,-2.32,-15.84,14.15,-1.69
1781,0.0,0.0,-0.0,0.0,0.0,0.0,-17.1,0.98,0.0,0.0,18.87,-2.57,-16.12,16.3,0.18
1791,-0.0,-0.0,-0.0,0.0,-0.0,0.0,-16.38,-1.3,0.0,0.0,17.48,-2.36,-17.68,15.12,-2.56
1801,0.0,0.0,0.0,-0.0,0.0,0.0,-17.8,-0.53,-0.0,-0.0,18.19,-2.46,-18.33,15.73,-2.6
1811,-0.0,0.0,0.0,-0.0,-0.0,0.0,-17.09,0.68,-0.0,0.0,15.98,-2.49,-16.41,13.49,-2.92
1821,0.0,0.0,-0.0,0.0,0.0,0.0,-17.45,-2.67,-0.0,0.0,17.85,-2.53,-20.12,15.32,-4.79
1831,-0.0,-0.0,0.0,-0.0,-0.0,0.0,-17.02,0.58,0.0,-0.0,14.62,-2.3,-16.44,12.32,-4.12
1841,-0.0,-0.0,0.0,-0.0,-0.0,0.0,-15.44,-2.04,0.0,-0.0,15.85,-2.13,-17.49,13.72,-3.77
1851,0.0,-0.0,-0.0,-0.0,0.0,0.0,-17.89,-0.88,-0.0,-0.0,15.36,-2.31,-18.77,13.05,-5.72
1861,0.0,0.0,-0.0,-0.0,-0.0,0.0,-15.07,-6.44,0.0,0.0,22.53,-2.51,-21.51,20.02,-1.49
1871,-0.0,0.0,0.0,0.0,-0.0,0.0,-16.92,-8.11,0.0,0.0,23.01,-2.32,-25.03,20.69,-4.34
1881,0.0,-0.0,-0.0,0.0,-0.0,0.0,-16.04,0.71,0.0,0.0,15.28,-2.33,-15.32,12.95,-2.38
1891,0.0,0.0,-0.0,-0.0,-0.0,0.0,-18.03,1.31,-0.0,-0.0,21.54,-2.75,-16.72,18.79,2.07
1901,-0.0,0.0,0.0,0.0,0.0,0.0,-16.09,-3.1,0.0,-0.0,23.55,-2.52,-19.19,21.04,1.85
1911,0.0,0.0,0.0,-0.0,0.0,0.0,-17.5,-0.68,0.0,0.0,20.14,-2.66,-18.18,17.47,-0.7
1921,0.0,-0.0,-0.0,0.0,0.0,0.0,-11.8,-2.22,-0.0,0.0,14.0,-1.55,-14.02,12.45,-1.57
1931,0.0,-0.0,-0.0,0.0,0.0,0.0,-12.49,0.92,-0.0,-0.0,11.32,-1.63,-11.57,9.7,-1.88
1941,-0.0,-0.0,-0.0,0.0,0.0,0.0,-13.85,-6.41,0.0,-0.0,20.89,-2.05,-20.26,18.84,-1.42
1951,-0.0,-0.0,0.0,-0.0,0.0,0.0,-12.56,3.37,-0.0,-0.0,9.01,-1.64,-9.18,7.38,-1.81
1961,-0.0,0.0,-0.0,-0.0,0.0,0.0,-9.83,-0.27,-0.0,0.0,10.71,-1.49,-10.1,9.22,-0.88
1971,0.0,-0.0,0.0,-0.0,-0.0,0.0,-9.62,-3.71,0.0,-0.0,12.22,-1.08,-13.33,11.14,-2.19
1981,-0.0,0.0,0.0,-0.0,0.0,0.0,-9.52,-3.59,-0.0,0.0,13.0,-1.12,-13.12,11.89,-1.23
1991,0.0,-0.0,-0.0,-0.0,-0.0,0.0,-12.8,-11.51,-0.0,-0.0,24.38,-1.89,-24.31,22.5,-1.82
2001,-0.0,0.0,-0.0,0.0,-0.0,0.0,-10.9,-2.81,0.0,-0.0,13.97,-1.6,-13.71,12.37,-1.34
2011,-0.0,0.0,-0.0,0.0,0.0,0.0,-16.19,-8.08,0.0,-0.0,21.94,-2.07,-24.27,19.87,-4.4
2021,0.0,0.0,-0.0,0.0,-0.0,0.0,-13.6,-4.49,-0.0,0.0,17.32,-1.89,-18.08,15.43,-2.66
2031,-0.0,-0.0,0.0,-0.0,0.0,0.0,-14.95,4.12,-0.0,-0.0,11.89,-2.21,-10.83,9.68,-1.15
2041,-0.0,0.0,0.0,-0.0,-0.0,0.0,-17.4,4.51,-0.0,0.0,14.58,-2.51,-12.89,12.07,-0.81
2051,0.0,0.0,-0.0,0.0,0.0,0.0,-16.94,0.27,0.0,0.0,20.12,-2.47,-16.67,17.65,0.99
2061,0.0,-0.0,-0.0,-0.0,-0.0,0.0,-15.45,-5.67,0.0,0.0,25.97,-2.54,-21.12,23.43,2.31
2071,0.0,-0.0,-0.0,-0.0,0.0,0.0,-14.86,4.26,-0.0,-0.0,16.63,-2.49,-10.6,14.14,3.55
2081,0.0,0.0,-0.0,0.0,0.0,0.0,-15.47,-6.0,0.0,-0.0,24.55,-2.6,-21.47,21.95,0.48
2091,-0.0,0.0,0.0,0.0,-0.0,0.0,-18.09,-0.24,-0.0,-0.0,21.25,-2.69,-18.33,18.56,0.23
2101,-0.0,-0.0,-0.0,-0.0,-0.0,0.0,-17.18,-1.49,-0.0,-0.0,19.68,-2.66,-18.67,17.02,-1.66
2111,0.0,0.0,-0.0,0.0,0.0,0.0,-16.76,0.07,-0.0,-0.0,17.36,-2.38,-16.69,14.98,-1.71
2121,-0.0,-0.0,-0.0,-0.0,-0.0,0.0,-18.23,2.29,0.0,0.0,20.27,-2.77,-15.94,17.5,1.56
2131,-0.0,-0.0,0.0,0.0,0.0,0.0,-18.17,-3.0,0.0,0.0,19.43,-2.31,-21.18,17.12,-4.06
2141,0.0,-0.0,0.0,-0.0,-0.0,0.0,-19.36,-3.85,0.0,-0.0,23.09,-2.61,-23.21,20.49,-2.73
2151,-0.0,0.0,-0.0,0.0,0.0,0.0,-17.4,-4.65,-0.0,-0.0,23.78,-2.33,-22.05,21.45,-0.6
2161,0.0,-0.0,-0.0,0.0,0.0,0.0,-16.79,-4.35,-0.0,0.0,20.48,-2.14,-21.15,18.34,-2.8
2171,-0.0,0.0,-0.0,-0.0,-0.0,0.0,-14.61,4.64,0.0,-0.0,13.8,-2.38,-9.97,11.42,1.45
2181,0.0,0.0,-0.0,0.0,0.0,0.0,-15.94,2.48,0.0,0.0,12.8,-2.1,-13.46,10.7,-2.76
2191,-0.0,0.0,0.0,0.0,-0.0,0.0,-16.6,3.08,0.0,-0.0,14.35,-2.41,-13.53,11.95,-1.58
2201,0.0,0.0,0.0,-0.0,0.0,0.0,-14.42,-0.49,-0.0,-0.0,15.16,-2.09,-14.91,13.08,-1.83
2211,-0.0,-0.0,0.0,0.0,-0.0,0.0,-14.11,5.47,0.0,0.0,9.97,-2.13,-8.63,7.84,-0.79
2221,-0.0,0.0,-0.0,-0.0,-0.0,0.0,-15.67,6.55,-0.0,-0.0,8.66,-2.21,-9.12,6.45,-2.66
2231,0.0,-0.0,0.0,0.0,0.0,0.0,-16.61,1.41,-0.0,0.0,17.84,-2.47,-15.2,15.37,0.17
2241,-0.0,-0.0,-0.0,0.0,0.0,0.0,-14.16,4.14,0.0,-0.0,12.82,-2.15,-10.01,10.67,0.65
2251,0.0,0.0,0.0,0.0,0.0,0.0,-16.0,3.64,-0.0,0.0,12.18,-2.13,-12.36,10.05,-2.31
2261,0.0,-0.0,0.0,0.0,-0.0,0.0,-17.33,1.98,0.0,0.0,16.81,-2.33,-15.35,14.48,-0.87
2271,-0.0,0.0,0.0,0.0,0.0,0.0,-20.09,1.63,-0.0,-0.0,20.35,-2.78,-18.46,17.57,-0.89
2281,-0.0,0.0,0.0,0.0,0.0,0.0,-19.91,-0.48,0.0,0.0,21.88,-2.76,-20.4,19.13,-1.27
2291,0.0,0.0,-0.0,-0.0,0.0,0.0,-18.33,4.07,0.0,0.0,18.96,-2.83,-14.26,16.13,1.87
2301,0.0,0.0,-0.0,0.0,-0.0,0.0,-13.99,3.44,-0.0,0.0,10.42,-1.94,-10.55,8.47,-2.08
2311,0.0,0.0,0.0,-0.0,0.0,0.0,-14.12,3.34,-0.0,0.0,14.33,-2.06,-10.78,12.27,1.49
2321,-0.0,-0.0,-0.0,-0.0,-0.0,0.0,-17.02,-2.65,-0.0,-0.0,19.24,-2.42,-19.67,16.81,-2.86
2331,-0.0,-0.0,-0.0,0.0,-0.0,0.0,-17.06,7.43,0.0,-0.0,13.08,-2.42,-9.64,10.66,1.02
2341,-0.0,-0.0,0.0,-0.0,0.0,0.0,-17.51,-0.96,0.0,0.0,20.5,-2.65,-18.47,17.86,-0.61
2351,-0.0,0.0,0.0,-0.0,-0.0,0.0,-19.2,8.87,-0.0,-0.0,16.16,-2.65,-10.33,13.51,3.18
2361,-0.0,0.0,-0.0,0.0,-0.0,0.0,-17.74,5.3,0.0,-0.0,13.27,-2.4,-12.43,10.87,-1.56
2371,-0.0,0.0,0.0,-0.0,0.0,0.0,-20.04,-2.59,-0.0,-0.0,26.7,-2.81,-22.63,23.89,1.26
2381,0.0,-0.0,0.0,0.0,-0.0,0.0,-19.96,6.97,-0.0,-0.0,15.91,-2.81,-12.99,13.1,0.1
2391,-0.0,0.0,-0.0,-0.0,-0.0,0.0,-15.96,-4.75,0.0,0.0,21.94,-2.47,-20.71,19.47,-1.24
2401,-0.0,-0.0,-0.0,0.0,-0.0,0.0,-15.87,-8.27,-0.0,-0.0,28.7,-2.72,-24.15,25.98,1.83
2411,-0.0,0.0,-0.0,0.0,0.0,0.0,-18.84,-0.19,-0.0,-0.0,20.96,-2.7,-19.04,18.26,-0.77
2421,-0.0,-0.0,-0.0,-0.0,0.0,0.0,-17.36,-5.66,-0.0,0.0,20.67,-2.38,-23.02,18.29,-4.73
2431,0.0,-0.0,-0.0,-0.0,0.0,0.0,-17.32,-7.99,-0.0,-0.0,24.46,-2.53,-25.31,21.93,-3.38
2441,0.0,-0.0,-0.0,-0.0,0.0,0.0,-16.42,-9.51,0.0,-0.0,24.59,-2.33,-25.92,22.26,-3.66
2451,-0.0,0.0,0.0,-0.0,0.0,0.0,-20.48,-11.42,0.0,0.0,35.02,-2.98,-31.9,32.05,0.15
2461,0.0,-0.0,0.0,0.0,-0.0,0.0,-16.08,-4.79,0.0,-0.0,25.01,-2.69,-20.86,22.33,1.46
2471,0.0,-0.0,-0.0,-0.0,0.0,0.0,-21.4,-2.37,0.0,0.0,23.93,-2.88,-23.77,21.05,-2.72
2481,0.0,-0.0,0.0,0.0,-0.0,0.0,-17.67,1.94,-0.0,-0.0,16.7,-2.45,-15.73,14.25,-1.49
2491,0.0,-0.0,-0.0,-0.0,-0.0,0.0,-14.16,-10.58,-0.0,0.0,29.18,-2.34,-24.75,26.84,2.09
2501,0.0,0.0,-0.0,0.0,-0.0,0.0,-18.47,0.04,-0.0,0.0,23.21,-2.69,-18.43,20.53,2.09
2511,0.0,0.0,-0.0,-0.0,-0.0,0.0,-19.79,1.9,-0.0,-0.0,19.88,-2.81,-17.89,17.08,-0.81
2521,-0.0,-0.0,-0.0,0.0,-0.0,0.0,-17.86,5.21,-0.0,0.0,15.67,-2.62,-12.65,13.05,0.4
2531,0.0,0.0,0.0,0.0,-0.0,0.0,-16.53,-5.57,0.0,0.0,24.43,-2.8,-22.1,21.62,-0.48
2541,0.0,-0.0,-0.0,-0.0,0.0,0.0,-17.89,-0.53,-0.0,0.0,18.67,-2.47,-18.42,16.2,-2.22
2551,-0.0,0.0,-0.0,0.0,0.0,0.0,-18.51,2.67,-0.0,0.0,17.61,-2.89,-15.84,14.72,-1.12
2561,-0.0,-0.0,0.0,-0.0,-0.0,0.0,-17.84,1.9,0.0,0.0,17.73,-2.54,-15.94,15.2,-0.74
2571,0.0,-0.0,0.0,0.0,-0.0,0.0,-13.92,-1.89,-0.0,0.0,16.56,-2.0,-15.82,14.55,-1.27
2581,0.0,-0.0,0.0,-0.0,0.0,0.0,-15.57,0.17,0.0,0.0,14.04,-2.17,-15.4,11.87,-3.53
2591,-0.0,-0.0,0.0,0.0,-0.0,0.0,-13.07,-3.45,-0.0,-0.0,18.61,-1.93,-16.52,16.68,0.16
2601,-0.0,0.0,-0.0,-0.0,0.0,0.0,-12.89,-2.72,0.0,-0.0,16.63,-1.9,-15.61,14.73,-0.88
2611,0.0,-0.0,0.0,-0.0,0.0,0.0,-13.24,2.35,0.0,-0.0,11.09,-1.84,-10.88,9.25,-1.63
2621,0.0,-0.0,0.0,-0.0,0.0,0.0,-11.7,-1.93,-0.0,0.0,13.69,-1.68,-13.63,12.01,-1.62
2631,0.0,0.0,0.0,0.0,0.0,0.0,-14.53,-4.88,-0.0,-0.0,16.45,-1.94,-19.42,14.51,-4.9
2641,-0.0,-0.0,-0.0,0.0,0.0,0.0,-10.17,-2.66,-0.0,0.0,12.39,-1.11,-12.83,11.28,-1.56
2651,0.0,0.0,-0.0,0.0,-0.0,0.0,-10.94,-2.99,0.0,-0.0,12.67,-1.25,-13.94,11.42,-2.52
2661,-0.0,-0.0,-0.0,-0.0,0.0,0.0,-12.21,-3.02,-0.0,0.0,16.01,-1.91,-15.23,14.11,-1.12
2671,-0.0,-0.0,-0.0,-0.0,0.0,0.0,-10.12,-1.61,-0.0,-0.0,12.67,-1.36,-11.74,11.31,-0.43
2681,0.0,0.0,0.0,-0.0,-0.0,0.0,-14.88,-1.79,-0.0,0.0,16.47,-2.09,-16.67,14.37,-2.3
2691,0.0,-0.0,0.0,0.0,0.0,0.0,-12.53,-2.72,0.0,0.0,15.42,-1.71,-15.25,13.71,-1.54
2701,0.0,0.0,0.0,0.0,0.0,0.0,-12.27,-1.51,-0.0,0.0,12.33,-1.46,-13.78,10.87,-2.91
2711,-0.0,0.0,-0.0,0.0,-0.0,0.0,-12.99,-3.97,-0.0,-0.0,17.5,-1.91,-16.96,15.58,-1.38
2721,-0.0,0.0,0.0,0.0,0.0,0.0,-12.29,-3.53,-0.0,0.0,16.73,-1.74,-15.82,14.99,-0.83
2731,-0.0,0.0,-0.0,-0.0,-0.0,0.0,-14.22,0.9,-0.0,0.0,12.37,-1.85,-13.32,10.52,-2.8
2741,0.0,-0.0,0.0,-0.0,0.0,0.0,-12.76,-1.75,-0.0,-0.0,16.1,-1.93,-14.51,14.17,-0.34
2751,-0.0,0.0,-0.0,0.0,-0.0,0.0,-13.75,-1.76,0.0,0.0,16.38,-1.84,-15.51,14.53,-0.97
2761,0.0,0.0,0.0,-0.0,0.0,0.0,-15.9,-4.14,-0.0,-0.0,18.23,-2.02,-20.04,16.21,-3.84
2771,0.0,-0.0,-0.0,0.0,0.0,0.0,-14.17,-3.05,0.0,-0.0,14.83,-1.73,-17.22,13.1,-4.12
2781,0.0,-0.0,-0.0,0.0,0.0,0.0,-12.89,-2.92,0.0,-0.0,16.19,-1.74,-15.8,14.45,-1.35
2791,0.0,0.0,-0.0,0.0,0.0,0.0,-13.57,-4.98,0.0,0.0,18.22,-1.79,-18.55,16.43,-2.12
2801,-0.0,-0.0,0.0,0.0,0.0,0.0,-13.52,-3.9,-0.0,-0.0,15.45,-1.83,-17.42,13.62,-3.81
2811,0.0,-0.0,0.0,0.0,0.0,0.0,-11.33,-2.37,-0.0,0.0,13.87,-1.24,-13.7,12.63,-1.07
2821,0.0,-0.0,-0.0,0.0,-0.0,0.0,-10.61,-1.66,0.0,-0.0,11.09,-1.07,-12.27,10.02,-2.25
2831,0.0,-0.0,-0.0,0.0,-0.0,0.0,-12.02,-2.23,0.0,-0.0,15.0,-1.65,-14.25,13.35,-0.9
2841,0.0,-0.0,0.0,0.0,0.0,0.0,-12.59,3.62,0.0,0.0,11.29,-1.84,-8.97,9.46,0.49
2851,-0.0,0.0,-0.0,0.0,0.0,0.0,-11.35,4.61,-0.0,0.0,8.73,-1.29,-6.74,7.44,0.7
2861,0.0,-0.0,-0.0,-0.0,-0.0,0.0,-9.28,-4.77,0.0,-0.0,15.58,-1.31,-14.06,14.28,0.22
2871,0.0,0.0,-0.0,-0.0,-0.0,0.0,-10.72,-3.49,-0.0,-0.0,13.88,-1.33,-14.21,12.54,-1.67
2881,-0.0,0.0,0.0,0.0,-0.0,0.0,-10.54,-3.58,0.0,0.0,14.76,-1.37,-14.11,13.38,-0.73
2891,0.0,0.0,-0.0,-0.0,0.0,0.0,-9.85,-3.7,0.0,-0.0,14.3,-1.19,-13.55,13.11,-0.44
2901,-0.0,0.0,-0.0,-0.0,0.0,0.0,-10.38,-2.65,0.0,-0.0,13.73,-1.12,-13.03,12.61,-0.42
2911,0.0,0.0,0.0,-0.0,0.0,0.0,-10.27,-2.31,-0.0,-0.0,12.88,-1.02,-12.58,11.86,-0.72
2921,-0.0,-0.0,-0.0,-0.0,0.0,0.0,-9.5,-4.53,-0.0,0.0,13.87,-1.11,-14.03,12.76,-1.27
2931,0.0,0.0,-0.0,-0.0,0.0,0.0,-10.19,-1.6,0.0,-0.0,12.67,-1.08,-11.79,11.6,-0.2
2941,0.0,-0.0,-0.0,-0.0,0.0,0.0,-11.13,-3.04,-0.0,0.0,13.73,-1.1,-14.17,12.63,-1.54
2951,0.0,0.0,-0.0,-0.0,-0.0,0.0,-8.3,-0.19,0.0,0.0,10.91,-1.02,-8.5,9.89,1.4
2961,-0.0,-0.0,-0.0,-0.0,-0.0,0.0,-10.11,-4.96,-0.0,-0.0,15.69,-1.01,-15.07,14.68,-0.39
2971,0.0,-0.0,-0.0,0.0,0.0,0.0,-11.84,-0.76,-0.0,0.0,12.64,-1.45,-12.6,11.2,-1.4
2981,-0.0,-0.0,-0.0,-0.0,0.0,0.0,-11.4,-2.95,0.0,0.0,13.52,-1.24,-14.35,12.28,-2.08
2991,0.0,-0.0,0.0,-0.0,-0.0,0.0,-10.98,1.86,0.0,-0.0,10.23,-1.39,-9.12,8.84,-0.28
3001,0.0,0.0,-0.0,-0.0,0.0,0.0,-11.06,-1.63,-0.0,0.0,12.92,-1.61,-12.69,11.31,-1.38
3011,0.0,0.0,-0.0,-0.0,0.0,0.0,-10.23,-5.79,-0.0,0.0,16.86,-1.65,-16.02,15.21,-0.81
3021,0.0,0.0,0.0,-0.0,0.0,0.0,-10.1,-1.19,0.0,-0.0,11.51,-1.24,-11.28,10.27,-1.01
3031,0.0,0.0,-0.0,0.0,-0.0,0.0,-11.47,-3.98,-0.0,0.0,14.49,-1.3,-15.45,13.19,-2.26
3041,0.0,0.0,0.0,-0.0,-0.0,0.0,-12.18,-5.4,-0.0,0.0,16.3,-1.38,-17.58,14.92,-2.66
3051,0.0,0.0,-0.0,0.0,0.0,0.0,-13.26,-5.45,0.0,-0.0,19.32,-2.04,-18.7,17.28,-1.43
3061,0.0,-0.0,-0.0,-0.0,-0.0,0.0,-13.06,-5.65,-0.0,0.0,19.3,-1.85,-18.71,17.45,-1.26
3071,-0.0,0.0,0.0,-0.0,0.0,0.0,-15.89,-4.17,0.0,0.0,17.39,-2.12,-20.07,15.27,-4.79
3081,0.0,-0.0,-0.0,0.0,-0.0,0.0,-12.85,-5.49,-0.0,-0.0,17.62,-1.89,-18.34,15.73,-2.6
3091,-0.0,0.0,0.0,0.0,-0.0,0.0,-13.45,-0.07,-0.0,0.0,13.71,-1.91,-13.52,11.79,-1.72
3101,0.0,0.0,0.0,0.0,0.0,0.0,-11.72,-1.49,0.0,-0.0,13.17,-1.55,-13.22,11.62,-1.6
3111,-0.0,-0.0,0.0,0.0,0.0,0.0,-12.8,-4.36,0.0,-0.0,16.43,-1.61,-17.16,14.82,-2.33
3121,-0.0,-0.0,0.0,-0.0,-0.0,0.0,-10.29,-1.79,-0.0,-0.0,11.4,-1.32,-12.08,10.08,-2.0
3131,0.0,0.0,0.0,0.0,-0.0,0.0,-12.6,-2.48,0.0,-0.0,14.32,-1.45,-15.08,12.86,-2.21
3141,-0.0,0.0,0.0,0.0,-0.0,0.0,-10.2,-3.03,-0.0,0.0,13.35,-1.26,-13.23,12.09,-1.14
3151,0.0,-0.0,-0.0,0.0,0.0,0.0,-10.63,-4.83,0.0,0.0,17.04,-1.68,-15.46,15.35,-0.11
3161,0.0,0.0,0.0,-0.0,-0.0,0.0,-10.35,-4.68,-0.0,0.0,15.08,-0.98,-15.03,14.1,-0.93
3171,-0.0,-0.0,0.0,-0.0,-0.0,0.0,-10.45,-1.77,0.0,0.0,11.61,-1.26,-12.22,10.35,-1.87
3181,0.0,-0.0,-0.0,-0.0,0.0,0.0,-12.01,-1.85,0.0,0.0,12.32,-1.31,-13.86,11.01,-2.85
3191,-0.0,0.0,0.0,0.0,0.0,0.0,-13.15,-3.61,-0.0,0.0,16.46,-1.82,-16.76,14.63,-2.13
3201,-0.0,0.0,0.0,0.0,0.0,0.0,-13.13,-4.34,0.0,0.0,16.4,-1.73,-17.47,14.68,-2.8
3211,0.0,0.0,-0.0,0.0,0.0,0.0,-11.55,-2.39,0.0,0.0,12.25,-1.4,-13.95,10.86,-3.09
3221,0.0,-0.0,-0.0,-0.0,0.0,0.0,-11.55,-3.3,-0.0,0.0,14.26,-1.42,-14.85,12.84,-2.01
3231,-0.0,0.0,0.0,0.0,0.0,0.0,-9.0,-3.97,-0.0,0.0,14.27,-1.14,-12.98,13.14,0.16
3241,0.0,-0.0,-0.0,0.0,-0.0,0.0,-11.84,-1.73,-0.0,0.0,13.35,-1.28,-13.57,12.07,-1.5
3251,0.0,-0.0,0.0,0.0,0.0,0.0,-10.4,-3.9,-0.0,0.0,13.55,-1.03,-14.3,12.51,-1.79
3261,0.0,-0.0,-0.0,-0.0,0.0,0.0,-9.26,-2.58,-0.0,-0.0,14.58,-1.22,-11.84,13.36,1.51
3271,0.0,0.0,-0.0,0.0,-0.0,0.0,-11.09,-3.07,0.0,-0.0,14.13,-1.24,-14.16,12.89,-1.26
3281,0.0,0.0,-0.0,0.0,0.0,0.0,-11.94,-6.64,0.0,-0.0,18.82,-1.31,-18.57,17.51,-1.07
3291,0.0,-0.0,-0.0,0.0,0.0,0.0,-12.38,-3.49,0.0,0.0,14.46,-1.47,-15.87,12.99,-2.89
3301,0.0,0.0,0.0,0.0,0.0,0.0,-13.56,-6.41,-0.0,0.0,19.36,-1.95,-19.98,17.42,-2.56
3311,-0.0,0.0,0.0,0.0,0.0,0.0,-13.12,-1.96,0.0,-0.0,13.62,-1.81,-15.08,11.81,-3.27
3321,-0.0,0.0,-0.0,-0.0,0.0,0.0,-14.93,-5.64,-0.0,-0.0,18.11,-1.86,-20.57,16.25,-4.33
3331,-0.0,-0.0,-0.0,0.0,-0.0,0.0,-12.22,-8.08,0.0,-0.0,20.98,-1.88,-20.3,19.1,-1.2
3341,-0.0,-0.0,-0.0,0.0,0.0,0.0,-13.04,-4.42,-0.0,-0.0,17.56,-1.8,-17.45,15.76,-1.69
3351,0.0,-0.0,-0.0,0.0,-0.0,0.0,-12.2,-8.29,0.0,-0.0,19.83,-1.51,-20.49,18.32,-2.17
3361,0.0,0.0,-0.0,-0.0,-0.0,0.0,-12.62,-8.59,0.0,-0.0,21.48,-1.58,-21.21,19.89,-1.32
3371,0.0,0.0,-0.0,0.0,0.0,0.0,-10.59,-1.11,-0.0,-0.0,12.51,-1.31,-11.69,11.2,-0.49
3381,-0.0,-0.0,0.0,-0.0,0.0,0.0,-13.02,-4.3,0.0,0.0,16.78,-1.72,-17.32,15.07,-2.26
3391,-0.0,0.0,-0.0,0.0,0.0,0.0,-11.73,-3.83,0.0,-0.0,15.21,-1.57,-15.56,13.64,-1.92
3401,-0.0,0.0,-0.0,0.0,-0.0,0.0,-10.46,-1.6,0.0,0.0,14.42,-1.66,-12.07,12.77,0.7
3411,-0.0,0.0,0.0,0.0,0.0,0.0,-10.11,-3.83,0.0,0.0,14.84,-1.33,-13.94,13.51,-0.43
3421,-0.0,0.0,0.0,0.0,-0.0,0.0,-9.81,-3.0,-0.0,0.0,12.48,-1.13,-12.82,11.36,-1.46
3431,0.0,0.0,-0.0,-0.0,0.0,0.0,-9.84,-2.09,0.0,0.0,12.14,-1.23,-11.92,10.91,-1.02
3441,-0.0,0.0,-0.0,0.0,-0.0,0.0,-9.91,-4.16,-0.0,-0.0,13.14,-1.03,-14.07,12.11,-1.97
3451,0.0,-0.0,-0.0,-0.0,0.0,0.0,-10.63,-4.34,0.0,-0.0,14.28,-1.17,-14.97,13.11,-1.86
3461,0.0,-0.0,0.0,0.0,0.0,0.0,-10.94,-2.4,0.0,0.0,13.36,-1.21,-13.34,12.15,-1.19
3471,0.0,0.0,-0.0,0.0,-0.0,0.0,-10.27,-2.36,0.0,-0.0,12.14,-1.22,-12.63,10.92,-1.71
3481,-0.0,0.0,-0.0,-0.0,-0.0,0.0,-10.72,-2.13,-0.0,-0.0,11.96,-1.21,-12.86,10.75,-2.1
3491,-0.0,0.0,-0.0,0.0,-0.0,0.0,-9.98,-5.88,0.0,0.0,17.75,-1.47,-15.86,16.29,0.43
3501,-0.0,0.0,-0.0,0.0,0.0,0.0,-14.12,-5.56,0.0,0.0,18.12,-1.74,-19.68,16.38,-3.29
3511,-0.0,0.0,-0.0,0.0,-0.0,0.0,-14.37,-7.22,-0.0,0.0,20.52,-1.98,-21.59,18.53,-3.06
3521,0.0,-0.0,0.0,0.0,0.0,0.0,-9.71,-2.48,0.0,-0.0,11.97,-1.12,-12.19,10.85,-1.34
3531,0.0,-0.0,-0.0,0.0,-0.0,0.0,-10.29,-4.01,0.0,0.0,14.14,-1.26,-14.31,12.88,-1.42
3541,0.0,-0.0,0.0,0.0,0.0,0.0,-10.07,-0.08,0.0,0.0,11.4,-1.15,-10.15,10.26,0.11
3551,0.0,0.0,-0.0,0.0,-0.0,0.0,-9.1,-1.49,-0.0,-0.0,11.67,-1.17,-10.59,10.51,-0.08
3561,0.0,-0.0,-0.0,0.0,-0.0,0.0,-9.17,-1.11,0.0,0.0,10.67,-0.98,-10.28,9.68,-0.59
3571,-0.0,0.0,0.0,-0.0,-0.0,0.0,-10.85,-5.49,-0.0,-0.0,16.92,-1.22,-16.34,15.7,-0.64
3581,0.0,0.0,0.0,0.0,-0.0,0.0,-10.65,-5.03,0.0,-0.0,15.03,-1.18,-15.67,13.85,-1.82
3591,0.0,0.0,0.0,0.0,0.0,0.0,-11.19,-1.07,-0.0,0.0,12.57,-1.36,-12.26,11.21,-1.05
3601,-0.0,0.0,0.0,-0.0,0.0,0.0,-10.82,-2.9,-0.0,0.0,14.13,-1.14,-13.73,12.99,-0.74
3611,0.0,-0.0,0.0,-0.0,0.0,0.0,-9.95,-2.45,-0.0,0.0,11.79,-1.06,-12.4,10.73,-1.67
3621,-0.0,-0.0,-0.0,0.0,-0.0,0.0,-10.08,-2.14,0.0,0.0,11.26,-1.05,-12.23,10.21,-2.02
3631,-0.0,-0.0,-0.0,-0.0,-0.0,0.0,-11.87,-1.45,-0.0,-0.0,13.89,-1.19,-13.33,12.7,-0.63
3641,-0.0,-0.0,0.0,0.0,-0.0,0.0,-8.78,-2.75,0.0,-0.0,11.54,-1.05,-11.53,10.49,-1.04
3651,-0.0,0.0,-0.0,-0.0,0.0,0.0,-7.14,-1.04,-0.0,0.0,8.52,-0.91,-8.19,7.62,-0.57
3661,0.0,0.0,-0.0,-0.0,-0.0,0.0,-7.13,-2.25,0.0,0.0,9.44,-0.68,-9.38,8.76,-0.62
3671,-0.0,0.0,-0.0,-0.0,0.0,0.0,-8.55,-4.39,-0.0,0.0,11.67,-0.89,-12.94,10.77,-2.17
3681,0.0,0.0,0.0,-0.0,0.0,0.0,-6.37,-2.78,0.0,0.0,9.97,-0.72,-9.15,9.26,0.11
3691,-0.0,-0.0,0.0,0.0,0.0,0.0,-8.46,-0.82,0.0,0.0,8.76,-0.98,-9.27,7.79,-1.49
3701,0.0,0.0,-0.0,-0.0,0.0,0.0,-7.01,-2.07,-0.0,-0.0,8.72,-0.68,-9.08,8.03,-1.04
3711,-0.0,-0.0,0.0,0.0,0.0,0.0,-7.25,-5.9,-0.0,-0.0,12.71,-0.7,-13.15,12.01,-1.14
3721,0.0,-0.0,0.0,-0.0,-0.0,0.0,-7.12,1.28,0.0,-0.0,5.61,-0.71,-5.84,4.9,-0.94
3731,-0.0,-0.0,0.0,0.0,-0.0,0.0,-7.4,-2.13,-0.0,-0.0,8.94,-0.82,-9.53,8.12,-1.41
3741,-0.0,-0.0,-0.0,-0.0,-0.0,0.0,-5.99,-3.79,0.0,-0.0,10.21,-0.62,-9.78,9.59,-0.19
3751,0.0,-0.0,0.0,0.0,-0.0,0.0,-7.35,-4.44,-0.0,0.0,11.52,-0.73,-11.78,10.78,-1.0
3761,-0.0,-0.0,-0.0,0.0,0.0,0.0,-7.34,-1.29,-0.0,-0.0,8.83,-0.72,-8.63,8.11,-0.51
3771,-0.0,-0.0,-0.0,0.0,0.0,0.0,-6.75,0.28,0.0,-0.0,6.46,-0.62,-6.47,5.84,-0.63
3781,0.0,0.0,-0.0,0.0,-0.0,0.0,-6.75,-2.27,0.0,-0.0,9.02,-0.7,-9.02,8.32,-0.7
3791,-0.0,-0.0,-0.0,0.0,0.0,0.0,-7.31,-2.01,0.0,-0.0,9.27,-0.72,-9.32,8.54,-0.77
3801,0.0,-0.0,0.0,0.0,-0.0,0.0,-7.16,-0.15,0.0,-0.0,7.28,-0.7,-7.31,6.59,-0.72
3811,0.0,-0.0,-0.0,-0.0,-0.0,0.0,-8.02,-2.79,-0.0,0.0,9.89,-0.93,-10.82,8.96,-1.86
3821,-0.0,0.0,0.0,0.0,0.0,0.0,-6.59,-0.72,-0.0,-0.0,8.25,-0.75,-7.31,7.5,0.19
3831,-0.0,0.0,0.0,-0.0,0.0,0.0,-7.87,-0.96,-0.0,-0.0,8.48,-0.79,-8.83,7.68,-1.15
3841,0.0,-0.0,0.0,-0.0,0.0,0.0,-6.51,-2.21,-0.0,-0.0,9.26,-0.65,-8.72,8.61,-0.11
3851,-0.0,-0.0,0.0,0.0,-0.0,0.0,-6.68,-4.81,0.0,-0.0,12.01,-0.67,-11.49,11.34,-0.15
3861,0.0,-0.0,0.0,0.0,-0.0,0.0,-7.65,-1.59,-0.0,-0.0,8.74,-0.74,-9.24,8.0,-1.24
3871,0.0,0.0,0.0,-0.0,0.0,0.0,-7.27,-3.98,0.0,-0.0,10.94,-0.78,-11.25,10.16,-1.09
3881,0.0,0.0,0.0,-0.0,0.0,0.0,-7.17,-0.76,0.0,-0.0,8.09,-0.72,-7.93,7.38,-0.55
3891,-0.0,0.0,0.0,-0.0,0.0,0.0,-4.89,1.91,-0.0,-0.0,3.75,-0.51,-2.98,3.25,0.26
3901,0.0,-0.0,0.0,-0.0,0.0,0.0,-4.99,1.18,-0.0,0.0,4.21,-0.34,-3.8,3.87,0.07
3911,-0.0,0.0,-0.0,0.0,0.0,0.0,-7.98,-4.74,0.0,0.0,12.56,-0.88,-12.72,11.68,-1.04
3921,-0.0,0.0,0.0,-0.0,-0.0,0.0,-7.45,-4.48,0.0,-0.0,11.92,-0.72,-11.93,11.2,-0.73
3931,0.0,0.0,0.0,0.0,-0.0,0.0,-6.71,0.78,-0.0,-0.0,6.23,-0.6,-5.93,5.62,-0.3
3941,0.0,-0.0,0.0,0.0,-0.0,0.0,-7.45,-0.04,0.0,-0.0,7.43,-0.74,-7.5,6.69,-0.8
3951,0.0,-0.0,-0.0,0.0,-0.0,0.0,-6.04,1.37,0.0,0.0,4.93,-0.7,-4.68,4.23,-0.45
3961,0.0,0.0,-0.0,0.0,-0.0,0.0,-7.1,-4.69,0.0,0.0,12.28,-0.63,-11.79,11.66,-0.13
3971,0.0,-0.0,-0.0,0.0,-0.0,0.0,-6.87,-1.08,0.0,-0.0,8.21,-0.8,-7.95,7.4,-0.55
3981,0.0,0.0,-0.0,0.0,-0.0,0.0,-7.99,-1.6,-0.0,0.0,8.98,-0.86,-9.59,8.12,-1.47
3991,-0.0,-0.0,0.0,-0.0,-0.0,0.0,-6.37,3.99,-0.0,0.0,3.07,-0.63,-2.38,2.45,0.06
4001,0.0,-0.0,-0.0,-0.0,0.0,0.0,-7.19,-3.59,-0.0,-0.0,10.3,-0.8,-10.79,9.5,-1.29


