GENERALIZED BORN:
Complex Energy Terms
Frame #,BOND,ANGLE,DIHED,UB,IMP,CMAP,VDWAALS,EEL,1-4 VDW,1-4 EEL,EGB,ESURF,GGAS,GSOLV,TOTAL
1,587.11,1306.8,1722.11,154.64,89.12,-57.7,-1104.11,-10135.8,564.7,8627.15,-2257.64,77.98,1754.02,-2179.65,-425.63
11,525.45,1318.65,1716.08,155.73,87.8,-49.83,-1128.53,-10233.33,578.92,8735.23,-2224.93,75.46,1706.16,-2149.47,-443.31
21,569.96,1316.42,1750.43,156.18,84.43,-71.59,-1107.6,-10126.95,559.22,8648.4,-2262.39,76.01,1778.89,-2186.38,-407.5
31,597.13,1313.89,1733.95,157.8,81.41,-53.46,-1114.94,-10083.54,551.39,8607.72,-2300.0,78.1,1791.35,-2221.89,-430.54
41,543.13,1275.13,1743.12,154.57,87.16,-57.11,-1133.46,-10105.26,573.62,8680.43,-2271.16,76.41,1761.32,-2194.74,-433.42
51,567.89,1303.05,1718.02,146.18,96.12,-44.72,-1134.09,-10166.41,567.62,8723.62,-2255.44,76.62,1777.27,-2178.81,-401.54
61,554.88,1287.83,1750.03,149.65,97.54,-62.21,-1105.7,-10105.4,569.29,8694.42,-2313.07,77.56,1830.34,-2235.51,-405.17
71,583.71,1281.53,1721.86,149.11,78.26,-54.15,-1173.19,-10093.82,546.05,8678.82,-2298.0,75.84,1718.19,-2222.15,-503.96
81,548.51,1333.27,1770.93,143.05,86.41,-67.8,-1094.16,-10158.07,553.86,8632.8,-2234.02,76.8,1748.8,-2157.22,-408.42
91,563.61,1330.83,1742.86,148.41,86.51,-49.03,-1119.73,-10081.48,540.31,8587.74,-2278.71,76.76,1750.02,-2201.94,-451.92
101,567.79,1316.4,1738.65,156.08,90.72,-58.9,-1101.69,-10133.75,559.89,8674.78,-2274.73,75.5,1809.96,-2199.24,-389.27
111,542.18,1340.38,1720.92,157.54,76.63,-61.14,-1133.39,-10069.49,561.45,8650.21,-2311.09,77.74,1785.31,-2233.35,-448.05
121,584.31,1257.77,1764.03,155.09,80.58,-58.66,-1139.16,-10070.01,561.07,8634.52,-2307.22,76.0,1769.53,-2231.21,-461.68
131,550.42,1310.61,1728.39,147.01,80.95,-64.97,-1113.01,-10130.63,571.61,8651.46,-2288.91,77.19,1731.84,-2211.72,-479.88
141,575.51,1278.97,1742.62,145.93,81.44,-50.04,-1127.52,-10116.7,553.11,8628.03,-2249.95,75.71,1711.35,-2174.24,-462.88
151,559.41,1313.78,1751.17,145.37,92.42,-76.07,-1129.8,-10027.32,563.71,8596.25,-2324.35,75.52,1788.92,-2248.83,-459.91
161,567.48,1331.93,1738.68,147.45,76.4,-65.06,-1132.04,-10101.38,537.33,8640.06,-2283.92,76.5,1740.85,-2207.42,-466.57
171,531.38,1329.57,1738.97,144.71,91.6,-56.74,-1140.99,-10045.44,552.54,8633.12,-2322.49,76.05,1778.74,-2246.44,-467.7
181,566.48,1363.58,1735.36,145.49,83.16,-66.0,-1127.13,-10103.53,552.02,8593.94,-2248.7,76.16,1743.39,-2172.55,-429.16
191,556.53,1366.79,1710.35,154.06,75.92,-49.29,-1127.43,-10032.03,543.76,8552.71,-2299.97,76.63,1751.36,-2223.35,-471.99
201,591.22,1353.9,1744.86,159.39,83.05,-55.34,-1124.23,-10081.79,543.15,8601.25,-2272.23,76.21,1815.46,-2196.01,-380.55
211,539.45,1316.0,1725.68,149.49,81.03,-62.63,-1140.51,-10004.38,549.36,8617.45,-2356.76,77.48,1770.93,-2279.28,-508.35
221,563.83,1292.59,1713.57,149.36,82.84,-59.88,-1130.09,-10004.21,562.31,8614.35,-2343.37,77.7,1784.67,-2265.67,-481.0
231,599.55,1321.59,1725.61,148.45,86.09,-59.41,-1099.46,-10016.65,548.12,8566.55,-2306.27,75.8,1820.45,-2230.47,-410.02
241,541.96,1319.72,1755.18,153.06,87.52,-50.25,-1130.91,-10069.94,544.93,8581.01,-2263.98,76.17,1732.28,-2187.81,-455.53
251,546.53,1372.64,1735.24,160.72,77.71,-65.18,-1115.98,-10033.42,530.99,8540.18,-2277.86,75.9,1749.43,-2201.95,-452.52
261,571.33,1325.63,1743.33,147.75,85.73,-62.73,-1135.09,-10123.71,546.55,8641.92,-2255.82,76.05,1740.72,-2179.76,-439.04
271,551.97,1303.87,1734.45,153.85,80.66,-59.39,-1130.22,-10127.73,551.58,8607.51,-2232.51,76.98,1666.55,-2155.53,-488.98
281,596.23,1329.29,1729.17,156.21,91.37,-56.5,-1133.4,-10087.69,545.78,8597.64,-2259.5,76.02,1768.09,-2183.48,-415.38
291,569.35,1333.13,1731.63,158.59,75.21,-51.97,-1133.77,-10101.85,543.67,8601.9,-2240.13,75.48,1725.88,-2164.65,-438.77
301,599.42,1329.68,1745.6,150.26,91.94,-47.17,-1142.82,-10136.14,537.04,8613.65,-2224.36,77.23,1741.45,-2147.14,-405.69
311,568.71,1327.01,1745.62,154.83,96.94,-38.43,-1133.33,-10134.79,542.64,8626.02,-2251.24,76.07,1755.22,-2175.17,-419.95
321,591.53,1327.69,1711.1,162.88,86.7,-52.0,-1078.0,-10133.54,532.89,8626.22,-2253.99,77.4,1775.46,-2176.59,-401.13
331,569.29,1311.6,1772.02,153.55,90.28,-46.95,-1123.16,-10112.81,539.21,8588.42,-2244.1,78.5,1741.43,-2165.6,-424.17
341,581.09,1339.93,1720.04,159.51,89.19,-37.25,-1101.87,-10143.59,532.23,8585.99,-2234.22,75.81,1725.26,-2158.4,-433.14
351,579.86,1341.15,1722.57,161.75,90.61,-43.72,-1135.72,-10139.76,549.53,8652.92,-2244.12,78.36,1779.18,-2165.75,-386.57
361,581.86,1326.52,1728.28,159.39,86.43,-49.68,-1133.93,-10210.29,564.95,8644.77,-2189.05,74.92,1698.3,-2114.13,-415.83
371,587.79,1373.91,1729.08,149.98,94.26,-77.53,-1141.19,-10219.54,552.32,8604.25,-2149.06,74.67,1653.32,-2074.39,-421.08
381,571.98,1368.63,1764.89,159.24,94.88,-56.2,-1128.57,-10168.41,550.83,8585.22,-2189.81,75.52,1742.5,-2114.29,-371.8
391,542.25,1323.99,1746.48,151.35,90.7,-55.4,-1133.64,-10205.63,554.51,8649.57,-2195.92,76.48,1664.19,-2119.44,-455.25
401,546.67,1305.72,1748.89,153.13,88.17,-51.56,-1146.21,-10234.11,551.67,8638.47,-2148.75,75.0,1600.83,-2073.75,-472.92
411,541.79,1353.81,1718.72,148.57,86.08,-60.49,-1151.58,-10218.86,544.22,8595.22,-2149.97,75.11,1557.48,-2074.85,-517.37
421,572.73,1343.16,1730.67,155.98,86.72,-55.97,-1134.43,-10139.1,545.81,8581.0,-2185.32,74.57,1686.57,-2110.75,-424.18
431,569.58,1342.68,1737.68,152.59,91.05,-54.85,-1147.49,-10226.36,551.74,8631.17,-2143.95,75.41,1647.79,-2068.54,-420.76
441,560.65,1352.98,1744.69,162.28,89.98,-75.93,-1140.21,-10111.56,545.01,8630.62,-2228.47,75.34,1758.5,-2153.13,-394.63
451,560.76,1295.99,1754.78,152.91,83.78,-52.21,-1141.64,-10128.15,540.96,8622.44,-2209.92,76.1,1689.63,-2133.83,-444.2
461,574.26,1321.83,1747.25,149.25,85.54,-57.8,-1138.64,-10225.98,547.77,8669.27,-2171.86,76.38,1672.73,-2095.48,-422.75
471,553.71,1367.52,1736.72,159.51,83.35,-59.85,-1142.96,-10233.84,543.95,8633.89,-2145.84,75.4,1641.99,-2070.44,-428.45
481,570.99,1298.15,1722.28,156.99,76.82,-53.95,-1138.85,-10223.21,540.27,8654.9,-2206.14,76.61,1604.4,-2129.53,-525.13
491,540.29,1324.94,1755.61,153.74,87.47,-54.29,-1145.72,-10187.05,569.69,8654.0,-2202.44,74.61,1698.68,-2127.84,-429.16
501,569.39,1273.8,1746.31,156.4,84.31,-75.06,-1113.04,-10172.24,558.78,8662.0,-2226.5,77.0,1690.65,-2149.5,-458.85
511,588.81,1343.47,1755.79,154.06,86.2,-59.69,-1155.4,-10221.6,552.92,8678.16,-2180.19,75.4,1722.73,-2104.79,-382.06
521,567.8,1373.03,1736.95,156.4,86.99,-70.96,-1125.34,-10208.03,562.1,8658.66,-2209.51,76.69,1737.59,-2132.82,-395.24
531,553.5,1304.93,1751.44,153.78,87.5,-59.17,-1108.76,-10160.29,586.83,8686.01,-2252.72,77.52,1795.76,-2175.19,-379.43
541,579.47,1364.33,1726.99,165.53,71.63,-53.34,-1131.46,-10153.22,554.97,8608.29,-2224.37,75.94,1733.18,-2148.43,-415.25
551,561.05,1287.49,1726.24,152.55,87.37,-55.39,-1130.72,-10244.89,567.16,8690.66,-2218.06,76.82,1641.53,-2141.24,-499.72
561,574.76,1343.19,1744.5,153.05,80.3,-57.44,-1113.31,-10226.19,550.84,8617.03,-2161.67,75.69,1666.72,-2085.98,-419.26
571,578.74,1284.11,1750.34,144.46,95.3,-56.62,-1144.19,-10181.13,552.26,8611.66,-2172.63,76.26,1634.94,-2096.37,-461.43
581,543.66,1303.04,1755.85,142.01,88.35,-43.27,-1117.82,-10224.64,556.54,8643.28,-2169.32,76.37,1646.98,-2092.95,-445.97
591,552.63,1378.22,1741.38,161.76,88.95,-54.42,-1137.6,-10164.03,555.58,8575.25,-2188.46,75.5,1697.72,-2112.95,-415.23
601,545.14,1280.05,1713.17,143.85,78.35,-57.11,-1122.67,-10196.26,545.03,8609.48,-2179.66,76.5,1539.04,-2103.16,-564.12
611,546.79,1319.46,1759.4,153.7,80.55,-64.64,-1138.09,-10218.42,545.62,8646.6,-2147.73,75.07,1630.97,-2072.66,-441.69
621,551.08,1335.77,1726.26,153.9,94.26,-54.83,-1143.66,-10244.78,556.0,8680.03,-2145.76,75.04,1654.02,-2070.71,-416.69
631,544.46,1368.07,1743.78,160.78,75.95,-72.24,-1146.49,-10181.52,565.28,8669.75,-2211.99,75.27,1727.8,-2136.72,-408.92
641,537.19,1299.59,1756.83,151.12,93.54,-67.9,-1157.53,-10076.36,558.51,8648.55,-2287.13,75.96,1743.55,-2211.17,-467.62
651,565.07,1348.96,1735.55,158.91,84.28,-68.34,-1150.16,-10218.67,571.42,8648.75,-2185.58,75.27,1675.77,-2110.31,-434.54
661,552.44,1357.49,1727.64,161.84,86.37,-59.52,-1134.89,-10210.05,548.84,8640.22,-2185.69,74.92,1670.39,-2110.78,-440.38
671,557.94,1356.24,1767.57,152.87,83.73,-71.24,-1127.84,-10108.09,553.84,8620.06,-2266.35,75.9,1785.08,-2190.45,-405.37
681,558.53,1358.87,1747.19,149.2,93.67,-59.43,-1153.57,-10152.5,555.9,8595.43,-2208.53,75.06,1693.27,-2133.47,-440.2
691,566.42,1305.48,1765.74,157.67,84.14,-62.61,-1167.82,-10160.59,578.03,8607.7,-2193.42,75.25,1674.16,-2118.17,-444.01
701,564.8,1328.16,1742.79,153.39,76.09,-67.92,-1184.03,-10044.74,577.55,8643.02,-2287.36,74.27,1789.1,-2213.1,-424.0
711,575.68,1297.81,1735.44,142.38,91.52,-52.11,-1180.72,-10086.95,551.13,8604.05,-2246.7,73.85,1678.22,-2172.85,-494.64
721,540.96,1339.12,1724.58,155.54,82.89,-62.14,-1126.07,-10144.71,551.98,8631.26,-2248.14,74.93,1693.43,-2173.21,-479.78
731,538.37,1336.03,1724.71,153.13,77.18,-63.28,-1147.05,-10159.72,551.0,8624.71,-2215.12,72.22,1635.07,-2142.9,-507.83
741,589.8,1339.15,1750.85,157.25,88.57,-59.78,-1136.89,-10113.58,553.88,8583.82,-2232.81,73.96,1753.07,-2158.85,-405.79
751,552.18,1317.64,1735.77,146.93,86.45,-54.28,-1148.26,-10151.64,565.36,8691.76,-2240.96,73.89,1741.91,-2167.08,-425.17
761,539.64,1315.13,1704.68,155.82,90.76,-60.34,-1118.07,-10193.6,560.0,8631.87,-2168.24,74.22,1625.88,-2094.02,-468.13
771,593.18,1352.46,1725.61,156.51,88.88,-59.98,-1140.83,-10104.81,546.56,8639.89,-2262.43,75.69,1797.48,-2186.74,-389.26
781,566.53,1328.86,1740.8,150.37,87.34,-64.56,-1134.2,-10197.01,567.04,8635.61,-2201.39,74.15,1680.8,-2127.24,-446.44
791,520.73,1322.78,1730.04,155.37,79.08,-55.33,-1160.67,-10185.89,563.48,8725.55,-2253.06,74.98,1695.14,-2178.08,-482.93
801,555.64,1348.83,1748.71,157.53,82.7,-74.39,-1111.83,-10166.62,553.9,8614.09,-2244.21,74.9,1708.55,-2169.31,-460.76
811,552.35,1337.43,1725.36,149.16,92.94,-64.42,-1157.34,-10189.15,561.18,8708.57,-2242.12,73.77,1716.09,-2168.35,-452.26
821,551.89,1358.85,1746.55,159.84,86.41,-58.67,-1172.21,-10138.88,554.28,8714.84,-2269.3,74.27,1802.91,-2195.03,-392.11
831,551.07,1358.92,1747.32,150.19,82.95,-70.21,-1146.73,-10172.12,559.6,8680.01,-2229.98,74.87,1740.99,-2155.11,-414.12
841,556.5,1309.66,1744.74,149.51,86.32,-60.71,-1155.37,-10123.73,556.38,8730.55,-2277.52,75.67,1793.86,-2201.85,-407.99
851,570.41,1327.1,1733.09,145.47,93.98,-60.23,-1134.61,-10158.8,543.79,8719.8,-2243.84,75.76,1779.99,-2168.08,-388.09
861,565.58,1308.41,1728.58,145.9,78.82,-59.21,-1153.5,-10091.03,552.78,8632.01,-2292.75,75.04,1708.35,-2217.72,-509.37
871,564.34,1354.21,1733.84,157.32,89.89,-67.19,-1163.91,-10107.25,543.89,8607.32,-2263.42,75.28,1712.46,-2188.14,-475.68
881,538.46,1329.34,1725.18,151.31,91.93,-66.23,-1149.12,-10122.95,560.02,8651.89,-2263.44,76.0,1709.83,-2187.44,-477.61
891,525.89,1366.02,1730.77,146.35,85.6,-58.22,-1128.89,-10173.66,560.71,8665.82,-2246.44,75.17,1720.4,-2171.26,-450.87
901,553.17,1344.65,1742.11,159.31,88.74,-50.24,-1171.54,-10074.68,539.03,8636.96,-2291.66,74.66,1767.51,-2217.0,-449.49
911,534.79,1306.33,1722.38,144.85,79.96,-48.21,-1147.24,-10046.32,561.95,8657.81,-2325.57,74.95,1766.29,-2250.61,-484.32
921,544.82,1291.85,1762.65,156.75,96.39,-78.97,-1138.33,-10116.58,566.95,8669.97,-2269.52,74.85,1755.51,-2194.67,-439.16
931,551.74,1311.41,1719.71,147.41,81.86,-62.53,-1155.76,-10023.2,556.62,8610.04,-2286.28,75.4,1737.29,-2210.87,-473.59
941,572.05,1374.68,1723.23,154.29,84.08,-47.31,-1151.22,-10186.02,552.41,8640.67,-2205.77,75.25,1716.86,-2130.52,-413.66
951,545.4,1327.6,1738.22,140.56,84.19,-56.39,-1160.22,-10143.36,570.11,8650.92,-2215.52,75.6,1697.04,-2139.92,-442.89
961,538.19,1396.81,1739.89,154.48,89.96,-56.23,-1160.18,-10111.25,535.11,8601.97,-2227.33,74.37,1728.75,-2152.96,-424.21
971,549.78,1319.23,1747.56,149.91,85.13,-58.05,-1148.16,-10176.26,533.41,8608.86,-2186.96,75.61,1611.42,-2111.34,-499.92
981,556.96,1312.71,1743.61,154.61,82.29,-70.12,-1163.09,-10000.16,527.42,8556.63,-2292.24,76.23,1700.87,-2216.01,-515.14
991,583.77,1364.63,1739.29,157.22,81.61,-64.73,-1134.62,-10057.6,548.9,8556.59,-2247.44,75.71,1775.06,-2171.73,-396.67
1001,562.43,1270.5,1748.76,147.0,87.06,-73.6,-1158.31,-10022.64,552.73,8602.23,-2283.11,76.62,1716.14,-2206.49,-490.35
1011,596.01,1305.95,1735.27,158.12,79.43,-68.71,-1114.58,-10061.41,553.52,8608.03,-2280.3,75.55,1791.64,-2204.75,-413.11
1021,539.49,1352.11,1716.78,143.36,81.39,-64.68,-1132.69,-10121.59,546.04,8584.97,-2221.31,75.5,1645.18,-2145.81,-500.62
1031,572.43,1353.67,1723.9,151.54,92.11,-54.59,-1149.15,-10108.39,562.79,8600.91,-2218.34,74.34,1745.21,-2144.0,-398.78
1041,543.41,1339.08,1727.88,142.06,76.17,-70.55,-1151.92,-10091.33,551.49,8614.19,-2241.66,75.05,1680.49,-2166.61,-486.13
1051,525.72,1351.57,1756.59,148.28,72.46,-71.21,-1165.8,-10128.62,553.17,8623.77,-2208.89,75.16,1665.92,-2133.73,-467.82
1061,555.8,1356.52,1777.1,154.86,82.8,-56.16,-1170.93,-10173.8,565.98,8668.43,-2199.95,75.34,1760.61,-2124.61,-364.0
1071,544.87,1321.94,1744.95,154.94,78.49,-56.31,-1149.37,-10085.8,576.8,8640.87,-2271.73,76.33,1771.38,-2195.4,-424.02
1081,542.53,1358.25,1748.71,149.03,83.8,-53.76,-1125.68,-10149.75,546.79,8630.44,-2208.2,76.86,1730.37,-2131.34,-400.97
1091,565.41,1326.56,1718.22,147.38,83.03,-59.21,-1108.23,-10108.16,555.05,8595.88,-2253.64,76.02,1715.93,-2177.62,-461.69
1101,564.97,1310.49,1730.57,156.22,97.49,-74.42,-1143.87,-10041.98,543.85,8584.52,-2278.14,75.3,1727.84,-2202.84,-475.0
1111,558.66,1312.04,1740.56,147.72,85.68,-62.98,-1106.99,-10180.7,568.46,8605.55,-2206.27,74.39,1668.01,-2131.88,-463.87
1121,564.3,1336.57,1747.14,156.13,81.54,-53.96,-1144.63,-10092.66,553.32,8606.58,-2269.49,75.0,1754.34,-2194.49,-440.14
1131,563.77,1285.31,1745.57,149.37,90.22,-56.75,-1147.59,-10149.28,554.06,8646.26,-2221.33,74.9,1680.94,-2146.43,-465.49
1141,562.47,1333.09,1743.78,153.6,78.97,-64.96,-1136.49,-10140.48,557.56,8602.7,-2211.43,73.2,1690.25,-2138.23,-447.98
1151,554.49,1300.52,1724.55,150.19,88.69,-44.79,-1131.3,-10079.08,563.21,8637.4,-2290.6,74.59,1763.89,-2216.01,-452.13
1161,543.25,1318.02,1742.03,154.87,87.39,-59.91,-1114.12,-10113.56,553.1,8584.31,-2247.04,75.29,1695.38,-2171.75,-476.36
1171,513.48,1390.62,1771.03,160.65,101.86,-62.3,-1161.93,-10088.92,558.97,8649.76,-2275.36,76.14,1833.22,-2199.21,-366.0
1181,570.36,1353.28,1731.11,160.18,93.77,-56.82,-1176.66,-10186.0,542.71,8633.94,-2204.95,73.31,1665.88,-2131.63,-465.75
1191,549.67,1336.87,1734.25,156.73,80.91,-63.42,-1134.52,-10182.02,557.88,8623.04,-2195.82,73.81,1659.36,-2122.01,-462.64
1201,577.08,1338.69,1763.03,151.67,85.98,-57.51,-1160.76,-10108.63,550.81,8629.74,-2244.08,74.48,1770.11,-2169.6,-399.49
1211,565.16,1356.08,1727.47,157.55,94.29,-57.37,-1168.49,-10148.98,546.89,8646.89,-2216.56,73.94,1719.48,-2142.63,-423.15
1221,548.16,1352.56,1734.43,156.34,83.56,-61.63,-1147.4,-10129.82,559.76,8621.3,-2234.34,76.05,1717.25,-2158.28,-441.03
1231,538.79,1353.34,1752.65,151.56,91.75,-57.46,-1173.17,-10173.94,555.34,8628.07,-2179.95,73.69,1666.93,-2106.25,-439.32
1241,578.75,1367.39,1749.25,150.88,101.96,-76.27,-1159.65,-10113.58,557.07,8638.7,-2246.52,74.12,1794.51,-2172.4,-377.89
1251,529.96,1300.82,1741.88,153.58,76.56,-67.0,-1166.48,-10070.77,565.96,8633.56,-2281.37,74.08,1698.09,-2207.29,-509.21
1261,546.01,1343.38,1742.58,157.08,98.51,-56.11,-1142.27,-10040.03,579.41,8588.17,-2286.1,73.13,1816.74,-2212.97,-396.23
1271,576.14,1384.78,1740.88,162.14,93.25,-60.81,-1145.38,-9999.1,524.48,8555.53,-2324.15,74.08,1831.91,-2250.07,-418.16
1281,554.47,1286.74,1741.43,143.7,88.71,-60.34,-1154.43,-10111.98,556.83,8654.79,-2276.89,73.07,1699.92,-2203.82,-503.9
1291,569.5,1304.26,1739.7,157.03,81.31,-57.74,-1143.31,-10165.05,551.46,8651.08,-2209.9,73.56,1688.26,-2136.34,-448.08
1301,571.6,1330.76,1759.82,154.23,89.26,-58.63,-1148.65,-10108.22,564.99,8617.66,-2252.21,75.24,1772.81,-2176.97,-404.16
1311,551.15,1320.7,1733.16,147.38,74.89,-50.85,-1169.85,-10094.87,556.46,8602.11,-2233.38,72.57,1670.28,-2160.82,-490.54
1321,583.65,1305.75,1726.28,145.79,98.82,-49.98,-1142.22,-10162.88,561.29,8655.58,-2210.39,73.7,1722.08,-2136.69,-414.61
1331,572.79,1347.99,1754.23,151.31,89.17,-63.64,-1130.42,-10034.24,547.2,8542.97,-2285.43,76.14,1777.36,-2209.29,-431.92
1341,549.28,1348.72,1741.75,150.36,86.95,-64.25,-1169.15,-10009.43,570.41,8528.35,-2250.68,74.31,1733.0,-2176.36,-443.36
1351,586.92,1354.33,1750.5,153.84,90.25,-56.63,-1144.88,-10080.88,557.7,8565.65,-2240.47,74.85,1776.8,-2165.62,-388.82
1361,564.57,1361.97,1724.29,158.06,91.91,-49.62,-1154.44,-10063.12,551.13,8557.66,-2229.45,75.03,1742.4,-2154.42,-412.03
1371,553.75,1331.4,1751.24,153.5,84.66,-53.83,-1150.69,-10220.49,567.42,8630.7,-2154.32,75.01,1647.66,-2079.31,-431.64
1381,595.87,1334.61,1710.2,148.07,82.77,-71.32,-1144.5,-10140.63,563.56,8628.92,-2223.92,75.11,1707.56,-2148.81,-441.26
1391,581.72,1331.36,1740.2,146.86,80.31,-53.92,-1141.51,-10231.88,555.64,8644.97,-2157.16,75.06,1653.75,-2082.1,-428.35
1401,572.9,1342.51,1708.41,153.8,81.27,-50.76,-1154.8,-10171.33,561.62,8647.01,-2208.75,73.68,1690.62,-2135.08,-444.45
1411,563.77,1333.45,1740.54,150.97,74.7,-71.67,-1138.61,-10168.15,562.61,8618.89,-2196.36,72.92,1666.52,-2123.44,-456.93
1421,544.58,1422.44,1747.71,168.85,92.85,-58.52,-1132.45,-10071.51,563.33,8589.48,-2283.59,76.17,1866.76,-2207.42,-340.66
1431,549.49,1332.28,1724.98,149.86,74.07,-56.61,-1156.34,-10082.15,564.14,8656.83,-2288.54,74.71,1756.57,-2213.83,-457.26
1441,540.59,1321.33,1730.72,149.36,79.31,-56.25,-1139.12,-10168.51,571.0,8678.36,-2221.46,76.31,1706.8,-2145.14,-438.35
1451,566.8,1312.31,1729.2,160.83,87.54,-48.56,-1150.56,-10164.03,541.09,8630.34,-2210.29,74.73,1664.96,-2135.56,-470.59
1461,555.63,1356.78,1746.73,154.15,91.76,-55.5,-1179.99,-10107.31,559.83,8617.05,-2256.49,74.25,1739.14,-2182.24,-443.1
1471,546.34,1342.37,1717.71,154.73,83.72,-59.75,-1134.07,-10099.21,552.39,8619.1,-2251.49,74.51,1723.33,-2176.99,-453.66
1481,595.52,1371.03,1745.07,156.33,89.51,-59.34,-1150.44,-10138.23,561.34,8651.36,-2252.49,74.12,1822.17,-2178.37,-356.2
1491,558.42,1331.18,1721.66,149.53,78.77,-59.41,-1116.53,-10134.82,561.19,8650.42,-2257.97,74.98,1740.4,-2182.98,-442.58
1501,547.99,1329.41,1724.63,143.93,86.3,-52.25,-1167.36,-10041.63,548.75,8627.21,-2298.64,73.36,1747.0,-2225.29,-478.29
1511,550.83,1317.42,1727.33,151.61,87.63,-57.17,-1165.67,-10037.66,564.23,8656.89,-2327.87,75.41,1795.43,-2252.46,-457.04
1521,558.69,1348.2,1748.71,159.43,82.57,-67.75,-1161.18,-10053.36,545.3,8645.06,-2328.32,75.7,1805.67,-2252.62,-446.96
1531,574.41,1314.24,1722.72,151.02,94.12,-65.27,-1155.4,-9991.54,538.96,8581.94,-2329.31,75.21,1765.2,-2254.1,-488.9
1541,547.48,1337.34,1743.33,155.71,94.18,-64.71,-1140.15,-10018.39,557.65,8644.32,-2352.96,77.93,1856.75,-2275.03,-418.28
1551,555.02,1303.69,1744.68,144.47,85.09,-69.87,-1140.47,-10064.09,547.86,8662.43,-2318.32,75.66,1768.8,-2242.66,-473.86
1561,520.38,1317.77,1738.41,158.21,82.79,-41.12,-1136.88,-10054.54,548.84,8635.96,-2302.96,76.43,1769.83,-2226.53,-456.7
1571,532.55,1322.05,1721.36,144.26,91.61,-49.46,-1144.14,-10086.81,552.92,8642.42,-2255.34,75.92,1726.76,-2179.42,-452.66
1581,534.88,1340.65,1740.99,158.59,87.74,-54.87,-1143.51,-10117.75,573.08,8614.29,-2241.94,75.36,1734.1,-2166.59,-432.49
1591,577.06,1346.27,1745.17,161.98,85.51,-51.2,-1168.36,-10019.49,556.68,8626.99,-2267.78,73.64,1860.61,-2194.14,-333.53
1601,535.52,1328.24,1739.26,149.21,73.51,-53.97,-1137.15,-10058.57,571.3,8595.95,-2259.22,74.67,1743.3,-2184.55,-441.25
1611,581.17,1337.64,1737.63,155.53,90.64,-52.73,-1139.83,-10122.12,547.31,8608.42,-2213.06,74.6,1743.65,-2138.46,-394.81
1621,542.18,1310.21,1737.71,153.67,86.26,-58.7,-1171.91,-10097.02,553.53,8622.61,-2245.53,75.64,1678.55,-2169.89,-491.34
1631,574.08,1378.78,1727.33,158.65,80.31,-57.02,-1140.07,-10063.4,545.54,8583.02,-2255.54,75.23,1787.22,-2180.31,-393.09
1641,561.32,1408.13,1717.72,158.79,81.86,-52.16,-1131.11,-10093.89,543.85,8619.99,-2265.58,76.17,1814.52,-2189.41,-374.89
1651,564.01,1322.12,1723.99,158.09,90.15,-47.55,-1157.38,-10087.68,551.81,8712.56,-2316.76,75.01,1830.12,-2241.75,-411.63
1661,563.78,1335.66,1724.75,152.29,90.53,-51.89,-1133.11,-10110.85,537.91,8688.29,-2296.13,77.4,1797.36,-2218.72,-421.36
1671,564.05,1323.97,1730.83,150.75,84.28,-55.05,-1134.59,-10135.05,544.63,8663.0,-2261.74,76.58,1736.83,-2185.16,-448.34
1681,566.8,1338.12,1735.69,167.19,71.76,-54.58,-1152.84,-10064.26,548.38,8658.13,-2313.97,76.84,1814.39,-2237.14,-422.75
1691,573.01,1297.58,1747.29,153.27,91.98,-56.2,-1128.76,-10133.98,553.85,8594.36,-2230.06,73.65,1692.41,-2156.41,-464.0
1701,560.91,1329.65,1733.98,154.61,83.93,-74.4,-1144.0,-10076.05,556.96,8651.69,-2315.14,76.77,1777.27,-2238.37,-461.1
1711,569.29,1307.71,1739.1,154.01,79.91,-40.06,-1135.56,-10105.32,563.85,8668.12,-2267.19,75.01,1801.04,-2192.18,-391.14
1721,551.73,1283.79,1733.31,148.51,86.15,-57.24,-1137.88,-10125.07,557.83,8730.43,-2320.73,74.03,1771.55,-2246.7,-475.14
1731,596.08,1267.84,1731.19,156.49,92.07,-57.47,-1136.33,-10134.25,560.47,8695.4,-2301.11,76.19,1771.49,-2224.92,-453.43
1741,546.07,1296.09,1741.16,149.07,87.14,-64.15,-1142.97,-10147.94,569.73,8653.44,-2257.69,75.45,1687.64,-2182.24,-494.6
1751,527.96,1297.11,1744.14,150.51,98.35,-56.13,-1156.5,-10178.71,577.61,8709.57,-2250.43,75.05,1713.92,-2175.38,-461.46
1761,563.39,1308.89,1747.06,153.04,100.89,-55.78,-1166.4,-10135.12,557.3,8676.37,-2238.3,73.14,1749.64,-2165.15,-415.51
1771,568.9,1309.81,1718.89,149.2,75.02,-59.6,-1151.18,-10129.97,567.97,8683.29,-2257.12,77.17,1732.33,-2179.95,-447.62
1781,542.05,1338.34,1745.85,153.34,87.52,-51.88,-1153.17,-10066.07,559.9,8635.22,-2301.47,75.63,1791.09,-2225.84,-434.75
1791,543.22,1342.27,1748.14,150.16,81.3,-59.36,-1157.41,-10178.95,556.73,8751.01,-2260.56,74.61,1777.1,-2185.95,-408.84
1801,563.14,1347.15,1726.59,158.16,78.84,-56.6,-1126.18,-10043.2,558.79,8611.39,-2326.24,76.27,1818.07,-2249.97,-431.89
1811,566.58,1312.2,1755.07,151.43,89.78,-66.45,-1148.08,-10051.15,554.85,8643.97,-2311.75,74.15,1808.21,-2237.59,-429.38
1821,566.45,1302.93,1736.85,157.54,88.49,-55.52,-1139.64,-10076.92,549.6,8643.75,-2285.58,75.55,1773.53,-2210.04,-436.51
1831,554.85,1272.18,1726.0,149.06,88.9,-68.94,-1143.25,-10051.01,557.04,8635.49,-2292.34,76.53,1720.32,-2215.81,-495.48
1841,535.85,1329.1,1715.49,160.21,93.3,-47.54,-1157.71,-10048.76,555.8,8631.59,-2282.59,74.26,1767.34,-2208.33,-440.99
1851,563.03,1304.43,1738.66,160.35,96.73,-59.29,-1134.18,-9988.66,552.07,8607.46,-2333.88,76.13,1840.59,-2257.76,-417.16
1861,534.36,1322.25,1761.6,147.7,73.01,-48.68,-1143.11,-9953.41,547.42,8548.51,-2329.06,77.79,1789.66,-2251.27,-461.61
1871,548.99,1337.64,1727.8,164.29,85.49,-48.73,-1127.97,-10007.18,560.84,8597.5,-2349.21,77.06,1838.68,-2272.15,-433.47
1881,558.25,1305.96,1769.78,158.93,92.59,-51.95,-1136.35,-10036.35,548.4,8628.31,-2313.93,76.11,1837.57,-2237.82,-400.24
1891,554.34,1320.15,1737.56,143.51,90.28,-68.77,-1139.04,-10042.99,551.04,8621.78,-2311.35,76.87,1767.87,-2234.48,-466.61
1901,522.03,1264.65,1741.35,144.92,90.63,-65.55,-1126.84,-10070.7,556.89,8641.64,-2316.61,75.98,1699.02,-2240.63,-541.61
1911,575.31,1362.8,1720.99,154.75,79.1,-42.63,-1146.33,-10055.91,555.4,8570.64,-2268.82,75.17,1774.13,-2193.65,-419.51
1921,602.71,1291.94,1736.66,155.61,80.76,-53.12,-1145.69,-10065.69,562.9,8633.9,-2314.99,75.38,1799.99,-2239.61,-439.62
1931,529.76,1339.87,1751.95,148.07,91.53,-65.85,-1132.25,-10104.14,554.06,8613.34,-2257.46,74.72,1726.35,-2182.74,-456.39
1941,566.22,1360.67,1735.07,158.86,81.36,-66.67,-1172.52,-9974.44,543.55,8602.72,-2350.73,74.92,1834.84,-2275.81,-440.97
1951,540.91,1381.89,1724.36,153.05,86.09,-65.29,-1141.82,-10078.57,548.89,8610.44,-2273.43,76.36,1759.96,-2197.08,-437.12
1961,578.48,1349.38,1736.72,149.29,98.43,-72.63,-1146.93,-9958.95,553.63,8572.84,-2354.14,76.35,1860.26,-2277.78,-417.52
1971,579.86,1363.26,1766.86,153.89,86.44,-64.84,-1164.59,-10022.56,551.54,8593.34,-2311.52,75.02,1843.2,-2236.5,-393.29
1981,562.92,1322.07,1743.45,159.64,80.97,-55.26,-1136.03,-10039.86,562.6,8624.82,-2308.82,77.55,1825.32,-2231.27,-405.95
1991,546.71,1333.97,1746.78,161.97,84.69,-63.71,-1134.44,-10042.83,566.02,8609.5,-2305.28,75.96,1808.67,-2229.32,-420.65
2001,560.28,1369.12,1746.02,157.97,81.55,-68.56,-1134.46,-10068.06,560.39,8581.28,-2259.32,75.56,1785.53,-2183.76,-398.24
2011,561.5,1395.64,1733.36,156.68,81.2,-69.49,-1151.36,-9943.17,550.36,8598.52,-2383.23,74.87,1913.23,-2308.36,-395.14
2021,563.8,1336.8,1749.61,152.48,87.08,-59.14,-1153.28,-10053.16,554.4,8627.08,-2304.21,75.44,1805.67,-2228.77,-423.1
2031,566.99,1350.46,1742.13,155.4,73.28,-70.93,-1133.91,-9977.39,550.43,8564.29,-2332.51,77.81,1820.76,-2254.7,-433.94
2041,555.55,1360.1,1751.57,154.53,78.47,-73.41,-1172.53,-10008.66,556.41,8603.53,-2306.71,75.9,1805.56,-2230.81,-425.25
2051,581.79,1361.53,1726.06,162.36,86.12,-66.46,-1163.02,-10015.16,554.12,8592.74,-2319.86,74.76,1820.1,-2245.11,-425.01
2061,539.15,1287.47,1743.71,152.36,81.09,-69.31,-1111.39,-10123.3,571.96,8668.54,-2276.13,76.05,1740.28,-2200.08,-459.8
2071,570.87,1299.54,1745.55,147.67,90.21,-67.35,-1144.48,-10037.6,548.56,8603.17,-2308.86,75.68,1756.14,-2233.19,-477.05
2081,587.13,1375.99,1760.51,155.76,100.16,-58.2,-1159.08,-10083.71,553.5,8578.06,-2235.5,75.26,1810.11,-2160.24,-350.13
2091,554.01,1342.85,1708.06,150.45,74.25,-54.68,-1133.54,-10001.26,531.03,8540.6,-2297.17,76.41,1711.76,-2220.75,-508.99
2101,563.13,1364.88,1730.27,147.91,79.81,-49.02,-1132.05,-10058.45,555.41,8589.88,-2278.12,78.01,1791.78,-2200.1,-408.32
2111,574.68,1294.22,1776.36,158.1,82.14,-65.92,-1122.24,-10112.52,551.31,8635.66,-2259.67,75.0,1771.79,-2184.67,-412.87
2121,564.38,1383.67,1762.79,156.76,92.12,-70.94,-1131.77,-10082.08,577.78,8568.34,-2265.62,75.81,1821.03,-2189.82,-368.78
2131,569.63,1323.72,1762.46,146.27,94.83,-61.23,-1135.36,-10085.26,553.66,8639.13,-2267.34,76.39,1807.84,-2190.95,-383.11
2141,569.65,1369.02,1742.53,164.41,85.01,-67.73,-1149.18,-10088.52,564.21,8651.08,-2293.73,75.77,1840.48,-2217.96,-377.48
2151,559.49,1331.44,1763.24,148.64,91.31,-61.95,-1140.32,-10113.25,560.5,8731.4,-2301.94,75.09,1870.51,-2226.85,-356.35
2161,585.85,1322.78,1736.9,152.21,90.68,-57.34,-1152.51,-10000.54,542.02,8597.19,-2298.16,75.93,1817.24,-2222.23,-404.99
2171,533.16,1355.89,1752.47,162.32,85.73,-67.95,-1112.97,-10135.54,568.66,8639.01,-2240.67,76.71,1780.78,-2163.96,-383.18
2181,558.49,1358.27,1744.62,156.72,82.8,-61.95,-1143.58,-10036.14,559.19,8604.65,-2302.94,76.19,1823.06,-2226.75,-403.7
2191,533.36,1327.26,1761.79,157.13,98.07,-54.41,-1174.23,-10054.16,555.65,8620.13,-2301.63,74.57,1770.59,-2227.05,-456.46
2201,559.43,1318.81,1771.18,152.4,85.71,-59.02,-1154.25,-9958.94,546.73,8541.68,-2331.17,74.29,1803.73,-2256.88,-453.15
2211,569.49,1347.92,1730.88,161.79,79.6,-68.48,-1145.06,-9973.83,567.4,8560.17,-2343.73,75.64,1829.88,-2268.09,-438.21
2221,594.04,1323.77,1735.66,153.98,86.16,-65.05,-1138.29,-9979.75,555.66,8598.63,-2368.48,75.51,1864.82,-2292.97,-428.15
2231,534.0,1316.44,1749.08,152.99,83.99,-75.17,-1142.98,-9996.92,576.25,8600.24,-2343.08,75.69,1797.91,-2267.39,-469.48
2241,584.71,1321.86,1734.11,156.79,88.78,-57.37,-1123.65,-9977.82,559.45,8563.85,-2343.24,76.71,1850.72,-2266.52,-415.81
2251,571.55,1316.46,1715.24,150.29,82.53,-70.11,-1135.66,-9973.34,539.08,8644.05,-2377.94,77.5,1840.1,-2300.44,-460.34
2261,574.88,1337.0,1724.5,154.57,91.02,-67.74,-1127.15,-9991.9,539.55,8548.72,-2316.28,77.41,1783.44,-2238.87,-455.43
2271,556.92,1342.33,1732.31,171.1,80.77,-64.16,-1139.1,-9967.14,569.02,8578.91,-2339.09,77.93,1860.96,-2261.16,-400.2
2281,526.66,1330.47,1727.82,156.57,89.93,-58.31,-1113.3,-10120.16,557.53,8670.01,-2274.19,76.61,1767.22,-2197.58,-430.35
2291,553.8,1310.24,1754.47,144.33,80.82,-67.62,-1142.09,-10107.8,549.51,8637.48,-2282.39,75.97,1713.13,-2206.42,-493.29
2301,592.66,1269.73,1725.23,150.71,73.15,-61.33,-1145.3,-10081.55,551.87,8663.74,-2280.95,75.41,1738.92,-2205.55,-466.63
2311,563.58,1332.67,1729.31,152.19,88.44,-61.34,-1144.18,-9983.46,553.92,8676.82,-2389.49,76.85,1907.95,-2312.63,-404.69
2321,561.04,1412.39,1738.56,155.43,86.85,-55.77,-1153.43,-10012.58,561.0,8668.74,-2342.07,76.1,1962.23,-2265.97,-303.73
2331,581.28,1324.44,1741.55,169.33,87.7,-66.65,-1152.81,-10056.83,560.45,8646.94,-2311.41,74.94,1835.39,-2236.47,-401.08
2341,530.25,1349.19,1766.1,160.78,89.0,-60.55,-1149.57,-10073.33,575.81,8663.02,-2319.96,76.75,1850.69,-2243.2,-392.52
2351,548.55,1281.92,1727.6,149.2,80.41,-67.66,-1151.29,-10070.92,554.78,8680.7,-2323.83,76.04,1733.27,-2247.79,-514.52
2361,571.29,1349.6,1720.19,151.62,81.47,-68.74,-1133.41,-10086.88,555.17,8621.52,-2278.68,75.9,1761.82,-2202.78,-440.96
2371,603.04,1368.26,1738.89,155.6,74.31,-63.53,-1141.31,-10067.17,544.9,8676.64,-2350.38,77.15,1889.65,-2273.23,-383.59
2381,558.1,1308.33,1697.35,153.93,83.66,-60.2,-1130.95,-10084.46,548.15,8679.98,-2315.61,77.11,1753.89,-2238.49,-484.6
2391,565.2,1360.96,1740.68,151.03,88.4,-57.33,-1130.93,-10076.39,558.06,8637.21,-2288.94,76.33,1836.89,-2212.61,-375.72
2401,565.23,1271.05,1745.67,154.55,76.97,-61.03,-1131.25,-10120.53,550.54,8692.5,-2286.47,75.88,1743.71,-2210.58,-466.87
2411,556.35,1351.95,1732.76,150.34,83.82,-67.69,-1147.37,-10088.75,548.14,8624.9,-2281.84,75.77,1744.46,-2206.07,-461.61
2421,561.08,1362.49,1729.58,150.62,76.48,-68.3,-1145.8,-10043.18,544.06,8665.74,-2342.77,76.34,1832.77,-2266.44,-433.67
2431,580.93,1290.27,1709.75,151.43,90.13,-59.7,-1136.28,-10074.45,556.93,8632.47,-2303.77,74.73,1741.5,-2229.05,-487.55
2441,534.81,1269.33,1733.25,148.68,78.07,-53.61,-1133.45,-10125.42,557.51,8708.51,-2294.76,77.21,1717.67,-2217.56,-499.89
2451,584.2,1333.01,1735.98,158.07,90.39,-49.87,-1144.91,-10101.44,540.67,8600.72,-2281.64,76.3,1746.83,-2205.34,-458.52
2461,533.47,1335.05,1741.31,149.67,86.46,-55.26,-1128.61,-10011.39,572.38,8626.19,-2347.04,77.03,1849.26,-2270.01,-420.75
2471,562.26,1349.14,1745.89,149.0,86.5,-64.17,-1141.15,-10151.37,562.11,8656.28,-2236.73,75.22,1754.49,-2161.5,-407.01
2481,601.26,1393.91,1729.11,166.71,91.97,-59.87,-1155.52,-10010.88,548.53,8532.02,-2267.62,76.11,1837.24,-2191.51,-354.26
2491,552.75,1315.7,1741.0,152.52,91.96,-64.97,-1143.79,-10137.29,560.39,8697.03,-2253.34,75.99,1765.31,-2177.35,-412.04
2501,594.59,1329.08,1729.96,150.66,75.98,-54.17,-1133.17,-10133.1,554.87,8618.74,-2239.6,75.29,1733.44,-2164.31,-430.87
2511,577.3,1350.3,1747.96,153.79,90.97,-52.64,-1144.89,-10129.13,552.17,8565.11,-2202.66,74.74,1710.92,-2127.92,-417.01
2521,579.0,1327.63,1738.47,154.91,88.05,-58.3,-1118.92,-10150.62,551.96,8606.56,-2217.86,76.45,1718.74,-2141.4,-422.67
2531,579.24,1325.86,1740.35,148.08,86.34,-50.15,-1129.24,-10093.48,563.54,8615.33,-2260.6,75.74,1785.88,-2184.86,-398.98
2541,578.86,1346.63,1720.81,156.73,88.28,-61.22,-1177.08,-10223.66,577.6,8714.96,-2185.38,74.2,1721.9,-2111.19,-389.28
2551,566.31,1364.25,1737.45,155.05,83.32,-59.54,-1141.16,-10136.02,543.79,8623.45,-2237.32,75.47,1736.92,-2161.85,-424.93
2561,557.16,1378.01,1739.08,157.47,75.71,-64.54,-1165.65,-10084.22,537.47,8633.95,-2268.64,75.36,1764.44,-2193.28,-428.84
2571,578.01,1326.44,1738.32,159.53,79.06,-49.04,-1125.37,-10158.8,543.71,8642.77,-2222.55,75.61,1734.63,-2146.94,-412.31
2581,567.22,1316.93,1760.56,154.38,84.14,-50.18,-1134.15,-10158.55,553.04,8649.25,-2247.88,75.97,1742.63,-2171.91,-429.27
2591,577.53,1328.3,1744.44,158.83,92.15,-65.19,-1160.13,-10206.23,563.09,8655.81,-2184.64,74.53,1688.61,-2110.11,-421.5
2601,577.34,1322.65,1719.14,151.76,89.63,-69.75,-1129.64,-10175.15,533.92,8676.5,-2229.73,73.95,1696.39,-2155.78,-459.39
2611,559.84,1347.49,1733.62,153.2,80.55,-73.17,-1108.27,-10128.79,573.62,8665.58,-2276.91,75.87,1803.66,-2201.04,-397.37
2621,543.4,1397.47,1718.1,155.79,78.75,-60.47,-1151.18,-10078.45,541.17,8674.82,-2312.19,75.15,1819.39,-2237.04,-417.65
2631,557.38,1358.02,1742.8,158.88,90.94,-69.23,-1130.0,-10112.13,546.18,8677.1,-2301.42,75.6,1819.96,-2225.82,-405.86
2641,588.05,1347.5,1732.4,163.1,89.36,-54.2,-1132.91,-10048.68,545.58,8606.93,-2325.2,74.51,1837.12,-2250.69,-413.57
2651,558.17,1358.71,1763.99,155.5,83.87,-72.08,-1145.05,-10053.05,569.1,8681.93,-2358.69,76.35,1901.1,-2282.33,-381.24
2661,566.83,1306.33,1745.95,145.94,86.87,-43.62,-1117.24,-10091.35,556.91,8662.17,-2315.93,76.54,1818.79,-2239.4,-420.61
2671,554.8,1297.5,1725.85,157.47,86.62,-47.72,-1138.6,-10141.12,558.48,8738.39,-2314.2,75.91,1791.68,-2238.29,-446.62
2681,586.51,1311.36,1781.42,157.35,89.72,-70.79,-1140.61,-10074.02,557.6,8680.19,-2334.67,76.36,1878.71,-2258.31,-379.6
2691,564.71,1327.15,1756.89,155.9,87.99,-61.31,-1149.15,-10117.3,546.23,8658.4,-2306.75,75.55,1769.52,-2231.2,-461.69
2701,574.65,1329.65,1728.94,152.39,72.45,-59.85,-1145.76,-10172.69,570.53,8683.79,-2245.64,74.93,1734.11,-2170.71,-436.6
2711,541.88,1324.83,1744.47,148.93,85.46,-58.27,-1145.65,-10054.63,572.21,8653.36,-2328.91,76.35,1812.58,-2252.56,-439.98
2721,561.84,1303.86,1727.55,154.44,86.4,-53.11,-1129.85,-10024.22,569.0,8656.31,-2361.95,75.51,1852.22,-2286.43,-434.22
2731,586.28,1335.66,1750.32,161.82,86.0,-56.81,-1128.61,-10038.42,547.89,8667.52,-2353.1,74.55,1911.63,-2278.55,-366.93
2741,563.73,1332.86,1734.24,154.41,89.67,-52.35,-1123.97,-9965.93,553.49,8600.42,-2408.99,75.05,1886.57,-2333.93,-447.36
2751,574.85,1366.35,1742.33,157.69,90.26,-66.52,-1126.58,-10044.46,561.08,8660.99,-2365.93,74.75,1915.98,-2291.18,-375.2
2761,551.09,1320.27,1751.31,153.54,98.61,-54.26,-1098.28,-10112.49,558.51,8658.18,-2315.82,76.43,1826.49,-2239.38,-412.9
2771,548.6,1335.01,1763.48,156.0,78.64,-54.4,-1147.4,-10019.18,547.13,8618.65,-2369.71,74.91,1826.54,-2294.8,-468.26
2781,560.53,1317.82,1740.83,154.71,89.7,-62.12,-1120.27,-10063.05,571.46,8655.42,-2333.07,75.48,1845.03,-2257.59,-412.55
2791,583.84,1321.04,1724.0,148.22,88.78,-59.94,-1142.61,-10000.28,555.63,8619.78,-2336.99,75.67,1838.45,-2261.32,-422.87
2801,566.88,1346.43,1735.9,154.59,84.27,-66.48,-1113.16,-10118.03,557.26,8627.63,-2286.22,76.87,1775.31,-2209.35,-434.04
2811,532.16,1320.28,1720.64,151.19,87.94,-56.44,-1112.3,-10126.36,570.38,8726.62,-2315.71,76.46,1814.09,-2239.24,-425.15
2821,565.16,1336.62,1745.21,162.11,93.6,-62.6,-1121.53,-10155.84,556.16,8632.04,-2232.68,76.37,1750.93,-2156.3,-405.37
2831,533.09,1379.71,1730.32,157.18,92.58,-50.59,-1123.54,-10151.12,562.21,8679.81,-2260.33,76.02,1809.64,-2184.31,-374.67
2841,543.82,1340.77,1754.58,160.37,102.56,-62.31,-1128.22,-10137.68,564.48,8658.87,-2306.42,75.18,1797.26,-2231.24,-433.98
2851,562.12,1318.75,1732.6,150.74,88.69,-60.52,-1130.58,-10151.55,552.17,8671.6,-2245.01,75.7,1734.02,-2169.3,-435.29
2861,617.87,1339.77,1702.42,155.15,81.66,-60.79,-1121.36,-10121.36,546.52,8646.43,-2327.07,77.98,1786.31,-2249.09,-462.78
2871,607.11,1340.97,1749.17,156.72,75.12,-68.29,-1125.78,-10105.35,562.11,8649.17,-2287.66,76.57,1840.95,-2211.1,-370.14
2881,589.36,1347.42,1742.51,158.39,82.36,-71.19,-1124.36,-10088.63,549.67,8651.18,-2318.79,77.4,1836.7,-2241.39,-404.69
2891,580.53,1320.73,1737.69,156.59,77.37,-62.88,-1114.3,-10058.72,547.58,8632.22,-2318.93,75.95,1816.81,-2242.97,-426.16
2901,548.9,1328.46,1737.92,151.6,83.23,-64.08,-1145.31,-10067.26,561.06,8691.55,-2348.49,75.26,1826.07,-2273.23,-447.16
2911,541.55,1314.66,1708.66,149.64,79.56,-61.66,-1139.53,-10011.69,547.67,8667.78,-2382.48,77.04,1796.65,-2305.44,-508.79
2921,584.9,1318.56,1712.14,152.15,93.34,-49.51,-1131.88,-9990.76,559.7,8619.06,-2374.27,77.7,1867.71,-2296.57,-428.86
2931,535.59,1308.54,1734.05,154.31,95.24,-51.92,-1135.57,-10167.74,548.78,8707.96,-2278.31,76.19,1729.24,-2202.12,-472.88
2941,574.48,1293.86,1686.74,154.32,76.62,-51.0,-1101.68,-10156.08,567.57,8698.04,-2273.85,77.67,1742.89,-2196.18,-453.3
2951,545.51,1337.91,1714.23,156.03,86.79,-62.25,-1146.96,-10185.66,552.37,8694.61,-2238.2,75.68,1692.58,-2162.52,-469.94
2961,582.39,1356.79,1748.58,157.63,94.71,-62.95,-1145.2,-10120.91,556.92,8651.1,-2282.98,77.29,1819.06,-2205.69,-386.63
2971,583.17,1273.2,1736.4,146.53,89.38,-68.99,-1134.76,-10110.13,565.59,8657.81,-2279.8,76.13,1738.2,-2203.68,-465.47
2981,554.64,1309.26,1744.99,151.9,88.97,-70.79,-1162.26,-10120.67,551.78,8611.89,-2255.34,75.69,1659.71,-2179.64,-519.93
2991,534.02,1294.03,1726.96,138.72,80.53,-58.32,-1119.82,-10106.07,562.55,8618.45,-2275.13,76.46,1671.04,-2198.67,-527.63
3001,574.7,1330.48,1757.85,155.35,80.28,-76.41,-1131.98,-10088.35,557.18,8632.68,-2281.08,75.18,1791.78,-2205.9,-414.12
3011,550.96,1326.54,1722.09,153.8,81.29,-72.46,-1124.18,-10135.9,563.44,8667.09,-2262.42,77.55,1732.68,-2184.88,-452.2
3021,587.57,1311.85,1727.86,152.44,82.87,-64.88,-1119.17,-10108.6,530.46,8657.94,-2296.65,75.83,1758.35,-2220.82,-462.48
3031,533.6,1338.55,1736.26,156.12,81.83,-69.03,-1119.28,-10045.34,575.27,8622.27,-2300.96,76.19,1810.26,-2224.77,-414.51
3041,582.59,1346.85,1758.36,156.23,86.08,-57.63,-1147.76,-10009.77,550.42,8570.38,-2307.54,74.89,1835.75,-2232.65,-396.9
3051,556.31,1268.73,1743.15,141.37,93.56,-63.77,-1151.62,-10096.82,547.23,8656.08,-2286.12,75.67,1694.22,-2210.45,-516.23
3061,557.67,1377.55,1746.04,155.51,84.15,-56.47,-1120.71,-10063.77,536.63,8644.2,-2308.34,75.76,1860.79,-2232.58,-371.79
3071,559.17,1359.59,1752.77,155.44,96.28,-71.37,-1110.66,-10090.18,562.03,8612.43,-2274.68,73.44,1825.5,-2201.25,-375.75
3081,581.73,1342.04,1769.24,160.84,85.34,-48.71,-1171.64,-9995.78,559.54,8573.68,-2312.51,74.86,1856.28,-2237.65,-381.37
3091,583.96,1335.32,1710.39,150.65,84.14,-61.18,-1139.05,-10127.46,555.77,8672.35,-2286.54,74.17,1764.89,-2212.37,-447.48
3101,567.0,1317.59,1735.41,148.72,84.89,-61.02,-1128.7,-10070.91,559.01,8627.51,-2299.22,76.27,1779.5,-2222.95,-443.45
3111,555.87,1351.89,1713.17,149.42,75.03,-63.95,-1133.53,-10045.59,550.54,8601.84,-2313.1,75.14,1754.69,-2237.96,-483.27
3121,568.42,1322.48,1753.92,143.95,76.1,-71.8,-1130.08,-9991.56,570.2,8615.48,-2360.53,75.34,1857.11,-2285.19,-428.08
3131,536.13,1307.07,1736.63,150.45,79.44,-59.86,-1140.48,-9962.12,552.47,8586.1,-2370.94,75.41,1785.82,-2295.53,-509.71
3141,557.49,1307.28,1731.94,152.28,82.3,-67.46,-1141.91,-10032.43,549.48,8671.16,-2345.36,76.06,1810.13,-2269.3,-459.17
3151,563.96,1373.6,1752.11,158.66,85.2,-66.16,-1160.01,-10049.99,561.39,8596.6,-2300.05,75.68,1815.36,-2224.36,-409.01
3161,574.08,1297.93,1755.59,156.57,83.62,-56.24,-1169.87,-9994.96,544.26,8624.84,-2335.62,75.88,1815.82,-2259.74,-443.92
3171,572.24,1298.99,1749.36,145.04,79.22,-57.07,-1132.69,-10070.28,552.57,8632.51,-2295.46,74.97,1769.89,-2220.49,-450.6
3181,567.85,1364.12,1761.75,149.11,78.28,-59.45,-1150.09,-10015.33,529.69,8598.74,-2317.0,75.87,1824.67,-2241.13,-416.46
3191,552.7,1335.98,1750.84,157.67,97.34,-79.88,-1131.23,-10122.87,568.94,8610.49,-2246.8,73.55,1739.98,-2173.25,-433.26
3201,568.66,1379.8,1711.48,151.43,77.06,-62.32,-1138.23,-10109.62,560.51,8620.55,-2253.47,76.06,1759.33,-2177.41,-418.09
3211,554.45,1323.26,1744.57,153.27,85.35,-67.91,-1126.95,-10076.53,564.4,8563.9,-2257.09,75.26,1717.79,-2181.84,-464.05
3221,605.18,1378.19,1774.91,160.69,98.62,-69.67,-1152.67,-10022.66,548.61,8591.94,-2301.15,74.68,1913.14,-2226.47,-313.34
3231,538.37,1311.67,1751.15,159.29,93.87,-66.07,-1156.07,-10119.25,570.29,8643.26,-2259.18,75.14,1726.5,-2184.04,-457.54
3241,542.56,1284.75,1753.88,154.92,89.35,-57.68,-1150.04,-10113.68,576.87,8657.28,-2261.85,75.85,1738.22,-2186.0,-447.79
3251,544.26,1315.48,1731.69,147.75,87.35,-57.86,-1138.14,-10169.65,563.16,8656.71,-2219.26,74.77,1680.76,-2144.49,-463.73
3261,590.14,1299.63,1743.71,148.78,81.67,-65.92,-1135.41,-10086.11,574.05,8631.3,-2287.83,74.23,1781.86,-2213.6,-431.74
3271,557.84,1328.82,1733.58,151.12,85.45,-54.13,-1174.63,-10103.79,560.82,8656.26,-2255.98,73.28,1741.33,-2182.7,-441.36
3281,570.09,1322.1,1724.6,147.37,82.91,-59.8,-1159.71,-10079.49,565.94,8576.43,-2220.86,73.13,1690.44,-2147.73,-457.29
3291,537.02,1294.93,1722.85,151.43,89.47,-62.84,-1153.19,-10099.85,569.58,8637.79,-2256.79,74.04,1687.19,-2182.75,-495.56
3301,542.82,1331.01,1754.29,155.17,87.8,-56.03,-1149.45,-10163.28,586.9,8625.13,-2232.26,73.67,1714.37,-2158.59,-444.22
3311,571.01,1292.72,1744.88,148.68,89.07,-62.55,-1130.47,-10136.47,556.78,8607.11,-2230.72,75.11,1680.76,-2155.61,-474.85
3321,569.6,1377.54,1729.6,158.33,78.62,-64.11,-1134.54,-10113.86,539.87,8588.34,-2228.16,73.38,1729.38,-2154.78,-425.4
3331,527.63,1338.7,1746.98,156.01,87.49,-57.22,-1134.89,-10157.17,558.55,8639.8,-2219.73,73.8,1705.89,-2145.94,-440.05
3341,581.89,1317.01,1739.57,157.27,87.1,-71.91,-1147.59,-10174.97,548.5,8659.53,-2209.57,74.53,1696.39,-2135.04,-438.65
3351,560.49,1325.98,1761.55,147.96,89.9,-49.78,-1138.8,-10172.57,559.59,8613.76,-2199.03,73.69,1698.09,-2125.35,-427.26
3361,565.83,1334.66,1732.7,153.14,82.5,-51.98,-1150.17,-10135.28,550.51,8652.22,-2241.99,74.49,1734.13,-2167.5,-433.38
3371,555.59,1307.55,1729.32,154.57,78.39,-66.25,-1147.29,-10153.95,544.41,8641.3,-2222.43,74.09,1643.64,-2148.33,-504.69
3381,543.24,1263.83,1749.94,156.34,83.03,-56.99,-1148.69,-10140.36,581.07,8652.26,-2242.12,74.87,1683.67,-2167.26,-483.58
3391,602.07,1333.85,1753.33,151.81,97.56,-75.7,-1145.8,-10065.69,543.35,8601.95,-2272.61,76.51,1796.72,-2196.1,-399.38
3401,589.92,1292.45,1722.45,155.22,92.99,-66.0,-1149.93,-10112.55,549.66,8643.28,-2266.25,74.19,1717.49,-2192.06,-474.58
3411,547.8,1376.94,1759.95,159.73,94.02,-65.67,-1137.5,-10000.18,553.77,8630.71,-2373.78,75.69,1919.56,-2298.09,-378.54
3421,563.01,1309.23,1752.49,152.74,80.65,-74.87,-1137.6,-10127.83,563.72,8652.0,-2256.52,75.08,1733.56,-2181.44,-447.88
3431,564.98,1334.18,1714.43,151.55,85.24,-66.84,-1153.06,-10058.02,565.65,8691.31,-2345.97,76.26,1829.42,-2269.71,-440.29
3441,584.8,1298.51,1751.73,156.55,86.02,-57.28,-1136.25,-10169.85,554.62,8649.86,-2222.12,74.3,1718.71,-2147.82,-429.12
3451,596.54,1327.29,1746.82,155.81,80.72,-72.51,-1144.46,-10123.18,536.1,8631.0,-2263.5,75.42,1734.14,-2188.08,-453.94
3461,552.9,1347.29,1735.24,155.19,92.42,-58.29,-1117.85,-10132.13,551.33,8621.43,-2256.32,75.46,1747.53,-2180.86,-433.33
3471,565.8,1338.29,1764.99,153.2,95.73,-63.27,-1144.77,-10119.95,555.83,8631.18,-2253.1,74.59,1777.04,-2178.51,-401.47
3481,620.81,1329.61,1750.95,147.87,84.94,-58.37,-1140.75,-10139.79,549.32,8617.3,-2238.19,74.27,1761.89,-2163.93,-402.04
3491,537.35,1332.67,1738.05,148.24,91.35,-61.11,-1123.93,-10165.17,563.59,8653.83,-2235.03,74.75,1714.88,-2160.27,-445.39
3501,545.86,1369.04,1749.03,157.77,93.12,-68.69,-1158.19,-10181.73,574.64,8639.08,-2205.06,73.48,1719.92,-2131.58,-411.66
3511,550.57,1338.31,1745.79,152.28,81.52,-66.26,-1163.87,-10094.28,549.39,8634.45,-2274.21,74.03,1727.91,-2200.18,-472.27
3521,530.72,1385.08,1743.71,166.27,84.62,-55.93,-1171.23,-10047.53,571.49,8583.17,-2269.89,75.13,1790.38,-2194.76,-404.38
3531,589.06,1369.29,1762.09,156.5,86.28,-75.67,-1141.1,-10135.11,543.42,8609.06,-2234.0,74.25,1763.83,-2159.75,-395.93
3541,518.81,1332.74,1770.02,154.92,97.63,-52.84,-1141.79,-10155.64,547.71,8635.96,-2235.27,74.17,1707.5,-2161.09,-453.59
3551,554.83,1274.61,1767.81,144.21,90.66,-62.81,-1168.31,-10124.12,556.72,8682.62,-2263.77,74.37,1716.22,-2189.4,-473.18
3561,606.01,1353.71,1751.9,148.94,101.06,-64.26,-1157.45,-10120.32,551.68,8633.56,-2257.12,73.46,1804.84,-2183.66,-378.82
3571,567.33,1317.7,1747.07,154.67,76.71,-53.12,-1146.68,-10083.24,556.52,8595.7,-2277.01,74.1,1732.64,-2202.91,-470.27
3581,554.7,1295.97,1732.21,151.34,77.94,-62.79,-1137.41,-10125.12,550.52,8590.8,-2246.64,75.08,1628.15,-2171.56,-543.4
3591,539.49,1352.54,1729.47,162.94,80.31,-66.56,-1143.07,-10123.12,571.21,8683.27,-2273.45,74.6,1786.48,-2198.85,-412.37
3601,548.04,1295.77,1741.32,153.24,89.94,-68.4,-1150.85,-10068.59,593.53,8645.97,-2288.0,73.32,1779.97,-2214.68,-434.71
3611,569.81,1353.72,1731.27,156.32,77.31,-65.05,-1138.01,-10112.11,547.98,8622.31,-2266.05,73.19,1743.57,-2192.86,-449.3
3621,573.32,1354.55,1746.87,152.33,82.89,-64.23,-1166.23,-10108.53,549.06,8643.21,-2252.96,74.48,1763.24,-2178.48,-415.24
3631,591.74,1313.51,1745.63,158.57,83.36,-61.58,-1136.55,-10100.48,569.43,8625.35,-2272.93,75.95,1788.98,-2196.98,-408.0
3641,545.4,1389.74,1742.91,161.76,84.87,-61.67,-1178.11,-10096.19,546.95,8622.65,-2245.86,73.09,1758.31,-2172.78,-414.47
3651,572.48,1355.3,1721.96,155.97,83.26,-48.25,-1150.15,-10132.38,541.46,8635.95,-2263.51,75.2,1735.6,-2188.32,-452.71
3661,600.84,1333.81,1736.58,158.58,81.57,-69.27,-1134.72,-10046.66,566.98,8633.03,-2317.47,76.72,1860.73,-2240.75,-380.02
3671,540.32,1319.0,1755.32,155.47,89.24,-55.04,-1149.27,-10063.89,551.99,8617.42,-2304.27,74.84,1760.54,-2229.42,-468.88
3681,543.99,1367.75,1749.68,149.76,85.07,-68.95,-1152.97,-10091.97,559.61,8625.38,-2274.83,74.57,1767.35,-2200.26,-432.91
3691,524.23,1348.91,1737.18,159.33,88.7,-62.3,-1151.01,-10087.85,562.63,8672.95,-2314.0,75.91,1792.78,-2238.09,-445.31
3701,612.1,1302.32,1741.97,154.38,87.07,-64.68,-1135.79,-10044.74,560.01,8644.65,-2329.84,74.84,1857.29,-2255.0,-397.71
3711,571.84,1363.38,1761.24,156.34,90.9,-64.51,-1149.23,-10105.63,556.01,8590.59,-2244.25,73.93,1770.92,-2170.32,-399.4
3721,547.61,1264.77,1731.72,150.73,94.79,-54.12,-1147.38,-10076.29,538.61,8648.62,-2285.05,75.26,1699.06,-2209.79,-510.73
3731,569.27,1328.69,1747.97,149.97,83.85,-53.88,-1148.84,-10047.83,550.17,8630.47,-2299.82,74.77,1809.84,-2225.05,-415.21
3741,564.46,1338.83,1748.62,146.69,70.24,-65.96,-1136.92,-10058.55,564.47,8630.11,-2297.35,74.29,1802.0,-2223.06,-421.06
3751,555.67,1374.01,1746.54,156.28,79.54,-59.03,-1143.04,-9998.91,553.7,8561.1,-2324.35,74.92,1825.85,-2249.43,-423.58
3761,545.35,1340.36,1739.87,152.62,88.19,-58.06,-1144.61,-10009.05,561.15,8591.68,-2323.12,76.6,1807.49,-2246.52,-439.03
3771,565.08,1353.91,1751.38,147.77,77.46,-73.31,-1151.13,-10079.72,577.65,8585.13,-2262.4,75.4,1754.22,-2187.0,-432.78
3781,596.63,1371.2,1745.39,159.42,90.13,-69.56,-1130.74,-10065.36,545.92,8592.52,-2304.11,75.2,1835.55,-2228.92,-393.36
3791,600.17,1372.94,1753.12,164.07,91.36,-69.39,-1171.09,-10044.04,545.34,8576.9,-2269.99,75.01,1819.38,-2194.98,-375.6
3801,589.8,1334.95,1756.07,145.29,96.43,-57.66,-1152.09,-10060.77,548.83,8639.47,-2296.22,76.12,1840.31,-2220.1,-379.79
3811,556.44,1282.59,1759.09,151.02,78.76,-66.29,-1134.76,-10039.18,566.38,8628.16,-2311.19,75.09,1782.21,-2236.1,-453.89
3821,578.78,1267.36,1732.55,155.31,93.42,-56.26,-1147.91,-10058.7,556.8,8665.68,-2329.89,75.11,1787.04,-2254.78,-467.74
3831,587.09,1344.08,1738.65,149.6,76.39,-57.68,-1159.37,-10066.6,545.33,8613.4,-2296.28,75.68,1770.91,-2220.6,-449.69
3841,551.37,1337.19,1748.29,150.19,91.72,-52.38,-1134.83,-10052.62,537.19,8628.32,-2297.67,74.15,1804.45,-2223.53,-419.07
3851,539.37,1365.74,1744.14,163.42,73.52,-59.99,-1172.13,-10078.78,551.24,8661.56,-2277.05,74.41,1788.09,-2202.64,-414.55
3861,569.24,1342.96,1753.4,145.52,79.15,-59.43,-1163.53,-9989.32,553.32,8597.83,-2343.37,75.39,1829.12,-2267.99,-438.86
3871,571.1,1350.44,1767.64,159.54,85.82,-55.93,-1153.28,-10119.91,548.83,8585.7,-2223.17,74.87,1739.96,-2148.3,-408.34
3881,592.36,1301.76,1752.32,151.48,85.7,-72.09,-1126.16,-10054.97,561.09,8582.96,-2284.7,76.67,1774.45,-2208.03,-433.59
3891,538.29,1325.08,1745.77,153.02,73.16,-57.85,-1153.52,-10008.7,569.36,8595.67,-2334.32,76.18,1780.27,-2258.14,-477.87
3901,558.55,1329.53,1743.11,150.48,86.35,-56.97,-1154.13,-10045.72,566.98,8562.0,-2279.95,76.05,1740.18,-2203.9,-463.73
3911,574.2,1322.17,1741.32,155.3,80.87,-51.0,-1148.63,-10106.0,546.29,8641.32,-2256.25,74.52,1755.83,-2181.74,-425.91
3921,526.61,1318.45,1733.37,148.38,89.21,-61.14,-1122.26,-10079.28,561.58,8642.94,-2304.22,75.39,1757.86,-2228.83,-470.97
3931,540.77,1342.03,1736.88,148.92,92.56,-56.96,-1136.85,-10056.56,561.42,8598.15,-2273.84,74.19,1770.36,-2199.64,-429.29
3941,536.62,1333.72,1746.11,155.93,81.36,-58.97,-1161.95,-10021.04,549.05,8581.24,-2291.76,72.84,1742.06,-2218.92,-476.86
3951,540.8,1350.68,1764.05,149.31,87.1,-60.66,-1150.18,-10051.36,552.41,8592.01,-2300.4,75.14,1774.17,-2225.26,-451.09
3961,593.93,1295.2,1752.36,141.29,85.57,-68.46,-1149.72,-10122.7,552.18,8643.72,-2246.96,75.57,1723.38,-2171.4,-448.02
3971,574.33,1368.58,1736.95,159.06,74.93,-63.82,-1129.85,-10127.43,560.41,8607.68,-2236.37,75.79,1760.84,-2160.58,-399.74
3981,553.38,1314.13,1769.36,152.52,84.12,-74.45,-1133.4,-10130.82,558.78,8718.83,-2303.89,76.43,1812.46,-2227.46,-415.0
3991,564.9,1290.79,1763.37,154.62,88.38,-75.25,-1118.4,-10142.99,565.41,8661.46,-2273.01,76.69,1752.29,-2196.32,-444.03
4001,550.52,1296.01,1734.06,144.24,77.87,-66.54,-1135.7,-10089.32,561.0,8670.04,-2301.61,74.25,1742.17,-2227.36,-485.19

Receptor Energy Terms
Frame #,BOND,ANGLE,DIHED,UB,IMP,CMAP,VDWAALS,EEL,1-4 VDW,1-4 EEL,EGB,ESURF,GGAS,GSOLV,TOTAL
1,578.42,1292.85,1670.1,151.57,89.07,-57.7,-1085.35,-10148.52,549.26,8674.16,-2261.72,77.7,1713.86,-2184.02,-470.16
11,518.21,1303.92,1668.31,152.01,87.39,-49.83,-1111.84,-10253.71,560.08,8785.22,-2226.47,75.33,1659.76,-2151.14,-491.39
21,556.0,1305.63,1701.22,151.51,83.94,-71.59,-1086.4,-10145.23,542.67,8699.65,-2264.84,75.95,1737.4,-2188.89,-451.49
31,589.64,1300.53,1685.27,154.62,81.18,-53.46,-1094.01,-10099.61,533.38,8653.97,-2304.85,78.15,1751.53,-2226.69,-475.16
41,537.15,1253.88,1693.12,149.53,86.86,-57.11,-1113.55,-10126.9,556.97,8727.43,-2270.91,76.21,1707.38,-2194.69,-487.31
51,559.41,1287.15,1667.6,142.69,94.48,-44.72,-1114.16,-10181.41,552.03,8770.47,-2262.34,76.59,1733.54,-2185.75,-452.21
61,546.8,1269.49,1699.05,145.48,97.39,-62.21,-1082.58,-10125.78,553.49,8742.85,-2314.19,77.42,1783.98,-2236.77,-452.79
71,573.52,1262.46,1671.99,143.1,78.2,-54.15,-1148.4,-10113.96,528.97,8727.18,-2299.39,75.93,1668.89,-2223.46,-554.57
81,536.85,1314.03,1720.25,139.69,86.33,-67.8,-1069.82,-10176.22,538.27,8679.7,-2237.26,76.85,1701.28,-2160.41,-459.14
91,552.15,1314.87,1693.39,143.83,86.42,-49.03,-1096.54,-10098.79,524.0,8634.05,-2282.11,76.99,1704.34,-2205.12,-500.77
101,556.88,1296.4,1690.82,151.96,90.46,-58.9,-1084.99,-10150.14,542.87,8719.98,-2275.48,75.32,1755.32,-2200.17,-444.84
111,535.9,1323.29,1672.97,154.17,76.25,-61.14,-1111.04,-10086.48,544.93,8697.09,-2317.04,77.83,1745.94,-2239.21,-493.27
121,572.22,1241.14,1713.06,150.72,80.55,-58.66,-1118.48,-10085.95,545.64,8682.16,-2312.8,75.96,1722.42,-2236.84,-514.43
131,541.39,1294.08,1681.59,142.73,80.57,-64.97,-1088.9,-10149.42,554.97,8700.32,-2291.36,77.12,1692.36,-2214.24,-521.88
141,565.33,1260.99,1693.81,141.91,80.32,-50.04,-1106.2,-10132.84,536.54,8675.99,-2255.17,75.7,1665.82,-2179.47,-513.65
151,553.61,1295.84,1704.13,140.89,92.4,-76.07,-1110.43,-10045.72,544.87,8644.73,-2330.36,75.65,1744.26,-2254.7,-510.45
161,560.62,1317.06,1689.34,143.11,76.15,-65.06,-1111.68,-10119.28,520.66,8685.63,-2287.45,76.59,1696.55,-2210.86,-514.32
171,520.89,1309.41,1687.94,140.86,91.37,-56.74,-1118.9,-10063.08,535.71,8683.89,-2327.25,76.05,1731.34,-2251.2,-519.86
181,557.89,1344.27,1687.52,140.77,81.57,-66.0,-1107.14,-10122.45,534.29,8642.97,-2253.38,76.22,1693.69,-2177.16,-483.46
191,545.48,1351.34,1657.94,149.58,75.4,-49.29,-1107.68,-10051.97,526.16,8601.37,-2302.83,76.65,1698.31,-2226.18,-527.88
201,580.08,1330.89,1695.67,154.28,82.8,-55.34,-1099.7,-10101.66,528.35,8645.76,-2272.49,76.07,1761.12,-2196.42,-435.3
211,531.74,1299.41,1673.84,146.35,80.63,-62.63,-1119.18,-10023.05,532.71,8665.95,-2358.69,77.54,1725.78,-2281.15,-555.37
221,557.15,1274.52,1664.97,146.68,80.91,-59.88,-1109.13,-10018.25,546.71,8661.08,-2348.38,77.45,1744.77,-2270.93,-526.16
231,590.76,1302.57,1677.29,143.62,85.35,-59.41,-1076.32,-10036.2,529.72,8614.89,-2310.57,75.96,1772.26,-2234.61,-462.35
241,531.34,1301.69,1702.31,148.27,87.19,-50.25,-1111.38,-10086.08,528.76,8633.96,-2269.07,76.03,1685.82,-2193.04,-507.23
251,538.62,1353.04,1682.05,156.3,77.68,-65.18,-1091.05,-10049.03,516.29,8587.13,-2280.53,76.15,1705.85,-2204.39,-498.54
261,563.51,1311.3,1695.24,144.36,84.78,-62.73,-1113.5,-10139.06,531.04,8688.72,-2258.77,75.94,1703.66,-2182.83,-479.17
271,538.31,1289.55,1684.5,148.6,79.12,-59.39,-1107.16,-10144.72,538.35,8657.32,-2237.69,77.04,1624.48,-2160.64,-536.16
281,590.08,1315.17,1677.11,152.22,90.34,-56.5,-1108.29,-10102.48,529.27,8642.41,-2263.88,76.29,1729.31,-2187.59,-458.27
291,563.51,1311.59,1677.78,154.36,74.67,-51.97,-1113.46,-10114.26,526.63,8650.33,-2244.88,75.5,1679.18,-2169.38,-490.2
301,590.95,1308.65,1694.67,145.56,91.18,-47.17,-1122.69,-10149.69,522.84,8660.71,-2230.62,77.16,1695.0,-2153.46,-458.46
311,558.91,1310.75,1694.19,151.59,96.81,-38.43,-1110.25,-10153.43,527.17,8676.1,-2252.99,76.27,1713.4,-2176.72,-463.32
321,580.22,1307.86,1662.15,157.77,85.77,-52.0,-1055.19,-10152.67,517.01,8675.56,-2258.13,77.48,1726.47,-2180.65,-454.18
331,561.36,1290.96,1719.6,149.22,89.35,-46.95,-1099.82,-10128.91,524.13,8637.36,-2247.33,78.57,1696.29,-2168.76,-472.46
341,572.89,1325.13,1671.51,155.85,88.07,-37.25,-1079.46,-10157.66,518.61,8633.36,-2238.21,75.67,1691.04,-2162.53,-471.5
351,570.96,1320.6,1667.09,156.59,90.45,-43.72,-1113.23,-10153.16,533.94,8699.0,-2248.09,78.49,1728.52,-2169.6,-441.07
361,569.05,1312.4,1674.68,156.2,85.92,-49.68,-1112.57,-10226.12,548.79,8694.59,-2193.69,74.86,1653.25,-2118.83,-465.58
371,582.24,1355.93,1674.17,145.49,93.88,-77.53,-1116.71,-10237.42,537.24,8651.43,-2153.64,74.95,1608.73,-2078.69,-469.96
381,563.9,1349.91,1713.4,155.98,94.74,-56.2,-1109.3,-10187.55,530.65,8634.8,-2191.84,75.76,1690.32,-2116.08,-425.76
391,533.35,1308.65,1694.39,147.02,90.48,-55.4,-1111.61,-10219.89,537.69,8697.17,-2200.21,76.42,1621.85,-2123.79,-501.94
401,537.55,1287.47,1697.43,148.1,87.78,-51.56,-1122.59,-10252.4,535.35,8688.86,-2151.98,74.97,1556.0,-2077.01,-521.01
411,532.31,1339.34,1668.54,145.2,84.42,-60.49,-1129.06,-10232.18,528.49,8640.92,-2154.8,75.3,1517.48,-2079.5,-562.03
421,565.35,1328.69,1678.17,153.0,85.31,-55.97,-1112.55,-10155.79,529.0,8631.4,-2190.63,74.54,1646.59,-2116.08,-469.49
431,562.05,1323.54,1688.27,148.58,90.01,-54.85,-1127.25,-10240.04,534.18,8678.22,-2148.53,75.55,1602.72,-2072.98,-470.25
441,553.96,1336.93,1693.03,158.82,89.64,-75.93,-1117.36,-10127.74,529.7,8676.56,-2229.85,75.16,1717.61,-2154.69,-437.08
451,551.28,1272.09,1704.33,148.29,81.52,-52.21,-1119.46,-10142.36,526.3,8671.15,-2215.46,76.08,1640.94,-2139.38,-498.44
461,563.94,1304.3,1698.23,145.93,85.35,-57.8,-1113.01,-10246.33,530.67,8716.92,-2172.44,76.37,1628.21,-2096.07,-467.87
471,547.37,1348.79,1686.59,155.48,82.65,-59.85,-1121.16,-10246.83,526.93,8682.72,-2153.79,75.48,1602.69,-2078.31,-475.61
481,563.56,1280.05,1670.17,152.55,76.78,-53.95,-1117.16,-10237.57,523.58,8701.48,-2210.52,76.72,1559.49,-2133.8,-574.31
491,535.62,1306.1,1707.57,148.3,87.27,-54.29,-1121.52,-10203.92,552.45,8702.65,-2205.58,74.7,1660.24,-2130.88,-470.65
501,558.88,1256.96,1696.22,152.66,82.24,-75.06,-1094.6,-10189.78,541.06,8710.12,-2228.66,76.93,1638.73,-2151.73,-513.01
511,575.22,1328.95,1706.99,150.32,86.01,-59.69,-1135.73,-10236.23,537.09,8725.24,-2183.53,75.14,1678.17,-2108.39,-430.22
521,554.5,1353.61,1687.64,150.57,85.79,-70.96,-1104.13,-10228.29,548.46,8707.14,-2208.49,76.45,1684.34,-2132.04,-447.7
531,542.6,1287.89,1701.07,150.25,85.29,-59.17,-1087.95,-10173.22,567.73,8732.91,-2257.05,77.39,1747.42,-2179.66,-432.24
541,570.2,1342.0,1675.78,160.48,70.86,-53.34,-1109.56,-10171.33,540.33,8657.54,-2226.01,76.07,1682.97,-2149.95,-466.98
551,551.04,1267.61,1676.12,148.46,86.99,-55.39,-1108.81,-10263.52,551.37,8740.47,-2221.02,76.8,1594.35,-2144.22,-549.88
561,562.51,1325.14,1692.4,149.28,79.77,-57.44,-1089.84,-10250.74,537.7,8666.44,-2160.96,75.85,1615.22,-2085.11,-469.88
571,568.87,1266.41,1695.52,141.09,95.21,-56.62,-1123.2,-10198.72,537.54,8660.34,-2174.61,76.28,1586.44,-2098.34,-511.89
581,537.41,1287.66,1707.72,138.98,87.99,-43.27,-1101.89,-10239.93,539.35,8692.02,-2173.77,76.21,1606.04,-2097.55,-491.51
591,541.62,1358.32,1690.0,158.33,88.89,-54.42,-1113.45,-10181.52,539.21,8623.99,-2194.03,75.58,1650.96,-2118.44,-467.48
601,535.62,1264.62,1665.75,140.78,78.07,-57.11,-1101.88,-10212.98,528.71,8659.58,-2182.35,76.19,1501.16,-2106.16,-604.99
611,536.64,1300.78,1709.24,149.5,79.53,-64.64,-1114.79,-10237.46,530.01,8696.59,-2151.76,75.21,1585.39,-2076.55,-491.16
621,541.22,1318.15,1673.59,149.03,93.65,-54.83,-1121.85,-10259.56,541.01,8726.05,-2149.71,75.08,1606.47,-2074.64,-468.17
631,537.53,1351.51,1691.05,157.57,75.56,-72.24,-1122.32,-10196.72,547.72,8715.69,-2216.48,75.37,1685.34,-2141.11,-455.77
641,527.69,1285.25,1704.67,147.16,92.07,-67.9,-1138.78,-10090.73,541.56,8696.16,-2290.45,75.84,1697.15,-2214.61,-517.46
651,558.31,1332.95,1682.63,155.37,83.06,-68.34,-1131.18,-10237.73,556.41,8698.35,-2185.72,75.15,1629.84,-2110.57,-480.73
661,538.29,1334.73,1676.53,155.72,85.07,-59.52,-1115.1,-10226.88,531.64,8688.86,-2189.63,75.01,1609.35,-2114.61,-505.26
671,546.03,1342.53,1714.42,149.77,83.69,-71.24,-1105.96,-10125.98,538.71,8667.7,-2268.37,76.01,1739.67,-2192.36,-452.69
681,550.71,1342.3,1694.23,144.9,93.4,-59.43,-1130.31,-10171.35,537.28,8646.29,-2213.49,75.28,1648.0,-2138.2,-490.2
691,557.09,1286.32,1715.68,153.95,83.92,-62.61,-1144.74,-10182.71,563.39,8659.49,-2194.42,75.33,1629.77,-2119.09,-489.31
701,555.39,1311.52,1692.26,150.36,73.83,-67.92,-1159.67,-10063.71,562.08,8693.72,-2291.9,74.39,1747.85,-2217.52,-469.67
711,566.9,1278.22,1684.52,136.18,87.6,-52.11,-1156.92,-10104.23,535.34,8651.84,-2248.65,74.22,1627.35,-2174.43,-547.07
721,534.58,1318.53,1669.13,152.07,81.7,-62.14,-1103.07,-10167.91,535.68,8682.84,-2247.03,75.07,1641.42,-2171.96,-530.53
731,529.96,1317.71,1676.03,148.3,77.12,-63.28,-1123.27,-10176.59,533.81,8672.19,-2220.91,72.5,1591.97,-2148.4,-556.43
741,580.9,1316.13,1701.44,152.05,88.1,-59.78,-1112.43,-10130.3,539.23,8632.58,-2238.21,74.1,1707.92,-2164.11,-456.19
751,543.48,1300.6,1685.23,142.62,84.84,-54.28,-1126.89,-10171.05,545.86,8744.05,-2244.33,73.95,1694.45,-2170.38,-475.94
761,532.08,1299.01,1652.85,152.58,90.55,-60.34,-1096.16,-10208.05,545.39,8677.1,-2174.25,74.2,1585.01,-2100.05,-515.05
771,581.26,1333.99,1677.01,151.56,88.42,-59.98,-1118.57,-10121.44,531.91,8686.32,-2263.07,75.53,1750.48,-2187.54,-437.06
781,559.08,1312.32,1689.45,147.19,87.25,-64.56,-1110.07,-10216.16,550.51,8685.67,-2203.83,74.34,1640.69,-2129.49,-488.8
791,510.72,1306.99,1673.33,151.55,78.64,-55.33,-1136.12,-10201.31,546.09,8775.77,-2258.85,75.09,1650.32,-2183.76,-533.44
801,548.85,1329.29,1697.14,153.3,80.66,-74.39,-1089.89,-10183.18,535.59,8664.14,-2247.1,74.79,1661.49,-2172.31,-510.82
811,539.0,1318.9,1674.24,145.37,92.68,-64.42,-1131.92,-10207.53,547.82,8756.42,-2245.41,73.89,1670.57,-2171.52,-500.95
821,543.8,1340.53,1696.12,156.08,86.15,-58.67,-1151.51,-10156.17,535.65,8763.33,-2270.99,74.33,1755.29,-2196.66,-441.37
831,543.53,1339.67,1697.22,146.56,82.78,-70.21,-1126.0,-10188.39,540.9,8731.39,-2233.92,74.7,1697.45,-2159.23,-461.77
841,547.51,1291.53,1696.35,146.44,85.6,-60.71,-1134.1,-10141.18,541.76,8777.28,-2279.38,75.4,1750.49,-2203.97,-453.48
851,563.44,1307.29,1681.56,141.56,93.77,-60.23,-1111.54,-10177.54,526.75,8769.39,-2247.29,75.76,1734.46,-2171.53,-437.07
861,558.07,1292.29,1672.04,141.98,78.15,-59.21,-1130.95,-10107.39,538.77,8681.82,-2297.62,75.18,1665.55,-2222.44,-556.89
871,554.87,1333.05,1680.21,153.44,88.05,-67.19,-1137.55,-10126.55,528.23,8656.46,-2265.94,75.31,1663.01,-2190.63,-527.62
881,527.91,1309.75,1675.17,147.15,89.61,-66.23,-1124.83,-10143.66,542.2,8700.88,-2265.66,76.08,1657.96,-2189.58,-531.61
891,516.06,1346.95,1681.98,142.23,85.31,-58.22,-1112.65,-10187.69,544.52,8715.4,-2250.61,75.11,1673.87,-2175.5,-501.63
901,546.77,1328.96,1692.6,154.76,87.55,-50.24,-1148.35,-10095.48,521.57,8683.86,-2292.76,74.67,1722.01,-2218.09,-496.08
911,528.21,1284.82,1675.93,140.56,79.59,-48.21,-1126.55,-10062.22,545.04,8704.25,-2328.72,74.84,1721.43,-2253.89,-532.45
921,531.4,1275.91,1711.61,152.97,94.38,-78.97,-1114.93,-10135.66,549.83,8719.06,-2272.1,74.81,1705.61,-2197.28,-491.67
931,543.05,1295.74,1669.24,143.16,80.19,-62.53,-1134.66,-10037.61,540.54,8657.76,-2289.12,75.1,1694.89,-2214.02,-519.13
941,566.6,1361.44,1674.39,151.43,83.93,-47.31,-1130.48,-10202.93,535.28,8688.6,-2210.87,75.26,1680.93,-2135.61,-454.68
951,535.36,1307.53,1687.66,135.77,82.93,-56.39,-1138.87,-10156.35,554.31,8696.87,-2220.48,75.45,1648.82,-2145.02,-496.2
961,531.52,1379.42,1690.04,150.78,89.07,-56.23,-1137.23,-10130.0,519.17,8649.15,-2230.57,74.31,1685.69,-2156.26,-470.57
971,541.53,1296.97,1694.98,145.59,84.2,-58.05,-1126.36,-10193.24,517.09,8658.81,-2190.82,75.46,1561.53,-2115.36,-553.83
981,545.49,1296.22,1695.67,151.48,81.66,-70.12,-1143.31,-10017.04,511.77,8605.23,-2294.69,76.26,1657.06,-2218.42,-561.37
991,573.88,1346.78,1690.36,152.08,81.39,-64.73,-1112.06,-10074.56,531.41,8604.34,-2249.04,75.6,1728.91,-2173.45,-444.54
1001,550.39,1254.26,1700.46,142.88,86.5,-73.6,-1138.94,-10042.36,535.09,8653.63,-2284.31,76.31,1668.3,-2208.0,-539.7
1011,584.42,1285.67,1685.25,153.19,78.47,-68.71,-1093.46,-10076.27,538.31,8654.73,-2284.47,75.46,1741.59,-2209.01,-467.43
1021,533.1,1333.69,1666.28,138.86,80.97,-64.68,-1110.47,-10138.24,529.19,8631.65,-2223.46,75.29,1600.35,-2148.17,-547.82
1031,564.67,1335.63,1674.58,147.26,91.36,-54.59,-1129.61,-10125.75,547.22,8652.75,-2221.67,74.24,1703.52,-2147.43,-443.92
1041,536.12,1322.2,1675.91,138.44,74.89,-70.55,-1134.19,-10108.86,534.34,8664.87,-2245.18,74.77,1633.18,-2170.41,-537.23
1051,513.16,1326.61,1708.31,142.44,72.25,-71.21,-1146.08,-10143.56,538.93,8671.93,-2214.11,74.89,1612.77,-2139.22,-526.45
1061,550.06,1336.93,1726.74,150.08,82.75,-56.16,-1147.41,-10193.13,548.97,8718.06,-2202.75,75.2,1716.87,-2127.55,-410.68
1071,531.74,1302.75,1696.87,149.56,77.04,-56.31,-1129.78,-10102.9,560.94,8689.08,-2273.31,76.13,1719.0,-2197.18,-478.18
1081,532.37,1337.3,1697.49,144.65,83.72,-53.76,-1103.0,-10167.95,529.61,8676.84,-2208.38,76.54,1677.27,-2131.84,-454.57
1091,558.38,1307.7,1670.69,144.1,82.9,-59.21,-1083.94,-10125.21,539.52,8644.07,-2256.84,75.92,1679.0,-2180.91,-501.91
1101,557.77,1294.2,1679.49,152.91,95.34,-74.42,-1121.63,-10059.51,528.22,8629.7,-2280.03,75.34,1682.08,-2204.69,-522.61
1111,553.86,1296.53,1690.41,143.76,81.82,-62.98,-1085.92,-10198.33,551.3,8654.74,-2209.61,74.31,1625.18,-2135.3,-510.12
1121,554.2,1319.77,1697.94,152.31,81.29,-53.96,-1127.8,-10110.79,537.19,8655.59,-2271.72,74.69,1705.74,-2197.03,-491.29
1131,555.01,1263.89,1696.13,144.53,88.39,-56.75,-1126.83,-10167.82,536.46,8693.4,-2223.38,74.58,1626.42,-2148.79,-522.37
1141,551.79,1316.95,1689.77,150.09,78.83,-64.96,-1112.23,-10162.75,541.81,8651.62,-2211.7,73.35,1640.92,-2138.34,-497.43
1151,546.16,1280.85,1676.07,146.16,87.51,-44.79,-1109.17,-10094.87,547.94,8685.34,-2293.66,74.52,1721.2,-2219.14,-497.93
1161,535.3,1300.52,1692.83,150.79,86.14,-59.91,-1093.64,-10133.03,539.23,8634.2,-2249.34,75.29,1652.42,-2174.04,-521.62
1171,504.16,1373.88,1719.85,156.44,101.08,-62.3,-1141.24,-10108.46,544.21,8697.86,-2274.93,75.93,1785.46,-2199.0,-413.53
1181,560.12,1333.73,1682.75,156.22,92.78,-56.82,-1156.09,-10203.76,528.01,8681.83,-2205.26,73.26,1618.77,-2132.0,-513.23
1191,542.08,1321.28,1684.29,153.63,80.14,-63.42,-1110.17,-10202.97,543.05,8670.52,-2197.97,73.89,1618.43,-2124.08,-505.65
1201,569.91,1319.08,1710.75,147.83,85.86,-57.51,-1142.66,-10131.06,534.98,8681.8,-2243.71,74.39,1718.98,-2169.32,-450.34
1211,556.63,1333.84,1675.83,152.27,93.8,-57.37,-1144.9,-10166.76,531.81,8692.72,-2218.54,74.0,1667.87,-2144.55,-476.67
1221,537.8,1332.91,1685.26,151.01,83.35,-61.63,-1126.09,-10150.99,543.71,8668.74,-2233.87,75.97,1664.08,-2157.9,-493.82
1231,529.94,1336.9,1698.78,147.0,90.55,-57.46,-1153.83,-10190.88,538.88,8675.27,-2182.36,73.72,1615.16,-2108.63,-493.47
1241,568.35,1350.95,1698.7,148.06,101.8,-76.27,-1135.41,-10128.41,542.34,8686.76,-2254.26,74.32,1756.87,-2179.94,-423.07
1251,523.34,1285.76,1690.19,149.97,76.52,-67.0,-1144.11,-10083.54,547.98,8680.84,-2289.47,74.14,1659.95,-2215.32,-555.37
1261,537.52,1326.31,1695.09,153.56,98.47,-56.11,-1120.08,-10060.46,563.02,8638.2,-2289.17,73.15,1775.52,-2216.02,-440.5
1271,566.05,1364.08,1691.36,158.29,92.37,-60.81,-1123.25,-10019.16,508.64,8604.04,-2323.62,73.8,1781.62,-2249.82,-468.21
1281,546.91,1270.66,1689.23,140.63,88.44,-60.34,-1132.21,-10131.0,541.14,8704.6,-2276.88,72.97,1658.08,-2203.9,-545.83
1291,563.12,1291.23,1687.52,153.97,81.25,-57.74,-1124.53,-10181.88,535.14,8701.82,-2212.02,73.35,1649.91,-2138.66,-488.75
1301,558.91,1315.15,1709.38,149.62,88.34,-58.63,-1123.43,-10125.1,549.95,8658.72,-2253.69,75.14,1722.92,-2178.56,-455.63
1311,543.49,1301.56,1682.96,144.48,74.72,-50.85,-1147.36,-10113.27,540.85,8649.61,-2237.2,72.64,1626.2,-2164.55,-538.35
1321,571.45,1288.35,1676.52,139.75,94.49,-49.98,-1120.95,-10176.39,545.76,8702.4,-2214.68,73.69,1671.4,-2140.99,-469.59
1331,562.31,1332.58,1704.2,146.7,87.35,-63.64,-1105.41,-10050.86,532.91,8587.86,-2288.25,76.23,1733.99,-2212.02,-478.03
1341,541.92,1333.15,1691.87,146.22,85.2,-64.25,-1148.86,-10027.26,553.84,8577.63,-2253.34,74.33,1689.46,-2179.01,-489.55
1351,577.62,1339.51,1698.23,150.39,90.03,-56.63,-1120.7,-10096.69,542.28,8613.51,-2245.32,75.0,1737.54,-2170.32,-432.78
1361,558.31,1339.41,1673.8,152.94,90.35,-49.62,-1132.65,-10079.54,533.49,8605.99,-2231.92,75.11,1692.49,-2156.81,-464.32
1371,545.4,1317.87,1700.74,148.47,84.57,-53.83,-1131.48,-10238.04,551.46,8677.6,-2155.35,74.91,1602.78,-2080.44,-477.66
1381,585.77,1314.75,1661.97,143.08,82.43,-71.32,-1122.59,-10158.54,545.39,8676.23,-2227.11,74.96,1657.18,-2152.16,-494.97
1391,570.82,1315.48,1691.54,143.79,79.94,-53.92,-1121.24,-10250.8,541.39,8693.64,-2158.32,74.79,1610.65,-2083.53,-472.89
1401,560.91,1321.58,1658.36,149.73,80.92,-50.76,-1132.85,-10188.55,545.2,8694.25,-2211.78,73.6,1638.8,-2138.18,-499.38
1411,555.62,1312.36,1688.37,145.94,73.94,-71.67,-1122.19,-10181.92,544.76,8667.59,-2201.66,72.77,1612.79,-2128.89,-516.1
1421,530.99,1399.83,1698.69,164.21,91.38,-58.52,-1110.65,-10085.81,548.91,8635.01,-2287.06,75.99,1814.04,-2211.07,-397.02
1431,542.01,1311.34,1672.93,145.29,73.51,-56.61,-1135.97,-10102.85,544.1,8706.29,-2288.87,74.58,1700.04,-2214.29,-514.25
1441,532.64,1302.56,1680.36,146.64,78.46,-56.25,-1119.09,-10186.23,553.51,8728.6,-2225.76,76.1,1661.19,-2149.66,-488.47
1451,558.93,1291.69,1678.78,156.38,87.38,-48.56,-1129.13,-10180.25,525.81,8676.78,-2213.18,74.5,1617.83,-2138.68,-520.85
1461,547.29,1340.46,1694.19,149.51,90.64,-55.5,-1156.21,-10125.23,543.21,8665.34,-2257.28,74.04,1693.69,-2183.24,-489.54
1471,536.98,1321.53,1667.64,151.38,83.26,-59.75,-1114.62,-10117.89,535.94,8664.31,-2251.52,74.17,1668.77,-2177.35,-508.58
1481,588.92,1357.78,1695.68,152.68,89.22,-59.34,-1127.08,-10153.17,542.66,8696.98,-2255.14,74.01,1784.32,-2181.13,-396.81
1491,547.06,1314.29,1671.62,145.46,78.3,-59.41,-1096.27,-10151.52,545.5,8696.3,-2258.95,74.76,1691.31,-2184.19,-492.88
1501,530.37,1307.56,1671.33,139.48,85.81,-52.25,-1144.39,-10059.8,532.8,8675.62,-2303.57,73.58,1686.54,-2230.0,-543.46
1511,541.46,1302.79,1677.88,147.55,86.53,-57.17,-1143.99,-10057.73,547.95,8707.08,-2330.56,75.07,1752.34,-2255.49,-503.15
1521,549.46,1329.06,1699.92,154.58,81.99,-67.75,-1138.1,-10067.78,529.89,8693.12,-2331.68,75.53,1764.39,-2256.15,-491.76
1531,562.85,1292.26,1671.87,145.06,90.68,-65.27,-1132.25,-10007.63,524.28,8630.68,-2334.35,75.29,1712.53,-2259.06,-546.53
1541,540.61,1319.15,1691.43,150.82,93.62,-64.71,-1116.5,-10037.07,539.88,8690.99,-2355.26,77.83,1808.21,-2277.43,-469.22
1551,545.49,1288.89,1692.7,141.11,83.86,-69.87,-1118.12,-10085.19,532.61,8712.33,-2319.73,75.68,1723.81,-2244.05,-520.24
1561,509.55,1297.27,1687.53,152.9,82.73,-41.12,-1111.19,-10075.29,534.67,8686.35,-2305.98,76.52,1723.39,-2229.47,-506.07
1571,525.28,1304.92,1673.25,141.22,90.75,-49.46,-1122.26,-10105.3,536.15,8691.64,-2256.95,75.6,1686.2,-2181.35,-495.14
1581,525.87,1324.28,1688.22,154.86,86.46,-54.87,-1119.86,-10133.4,557.52,8660.85,-2244.71,75.34,1689.94,-2169.37,-479.43
1591,562.03,1328.51,1693.7,157.96,85.3,-51.2,-1145.58,-10040.15,543.35,8677.15,-2271.66,73.57,1811.08,-2198.09,-387.01
1601,527.31,1308.67,1687.93,145.19,71.82,-53.97,-1113.18,-10078.83,555.45,8643.23,-2260.03,74.68,1693.61,-2185.35,-491.73
1611,571.73,1321.45,1687.25,150.65,88.1,-52.73,-1120.21,-10138.53,529.02,8654.95,-2217.09,74.61,1691.68,-2142.48,-450.81
1621,528.84,1294.5,1689.29,149.94,85.98,-58.7,-1153.52,-10115.57,538.39,8672.08,-2247.54,75.46,1631.22,-2172.07,-540.85
1631,562.52,1364.6,1677.22,156.16,79.71,-57.02,-1117.45,-10081.24,530.13,8630.18,-2257.06,75.03,1744.8,-2182.03,-437.24
1641,549.73,1389.95,1669.16,155.42,81.6,-52.16,-1110.9,-10108.32,529.98,8669.29,-2270.71,75.94,1773.75,-2194.78,-421.02
1651,557.14,1301.67,1672.66,153.51,89.36,-47.55,-1136.89,-10107.5,535.28,8760.65,-2318.1,74.56,1778.34,-2243.54,-465.2
1661,555.88,1316.45,1675.87,147.69,90.08,-51.89,-1110.55,-10132.51,519.94,8737.77,-2296.1,77.21,1748.71,-2218.88,-470.17
1671,553.72,1306.89,1680.29,146.1,83.1,-55.05,-1111.95,-10150.92,529.08,8710.71,-2264.79,76.45,1691.97,-2188.34,-496.37
1681,553.49,1323.59,1686.39,162.48,70.38,-54.58,-1129.32,-10084.67,533.51,8707.26,-2315.49,76.71,1768.52,-2238.78,-470.25
1691,565.97,1282.43,1698.27,149.67,91.87,-56.2,-1106.33,-10154.04,538.14,8641.36,-2230.63,73.44,1651.14,-2157.18,-506.05
1701,551.31,1315.22,1685.74,150.6,83.86,-74.4,-1119.99,-10092.52,540.58,8696.76,-2319.13,76.7,1737.18,-2242.43,-505.26
1711,558.89,1286.93,1689.82,149.09,77.92,-40.06,-1116.6,-10125.2,549.22,8715.04,-2268.1,74.71,1745.04,-2193.39,-448.35
1721,544.96,1262.54,1684.66,144.51,86.04,-57.24,-1115.18,-10145.43,540.9,8780.8,-2324.09,74.2,1726.57,-2249.89,-523.32
1731,587.1,1246.66,1678.79,151.78,91.78,-57.47,-1113.68,-10155.62,542.99,8745.95,-2304.05,76.36,1718.27,-2227.68,-509.41
1741,534.67,1277.95,1690.5,144.24,85.9,-64.15,-1120.58,-10163.33,556.0,8702.02,-2261.64,75.33,1643.21,-2186.31,-543.1
1751,514.27,1276.57,1693.62,146.48,96.08,-56.13,-1132.65,-10197.28,561.5,8760.97,-2254.51,75.09,1663.41,-2179.42,-516.01
1761,553.1,1290.27,1696.91,147.07,100.7,-55.78,-1144.17,-10150.31,542.58,8720.18,-2241.16,72.97,1700.56,-2168.19,-467.63
1771,555.91,1291.47,1669.53,144.59,74.84,-59.6,-1133.67,-10149.5,552.82,8731.04,-2256.66,76.93,1677.45,-2179.73,-502.28
1781,530.99,1318.2,1694.35,148.96,86.7,-51.88,-1135.21,-10080.61,544.95,8682.78,-2305.1,75.39,1739.22,-2229.7,-490.49
1791,531.09,1326.6,1698.41,146.98,80.88,-59.36,-1136.09,-10196.91,543.26,8800.78,-2264.07,74.71,1735.63,-2189.37,-453.73
1801,555.18,1329.96,1675.0,153.88,78.49,-56.6,-1103.78,-10057.51,541.26,8655.41,-2331.75,76.48,1771.27,-2255.27,-484.0
1811,555.28,1295.92,1704.91,146.99,89.49,-66.45,-1125.73,-10068.85,541.94,8692.14,-2315.65,74.19,1765.64,-2241.47,-475.82
1821,558.36,1281.97,1686.65,153.95,87.77,-55.52,-1121.41,-10092.16,534.46,8692.32,-2287.03,75.43,1726.4,-2211.6,-485.2
1831,548.13,1251.56,1674.88,144.79,88.77,-68.94,-1125.63,-10064.08,539.52,8684.71,-2298.49,76.48,1673.71,-2222.01,-548.3
1841,527.42,1315.08,1664.24,155.95,93.27,-47.54,-1137.4,-10065.92,540.45,8678.98,-2285.29,74.07,1724.53,-2211.22,-486.69
1851,548.54,1288.41,1690.73,155.02,95.51,-59.29,-1114.72,-10004.36,535.31,8656.81,-2336.77,75.99,1791.95,-2260.78,-468.83
1861,528.0,1302.23,1711.68,143.73,72.37,-48.68,-1126.54,-9968.41,529.24,8598.07,-2331.91,77.57,1741.68,-2254.33,-512.65
1871,539.21,1323.62,1678.46,160.36,85.14,-48.73,-1107.96,-10024.68,543.45,8644.6,-2349.98,76.93,1793.48,-2273.05,-479.57
1881,548.16,1288.08,1716.97,154.83,92.1,-51.95,-1113.7,-10054.76,534.84,8675.2,-2314.48,75.94,1789.78,-2238.54,-448.76
1891,547.49,1304.66,1686.73,140.07,90.2,-68.77,-1116.54,-10062.02,533.25,8668.85,-2313.19,76.84,1723.93,-2236.35,-512.42
1901,511.95,1249.23,1691.84,140.57,90.09,-65.55,-1106.01,-10089.05,541.36,8690.49,-2317.95,75.92,1654.93,-2242.03,-587.1
1911,564.48,1342.13,1671.84,150.57,78.89,-42.63,-1125.91,-10076.76,537.58,8623.15,-2271.86,75.29,1723.35,-2196.57,-473.22
1921,591.77,1272.94,1686.94,150.78,79.86,-53.12,-1122.83,-10083.5,544.78,8681.08,-2317.95,75.38,1748.71,-2242.57,-493.87
1931,519.33,1316.17,1699.96,141.44,90.9,-65.85,-1110.02,-10125.03,536.7,8661.25,-2255.2,74.52,1664.84,-2180.68,-515.84
1941,557.03,1340.67,1684.16,154.51,80.86,-66.67,-1151.16,-9992.09,528.14,8651.15,-2352.63,74.77,1786.62,-2277.86,-491.24
1951,529.76,1362.98,1673.11,148.51,84.09,-65.29,-1120.8,-10097.13,531.81,8657.04,-2275.74,76.15,1704.09,-2199.58,-495.49
1961,571.43,1337.0,1688.14,146.14,97.39,-72.63,-1127.36,-9975.89,536.73,8618.56,-2355.82,76.04,1819.5,-2279.77,-460.27
1971,570.54,1346.66,1719.29,150.43,83.58,-64.84,-1141.57,-10044.87,535.36,8642.9,-2312.87,75.11,1797.47,-2237.76,-440.29
1981,552.26,1306.94,1690.01,155.84,78.38,-55.26,-1111.84,-10056.01,545.05,8675.29,-2313.44,77.69,1780.66,-2235.76,-455.09
1991,540.13,1311.62,1694.07,157.58,84.19,-63.71,-1114.69,-10058.72,549.09,8657.14,-2307.19,75.92,1756.69,-2231.28,-474.58
2001,551.3,1350.14,1693.34,154.46,80.8,-68.56,-1111.36,-10092.18,543.57,8631.08,-2260.23,75.68,1732.59,-2184.55,-451.96
2011,553.69,1377.13,1681.56,150.52,80.95,-69.49,-1127.94,-9960.88,533.62,8645.39,-2387.96,75.01,1864.54,-2312.95,-448.41
2021,553.22,1316.73,1698.75,147.48,86.98,-59.14,-1132.03,-10071.51,537.98,8674.22,-2305.56,75.42,1752.69,-2230.13,-477.45
2031,558.17,1334.17,1695.04,151.31,73.09,-70.93,-1115.93,-9994.96,532.43,8612.11,-2334.39,77.65,1774.5,-2256.74,-482.24
2041,545.59,1339.94,1702.51,149.49,77.91,-73.41,-1149.55,-10024.25,542.97,8647.93,-2308.96,75.78,1759.14,-2233.18,-474.04
2051,571.95,1343.0,1675.05,157.92,85.34,-66.46,-1136.08,-10032.28,536.85,8643.11,-2328.27,75.13,1778.38,-2253.15,-474.77
2061,531.38,1273.8,1694.76,147.8,80.75,-69.31,-1088.56,-10144.19,554.48,8717.61,-2278.26,75.9,1698.51,-2202.36,-503.85
2071,563.02,1281.73,1694.92,142.67,89.67,-67.35,-1122.08,-10056.46,533.3,8648.14,-2309.35,75.79,1707.57,-2233.56,-525.99
2081,572.57,1358.4,1710.86,151.58,99.55,-58.2,-1135.17,-10100.43,537.66,8625.21,-2240.32,75.44,1762.04,-2164.87,-402.83
2091,546.79,1322.41,1656.82,145.67,73.39,-54.68,-1112.5,-10020.05,513.62,8588.85,-2298.39,76.13,1660.33,-2222.26,-561.93
2101,555.71,1348.76,1678.89,143.72,79.57,-49.02,-1108.15,-10078.4,536.8,8638.37,-2280.02,77.96,1746.25,-2202.05,-455.81
2111,561.8,1277.33,1726.0,154.37,82.08,-65.92,-1101.24,-10131.99,534.18,8687.04,-2261.64,74.92,1723.66,-2186.72,-463.06
2121,554.01,1371.21,1712.05,153.49,92.1,-70.94,-1108.72,-10100.25,560.18,8617.58,-2270.23,75.66,1780.69,-2194.58,-413.88
2131,561.26,1302.3,1711.08,141.12,94.26,-61.23,-1111.98,-10104.67,535.64,8684.84,-2270.25,76.32,1752.63,-2193.93,-441.3
2141,551.78,1349.33,1692.49,158.98,84.38,-67.73,-1130.59,-10104.74,552.13,8699.15,-2294.9,75.6,1785.17,-2219.3,-434.13
2151,551.13,1308.71,1711.42,144.57,90.54,-61.95,-1119.92,-10130.8,543.85,8781.08,-2306.17,74.99,1818.64,-2231.18,-412.54
2161,575.82,1307.98,1685.91,148.29,90.11,-57.34,-1132.28,-10018.23,527.95,8644.7,-2301.35,75.76,1772.92,-2225.59,-452.67
2171,518.87,1336.54,1704.5,158.04,84.54,-67.95,-1092.23,-10152.71,550.59,8683.59,-2239.88,76.4,1723.78,-2163.48,-439.69
2181,550.21,1338.72,1696.56,152.43,82.35,-61.95,-1123.06,-10053.43,539.76,8652.01,-2305.06,76.03,1773.6,-2229.03,-455.43
2191,525.11,1311.85,1712.01,154.23,97.81,-54.41,-1153.96,-10072.0,540.19,8670.58,-2303.84,74.5,1731.41,-2229.35,-497.94
2201,550.82,1302.83,1722.32,148.6,84.52,-59.02,-1130.64,-9977.78,531.79,8589.68,-2332.63,74.15,1763.11,-2258.48,-495.36
2211,556.81,1332.95,1680.51,157.66,79.18,-68.48,-1121.12,-9991.33,552.87,8607.24,-2347.6,75.67,1786.29,-2271.93,-485.64
2221,581.67,1304.48,1688.18,150.02,85.8,-65.05,-1116.53,-9997.62,540.91,8645.84,-2370.87,75.28,1817.7,-2295.59,-477.89
2231,524.13,1293.22,1697.36,148.72,83.71,-75.17,-1119.46,-10020.51,560.39,8651.2,-2341.83,75.5,1743.59,-2266.33,-522.74
2241,576.26,1303.57,1683.6,152.69,88.33,-57.37,-1103.81,-9993.86,543.66,8613.13,-2345.75,76.78,1806.18,-2268.97,-462.79
2251,559.8,1298.94,1667.45,145.91,82.02,-70.11,-1113.12,-9991.81,522.14,8691.25,-2379.38,77.36,1792.48,-2302.02,-509.54
2261,562.31,1320.08,1673.47,150.54,89.35,-67.74,-1107.71,-10009.95,525.55,8597.81,-2318.84,76.95,1733.72,-2241.89,-508.17
2271,548.95,1323.77,1682.08,165.58,80.64,-64.16,-1121.87,-9986.49,551.77,8627.94,-2341.63,77.55,1808.19,-2264.08,-455.89
2281,517.82,1315.36,1679.79,152.66,89.52,-58.31,-1092.31,-10139.4,542.45,8716.29,-2273.86,76.18,1723.86,-2197.67,-473.81
2291,544.33,1291.5,1706.23,141.47,80.38,-67.62,-1124.1,-10128.84,533.25,8689.0,-2283.04,75.7,1665.6,-2207.34,-541.73
2301,581.94,1249.27,1671.55,145.28,70.99,-61.33,-1120.92,-10097.12,536.49,8711.71,-2286.02,75.34,1687.86,-2210.68,-522.82
2311,555.26,1315.64,1677.01,149.25,88.36,-61.34,-1124.4,-9998.48,537.63,8724.02,-2392.69,76.72,1862.96,-2315.97,-453.01
2321,552.98,1396.06,1689.56,152.42,85.58,-55.77,-1134.61,-10027.67,546.05,8717.58,-2345.33,75.77,1922.18,-2269.56,-347.38
2331,571.59,1302.67,1691.13,163.79,84.52,-66.65,-1132.43,-10078.55,543.79,8699.37,-2311.95,74.93,1779.23,-2237.02,-457.8
2341,519.31,1327.35,1715.21,155.16,88.35,-60.55,-1126.66,-10090.64,560.83,8712.94,-2323.79,76.67,1801.31,-2247.12,-445.82
2351,538.64,1264.41,1675.92,144.46,80.02,-67.66,-1130.43,-10089.18,538.39,8728.93,-2324.52,75.96,1683.52,-2248.57,-565.04
2361,563.0,1333.52,1667.67,146.57,81.22,-68.74,-1110.36,-10105.22,539.16,8666.72,-2280.09,75.96,1713.52,-2204.13,-490.6
2371,595.14,1349.41,1686.91,151.51,73.35,-63.53,-1118.77,-10085.64,528.42,8723.05,-2351.01,77.05,1839.85,-2273.96,-434.11
2381,548.33,1288.22,1646.9,148.49,82.06,-60.2,-1109.52,-10102.75,533.89,8727.46,-2315.74,76.9,1702.87,-2238.84,-535.97
2391,559.23,1345.39,1693.54,147.84,88.13,-57.33,-1109.15,-10093.5,540.54,8686.91,-2294.64,76.29,1801.62,-2218.35,-416.73
2401,555.77,1252.26,1691.18,150.21,76.75,-61.03,-1108.43,-10137.26,535.29,8740.07,-2290.23,75.77,1694.81,-2214.46,-519.65
2411,550.23,1333.18,1680.92,147.3,82.86,-67.69,-1127.3,-10101.79,529.65,8671.83,-2288.77,76.11,1699.2,-2212.67,-513.46
2421,548.8,1345.31,1678.46,146.83,75.33,-68.3,-1122.56,-10059.46,528.47,8714.25,-2345.72,76.34,1787.12,-2269.38,-482.26
2431,573.21,1268.57,1660.54,147.42,87.59,-59.7,-1115.63,-10093.27,542.84,8680.75,-2307.24,74.81,1692.32,-2232.43,-540.11
2441,530.14,1255.66,1679.87,146.24,78.01,-53.61,-1113.02,-10142.8,537.51,8757.82,-2297.76,77.1,1675.82,-2220.66,-544.84
2451,578.26,1313.64,1684.14,153.64,90.29,-49.87,-1120.66,-10117.28,522.33,8649.45,-2288.65,76.39,1703.95,-2212.25,-508.3
2461,521.47,1318.67,1690.2,146.63,86.4,-55.26,-1104.34,-10033.54,556.03,8675.99,-2347.08,77.0,1802.25,-2270.08,-467.83
2471,550.58,1320.78,1692.22,143.21,83.33,-64.17,-1117.48,-10168.23,545.09,8704.83,-2242.29,75.47,1690.16,-2166.82,-476.66
2481,591.23,1374.9,1676.91,163.16,91.54,-59.87,-1133.94,-10026.35,531.23,8581.18,-2274.0,76.01,1790.0,-2197.99,-408.0
2491,542.03,1296.83,1692.49,148.56,91.6,-64.97,-1126.0,-10151.8,544.5,8745.2,-2257.59,75.75,1718.44,-2181.84,-463.41
2501,579.8,1308.29,1679.54,145.65,75.97,-54.17,-1109.73,-10149.94,539.98,8669.38,-2243.43,75.18,1684.76,-2168.25,-483.49
2511,565.87,1329.56,1697.59,149.18,90.85,-52.64,-1126.84,-10147.65,536.09,8617.56,-2206.54,74.64,1659.57,-2131.9,-472.33
2521,567.87,1308.48,1689.3,151.19,88.02,-58.3,-1100.99,-10167.46,536.7,8653.03,-2219.54,76.03,1667.85,-2143.51,-475.66
2531,568.27,1304.82,1691.65,143.36,86.15,-50.15,-1106.49,-10114.05,548.51,8666.27,-2262.26,75.52,1738.34,-2186.73,-448.4
2541,568.47,1331.57,1671.96,153.42,86.75,-61.22,-1154.55,-10241.72,562.89,8765.07,-2188.39,74.11,1682.64,-2114.28,-431.65
2551,557.37,1344.46,1687.32,150.03,83.26,-59.54,-1121.2,-10151.3,526.51,8672.51,-2243.02,75.32,1689.42,-2167.7,-478.28
2561,546.25,1362.78,1689.01,154.19,75.22,-64.54,-1141.25,-10100.79,520.6,8680.34,-2272.54,75.36,1721.8,-2197.19,-475.39
2571,573.42,1305.35,1687.15,155.43,78.57,-49.04,-1105.55,-10173.88,526.25,8693.52,-2228.93,75.67,1691.22,-2153.26,-462.04
2581,555.32,1291.34,1711.26,149.5,83.7,-50.18,-1116.98,-10176.09,535.79,8698.36,-2250.76,75.63,1682.04,-2175.13,-493.1
2591,569.76,1306.86,1694.36,153.99,91.5,-65.19,-1136.92,-10224.85,545.08,8705.22,-2187.14,74.38,1639.8,-2112.76,-472.97
2601,567.71,1306.15,1670.38,147.02,89.3,-69.75,-1107.73,-10190.86,518.63,8724.14,-2235.01,73.89,1654.99,-2161.12,-506.13
2611,551.41,1325.01,1686.21,150.13,80.04,-73.17,-1090.71,-10144.24,553.76,8716.7,-2280.98,75.46,1755.14,-2205.52,-450.38
2621,537.94,1382.09,1670.21,153.36,78.47,-60.47,-1131.25,-10097.39,524.22,8725.43,-2314.39,74.88,1782.6,-2239.51,-456.91
2631,549.03,1335.3,1690.48,153.78,89.52,-69.23,-1106.21,-10126.84,528.34,8723.84,-2305.34,75.4,1768.0,-2229.93,-461.93
2641,578.16,1329.79,1678.92,157.92,88.84,-54.2,-1111.72,-10069.99,529.55,8654.57,-2324.61,74.44,1781.84,-2250.17,-468.33
2651,554.29,1337.76,1711.06,151.54,83.68,-72.08,-1121.02,-10070.95,548.63,8729.18,-2363.47,76.61,1852.09,-2286.86,-434.77
2661,557.31,1291.14,1694.16,143.15,86.59,-43.62,-1095.92,-10105.42,541.48,8708.02,-2319.3,76.23,1776.89,-2243.06,-466.17
2671,542.27,1281.78,1675.69,152.82,85.32,-47.72,-1113.74,-10158.76,543.59,8784.97,-2317.2,75.93,1746.22,-2241.27,-495.06
2681,578.11,1292.98,1728.65,152.97,88.85,-70.79,-1118.36,-10092.12,539.21,8729.1,-2335.42,76.21,1828.6,-2259.2,-430.61
2691,552.36,1307.52,1705.78,152.11,87.82,-61.31,-1126.94,-10136.64,531.71,8708.34,-2310.01,75.51,1720.76,-2234.5,-513.75
2701,566.21,1308.01,1678.05,146.41,72.12,-59.85,-1123.54,-10192.73,552.03,8735.34,-2246.6,74.57,1682.06,-2172.02,-489.97
2711,528.61,1308.51,1695.9,145.52,84.67,-58.27,-1121.95,-10075.69,557.04,8700.32,-2330.36,76.2,1764.66,-2254.16,-489.49
2721,551.47,1288.07,1677.8,150.14,85.84,-53.11,-1106.92,-10042.44,553.69,8702.94,-2364.53,75.44,1807.48,-2289.08,-481.6
2731,575.34,1319.4,1698.25,157.97,85.85,-56.81,-1104.19,-10056.45,531.95,8714.73,-2355.61,74.65,1866.04,-2280.95,-414.91
2741,555.45,1316.92,1682.3,151.96,89.61,-52.35,-1104.03,-9984.37,534.06,8649.01,-2412.62,75.17,1838.57,-2337.45,-498.88
2751,568.43,1353.82,1691.27,155.16,89.92,-66.52,-1105.78,-10059.39,542.74,8708.25,-2371.81,74.85,1877.9,-2296.96,-419.07
2761,543.81,1299.01,1702.1,148.68,98.5,-54.26,-1077.96,-10128.85,540.56,8711.5,-2321.99,76.22,1783.1,-2245.77,-462.67
2771,537.86,1313.01,1712.03,150.98,77.43,-54.4,-1128.65,-10034.37,528.74,8666.67,-2370.81,74.67,1769.31,-2296.14,-526.82
2781,553.0,1293.22,1690.17,148.48,86.64,-62.12,-1098.95,-10081.81,552.86,8704.97,-2334.46,75.1,1786.46,-2259.36,-472.89
2791,576.73,1303.5,1675.21,143.77,88.29,-59.94,-1121.16,-10013.22,536.35,8668.06,-2343.04,75.65,1797.59,-2267.38,-469.8
2801,558.62,1328.24,1686.05,151.07,84.12,-66.48,-1091.87,-10133.68,540.87,8674.82,-2290.63,76.61,1731.78,-2214.02,-482.25
2811,520.26,1294.23,1668.42,144.57,86.83,-56.44,-1087.89,-10144.79,552.92,8775.85,-2323.62,76.58,1753.97,-2247.04,-493.07
2821,557.09,1315.45,1694.21,157.72,93.27,-62.6,-1098.81,-10175.36,539.38,8681.23,-2235.51,76.26,1701.57,-2159.25,-457.68
2831,522.48,1362.63,1680.75,151.62,92.32,-50.59,-1101.01,-10168.93,549.33,8728.81,-2261.77,75.74,1767.42,-2186.03,-418.62
2841,533.67,1325.55,1701.37,155.51,102.07,-62.31,-1104.46,-10156.94,550.08,8706.1,-2306.95,75.15,1750.64,-2231.8,-481.17
2851,553.89,1297.83,1681.73,146.75,86.82,-60.52,-1106.78,-10170.68,537.37,8719.94,-2247.2,75.76,1686.35,-2171.44,-485.09
2861,612.88,1320.14,1654.1,151.51,81.32,-60.79,-1101.87,-10140.85,530.04,8696.57,-2326.86,77.49,1743.05,-2249.38,-506.33
2871,595.11,1322.04,1697.9,152.55,74.92,-68.29,-1108.11,-10120.02,547.2,8696.76,-2292.06,76.31,1790.06,-2215.75,-425.7
2881,580.86,1329.0,1694.37,153.02,81.67,-71.19,-1105.24,-10107.44,530.75,8702.95,-2321.82,76.96,1788.75,-2244.86,-456.11
2891,573.76,1304.95,1687.44,153.1,77.3,-62.88,-1096.55,-10074.09,529.46,8679.9,-2321.63,75.43,1772.4,-2246.2,-473.8
2901,541.07,1309.82,1686.87,146.99,83.07,-64.08,-1123.37,-10085.11,543.31,8739.0,-2350.36,75.05,1777.56,-2275.32,-497.76
2911,531.69,1289.37,1659.76,143.18,79.44,-61.66,-1116.97,-10028.63,529.45,8716.44,-2384.64,76.9,1742.08,-2307.74,-565.66
2921,574.55,1298.23,1658.11,148.74,90.85,-49.51,-1112.38,-10007.81,545.03,8667.07,-2375.01,77.15,1812.88,-2297.86,-484.98
2931,525.44,1289.51,1686.48,149.4,94.8,-51.92,-1113.5,-10186.36,533.18,8756.8,-2278.77,75.86,1683.84,-2202.91,-519.08
2941,562.7,1270.71,1637.78,148.9,76.61,-51.0,-1078.28,-10176.07,551.86,8748.96,-2274.59,77.44,1692.18,-2197.15,-504.97
2951,538.6,1323.04,1663.98,152.85,85.95,-62.25,-1125.38,-10201.96,534.69,8742.99,-2240.83,75.71,1652.52,-2165.13,-512.61
2961,568.23,1337.05,1701.85,153.65,93.97,-62.95,-1127.62,-10133.58,537.92,8699.36,-2288.23,77.05,1767.88,-2211.18,-443.3
2971,574.77,1258.03,1687.66,143.64,88.72,-68.99,-1118.27,-10125.68,546.22,8706.84,-2283.4,76.05,1692.94,-2207.35,-514.42
2981,545.83,1295.99,1694.93,149.1,88.65,-70.79,-1137.23,-10137.4,537.04,8661.85,-2258.72,75.73,1627.96,-2183.0,-555.03
2991,522.45,1280.68,1677.96,134.34,79.11,-58.32,-1100.25,-10119.37,548.69,8664.41,-2277.95,76.33,1629.69,-2201.62,-571.93
3001,562.61,1311.05,1704.09,151.13,79.12,-76.41,-1110.32,-10106.46,543.92,8680.99,-2282.39,74.94,1739.72,-2207.46,-467.74
3011,541.29,1310.21,1672.43,150.51,80.83,-72.46,-1107.09,-10153.25,545.39,8718.02,-2265.39,77.34,1685.88,-2188.05,-502.16
3021,579.05,1293.38,1675.51,147.62,82.73,-64.88,-1096.02,-10126.71,514.29,8706.77,-2300.29,75.6,1711.74,-2224.69,-512.95
3031,524.4,1321.08,1689.1,152.26,80.84,-69.03,-1102.0,-10064.41,559.42,8671.45,-2301.88,75.74,1763.09,-2226.14,-463.05
3041,567.03,1329.79,1706.94,151.91,85.74,-57.63,-1127.94,-10023.11,536.38,8616.78,-2313.19,74.83,1785.88,-2238.36,-452.48
3051,546.74,1251.82,1695.04,137.7,93.4,-63.77,-1130.08,-10114.73,531.44,8705.61,-2288.12,75.59,1653.18,-2212.53,-559.35
3061,547.95,1360.45,1693.89,150.85,84.09,-56.47,-1097.31,-10077.77,521.62,8689.86,-2314.16,75.88,1817.18,-2238.28,-421.1
3071,548.86,1342.25,1705.09,150.42,95.07,-71.37,-1088.86,-10107.0,546.7,8661.12,-2276.41,73.32,1782.29,-2203.09,-420.8
3081,572.79,1327.0,1719.71,157.09,85.22,-48.71,-1151.16,-10011.7,542.17,8620.2,-2318.62,75.0,1812.61,-2243.62,-431.01
3091,573.41,1314.33,1658.86,146.1,84.08,-61.18,-1116.03,-10141.35,537.85,8718.03,-2293.43,74.31,1714.1,-2219.13,-505.03
3101,560.18,1299.79,1685.81,145.29,84.86,-61.02,-1110.35,-10089.01,543.95,8678.27,-2300.74,76.02,1737.75,-2224.72,-486.97
3111,546.23,1334.84,1662.31,145.98,72.64,-63.95,-1115.57,-10059.39,532.48,8650.11,-2317.68,74.85,1705.69,-2242.83,-537.14
3121,559.25,1304.89,1704.15,141.01,75.87,-71.8,-1107.08,-10006.65,554.18,8664.72,-2367.76,75.57,1818.54,-2292.19,-473.66
3131,529.0,1290.49,1686.69,147.77,79.04,-59.86,-1120.08,-9981.46,534.76,8637.25,-2372.63,75.0,1743.59,-2297.63,-554.04
3141,549.94,1291.35,1680.6,148.38,81.15,-67.46,-1120.39,-10048.68,533.65,8717.17,-2348.96,75.79,1765.71,-2273.17,-507.47
3151,557.25,1353.16,1701.32,154.14,83.18,-66.16,-1138.69,-10065.75,542.61,8647.77,-2304.97,75.38,1768.84,-2229.59,-460.75
3161,561.97,1281.4,1706.46,153.18,82.87,-56.24,-1150.84,-10013.04,530.01,8674.05,-2336.44,75.37,1769.82,-2261.08,-491.26
3171,563.03,1282.94,1699.76,141.52,76.98,-57.07,-1109.97,-10087.74,538.7,8682.53,-2298.92,74.88,1730.69,-2224.04,-493.35
3181,560.11,1345.47,1711.37,145.57,77.97,-59.45,-1126.67,-10033.11,512.1,8644.68,-2320.63,75.96,1778.05,-2244.67,-466.62
3191,543.85,1316.15,1700.25,154.15,95.75,-79.88,-1110.07,-10140.22,554.06,8658.48,-2249.68,73.56,1692.51,-2176.12,-483.61
3201,559.04,1364.96,1661.43,148.58,76.94,-62.32,-1119.1,-10124.11,543.67,8667.75,-2257.51,75.92,1716.82,-2181.6,-464.77
3211,543.28,1304.53,1695.17,149.35,84.82,-67.91,-1101.98,-10095.99,549.11,8608.26,-2259.55,75.37,1668.64,-2184.18,-515.54
3221,595.9,1358.47,1724.71,155.88,98.26,-69.67,-1130.4,-10039.4,532.53,8640.46,-2304.7,74.77,1866.73,-2229.94,-363.2
3231,526.43,1297.16,1703.31,155.52,93.61,-66.07,-1136.75,-10136.88,555.47,8689.99,-2260.0,74.6,1681.78,-2185.4,-503.62
3241,534.5,1266.33,1705.63,151.05,88.67,-57.68,-1130.52,-10131.65,560.63,8706.5,-2264.4,75.85,1693.46,-2188.55,-495.09
3251,533.48,1294.64,1680.03,143.89,87.33,-57.86,-1116.88,-10185.91,548.74,8706.37,-2222.47,74.7,1633.83,-2147.77,-513.93
3261,583.32,1283.29,1691.36,145.92,81.57,-65.92,-1115.16,-10104.29,557.19,8681.88,-2290.78,73.87,1739.16,-2216.91,-477.75
3271,549.66,1312.3,1684.55,148.2,85.08,-54.13,-1153.39,-10116.61,545.05,8704.24,-2262.49,73.32,1704.96,-2189.17,-484.21
3281,559.04,1308.72,1673.6,143.89,82.78,-59.8,-1141.04,-10094.67,549.34,8624.67,-2225.1,72.83,1646.54,-2152.27,-505.73
3291,528.52,1277.39,1674.44,146.86,89.24,-62.84,-1134.22,-10116.92,553.71,8686.51,-2259.17,73.86,1642.68,-2185.31,-542.63
3301,534.61,1311.5,1700.28,149.85,86.93,-56.03,-1126.51,-10179.1,570.26,8671.1,-2235.24,73.62,1662.89,-2161.62,-498.73
3311,563.37,1267.47,1694.99,142.25,88.62,-62.55,-1112.25,-10156.96,539.07,8656.13,-2230.3,74.64,1620.14,-2155.65,-535.51
3321,562.03,1362.63,1678.5,154.53,78.56,-64.11,-1112.64,-10133.7,522.79,8636.78,-2229.07,73.33,1685.36,-2155.74,-470.38
3331,519.61,1318.72,1694.91,151.48,86.92,-57.22,-1115.02,-10170.84,539.88,8687.26,-2223.35,73.67,1655.71,-2149.69,-493.98
3341,572.55,1301.0,1688.71,153.73,87.01,-71.91,-1125.71,-10196.33,533.23,8707.27,-2206.47,74.13,1649.55,-2132.34,-482.8
3351,552.14,1305.83,1712.81,145.18,89.79,-49.78,-1117.59,-10188.27,543.87,8658.0,-2202.67,73.71,1651.99,-2128.97,-476.98
3361,555.62,1319.84,1682.07,149.99,81.89,-51.98,-1127.56,-10152.83,534.77,8700.26,-2244.33,74.39,1692.07,-2169.93,-477.86
3371,546.45,1290.26,1677.43,150.07,77.98,-66.25,-1125.18,-10174.98,528.94,8688.99,-2220.22,73.9,1593.72,-2146.32,-552.6
3381,536.88,1245.71,1700.32,152.78,82.49,-56.99,-1128.24,-10156.06,562.68,8698.07,-2243.98,74.46,1637.64,-2169.51,-531.87
3391,591.24,1312.13,1702.46,147.87,93.2,-75.7,-1126.23,-10079.83,527.1,8649.8,-2277.66,76.36,1742.05,-2201.3,-459.25
3401,580.58,1275.74,1670.24,150.45,90.93,-66.0,-1127.93,-10128.86,534.06,8694.56,-2270.98,73.95,1673.77,-2197.03,-523.26
3411,536.45,1350.74,1712.35,154.38,91.6,-65.67,-1117.85,-10013.84,537.77,8681.43,-2379.02,75.4,1867.35,-2303.62,-436.27
3421,554.42,1284.37,1702.37,148.7,79.86,-74.87,-1117.31,-10141.97,549.24,8703.19,-2260.03,74.82,1688.0,-2185.2,-497.2
3431,556.47,1316.86,1664.14,147.15,84.22,-66.84,-1133.4,-10074.73,550.48,8740.46,-2349.21,75.89,1784.81,-2273.32,-488.51
3441,574.87,1277.21,1702.76,151.61,85.75,-57.28,-1112.54,-10184.08,538.2,8697.38,-2227.31,74.34,1673.87,-2152.97,-479.1
3451,588.53,1310.16,1694.21,152.81,80.38,-72.51,-1121.84,-10141.75,519.61,8680.13,-2265.17,75.38,1689.73,-2189.79,-500.06
3461,544.18,1327.6,1682.32,150.89,92.04,-58.29,-1095.27,-10153.43,535.16,8672.23,-2255.86,75.25,1697.42,-2180.61,-483.19
3471,557.67,1314.02,1711.72,147.43,95.12,-63.27,-1121.3,-10134.91,541.25,8678.98,-2257.54,74.72,1726.7,-2182.83,-456.12
3481,607.57,1315.45,1700.9,144.46,82.8,-58.37,-1122.13,-10156.31,533.69,8666.19,-2241.57,73.95,1714.26,-2167.62,-453.36
3491,530.91,1312.87,1684.0,144.01,90.21,-61.11,-1101.2,-10180.68,547.52,8703.44,-2242.07,74.85,1669.97,-2167.21,-497.25
3501,537.55,1350.98,1696.29,153.94,91.77,-68.69,-1134.59,-10197.39,558.44,8684.87,-2207.46,73.43,1673.17,-2134.03,-460.86
3511,543.1,1320.13,1695.97,146.75,81.2,-66.26,-1143.91,-10111.66,530.21,8683.93,-2275.98,73.94,1679.45,-2202.04,-522.59
3521,518.25,1361.83,1692.54,161.33,84.29,-55.93,-1150.25,-10065.2,554.53,8633.32,-2272.35,74.76,1734.69,-2197.6,-462.9
3531,577.98,1350.97,1712.68,153.57,86.01,-75.67,-1123.33,-10149.97,529.44,8658.14,-2238.04,73.85,1719.83,-2164.2,-444.37
3541,504.81,1317.74,1719.76,149.85,96.1,-52.84,-1122.12,-10174.36,532.26,8685.8,-2237.92,73.91,1657.01,-2164.01,-507.0
3551,546.84,1260.43,1716.48,140.34,89.74,-62.81,-1143.77,-10138.76,541.93,8730.16,-2270.16,74.29,1680.58,-2195.87,-515.29
3561,597.82,1338.25,1704.47,144.72,98.65,-64.26,-1138.35,-10135.26,534.29,8677.96,-2258.9,72.98,1758.31,-2185.92,-427.61
3571,560.4,1301.61,1698.45,150.91,76.59,-53.12,-1126.48,-10100.12,540.88,8643.62,-2279.26,73.85,1692.75,-2205.4,-512.66
3581,544.17,1279.53,1681.89,147.72,77.47,-62.79,-1114.46,-10142.83,537.3,8639.57,-2249.19,75.14,1587.57,-2174.05,-586.47
3591,529.7,1338.38,1677.87,159.92,80.12,-66.56,-1121.46,-10142.58,554.09,8730.48,-2273.53,74.49,1739.96,-2199.05,-459.09
3601,540.74,1276.56,1693.45,148.48,89.35,-68.4,-1130.57,-10086.55,577.53,8693.17,-2288.83,73.3,1733.75,-2215.52,-481.77
3611,558.62,1334.71,1679.36,152.46,76.91,-65.05,-1118.62,-10129.86,531.95,8674.1,-2267.62,72.68,1694.59,-2194.94,-500.35
3621,564.89,1330.06,1695.01,147.1,82.72,-64.23,-1142.78,-10127.29,529.57,8693.14,-2253.97,74.47,1708.18,-2179.49,-471.31
3631,581.92,1295.31,1695.61,154.91,82.61,-61.58,-1117.5,-10119.07,553.61,8674.91,-2274.74,76.03,1740.73,-2198.71,-457.98
3641,538.43,1372.24,1690.27,157.88,84.18,-61.67,-1154.79,-10113.42,527.39,8669.88,-2246.98,73.03,1710.38,-2173.96,-463.58
3651,560.16,1340.28,1672.18,152.26,82.75,-48.25,-1132.01,-10146.05,524.66,8685.66,-2266.85,74.9,1691.63,-2191.94,-500.32
3661,593.32,1315.63,1687.38,154.86,81.47,-69.27,-1113.65,-10061.95,551.77,8683.47,-2322.13,76.62,1823.02,-2245.51,-422.49
3671,531.13,1300.11,1705.46,150.14,88.84,-55.04,-1131.18,-10085.31,535.19,8669.32,-2308.03,75.09,1708.66,-2232.94,-524.29
3681,536.02,1355.16,1700.55,146.38,85.06,-68.95,-1129.91,-10109.06,543.93,8673.19,-2278.01,74.62,1732.36,-2203.38,-471.02
3691,507.4,1330.65,1686.7,155.14,88.28,-62.3,-1128.19,-10107.75,549.05,8720.59,-2314.72,75.97,1739.58,-2238.75,-499.17
3701,601.57,1276.12,1692.36,150.35,86.86,-64.68,-1114.72,-10058.56,540.9,8691.34,-2332.4,74.74,1801.56,-2257.66,-456.1
3711,564.39,1345.95,1708.76,152.35,90.78,-64.51,-1128.56,-10125.17,540.0,8638.14,-2246.44,73.75,1722.13,-2172.69,-450.56
3721,539.74,1244.74,1679.49,146.81,93.73,-54.12,-1123.83,-10093.02,521.68,8697.54,-2288.57,75.42,1652.76,-2213.15,-560.4
3731,562.41,1306.87,1696.81,145.4,83.31,-53.88,-1127.02,-10062.8,533.72,8680.39,-2304.52,74.79,1765.23,-2229.73,-464.5
3741,557.72,1318.39,1697.71,142.6,69.79,-65.96,-1113.75,-10074.0,547.78,8679.07,-2302.14,74.21,1759.35,-2227.93,-468.58
3751,545.05,1358.35,1696.42,152.87,78.71,-59.03,-1122.47,-10016.7,538.45,8610.61,-2325.8,74.73,1782.25,-2251.06,-468.81
3761,533.56,1322.97,1689.87,149.01,87.71,-58.06,-1127.51,-10023.83,545.36,8640.19,-2327.7,76.28,1759.27,-2251.41,-492.14
3771,557.31,1335.63,1702.33,144.0,75.79,-73.31,-1131.0,-10100.64,560.32,8633.42,-2261.73,75.28,1703.85,-2186.44,-482.59
3781,585.56,1348.2,1695.77,152.56,89.78,-69.56,-1109.36,-10082.0,529.27,8641.86,-2306.81,74.97,1782.1,-2231.84,-449.74
3791,589.72,1351.75,1701.24,159.95,90.99,-69.39,-1150.26,-10061.25,530.93,8628.26,-2274.49,74.88,1771.96,-2199.61,-427.66
3801,581.88,1314.42,1706.1,141.88,95.19,-57.66,-1129.65,-10076.44,534.12,8687.54,-2299.27,76.1,1797.36,-2223.16,-425.8
3811,547.97,1266.52,1707.55,148.22,77.08,-66.29,-1110.96,-10053.57,549.33,8675.62,-2317.44,75.29,1741.47,-2242.15,-500.67
3821,568.58,1249.56,1682.76,150.26,93.37,-56.26,-1129.18,-10075.34,536.87,8714.17,-2334.21,74.89,1734.79,-2259.33,-524.53
3831,580.31,1328.43,1687.7,146.29,74.54,-57.68,-1136.83,-10086.2,529.68,8659.95,-2296.0,75.48,1726.18,-2220.52,-494.35
3841,546.4,1318.56,1695.61,146.06,89.65,-52.38,-1115.46,-10066.36,520.38,8674.66,-2302.71,73.97,1757.12,-2228.74,-471.61
3851,533.25,1349.45,1691.92,159.39,73.16,-59.99,-1150.34,-10096.63,531.81,8711.62,-2279.62,74.4,1743.64,-2205.22,-461.57
3861,557.76,1328.16,1701.79,141.94,78.86,-59.43,-1142.57,-10003.25,538.19,8643.07,-2349.31,75.44,1784.51,-2273.87,-489.36
3871,561.12,1333.18,1717.75,155.16,85.8,-55.93,-1131.29,-10139.33,530.35,8632.61,-2223.56,74.64,1689.43,-2148.92,-459.49
3881,578.55,1284.36,1700.04,146.93,84.95,-72.09,-1105.82,-10073.96,544.57,8631.68,-2285.11,76.39,1719.2,-2208.72,-489.52
3891,528.97,1308.61,1695.78,148.83,72.08,-57.85,-1132.04,-10024.8,555.41,8643.7,-2336.31,76.04,1738.7,-2260.28,-521.58
3901,549.38,1307.18,1686.88,145.58,86.33,-56.97,-1133.5,-10062.79,550.79,8613.6,-2286.45,76.16,1686.47,-2210.29,-523.83
3911,568.52,1305.83,1687.11,152.08,80.44,-51.0,-1129.13,-10118.14,528.25,8688.61,-2262.12,74.39,1712.59,-2187.73,-475.15
3921,516.88,1301.01,1686.28,145.61,87.79,-61.14,-1105.46,-10097.11,546.46,8692.86,-2306.76,75.0,1713.18,-2231.75,-518.58
3931,531.37,1328.27,1688.38,145.62,91.34,-56.96,-1115.68,-10070.29,545.12,8645.45,-2277.39,74.02,1732.63,-2203.38,-470.75
3941,530.11,1315.28,1699.37,152.38,80.15,-58.97,-1142.3,-10037.22,531.55,8628.28,-2293.25,72.54,1698.64,-2220.71,-522.07
3951,530.76,1328.98,1714.66,145.25,86.41,-60.66,-1127.79,-10067.67,537.26,8641.01,-2303.48,75.15,1728.2,-2228.33,-500.12
3961,586.94,1273.68,1701.96,136.02,84.23,-68.46,-1129.54,-10139.73,536.34,8695.11,-2250.05,75.43,1676.54,-2174.62,-498.08
3971,566.49,1349.57,1683.2,153.82,74.75,-63.82,-1107.67,-10148.46,544.36,8656.71,-2236.36,75.68,1708.95,-2160.69,-451.74
3981,548.18,1296.24,1719.14,148.75,84.1,-74.45,-1112.25,-10145.89,542.13,8763.86,-2307.59,76.27,1769.82,-2231.32,-461.49
3991,555.25,1273.87,1713.65,150.6,87.98,-75.25,-1092.05,-10157.43,549.35,8708.9,-2278.61,76.75,1714.87,-2201.86,-486.99
4001,536.82,1278.08,1684.83,139.43,76.82,-66.54,-1114.5,-10107.26,546.83,8717.68,-2301.42,73.93,1692.19,-2227.49,-535.3

Ligand Energy Terms
Frame #,BOND,ANGLE,DIHED,UB,IMP,CMAP,VDWAALS,EEL,1-4 VDW,1-4 EEL,EGB,ESURF,GGAS,GSOLV,TOTAL
1,8.69,13.95,52.01,3.07,0.05,0.0,-4.74,25.56,15.45,-47.01,-19.42,2.69,67.03,-16.73,50.3
11,7.24,14.72,47.76,3.72,0.4,0.0,-1.83,27.81,18.84,-49.99,-18.9,2.71,68.7,-16.2,52.5
21,13.96,10.78,49.21,4.67,0.48,0.0,-3.44,27.35,16.55,-51.25,-18.17,2.7,68.31,-15.47,52.85
31,7.49,13.36,48.67,3.17,0.24,0.0,-3.19,26.06,18.01,-46.25,-19.03,2.68,67.57,-16.35,51.21
41,5.98,21.25,50.0,5.04,0.3,0.0,-4.47,27.72,16.64,-46.99,-19.95,2.71,75.47,-17.24,58.23
51,8.48,15.9,50.41,3.49,1.64,0.0,-2.91,25.64,15.59,-46.85,-18.93,2.68,71.39,-16.25,55.14
61,8.08,18.33,50.99,4.17,0.15,0.0,-4.78,27.05,15.81,-48.43,-19.69,2.68,71.37,-17.01,54.36
71,10.2,19.07,49.87,6.01,0.06,0.0,-2.94,26.2,17.09,-48.36,-18.93,2.7,77.2,-16.23,60.97
81,11.66,19.24,50.68,3.36,0.08,0.0,-4.95,23.67,15.59,-46.89,-18.49,2.71,72.44,-15.77,56.67
91,11.46,15.96,49.47,4.58,0.09,0.0,-4.35,24.16,16.31,-46.31,-19.05,2.71,71.38,-16.34,55.04
101,10.91,20.0,47.83,4.12,0.26,0.0,-3.45,24.49,17.02,-45.2,-18.68,2.71,75.98,-15.97,60.01
111,6.28,17.1,47.95,3.38,0.38,0.0,-3.28,24.07,16.52,-46.89,-18.12,2.69,65.52,-15.43,50.09
121,12.09,16.63,50.96,4.37,0.03,0.0,-3.14,24.84,15.43,-47.64,-18.9,2.71,73.57,-16.19,57.38
131,9.03,16.53,46.8,4.28,0.37,0.0,-4.56,25.16,16.64,-48.86,-18.56,2.72,65.39,-15.83,49.56
141,10.18,17.98,48.81,4.02,1.11,0.0,-1.87,25.5,16.57,-47.96,-18.64,2.69,74.35,-15.95,58.4
151,5.8,17.94,47.04,4.48,0.02,0.0,-1.76,26.07,18.84,-48.48,-18.27,2.69,69.95,-15.58,54.37
161,6.86,14.88,49.33,4.34,0.25,0.0,-2.87,25.1,16.67,-45.57,-18.74,2.72,69.0,-16.02,52.98
171,10.49,20.16,51.04,3.86,0.23,0.0,-2.87,26.21,16.83,-50.78,-18.96,2.69,75.18,-16.26,58.91
181,8.6,19.31,47.84,4.72,1.6,0.0,-0.3,26.23,17.73,-49.03,-18.67,2.7,76.69,-15.96,60.73
191,11.05,15.46,52.42,4.48,0.52,0.0,-3.25,26.64,17.6,-48.65,-18.63,2.69,76.26,-15.94,60.32
201,11.15,23.01,49.19,5.11,0.25,0.0,-5.37,23.1,14.8,-44.51,-19.01,2.75,76.72,-16.27,60.46
211,7.7,16.59,51.84,3.14,0.4,0.0,-3.09,26.37,16.65,-48.5,-19.6,2.72,71.1,-16.88,54.22
221,6.67,18.07,48.6,2.68,1.93,0.0,-3.54,24.62,15.6,-46.73,-18.31,2.68,67.89,-15.63,52.27
231,8.79,19.02,48.32,4.83,0.74,0.0,-2.73,25.73,18.41,-48.34,-19.04,2.67,74.77,-16.38,58.39
241,10.62,18.02,52.87,4.79,0.33,0.0,-3.38,28.62,16.17,-52.95,-19.3,2.69,75.1,-16.61,58.49
251,7.91,19.6,53.19,4.42,0.03,0.0,-5.46,25.06,14.7,-46.95,-18.92,2.75,72.5,-16.17,56.33
261,7.82,14.33,48.09,3.38,0.95,0.0,-3.61,25.36,15.51,-46.8,-18.37,2.69,65.04,-15.68,49.36
271,13.66,14.32,49.96,5.25,1.54,0.0,-3.35,26.48,13.23,-49.81,-18.87,2.7,71.27,-16.17,55.1
281,6.15,14.11,52.07,4.0,1.03,0.0,-5.36,24.42,16.51,-44.77,-19.26,2.72,68.15,-16.54,51.61
291,5.84,21.53,53.84,4.23,0.54,0.0,-3.64,25.25,17.05,-48.43,-18.89,2.72,76.21,-16.18,60.03
301,8.46,21.02,50.93,4.71,0.75,0.0,-4.36,25.63,14.2,-47.06,-18.75,2.74,74.28,-16.01,58.26
311,9.8,16.26,51.43,3.24,0.13,0.0,-4.36,27.27,15.47,-50.08,-19.7,2.7,69.17,-17.0,52.16
321,11.3,19.83,48.95,5.11,0.93,0.0,-3.68,27.41,15.88,-49.34,-19.11,2.69,76.39,-16.42,59.97
331,7.93,20.64,52.42,4.32,0.93,0.0,-4.61,26.95,15.08,-48.94,-19.77,2.74,74.71,-17.03,57.68
341,8.2,14.8,48.54,3.66,1.12,0.0,-3.91,24.54,13.61,-47.37,-18.82,2.75,63.19,-16.07,47.12
351,8.9,20.54,55.48,5.16,0.16,0.0,-4.44,25.57,15.59,-46.08,-19.67,2.73,80.88,-16.94,63.94
361,12.81,14.13,53.6,3.18,0.51,0.0,-3.14,26.52,16.17,-49.82,-18.8,2.69,73.97,-16.11,57.86
371,5.54,17.98,54.91,4.49,0.37,0.0,-4.04,26.15,15.08,-47.18,-19.4,2.7,73.31,-16.7,56.6
381,8.08,18.72,51.49,3.26,0.14,0.0,-2.16,27.3,20.18,-49.58,-19.08,2.72,77.44,-16.36,61.08
391,8.9,15.34,52.09,4.33,0.23,0.0,-4.72,25.49,16.82,-47.6,-19.3,2.69,70.88,-16.6,54.28
401,9.12,18.25,51.45,5.03,0.38,0.0,-3.79,27.15,16.32,-50.39,-19.07,2.72,73.51,-16.36,57.16
411,9.48,14.47,50.18,3.37,1.67,0.0,-3.77,24.34,15.73,-45.7,-18.74,2.75,69.76,-15.99,53.77
421,7.39,14.47,52.5,2.98,1.42,0.0,-4.18,27.19,16.81,-50.4,-18.91,2.69,68.18,-16.22,51.96
431,7.53,19.14,49.42,4.01,1.04,0.0,-4.76,24.71,17.56,-47.06,-18.32,2.71,71.57,-15.61,55.96
441,6.68,16.05,51.66,3.46,0.34,0.0,-5.7,25.39,15.31,-45.94,-19.74,2.71,67.25,-17.02,50.23
451,9.48,23.9,50.45,4.62,2.26,0.0,-4.61,26.09,14.67,-48.71,-19.13,2.71,78.14,-16.42,61.72
461,10.32,17.52,49.02,3.32,0.19,0.0,-4.83,25.05,17.1,-47.65,-18.89,2.74,70.04,-16.15,53.89
471,6.33,18.73,50.13,4.03,0.7,0.0,-4.31,25.9,17.02,-48.84,-19.29,2.68,69.7,-16.61,53.09
481,7.43,18.1,52.11,4.44,0.04,0.0,-5.45,24.94,16.69,-46.58,-18.22,2.71,71.72,-15.52,56.21
491,4.67,18.84,48.03,5.44,0.2,0.0,-4.39,25.12,17.24,-48.64,-18.24,2.69,66.5,-15.55,50.95
501,10.51,16.83,50.08,3.74,2.07,0.0,-3.24,25.97,17.72,-48.13,-18.44,2.7,75.55,-15.75,59.8
511,13.6,14.52,48.8,3.74,0.19,0.0,-3.44,25.28,15.83,-47.08,-18.79,2.7,71.43,-16.09,55.34
521,13.3,19.41,49.31,5.84,1.19,0.0,-3.6,27.28,13.64,-48.48,-19.9,2.71,77.89,-17.19,60.7
531,10.89,17.04,50.37,3.52,2.21,0.0,-4.78,25.32,19.1,-46.9,-19.41,2.72,76.77,-16.69,60.09
541,9.27,22.33,51.2,5.04,0.76,0.0,-5.06,26.97,14.64,-49.24,-19.37,2.74,75.91,-16.63,59.29
551,10.02,19.88,50.12,4.08,0.38,0.0,-3.74,27.51,15.8,-49.81,-19.2,2.7,74.23,-16.51,57.73
561,12.25,18.05,52.09,3.77,0.53,0.0,-3.18,28.02,13.14,-49.41,-19.15,2.7,75.26,-16.45,58.81
571,9.88,17.7,54.82,3.37,0.1,0.0,-3.31,26.05,14.72,-48.68,-19.7,2.68,74.64,-17.02,57.62
581,6.24,15.39,48.12,3.03,0.35,0.0,1.12,27.03,17.19,-48.74,-18.1,2.68,69.74,-15.42,54.32
591,11.01,19.89,51.38,3.42,0.06,0.0,-5.08,26.11,16.37,-48.73,-19.06,2.71,74.44,-16.35,58.09
601,9.52,15.43,47.42,3.06,0.28,0.0,-3.42,27.17,16.32,-50.1,-19.77,2.72,65.69,-17.05,48.64
611,10.15,18.68,50.16,4.2,1.02,0.0,-4.46,26.7,15.61,-49.99,-19.08,2.7,72.08,-16.38,55.7
621,9.86,17.61,52.67,4.86,0.61,0.0,-3.42,24.51,14.99,-46.02,-18.16,2.73,75.67,-15.44,60.24
631,6.92,16.56,52.72,3.21,0.39,0.0,-4.03,24.63,17.56,-45.94,-19.04,2.71,72.02,-16.33,55.69
641,9.5,14.33,52.16,3.96,1.47,0.0,-3.16,25.68,16.95,-47.61,-19.1,2.72,73.29,-16.38,56.91
651,6.75,16.01,52.92,3.54,1.22,0.0,-3.96,27.22,15.01,-49.6,-19.15,2.7,69.13,-16.44,52.68
661,14.15,22.76,51.11,6.12,1.3,0.0,-3.29,26.11,17.2,-48.64,-19.03,2.75,86.81,-16.29,70.52
671,11.91,13.71,53.15,3.1,0.04,0.0,-2.66,26.04,15.14,-47.64,-19.23,2.69,72.78,-16.53,56.24
681,7.81,16.58,52.96,4.31,0.27,0.0,-2.17,27.55,18.62,-50.86,-18.78,2.7,75.06,-16.08,58.98
691,9.33,19.16,50.06,3.72,0.22,0.0,-2.39,28.57,14.64,-51.79,-19.83,2.71,71.52,-17.12,54.4
701,9.41,16.64,50.53,3.03,2.26,0.0,-3.96,28.22,15.47,-50.7,-19.1,2.68,70.9,-16.42,54.47
711,8.78,19.59,50.91,6.2,3.92,0.0,-5.38,26.2,15.79,-47.79,-19.28,2.72,78.22,-16.56,61.66
721,6.38,20.58,55.44,3.46,1.19,0.0,-4.04,27.71,16.3,-51.57,-19.45,2.72,75.47,-16.73,58.74
731,8.41,18.32,48.68,4.83,0.05,0.0,-4.72,25.5,17.19,-47.48,-18.68,2.72,70.8,-15.96,54.84
741,8.9,23.02,49.42,5.19,0.47,0.0,-4.01,26.67,14.64,-48.76,-18.63,2.68,75.54,-15.95,59.59
751,8.7,17.05,50.54,4.31,1.62,0.0,-2.68,27.41,19.5,-52.29,-19.04,2.7,74.15,-16.34,57.82
761,7.56,16.12,51.82,3.24,0.21,0.0,-3.16,25.68,14.61,-45.24,-19.18,2.74,70.86,-16.44,54.43
771,11.92,18.47,48.6,4.95,0.46,0.0,-3.43,24.42,14.65,-46.44,-19.28,2.73,73.61,-16.55,57.07
781,7.45,16.55,51.34,3.18,0.09,0.0,-3.91,27.56,16.53,-50.06,-19.33,2.71,68.73,-16.62,52.11
791,10.01,15.79,56.71,3.82,0.44,0.0,-5.42,27.43,17.39,-50.22,-19.71,2.72,75.96,-16.98,58.97
801,6.79,19.54,51.57,4.23,2.03,0.0,-3.74,26.3,18.31,-50.05,-18.71,2.7,75.0,-16.01,58.98
811,13.35,18.53,51.12,3.79,0.26,0.0,-5.1,25.78,13.36,-47.85,-19.46,2.73,73.23,-16.73,56.5
821,8.1,18.33,50.43,3.76,0.26,0.0,-4.0,26.02,18.63,-48.49,-19.02,2.72,73.04,-16.3,56.74
831,7.53,19.25,50.1,3.63,0.17,0.0,-3.56,28.18,18.7,-51.39,-18.5,2.71,72.62,-15.78,56.84
841,9.0,18.12,48.39,3.07,0.72,0.0,-3.9,24.63,14.62,-46.72,-18.97,2.71,67.92,-16.26,51.66
851,6.97,19.81,51.53,3.91,0.21,0.0,-3.62,25.75,17.04,-49.59,-18.61,2.7,71.98,-15.92,56.07
861,7.51,16.13,56.54,3.92,0.68,0.0,-3.62,26.2,14.01,-49.81,-19.11,2.71,71.57,-16.4,55.17
871,9.47,21.16,53.63,3.88,1.84,0.0,-4.92,26.16,15.67,-49.13,-19.0,2.73,77.76,-16.27,61.49
881,10.55,19.59,50.01,4.16,2.31,0.0,-4.7,26.33,17.82,-48.99,-18.48,2.67,77.07,-15.82,61.25
891,9.83,19.07,48.79,4.13,0.3,0.0,0.3,25.59,16.19,-49.58,-18.37,2.7,74.62,-15.67,58.95
901,6.4,15.69,49.51,4.55,1.19,0.0,-3.22,24.71,17.45,-46.91,-18.69,2.69,69.37,-16.0,53.38
911,6.57,21.51,46.45,4.3,0.36,0.0,-3.34,25.11,16.9,-46.44,-18.35,2.69,71.42,-15.66,55.76
921,13.42,15.94,51.03,3.78,2.0,0.0,-4.22,26.78,17.12,-49.09,-18.62,2.72,76.77,-15.91,60.86
931,8.69,15.67,50.47,4.25,1.66,0.0,-5.93,25.38,16.08,-47.73,-18.97,2.7,68.54,-16.27,52.27
941,5.45,13.24,48.85,2.87,0.16,0.0,-3.93,26.28,17.13,-47.93,-18.41,2.7,62.11,-15.71,46.4
951,10.04,20.07,50.56,4.79,1.26,0.0,-4.99,24.1,15.8,-45.95,-18.8,2.72,75.67,-16.08,59.59
961,6.66,17.38,49.86,3.71,0.89,0.0,-4.59,26.31,15.95,-47.18,-18.99,2.72,68.99,-16.26,52.73
971,8.25,22.26,52.58,4.32,0.93,0.0,-3.41,26.68,16.32,-49.95,-18.99,2.69,77.97,-16.29,61.67
981,11.48,16.48,47.94,3.14,0.63,0.0,-4.85,25.91,15.65,-48.6,-19.24,2.71,67.78,-16.53,51.25
991,9.89,17.85,48.93,5.14,0.22,0.0,-3.98,24.87,17.49,-47.75,-19.46,2.71,72.66,-16.75,55.9
1001,12.04,16.25,48.3,4.12,0.55,0.0,-2.35,26.96,17.64,-51.41,-18.63,2.72,72.1,-15.92,56.19
1011,11.59,20.29,50.02,4.93,0.96,0.0,-2.86,25.31,15.21,-46.7,-18.89,2.72,78.76,-16.17,62.58
1021,6.39,18.42,50.49,4.5,0.42,0.0,-5.01,24.81,16.86,-46.68,-17.91,2.7,70.18,-15.21,54.97
1031,7.75,18.04,49.31,4.28,0.75,0.0,-3.67,28.67,15.57,-51.84,-19.62,2.69,68.88,-16.93,51.95
1041,7.29,16.88,51.97,3.62,1.28,0.0,-1.32,26.22,17.16,-50.68,-17.95,2.71,72.41,-15.24,57.17
1051,12.56,24.96,48.28,5.84,0.21,0.0,-2.95,25.17,14.24,-48.16,-18.12,2.66,80.14,-15.45,64.69
1061,5.74,19.6,50.37,4.78,0.05,0.0,-4.33,26.52,17.01,-49.63,-19.1,2.67,70.12,-16.42,53.69
1071,13.13,19.19,48.08,5.38,1.45,0.0,-3.46,26.18,15.86,-48.22,-18.89,2.67,77.59,-16.22,61.36
1081,10.15,20.95,51.22,4.38,0.08,0.0,-4.67,25.62,17.18,-46.4,-18.84,2.72,78.52,-16.12,62.4
1091,7.03,18.86,47.53,3.29,0.13,0.0,-4.36,25.26,15.53,-48.19,-18.55,2.73,65.07,-15.82,49.25
1101,7.2,16.28,51.08,3.31,2.15,0.0,-4.61,24.19,15.64,-45.19,-18.6,2.68,70.05,-15.91,54.14
1111,4.8,15.51,50.16,3.96,3.85,0.0,-3.76,26.66,17.17,-49.19,-18.58,2.66,69.16,-15.92,53.24
1121,10.1,16.8,49.2,3.83,0.25,0.0,-0.68,25.56,16.13,-49.01,-18.76,2.71,72.18,-16.06,56.13
1131,8.75,21.42,49.44,4.84,1.83,0.0,-3.93,25.09,17.6,-47.14,-18.67,2.67,77.9,-16.0,61.9
1141,10.68,16.14,54.02,3.51,0.13,0.0,-5.21,27.16,15.75,-48.92,-19.46,2.73,73.27,-16.73,56.54
1151,8.33,19.66,48.49,4.04,1.18,0.0,-2.8,26.04,15.27,-47.94,-19.73,2.72,72.27,-17.0,55.27
1161,7.96,17.5,49.2,4.08,1.25,0.0,-3.81,27.44,13.87,-49.89,-19.36,2.68,67.6,-16.68,50.92
1171,9.32,16.74,51.19,4.21,0.78,0.0,-3.89,26.19,14.76,-48.1,-18.91,2.68,71.2,-16.23,54.97
1181,10.23,19.55,48.36,3.96,0.99,0.0,-4.3,26.43,14.7,-47.89,-19.32,2.71,72.05,-16.61,55.44
1191,7.58,15.59,49.96,3.1,0.77,0.0,-4.08,25.68,14.83,-47.49,-18.83,2.71,65.93,-16.12,49.81
1201,7.17,19.6,52.29,3.84,0.12,0.0,-1.82,28.52,15.83,-52.06,-19.59,2.7,73.5,-16.89,56.61
1211,8.53,22.24,51.64,5.28,0.49,0.0,-3.34,24.6,15.08,-45.83,-18.82,2.73,78.67,-16.09,62.59
1221,10.36,19.65,49.17,5.32,0.21,0.0,-3.84,25.75,16.05,-47.44,-18.55,2.68,75.22,-15.87,59.35
1231,8.85,16.44,53.87,4.56,1.2,0.0,-3.86,24.47,16.45,-47.19,-18.05,2.67,74.78,-15.38,59.4
1241,10.4,16.44,50.55,2.82,0.16,0.0,-3.27,25.55,14.73,-48.06,-18.97,2.69,69.32,-16.28,53.04
1251,6.62,15.06,51.69,3.61,0.04,0.0,-4.42,24.55,17.99,-47.28,-17.49,2.69,67.86,-14.8,53.06
1261,8.49,17.07,47.49,3.52,0.04,0.0,-3.47,26.63,16.4,-50.03,-19.0,2.7,66.13,-16.31,49.83
1271,10.09,20.7,49.52,3.85,0.88,0.0,-4.62,25.59,15.83,-48.51,-18.53,2.7,73.34,-15.84,57.5
1281,7.55,16.07,52.19,3.07,0.26,0.0,-4.49,27.76,15.69,-49.81,-19.69,2.7,68.31,-17.0,51.31
1291,6.38,13.03,52.18,3.06,0.06,0.0,-3.86,27.82,16.32,-50.73,-19.28,2.67,64.26,-16.61,47.65
1301,12.69,15.6,50.44,4.61,0.93,0.0,-5.49,22.66,15.04,-41.06,-18.77,2.71,75.41,-16.06,59.35
1311,7.66,19.15,50.2,2.9,0.16,0.0,-3.82,25.12,15.61,-47.5,-18.7,2.72,69.47,-15.98,53.5
1321,12.21,17.4,49.76,6.05,4.32,0.0,-3.03,24.65,15.53,-46.82,-19.0,2.7,80.07,-16.3,63.77
1331,10.48,15.41,50.03,4.61,1.82,0.0,-5.06,25.1,14.29,-44.89,-19.49,2.7,71.8,-16.8,55.0
1341,7.36,15.58,49.88,4.14,1.75,0.0,-3.14,26.53,16.57,-49.28,-18.78,2.7,69.39,-16.08,53.31
1351,9.3,14.82,52.27,3.46,0.21,0.0,-4.6,25.21,15.42,-47.86,-18.18,2.72,68.23,-15.46,52.77
1361,6.26,22.55,50.49,5.13,1.56,0.0,-4.49,25.77,17.64,-48.33,-19.09,2.67,76.57,-16.42,60.15
1371,8.34,13.53,50.49,5.03,0.1,0.0,-5.05,25.99,15.96,-46.91,-19.33,2.71,67.49,-16.62,50.87
1381,10.1,19.86,48.23,4.99,0.34,0.0,-3.19,25.13,18.17,-47.31,-17.5,2.68,76.32,-14.82,61.5
1391,10.9,15.88,48.66,3.07,0.36,0.0,-3.76,26.91,14.25,-48.68,-19.52,2.7,67.61,-16.82,50.78
1401,11.99,20.93,50.05,4.07,0.35,0.0,-5.71,26.13,16.42,-47.24,-19.0,2.71,76.98,-16.29,60.69
1411,8.15,21.09,52.17,5.03,0.77,0.0,-0.51,26.27,17.86,-48.69,-18.59,2.68,82.12,-15.91,66.21
1421,13.58,22.61,49.01,4.64,1.48,0.0,-4.46,24.38,14.42,-45.53,-19.03,2.68,80.13,-16.35,63.78
1431,7.48,20.94,52.05,4.57,0.55,0.0,-4.03,25.95,20.04,-49.46,-18.9,2.68,78.1,-16.22,61.88
1441,7.95,18.77,50.36,2.73,0.86,0.0,-1.87,26.94,17.48,-50.24,-18.78,2.68,72.99,-16.1,56.89
1451,7.87,20.62,50.42,4.45,0.16,0.0,-5.64,25.7,15.28,-46.44,-19.5,2.7,72.41,-16.8,55.62
1461,8.34,16.31,52.54,4.64,1.13,0.0,-5.89,25.03,16.62,-48.28,-19.15,2.68,70.44,-16.47,53.97
1471,9.36,20.84,50.07,3.35,0.46,0.0,-3.72,23.95,16.45,-45.2,-18.4,2.68,75.55,-15.72,59.82
1481,6.61,13.25,49.4,3.66,0.28,0.0,-4.86,24.89,18.69,-45.62,-19.4,2.71,66.29,-16.69,49.6
1491,11.36,16.89,50.05,4.06,0.48,0.0,-4.28,26.11,15.7,-45.88,-19.71,2.7,74.48,-17.01,57.47
1501,17.62,21.86,53.29,4.45,0.49,0.0,-3.06,26.55,15.95,-48.41,-19.42,2.66,88.75,-16.77,71.98
1511,9.37,14.63,49.45,4.05,1.1,0.0,-3.59,27.01,16.28,-50.2,-18.38,2.69,68.12,-15.69,52.43
1521,9.23,19.14,48.78,4.85,0.58,0.0,-5.49,23.9,15.41,-48.06,-18.42,2.69,68.35,-15.73,52.61
1531,11.56,21.98,50.85,5.96,3.44,0.0,-5.45,25.41,14.68,-48.74,-18.63,2.72,79.68,-15.91,63.78
1541,6.88,18.19,51.9,4.89,0.55,0.0,-4.56,25.39,17.77,-46.67,-18.74,2.66,74.34,-16.08,58.26
1551,9.52,14.81,51.98,3.35,1.23,0.0,-3.67,27.35,15.25,-49.9,-18.93,2.67,69.92,-16.27,53.66
1561,10.83,20.5,50.88,5.31,0.06,0.0,-5.03,28.09,14.18,-50.39,-19.4,2.69,74.43,-16.71,57.72
1571,7.27,17.13,48.11,3.03,0.87,0.0,-5.14,25.21,16.77,-49.22,-18.46,2.69,64.03,-15.77,48.26
1581,9.0,16.37,52.77,3.73,1.28,0.0,-5.2,26.13,15.56,-46.56,-19.2,2.71,73.09,-16.5,56.59
1591,15.03,17.76,51.46,4.03,0.22,0.0,-4.63,27.89,13.33,-50.16,-19.07,2.71,74.93,-16.36,58.57
1601,8.2,19.57,51.33,4.02,1.69,0.0,-5.09,25.98,15.85,-47.27,-19.62,2.7,74.28,-16.92,57.36
1611,9.43,16.19,50.38,4.88,2.54,0.0,-2.61,24.62,18.29,-46.52,-18.34,2.7,77.19,-15.63,61.55
1621,13.33,15.71,48.43,3.73,0.28,0.0,-2.07,27.51,15.15,-49.46,-18.54,2.67,72.6,-15.86,56.74
1631,11.56,14.18,50.11,2.49,0.6,0.0,-5.04,24.7,15.42,-47.16,-19.03,2.69,66.86,-16.34,50.52
1641,11.59,18.18,48.56,3.37,0.26,0.0,-4.06,26.39,13.87,-49.3,-19.11,2.68,68.88,-16.43,52.45
1651,6.87,20.45,51.34,4.58,0.78,0.0,-4.98,26.76,16.52,-48.09,-18.97,2.72,74.23,-16.25,57.98
1661,7.9,19.21,48.88,4.6,0.45,0.0,-3.6,27.03,17.97,-49.48,-19.63,2.69,72.97,-16.94,56.03
1671,10.33,17.07,50.53,4.65,1.18,0.0,-4.49,25.24,15.56,-47.7,-19.15,2.76,72.38,-16.39,55.99
1681,13.31,14.53,49.3,4.71,1.38,0.0,-4.61,26.36,14.87,-49.13,-19.01,2.69,70.72,-16.32,54.4
1691,7.04,15.16,49.02,3.6,0.11,0.0,-4.7,24.9,15.71,-47.0,-18.9,2.68,63.85,-16.21,47.64
1701,9.6,14.42,48.24,4.01,0.07,0.0,-4.88,24.41,16.38,-45.08,-18.74,2.66,67.17,-16.08,51.1
1711,10.4,20.78,49.28,4.92,1.99,0.0,-2.71,25.22,14.63,-46.92,-18.36,2.7,77.59,-15.66,61.93
1721,6.76,21.25,48.65,4.0,0.11,0.0,-3.37,26.94,16.92,-50.36,-19.34,2.69,70.89,-16.65,54.25
1731,8.98,21.18,52.4,4.71,0.28,0.0,-2.99,27.73,17.49,-50.55,-18.88,2.7,79.24,-16.18,63.06
1741,11.39,18.14,50.66,4.83,1.24,0.0,-5.5,25.93,13.73,-48.58,-18.83,2.75,71.85,-16.08,55.78
1751,13.69,20.54,50.51,4.04,2.27,0.0,-5.05,28.1,16.12,-51.39,-19.74,2.73,78.83,-17.0,61.83
1761,10.28,18.63,50.15,5.96,0.18,0.0,-4.44,23.65,14.72,-43.81,-18.94,2.73,75.33,-16.21,59.12
1771,12.99,18.33,49.36,4.6,0.17,0.0,-3.11,26.91,15.15,-47.76,-19.01,2.71,76.66,-16.3,60.35
1781,11.07,20.15,51.5,4.38,0.82,0.0,-3.48,26.73,14.95,-47.56,-19.13,2.69,78.56,-16.44,62.12
1791,12.13,15.67,49.73,3.18,0.42,0.0,-3.35,27.79,13.47,-49.76,-19.41,2.73,69.27,-16.68,52.59
1801,7.95,17.19,51.59,4.29,0.36,0.0,-5.58,23.95,17.52,-44.02,-19.12,2.72,73.25,-16.4,56.84
1811,11.31,16.28,50.16,4.44,0.29,0.0,-2.92,25.14,12.91,-48.17,-18.35,2.72,69.44,-15.63,53.81
1821,8.08,20.96,50.2,3.59,0.72,0.0,-4.76,26.2,15.13,-48.57,-19.32,2.69,71.56,-16.62,54.94
1831,6.72,20.62,51.12,4.28,0.13,0.0,-4.31,27.41,17.52,-49.22,-19.04,2.72,74.27,-16.32,57.95
1841,8.43,14.02,51.25,4.27,0.03,0.0,-3.5,26.52,15.35,-47.39,-18.84,2.73,68.98,-16.11,52.88
1851,14.5,16.02,47.93,5.32,1.23,0.0,-2.39,25.28,16.76,-49.35,-18.41,2.73,75.3,-15.68,59.62
1861,6.36,20.02,49.93,3.97,0.64,0.0,-2.2,26.1,18.19,-49.56,-18.59,2.68,73.46,-15.92,57.54
1871,9.78,14.02,49.34,3.93,0.35,0.0,-2.23,26.03,17.39,-47.1,-18.88,2.7,71.5,-16.18,55.32
1881,10.09,17.88,52.81,4.1,0.49,0.0,-4.51,26.18,13.56,-46.9,-19.66,2.71,73.71,-16.94,56.76
1891,6.85,15.49,50.83,3.44,0.08,0.0,-3.92,25.33,17.79,-47.07,-18.28,2.69,68.83,-15.59,53.25
1901,10.08,15.42,49.5,4.35,0.54,0.0,-4.88,25.78,15.53,-48.84,-18.95,2.69,67.47,-16.26,51.21
1911,10.82,20.68,49.15,4.18,0.21,0.0,-2.3,28.33,17.82,-52.51,-18.87,2.69,76.39,-16.18,60.21
1921,10.94,19.0,49.73,4.83,0.9,0.0,-4.46,24.74,18.11,-47.18,-18.28,2.7,76.63,-15.58,61.05
1931,10.43,23.71,51.99,6.63,0.63,0.0,-6.04,25.92,17.36,-47.91,-19.78,2.71,82.73,-17.07,65.66
1941,9.19,20.0,50.91,4.35,0.5,0.0,-3.51,26.1,15.4,-48.43,-19.39,2.66,74.52,-16.73,57.79
1951,11.15,18.9,51.25,4.54,2.0,0.0,-3.54,24.26,17.07,-46.6,-17.89,2.68,79.04,-15.21,63.83
1961,7.05,12.38,48.59,3.15,1.04,0.0,-2.05,25.31,16.9,-45.72,-18.47,2.69,66.66,-15.77,50.88
1971,9.32,16.61,47.57,3.47,2.85,0.0,-3.18,28.04,16.18,-49.56,-19.32,2.69,71.3,-16.63,54.67
1981,10.66,15.13,53.44,3.8,2.59,0.0,-4.59,27.43,17.55,-50.47,-19.43,2.72,75.53,-16.7,58.83
1991,6.57,22.35,52.71,4.39,0.5,0.0,-2.79,25.83,16.94,-47.64,-18.78,2.69,78.87,-16.09,62.78
2001,8.98,18.98,52.68,3.51,0.74,0.0,-4.06,26.94,16.82,-49.8,-18.49,2.7,74.8,-15.79,59.01
2011,7.81,18.51,51.8,6.15,0.26,0.0,-3.86,25.79,16.74,-46.87,-19.29,2.69,76.31,-16.6,59.72
2021,10.58,20.06,50.86,5.0,0.1,0.0,-4.03,26.55,16.43,-47.14,-18.45,2.66,78.41,-15.79,62.62
2031,8.82,16.3,47.1,4.1,0.19,0.0,-2.36,25.33,18.0,-47.82,-18.76,2.71,69.64,-16.05,53.59
2041,9.95,20.16,49.06,5.03,0.56,0.0,-5.45,23.31,13.44,-44.4,-18.95,2.69,71.67,-16.26,55.41
2051,9.84,18.53,51.02,4.45,0.79,0.0,-5.08,27.01,17.27,-50.37,-19.56,2.73,73.46,-16.83,56.63
2061,7.78,13.67,48.95,4.56,0.34,0.0,-3.6,25.97,17.47,-49.07,-18.46,2.7,66.06,-15.76,50.31
2071,7.85,17.81,50.63,5.0,0.54,0.0,-3.46,24.32,15.26,-44.97,-19.9,2.7,72.98,-17.2,55.78
2081,14.56,17.58,49.64,4.18,0.61,0.0,-4.14,25.52,15.83,-47.16,-19.47,2.71,76.63,-16.76,59.87
2091,7.22,20.44,51.25,4.78,0.86,0.0,-3.8,24.92,17.41,-48.26,-18.7,2.71,74.81,-15.99,58.82
2101,7.41,16.13,51.38,4.2,0.24,0.0,-4.2,25.79,18.61,-48.49,-18.55,2.68,71.07,-15.87,55.2
2111,12.88,16.89,50.36,3.73,0.06,0.0,-3.41,27.22,17.13,-51.38,-18.9,2.69,73.48,-16.21,57.27
2121,10.37,12.46,50.74,3.27,0.02,0.0,-3.63,26.54,17.6,-49.24,-18.92,2.67,68.13,-16.26,51.87
2131,8.37,21.41,51.38,5.15,0.57,0.0,-4.53,23.63,18.02,-45.71,-17.65,2.66,78.29,-14.99,63.29
2141,17.87,19.7,50.04,5.43,0.63,0.0,-4.17,24.2,12.08,-48.07,-18.33,2.71,77.7,-15.62,62.09
2151,8.36,22.73,51.82,4.07,0.78,0.0,-3.27,25.51,16.65,-49.68,-18.62,2.69,76.95,-15.93,61.02
2161,10.02,14.8,50.99,3.91,0.57,0.0,-2.34,25.63,14.07,-47.51,-19.03,2.69,70.15,-16.33,53.82
2171,14.29,19.35,47.96,4.29,1.19,0.0,-5.95,23.69,18.07,-44.58,-17.83,2.66,78.32,-15.17,63.15
2181,8.27,19.55,48.06,4.29,0.45,0.0,-3.27,25.79,19.43,-47.36,-18.26,2.68,75.2,-15.58,59.61
2191,8.24,15.41,49.78,2.9,0.26,0.0,-3.7,26.54,15.47,-50.45,-18.51,2.72,64.46,-15.79,48.67
2201,8.61,15.97,48.86,3.8,1.19,0.0,-4.32,25.78,14.94,-47.99,-18.59,2.71,66.84,-15.88,50.96
2211,12.67,14.97,50.37,4.13,0.41,0.0,-4.81,25.67,14.53,-47.07,-19.0,2.71,70.89,-16.3,54.59
2221,12.38,19.29,47.48,3.96,0.36,0.0,-3.51,25.56,14.75,-47.21,-18.57,2.72,73.05,-15.85,57.2
2231,9.88,23.21,51.72,4.27,0.28,0.0,-5.33,27.67,15.86,-50.96,-19.33,2.69,76.61,-16.64,59.97
2241,8.45,18.29,50.52,4.11,0.46,0.0,-4.62,27.42,15.79,-49.28,-19.1,2.7,71.13,-16.4,54.73
2251,11.75,17.51,47.79,4.38,0.51,0.0,-4.27,24.9,16.94,-47.19,-18.37,2.67,72.32,-15.7,56.62
2261,12.57,16.91,51.03,4.03,1.67,0.0,-4.18,26.79,13.99,-49.09,-18.04,2.68,73.72,-15.37,58.35
2271,7.96,18.56,50.24,5.53,0.13,0.0,-2.45,25.71,17.25,-49.03,-18.33,2.65,73.9,-15.68,58.22
2281,8.84,15.11,48.04,3.91,0.41,0.0,-5.5,25.63,15.09,-46.28,-19.32,2.69,65.24,-16.63,48.61
2291,9.47,18.75,48.24,2.85,0.44,0.0,-1.05,27.92,16.26,-51.52,-18.69,2.71,71.36,-15.99,55.37
2301,10.72,20.46,53.68,5.43,2.16,0.0,-4.94,26.59,15.38,-47.97,-19.49,2.69,81.51,-16.79,64.72
2311,8.33,17.03,52.29,2.94,0.08,0.0,-2.95,25.65,16.28,-47.21,-19.13,2.69,72.45,-16.44,56.01
2321,8.06,16.33,49.0,3.01,1.27,0.0,-3.9,25.6,14.96,-48.84,-18.41,2.71,65.48,-15.7,49.79
2331,9.7,21.77,50.42,5.54,3.18,0.0,-3.19,28.21,16.66,-52.44,-18.09,2.68,79.85,-15.41,64.44
2341,10.94,21.84,50.88,5.62,0.65,0.0,-4.41,26.76,14.98,-49.93,-19.16,2.69,77.33,-16.46,60.87
2351,9.91,17.5,51.67,4.73,0.39,0.0,-2.47,26.53,16.39,-48.24,-18.88,2.71,76.41,-16.17,60.24
2361,8.28,16.08,52.52,5.05,0.25,0.0,-3.94,24.15,16.01,-45.2,-19.47,2.72,73.22,-16.76,56.47
2371,7.9,18.85,51.98,4.09,0.96,0.0,-4.95,24.84,16.49,-46.41,-19.51,2.74,73.75,-16.77,56.97
2381,9.77,20.11,50.45,5.44,1.6,0.0,-5.3,25.55,14.26,-47.48,-18.89,2.74,74.4,-16.16,58.25
2391,5.97,15.57,47.15,3.19,0.27,0.0,-3.47,26.69,17.51,-49.71,-18.52,2.68,63.16,-15.84,47.33
2401,9.47,18.79,54.49,4.34,0.23,0.0,-4.33,25.46,15.25,-47.57,-19.12,2.71,76.11,-16.41,59.7
2411,6.12,18.77,51.84,3.04,0.96,0.0,-0.77,24.43,18.49,-46.93,-18.5,2.73,75.95,-15.77,60.18
2421,12.28,17.17,51.12,3.8,1.15,0.0,-4.32,26.04,15.59,-48.51,-19.59,2.74,74.33,-16.85,57.48
2431,7.72,21.7,49.22,4.02,2.53,0.0,-4.09,25.87,14.08,-48.28,-18.96,2.73,72.77,-16.23,56.54
2441,4.67,13.68,53.38,2.44,0.06,0.0,-2.01,27.17,20.0,-49.31,-18.97,2.71,70.08,-16.27,53.81
2451,5.94,19.37,51.84,4.43,0.1,0.0,-3.57,26.64,18.34,-48.73,-18.77,2.68,74.36,-16.09,58.27
2461,11.99,16.37,51.11,3.05,0.06,0.0,-4.41,26.91,16.34,-49.81,-19.42,2.72,71.62,-16.71,54.91
2471,11.68,28.36,53.67,5.79,3.17,0.0,-4.61,26.58,17.03,-48.56,-19.61,2.7,93.1,-16.91,76.2
2481,10.03,19.02,52.2,3.56,0.42,0.0,-4.73,26.24,17.3,-49.16,-19.19,2.69,74.87,-16.5,58.37
2491,10.72,18.88,48.51,3.97,0.36,0.0,-3.57,25.85,15.89,-48.17,-19.32,2.7,72.44,-16.63,55.81
2501,14.79,20.79,50.41,5.02,0.01,0.0,-4.47,27.01,14.89,-50.64,-19.47,2.68,77.81,-16.79,61.02
2511,11.43,20.73,50.36,4.61,0.12,0.0,-3.11,28.09,16.09,-52.45,-19.51,2.71,75.86,-16.8,59.07
2521,11.13,19.15,49.16,3.72,0.02,0.0,-1.88,24.71,15.26,-46.47,-18.08,2.74,74.81,-15.34,59.47
2531,10.97,21.05,48.7,4.73,0.19,0.0,-3.8,26.93,15.04,-50.94,-18.65,2.7,72.85,-15.95,56.89
2541,10.39,15.06,48.86,3.31,1.53,0.0,-4.27,27.0,14.71,-50.11,-18.3,2.69,66.47,-15.61,50.86
2551,8.94,19.79,50.12,5.02,0.07,0.0,-4.0,26.47,17.28,-49.06,-18.25,2.67,74.63,-15.57,59.06
2561,10.91,15.23,50.07,3.29,0.48,0.0,-5.21,25.74,16.87,-46.39,-19.79,2.72,71.0,-17.06,53.93
2571,4.59,21.09,51.18,4.09,0.49,0.0,-1.98,26.27,17.46,-50.75,-18.35,2.69,72.44,-15.66,56.78
2581,11.89,25.59,49.3,4.88,0.44,0.0,-3.96,26.67,17.25,-49.12,-18.94,2.68,82.95,-16.26,66.69
2591,7.77,21.45,50.08,4.84,0.65,0.0,-5.33,27.0,18.02,-49.41,-19.51,2.73,75.06,-16.78,58.29
2601,9.63,16.5,48.75,4.73,0.33,0.0,-4.36,25.81,15.29,-47.64,-18.58,2.71,69.05,-15.87,53.18
2611,8.43,22.48,47.41,3.07,0.51,0.0,-1.76,26.76,19.86,-51.12,-18.43,2.67,75.63,-15.76,59.88
2621,5.46,15.38,47.89,2.43,0.28,0.0,-2.29,27.47,16.95,-50.6,-18.46,2.67,62.97,-15.78,47.19
2631,8.35,22.72,52.33,5.11,1.42,0.0,-5.41,25.06,17.84,-46.74,-18.97,2.71,80.68,-16.26,64.43
2641,9.88,17.71,53.48,5.18,0.52,0.0,-3.72,25.63,16.03,-47.63,-19.13,2.67,77.07,-16.46,60.61
2651,3.87,20.95,52.94,3.96,0.19,0.0,-4.83,24.98,20.47,-47.25,-18.48,2.69,75.28,-15.8,59.48
2661,9.52,15.19,51.79,2.79,0.28,0.0,-4.84,24.14,15.43,-45.86,-19.53,2.72,68.43,-16.81,51.62
2671,12.52,15.72,50.16,4.65,1.31,0.0,-5.02,26.01,14.89,-46.58,-19.02,2.7,73.66,-16.31,57.35
2681,8.4,18.38,52.77,4.38,0.87,0.0,-4.43,26.8,18.39,-48.91,-19.56,2.69,76.64,-16.87,59.77
2691,12.35,19.63,51.11,3.78,0.17,0.0,-3.4,27.44,14.52,-49.94,-19.22,2.7,75.66,-16.53,59.13
2701,8.44,21.64,50.89,5.98,0.33,0.0,-5.52,27.65,18.5,-51.55,-18.65,2.7,76.35,-15.95,60.4
2711,13.27,16.32,48.57,3.41,0.79,0.0,-4.64,25.68,15.16,-46.96,-18.34,2.71,71.6,-15.63,55.97
2721,10.37,15.79,49.75,4.3,0.56,0.0,-4.75,25.45,15.3,-46.63,-19.44,2.68,70.13,-16.77,53.36
2731,10.94,16.26,52.06,3.84,0.15,0.0,-4.85,25.43,15.94,-47.21,-19.42,2.69,72.56,-16.73,55.83
2741,8.28,15.94,51.94,2.45,0.06,0.0,-1.79,25.48,19.43,-48.59,-18.31,2.66,73.18,-15.64,57.54
2751,6.42,12.53,51.06,2.53,0.34,0.0,-3.42,24.81,18.34,-47.26,-18.42,2.7,65.34,-15.72,49.62
2761,7.28,21.27,49.21,4.86,0.11,0.0,-1.72,28.3,17.95,-53.32,-18.82,2.67,73.93,-16.15,57.78
2771,10.73,22.0,51.44,5.01,1.21,0.0,-4.67,25.25,18.39,-48.01,-18.96,2.68,81.36,-16.28,65.08
2781,7.53,24.6,50.66,6.24,3.06,0.0,-5.15,26.87,18.6,-49.55,-18.52,2.63,82.86,-15.89,66.97
2791,7.11,17.54,48.79,4.45,0.48,0.0,-3.85,25.61,19.27,-48.28,-18.25,2.67,71.13,-15.58,55.55
2801,8.26,18.19,49.85,3.52,0.15,0.0,-3.77,25.23,16.39,-47.19,-18.36,2.73,70.63,-15.64,54.99
2811,11.89,26.05,52.21,6.62,1.11,0.0,-4.16,26.27,17.46,-49.24,-18.27,2.68,88.22,-15.59,72.63
2821,8.08,21.17,51.0,4.39,0.32,0.0,-3.79,26.47,16.79,-49.19,-19.68,2.65,75.24,-17.03,58.21
2831,10.61,17.08,49.57,5.55,0.26,0.0,-5.56,26.68,12.88,-49.0,-19.69,2.73,68.07,-16.97,51.1
2841,10.15,15.22,53.21,4.86,0.5,0.0,-5.39,25.64,14.4,-47.24,-19.76,2.7,71.37,-17.06,54.31
2851,8.23,20.92,50.88,3.99,1.86,0.0,-5.07,25.79,14.81,-48.34,-19.44,2.72,73.06,-16.72,56.34
2861,4.99,19.63,48.31,3.65,0.34,0.0,-3.06,27.23,16.49,-50.15,-18.68,2.69,67.43,-15.99,51.44
2871,12.0,18.93,51.27,4.16,0.21,0.0,-4.41,26.46,14.92,-47.59,-19.18,2.7,75.94,-16.48,59.46
2881,8.5,18.42,48.14,5.37,0.69,0.0,-3.24,28.14,18.92,-51.78,-18.62,2.69,73.16,-15.93,57.23
2891,6.77,15.78,50.25,3.49,0.07,0.0,-3.13,25.83,18.12,-47.68,-18.75,2.7,69.49,-16.05,53.44
2901,7.83,18.65,51.05,4.62,0.16,0.0,-4.9,25.82,17.75,-47.45,-18.21,2.72,73.52,-15.49,58.03
2911,9.86,25.29,48.9,6.46,0.12,0.0,-5.82,25.3,18.22,-48.65,-18.79,2.66,79.66,-16.13,63.53
2921,10.35,20.33,54.03,3.41,2.48,0.0,-4.38,26.73,14.68,-48.0,-19.44,2.7,79.63,-16.75,62.88
2931,10.15,19.03,47.57,4.91,0.44,0.0,-5.37,25.67,15.6,-48.85,-18.86,2.74,69.15,-16.12,53.03
2941,11.79,23.15,48.97,5.41,0.01,0.0,-5.33,27.52,15.7,-50.93,-19.9,2.7,76.3,-17.19,59.11
2951,6.9,14.88,50.25,3.17,0.84,0.0,-3.71,25.87,17.68,-48.38,-18.56,2.68,67.5,-15.88,51.62
2961,14.16,19.74,46.73,3.98,0.74,0.0,-3.16,25.25,19.0,-48.26,-17.58,2.69,78.18,-14.89,63.3
2971,8.4,15.17,48.74,2.89,0.66,0.0,-2.6,26.7,19.36,-49.03,-18.9,2.71,70.3,-16.19,54.11
2981,8.81,13.26,50.07,2.8,0.32,0.0,-5.21,27.53,14.74,-49.96,-19.37,2.71,62.37,-16.66,45.71
2991,11.57,13.35,49.0,4.38,1.42,0.0,-5.56,24.7,13.86,-45.96,-19.43,2.69,66.77,-16.74,50.02
3001,12.09,19.43,53.76,4.22,1.17,0.0,-4.13,25.9,13.26,-48.31,-19.06,2.7,77.38,-16.36,61.02
3011,9.68,16.33,49.67,3.29,0.46,0.0,-0.92,27.23,18.04,-50.93,-18.47,2.68,72.85,-15.79,57.06
3021,8.53,18.47,52.35,4.81,0.15,0.0,-4.89,27.31,16.17,-48.83,-19.43,2.67,74.06,-16.76,57.3
3031,9.2,17.46,47.16,3.86,1.0,0.0,-2.32,25.82,15.86,-49.18,-18.74,2.71,68.87,-16.03,52.84
3041,15.56,17.07,51.42,4.32,0.35,0.0,-5.43,24.74,14.04,-46.4,-18.64,2.73,75.67,-15.91,59.76
3051,9.57,16.91,48.11,3.67,0.15,0.0,-3.74,27.79,15.79,-49.53,-19.32,2.72,68.72,-16.6,52.12
3061,9.72,17.09,52.15,4.66,0.06,0.0,-4.79,25.38,15.0,-45.66,-19.18,2.72,73.61,-16.46,57.15
3071,10.31,17.34,47.68,5.01,1.21,0.0,-4.05,25.75,15.33,-48.69,-19.2,2.72,69.89,-16.48,53.41
3081,8.94,15.04,49.53,3.75,0.12,0.0,-1.03,25.78,17.37,-46.52,-18.8,2.69,72.99,-16.11,56.88
3091,10.56,20.99,51.53,4.55,0.06,0.0,-4.01,25.04,17.91,-45.68,-18.95,2.71,80.95,-16.24,64.71
3101,6.83,17.8,49.6,3.43,0.03,0.0,-3.14,27.5,15.06,-50.75,-18.83,2.71,66.35,-16.12,50.23
3111,9.64,17.05,50.86,3.44,2.39,0.0,-2.55,25.74,18.07,-48.28,-18.58,2.68,76.37,-15.9,60.46
3121,9.17,17.59,49.77,2.94,0.23,0.0,-1.42,26.74,16.02,-49.24,-18.79,2.72,71.81,-16.07,55.74
3131,7.13,16.57,49.94,2.68,0.4,0.0,-4.29,27.46,17.71,-51.15,-19.08,2.69,66.45,-16.4,50.06
3141,7.56,15.93,51.35,3.9,1.15,0.0,-4.17,24.29,15.82,-46.01,-18.44,2.71,69.81,-15.73,54.08
3151,6.71,20.44,50.78,4.53,2.01,0.0,-2.73,27.63,18.78,-51.17,-18.74,2.7,76.98,-16.05,60.93
3161,12.11,16.54,49.13,3.38,0.75,0.0,-5.2,25.82,14.25,-49.21,-18.84,2.72,67.56,-16.13,51.44
3171,9.21,16.05,49.6,3.52,2.24,0.0,-3.99,26.63,13.87,-50.02,-18.78,2.7,67.1,-16.08,51.02
3181,7.74,18.65,50.37,3.55,0.3,0.0,-3.88,25.16,17.6,-45.94,-18.83,2.71,73.55,-16.12,57.42
3191,8.85,19.83,50.6,3.52,1.59,0.0,-2.81,25.87,14.88,-47.98,-18.73,2.7,74.33,-16.03,58.3
3201,9.63,14.84,50.05,2.85,0.12,0.0,-4.61,25.62,16.84,-47.19,-18.58,2.71,68.15,-15.87,52.28
3211,11.18,18.72,49.4,3.91,0.53,0.0,-4.97,23.9,15.28,-44.37,-19.19,2.72,73.59,-16.46,57.12
3221,9.28,19.72,50.2,4.81,0.36,0.0,-5.04,25.3,16.08,-48.52,-18.14,2.71,72.19,-15.43,56.76
3231,11.94,14.51,47.84,3.77,0.26,0.0,-3.61,25.75,14.82,-46.73,-18.77,2.72,68.55,-16.05,52.51
3241,8.05,18.42,48.25,3.88,0.68,0.0,-2.83,26.63,16.24,-49.21,-18.73,2.68,70.11,-16.05,54.05
3251,10.78,20.84,51.66,3.86,0.02,0.0,-3.25,26.88,14.42,-49.66,-19.6,2.69,75.56,-16.91,58.65
3261,6.82,16.34,52.35,2.86,0.1,0.0,-2.85,27.55,16.86,-50.58,-18.51,2.7,69.46,-15.81,53.66
3271,8.18,16.51,49.03,2.92,0.36,0.0,-4.84,25.36,15.78,-47.98,-18.71,2.71,65.32,-15.99,49.33
3281,11.05,13.38,51.0,3.48,0.13,0.0,-3.44,25.46,16.59,-48.24,-18.03,2.7,69.42,-15.33,54.09
3291,8.5,17.54,48.42,4.57,0.23,0.0,-1.72,26.24,15.87,-48.72,-19.04,2.71,70.93,-16.33,54.6
3301,8.22,19.51,54.02,5.32,0.87,0.0,-4.24,23.4,16.64,-45.98,-17.82,2.68,77.75,-15.14,62.61
3311,7.64,25.24,49.89,6.43,0.46,0.0,-3.94,26.56,17.71,-49.02,-18.93,2.72,80.97,-16.21,64.77
3321,7.57,14.92,51.1,3.79,0.07,0.0,-4.62,26.93,17.08,-48.44,-19.79,2.71,68.4,-17.08,51.32
3331,8.02,19.98,52.07,4.53,0.57,0.0,-3.69,25.01,18.67,-47.46,-18.58,2.69,77.71,-15.89,61.81
3341,9.34,16.01,50.86,3.54,0.09,0.0,-5.45,26.1,15.26,-47.74,-18.74,2.7,68.01,-16.04,51.98
3351,8.36,20.15,48.74,2.78,0.11,0.0,-2.09,23.49,15.72,-44.24,-18.25,2.72,73.02,-15.53,57.48
3361,10.21,14.81,50.63,3.15,0.62,0.0,-3.35,26.1,15.73,-48.04,-18.89,2.74,69.86,-16.15,53.7
3371,9.14,17.29,51.9,4.49,0.41,0.0,-5.68,25.55,15.47,-47.69,-19.4,2.73,70.89,-16.67,54.21
3381,6.36,18.11,49.63,3.56,0.54,0.0,-5.18,24.58,18.39,-45.81,-18.93,2.71,70.18,-16.22,53.96
3391,10.83,21.72,50.87,3.94,4.36,0.0,-2.82,25.78,16.24,-47.85,-19.62,2.71,83.06,-16.91,66.15
3401,9.34,16.71,52.21,4.77,2.06,0.0,-5.3,29.08,15.6,-51.29,-19.17,2.72,73.19,-16.45,56.73
3411,11.35,26.2,47.6,5.35,2.42,0.0,-3.47,25.23,16.0,-50.72,-18.67,2.69,79.97,-15.98,63.99
3421,8.59,24.86,50.12,4.04,0.79,0.0,-4.99,26.75,14.49,-51.19,-19.27,2.73,73.45,-16.54,56.91
3431,8.51,17.31,50.3,4.4,1.02,0.0,-4.19,26.73,15.17,-49.16,-19.08,2.7,70.1,-16.38,53.72
3441,9.93,21.3,48.97,4.94,0.27,0.0,-4.43,25.62,16.42,-47.52,-18.85,2.73,75.51,-16.13,59.39
3451,8.01,17.13,52.61,3.01,0.34,0.0,-3.13,26.61,16.49,-49.12,-19.27,2.73,71.93,-16.55,55.39
3461,8.72,19.69,52.91,4.29,0.38,0.0,-4.56,27.18,16.17,-50.8,-19.07,2.68,73.99,-16.39,57.6
3471,8.13,24.27,53.28,5.77,0.6,0.0,-4.72,24.64,14.58,-47.79,-19.56,2.71,78.75,-16.85,61.9
3481,13.24,14.16,50.04,3.41,2.14,0.0,-2.52,25.61,15.63,-48.89,-18.25,2.71,72.81,-15.54,57.27
3491,6.44,19.8,54.05,4.23,1.15,0.0,-4.39,27.11,16.07,-49.61,-19.17,2.72,74.85,-16.45,58.41
3501,8.31,18.06,52.73,3.84,1.35,0.0,-5.21,26.14,16.2,-45.79,-20.0,2.71,75.62,-17.29,58.33
3511,7.47,18.18,49.83,5.53,0.32,0.0,-1.72,26.78,19.18,-49.48,-18.7,2.7,76.1,-16.0,60.09
3521,12.47,23.25,51.18,4.94,0.34,0.0,-3.8,26.08,16.97,-50.14,-19.08,2.67,81.29,-16.41,64.87
3531,11.09,18.32,49.41,2.92,0.28,0.0,-2.42,26.02,13.98,-49.07,-18.96,2.66,70.52,-16.3,54.22
3541,14.0,14.99,50.26,5.07,1.53,0.0,-3.0,25.25,15.44,-49.85,-17.78,2.69,73.71,-15.09,58.62
3551,7.99,14.18,51.33,3.87,0.92,0.0,-4.42,26.93,14.78,-47.54,-19.6,2.75,68.05,-16.85,51.2
3561,8.19,15.46,47.43,4.22,2.4,0.0,-4.55,23.07,17.39,-44.41,-18.58,2.7,69.21,-15.88,53.33
3571,6.93,16.08,48.62,3.75,0.12,0.0,-3.18,24.99,15.63,-47.92,-18.6,2.69,65.02,-15.91,49.11
3581,10.52,16.44,50.32,3.61,0.47,0.0,-3.81,26.08,13.22,-48.77,-18.88,2.74,68.1,-16.14,51.96
3591,9.79,14.16,51.6,3.01,0.19,0.0,-4.13,25.92,17.12,-47.21,-18.96,2.71,70.46,-16.25,54.21
3601,7.3,19.21,47.87,4.76,0.59,0.0,-3.22,25.52,16.0,-47.2,-19.3,2.71,70.83,-16.59,54.23
3611,11.19,19.0,51.91,3.86,0.4,0.0,-3.57,27.7,16.03,-51.79,-19.4,2.72,74.74,-16.68,58.06
3621,8.44,24.49,51.86,5.23,0.17,0.0,-4.98,26.08,19.49,-49.93,-18.05,2.7,80.85,-15.35,65.5
3631,9.82,18.2,50.02,3.66,0.76,0.0,-3.26,27.39,15.82,-49.57,-19.57,2.68,72.84,-16.89,55.95
3641,6.97,17.5,52.64,3.87,0.7,0.0,-5.17,25.82,19.56,-47.23,-19.33,2.71,74.66,-16.63,58.04
3651,12.32,15.02,49.78,3.71,0.51,0.0,-2.77,25.8,16.8,-49.7,-18.08,2.71,71.47,-15.37,56.1
3661,7.52,18.18,49.2,3.71,0.1,0.0,-2.86,27.59,15.22,-50.44,-19.54,2.7,68.22,-16.84,51.39
3671,9.19,18.89,49.86,5.33,0.4,0.0,-0.84,28.63,16.8,-51.9,-19.5,2.7,76.36,-16.8,59.55
3681,7.97,12.59,49.13,3.38,0.01,0.0,-4.95,26.88,15.69,-47.81,-19.74,2.73,62.89,-17.01,45.88
3691,16.83,18.25,50.48,4.19,0.42,0.0,-3.88,26.58,13.59,-47.64,-19.9,2.73,78.83,-17.17,61.66
3701,10.53,26.2,49.61,4.04,0.2,0.0,-3.97,24.04,19.11,-46.69,-17.85,2.71,83.06,-15.14,67.92
3711,7.44,17.43,52.48,3.99,0.12,0.0,-4.47,25.48,16.01,-47.55,-18.93,2.67,70.94,-16.26,54.69
3721,7.86,20.03,52.23,3.92,1.05,0.0,-3.18,26.78,16.94,-48.92,-19.54,2.73,76.73,-16.8,59.92
3731,6.86,21.82,51.16,4.57,0.53,0.0,-4.13,26.86,16.45,-49.92,-19.35,2.71,74.2,-16.64,57.56
3741,6.75,20.44,50.92,4.09,0.45,0.0,-4.13,26.38,16.69,-48.96,-18.61,2.7,72.63,-15.91,56.72
3751,10.61,15.66,50.12,3.41,0.83,0.0,-2.25,26.52,15.25,-49.51,-18.76,2.72,70.64,-16.05,54.59
3761,11.79,17.39,50.0,3.61,0.48,0.0,-2.03,26.22,15.79,-48.51,-18.98,2.72,74.74,-16.26,58.47
3771,7.77,18.29,49.04,3.77,1.67,0.0,-2.63,26.99,17.33,-48.29,-19.11,2.7,73.93,-16.4,57.52
3781,11.07,22.99,49.62,6.86,0.35,0.0,-4.01,27.06,16.65,-49.34,-18.6,2.72,81.25,-15.88,65.37
3791,10.45,21.19,51.88,4.12,0.36,0.0,-3.52,28.41,14.41,-51.36,-19.98,2.7,75.94,-17.29,58.65
3801,7.92,20.53,49.97,3.42,1.25,0.0,-5.97,25.06,14.71,-48.07,-18.93,2.67,68.81,-16.26,52.55
3811,8.47,16.07,51.54,2.8,1.68,0.0,-4.8,25.43,17.06,-47.46,-18.77,2.74,70.79,-16.02,54.76
3821,10.2,17.8,49.8,5.05,0.05,0.0,-2.0,26.14,19.93,-48.49,-18.03,2.71,78.47,-15.31,63.16
3831,6.78,15.66,50.96,3.31,1.85,0.0,-4.15,24.98,15.65,-46.55,-18.3,2.69,68.49,-15.61,52.88
3841,4.97,18.63,52.68,4.13,2.07,0.0,-5.12,24.57,16.81,-46.34,-18.86,2.73,72.4,-16.13,56.27
3851,6.12,16.29,52.23,4.02,0.36,0.0,-3.39,28.18,19.43,-50.06,-19.73,2.7,73.17,-17.03,56.14
3861,11.47,14.8,51.6,3.58,0.29,0.0,-3.06,25.04,15.13,-45.24,-19.81,2.71,73.62,-17.1,56.51
3871,9.98,17.26,49.88,4.38,0.03,0.0,-4.45,25.85,18.48,-46.91,-18.07,2.7,74.5,-15.37,59.13
3881,13.81,17.4,52.28,4.55,0.75,0.0,-4.79,25.59,16.53,-48.72,-18.7,2.71,77.4,-15.99,61.4
3891,9.31,16.47,50.0,4.19,1.08,0.0,-4.11,26.34,13.94,-48.03,-19.32,2.73,69.19,-16.59,52.6
3901,9.17,22.36,56.23,4.9,0.02,0.0,-3.07,28.14,16.19,-51.6,-19.26,2.7,82.34,-16.56,65.78
3911,5.68,16.33,54.2,3.22,0.43,0.0,-3.56,24.93,18.03,-47.3,-18.42,2.69,71.98,-15.73,56.25
3921,9.73,17.44,47.1,2.77,1.42,0.0,-1.3,26.65,15.12,-49.91,-18.33,2.72,69.02,-15.61,53.41
3931,9.4,13.76,48.49,3.31,1.22,0.0,-4.45,24.59,16.3,-47.3,-18.93,2.73,65.32,-16.2,49.12
3941,6.5,18.44,46.74,3.55,1.21,0.0,-4.22,25.16,17.5,-47.04,-18.64,2.71,67.85,-15.93,51.92
3951,10.04,21.7,49.39,4.07,0.68,0.0,-3.85,26.47,15.16,-49.0,-19.3,2.7,74.66,-16.6,58.06
3961,6.99,21.52,50.4,5.27,1.34,0.0,-3.06,28.16,15.84,-51.38,-19.34,2.72,75.08,-16.61,58.47
3971,7.84,19.02,53.76,5.24,0.18,0.0,-4.9,27.19,16.04,-49.03,-19.34,2.76,75.33,-16.58,58.75
3981,5.2,17.88,50.22,3.77,0.02,0.0,-4.07,23.83,16.65,-45.03,-18.5,2.69,68.48,-15.82,52.66
3991,9.66,16.92,49.72,4.01,0.4,0.0,-5.37,25.08,16.06,-47.44,-18.62,2.73,69.05,-15.89,53.15
4001,13.7,17.93,49.23,4.81,1.04,0.0,-4.8,24.59,14.17,-47.64,-19.4,2.76,73.04,-16.64,56.4

Delta Energy Terms
Frame #,BOND,ANGLE,DIHED,UB,IMP,CMAP,VDWAALS,EEL,1-4 VDW,1-4 EEL,EGB,ESURF,GGAS,GSOLV,TOTAL
1,-0.0,0.0,-0.0,0.0,0.0,0.0,-14.02,-12.84,-0.0,0.0,23.51,-2.41,-26.86,21.09,-5.77
11,-0.0,-0.0,0.0,-0.0,-0.0,0.0,-14.86,-7.43,0.0,0.0,20.45,-2.57,-22.29,17.87,-4.42
21,-0.0,0.0,0.0,-0.0,0.0,0.0,-17.76,-9.07,0.0,-0.0,20.61,-2.63,-26.83,17.98,-8.85
31,0.0,0.0,-0.0,0.0,-0.0,0.0,-17.75,-9.99,0.0,-0.0,23.88,-2.73,-27.74,21.15,-6.59
41,0.0,-0.0,-0.0,-0.0,-0.0,0.0,-15.44,-6.08,0.0,-0.0,19.7,-2.51,-21.52,17.19,-4.34
51,0.0,-0.0,0.0,0.0,-0.0,0.0,-17.02,-10.64,-0.0,-0.0,25.83,-2.64,-27.66,23.19,-4.47
61,-0.0,-0.0,-0.0,0.0,0.0,0.0,-18.34,-6.66,0.0,0.0,20.8,-2.53,-25.01,18.27,-6.74
71,0.0,-0.0,0.0,-0.0,0.0,0.0,-21.85,-6.06,0.0,-0.0,20.32,-2.79,-27.91,17.54,-10.37
81,0.0,0.0,0.0,-0.0,-0.0,0.0,-19.39,-5.52,-0.0,0.0,21.72,-2.75,-24.91,18.97,-5.94
91,-0.0,-0.0,-0.0,-0.0,-0.0,0.0,-18.85,-6.85,0.0,-0.0,22.45,-2.94,-25.7,19.51,-6.19
101,-0.0,0.0,0.0,-0.0,-0.0,0.0,-13.25,-8.09,-0.0,-0.0,19.43,-2.53,-21.34,16.9,-4.44
111,0.0,-0.0,-0.0,0.0,0.0,0.0,-19.07,-7.08,-0.0,0.0,24.06,-2.78,-26.15,21.28,-4.87
121,-0.0,0.0,-0.0,0.0,-0.0,0.0,-17.54,-8.91,0.0,0.0,24.49,-2.67,-26.45,21.82,-4.63
131,0.0,0.0,0.0,-0.0,-0.0,0.0,-19.54,-6.37,0.0,-0.0,21.01,-2.66,-25.91,18.35,-7.56
141,0.0,-0.0,-0.0,0.0,0.0,0.0,-19.45,-9.36,0.0,0.0,23.86,-2.68,-28.81,21.18,-7.63
151,0.0,-0.0,0.0,0.0,0.0,0.0,-17.61,-7.67,-0.0,0.0,24.27,-2.83,-25.28,21.45,-3.83
161,-0.0,0.0,0.0,0.0,-0.0,0.0,-17.5,-7.2,0.0,-0.0,22.27,-2.81,-24.7,19.46,-5.24
171,-0.0,0.0,0.0,0.0,0.0,0.0,-19.22,-8.56,-0.0,-0.0,23.72,-2.69,-27.78,21.03,-6.75
181,0.0,-0.0,-0.0,-0.0,0.0,0.0,-19.69,-7.31,-0.0,-0.0,23.34,-2.76,-27.0,20.57,-6.43
191,0.0,0.0,0.0,0.0,-0.0,0.0,-16.5,-6.7,-0.0,-0.0,21.49,-2.72,-23.2,18.78,-4.43
201,-0.0,0.0,-0.0,0.0,-0.0,0.0,-19.16,-3.23,0.0,-0.0,19.27,-2.6,-22.39,16.67,-5.71
211,0.0,0.0,-0.0,-0.0,-0.0,0.0,-18.24,-7.7,0.0,0.0,21.53,-2.78,-25.95,18.75,-7.2
221,0.0,-0.0,-0.0,-0.0,-0.0,0.0,-17.42,-10.58,0.0,-0.0,23.32,-2.43,-28.0,20.89,-7.11
231,0.0,-0.0,0.0,-0.0,-0.0,0.0,-20.4,-6.18,-0.0,0.0,23.35,-2.82,-26.58,20.52,-6.06
241,0.0,0.0,0.0,-0.0,-0.0,0.0,-16.15,-12.48,0.0,-0.0,24.39,-2.55,-28.63,21.84,-6.79
251,-0.0,-0.0,0.0,-0.0,0.0,0.0,-19.47,-9.45,0.0,0.0,21.6,-2.99,-28.92,18.61,-10.32
261,0.0,-0.0,-0.0,0.0,0.0,0.0,-17.98,-10.0,-0.0,-0.0,21.32,-2.57,-27.98,18.74,-9.23
271,0.0,0.0,0.0,-0.0,-0.0,0.0,-19.71,-9.49,-0.0,-0.0,24.05,-2.76,-29.2,21.29,-7.91
281,-0.0,-0.0,0.0,0.0,-0.0,0.0,-19.75,-9.62,-0.0,-0.0,23.64,-2.99,-29.37,20.65,-8.72
291,0.0,-0.0,0.0,-0.0,0.0,0.0,-16.67,-12.84,0.0,-0.0,23.64,-2.74,-29.51,20.9,-8.6
301,0.0,-0.0,-0.0,-0.0,-0.0,0.0,-15.76,-12.07,-0.0,-0.0,25.01,-2.67,-27.83,22.33,-5.49
311,-0.0,-0.0,-0.0,0.0,0.0,0.0,-18.72,-8.63,-0.0,-0.0,21.45,-2.9,-27.35,18.55,-8.8
321,0.0,0.0,-0.0,0.0,-0.0,0.0,-19.12,-8.28,-0.0,-0.0,23.25,-2.77,-27.4,20.48,-6.92
331,-0.0,0.0,-0.0,0.0,0.0,0.0,-18.73,-10.85,0.0,0.0,23.0,-2.81,-29.58,20.19,-9.39
341,0.0,0.0,0.0,-0.0,-0.0,0.0,-18.5,-10.47,-0.0,0.0,22.81,-2.61,-28.97,20.2,-8.77
351,0.0,-0.0,-0.0,-0.0,-0.0,0.0,-18.05,-12.18,0.0,0.0,23.65,-2.86,-30.23,20.79,-9.44
361,-0.0,0.0,-0.0,-0.0,-0.0,0.0,-18.23,-10.69,0.0,0.0,23.44,-2.63,-28.92,20.81,-8.1
371,-0.0,0.0,0.0,0.0,0.0,0.0,-20.44,-8.28,0.0,0.0,23.98,-2.97,-28.72,21.01,-7.71
381,0.0,0.0,-0.0,-0.0,-0.0,0.0,-17.1,-8.16,0.0,-0.0,21.1,-2.95,-25.26,18.15,-7.11
391,0.0,-0.0,0.0,-0.0,0.0,0.0,-17.31,-11.23,0.0,-0.0,23.58,-2.63,-28.54,20.95,-7.58
401,-0.0,0.0,0.0,-0.0,-0.0,0.0,-19.82,-8.86,-0.0,0.0,22.31,-2.69,-28.68,19.61,-9.07
411,-0.0,-0.0,-0.0,0.0,-0.0,0.0,-18.75,-11.01,0.0,-0.0,23.58,-2.94,-29.76,20.64,-9.12
421,0.0,0.0,0.0,0.0,-0.0,0.0,-17.71,-10.5,0.0,0.0,24.22,-2.66,-28.21,21.55,-6.65
431,0.0,-0.0,-0.0,0.0,-0.0,0.0,-15.48,-11.03,-0.0,0.0,22.9,-2.85,-26.51,20.04,-6.47
441,0.0,-0.0,-0.0,-0.0,-0.0,0.0,-17.15,-9.2,0.0,-0.0,21.12,-2.54,-26.36,18.58,-7.77
451,-0.0,-0.0,-0.0,-0.0,0.0,0.0,-17.57,-11.89,0.0,0.0,24.66,-2.69,-29.45,21.98,-7.47
461,-0.0,-0.0,-0.0,-0.0,0.0,0.0,-20.81,-4.7,0.0,-0.0,19.46,-2.73,-25.51,16.74,-8.77
471,0.0,0.0,0.0,0.0,0.0,0.0,-17.49,-12.92,0.0,-0.0,27.24,-2.76,-30.4,24.48,-5.93
481,-0.0,0.0,0.0,0.0,-0.0,0.0,-16.24,-10.58,0.0,0.0,22.6,-2.82,-26.82,19.79,-7.03
491,-0.0,-0.0,0.0,-0.0,0.0,0.0,-19.81,-8.25,0.0,-0.0,21.38,-2.78,-28.06,18.59,-9.46
501,-0.0,-0.0,-0.0,0.0,-0.0,0.0,-15.2,-8.42,-0.0,-0.0,20.6,-2.62,-23.63,17.98,-5.65
511,-0.0,0.0,0.0,0.0,0.0,0.0,-16.23,-10.65,-0.0,-0.0,22.13,-2.43,-26.88,19.7,-7.17
521,-0.0,0.0,0.0,-0.0,0.0,0.0,-17.61,-7.03,0.0,-0.0,18.88,-2.47,-24.64,16.41,-8.23
531,-0.0,0.0,0.0,0.0,-0.0,0.0,-16.03,-12.4,0.0,-0.0,23.74,-2.59,-28.43,21.15,-7.27
541,0.0,0.0,0.0,-0.0,0.0,0.0,-16.84,-8.86,-0.0,-0.0,21.01,-2.87,-25.7,18.15,-7.55
551,-0.0,0.0,0.0,0.0,0.0,0.0,-18.16,-8.89,0.0,0.0,22.16,-2.67,-27.05,19.49,-7.57
561,-0.0,0.0,0.0,0.0,0.0,0.0,-20.29,-3.47,-0.0,-0.0,18.44,-2.87,-23.76,15.57,-8.19
571,0.0,-0.0,-0.0,-0.0,0.0,0.0,-17.68,-8.46,0.0,0.0,21.69,-2.7,-26.14,18.98,-7.16
581,0.0,-0.0,0.0,0.0,0.0,0.0,-17.06,-11.74,-0.0,0.0,22.54,-2.52,-28.8,20.02,-8.78
591,0.0,0.0,0.0,0.0,-0.0,0.0,-19.06,-8.62,0.0,-0.0,24.63,-2.79,-27.68,21.84,-5.84
601,0.0,0.0,-0.0,0.0,0.0,0.0,-17.37,-10.45,0.0,0.0,22.45,-2.41,-27.81,20.04,-7.77
611,-0.0,-0.0,0.0,0.0,0.0,0.0,-18.84,-7.66,-0.0,-0.0,23.11,-2.84,-26.5,20.27,-6.23
621,-0.0,0.0,0.0,-0.0,0.0,0.0,-18.4,-9.73,0.0,0.0,22.12,-2.76,-28.13,19.36,-8.77
631,0.0,-0.0,-0.0,0.0,-0.0,0.0,-20.13,-9.42,-0.0,-0.0,23.52,-2.81,-29.55,20.72,-8.84
641,-0.0,-0.0,-0.0,0.0,0.0,0.0,-15.59,-11.31,-0.0,0.0,22.42,-2.59,-26.9,19.82,-7.08
651,0.0,-0.0,0.0,0.0,0.0,0.0,-15.03,-8.16,0.0,-0.0,19.29,-2.59,-23.19,16.7,-6.49
661,-0.0,0.0,0.0,0.0,-0.0,0.0,-16.49,-9.27,0.0,0.0,22.96,-2.84,-25.77,20.12,-5.64
671,0.0,0.0,-0.0,-0.0,0.0,0.0,-19.22,-8.15,-0.0,0.0,21.25,-2.8,-27.37,18.45,-8.92
681,0.0,-0.0,0.0,-0.0,0.0,0.0,-21.09,-8.7,0.0,-0.0,23.73,-2.92,-29.79,20.81,-8.98
691,0.0,-0.0,0.0,0.0,0.0,0.0,-20.69,-6.45,-0.0,-0.0,20.83,-2.79,-27.14,18.04,-9.1
701,0.0,-0.0,0.0,-0.0,0.0,0.0,-20.4,-9.24,0.0,-0.0,23.64,-2.81,-29.65,20.84,-8.81
711,0.0,-0.0,-0.0,0.0,-0.0,0.0,-18.43,-8.93,-0.0,-0.0,21.22,-3.09,-27.36,18.13,-9.22
721,-0.0,0.0,0.0,0.0,-0.0,0.0,-18.95,-4.51,0.0,0.0,18.34,-2.86,-23.46,15.47,-7.99
731,-0.0,-0.0,-0.0,-0.0,0.0,0.0,-19.06,-8.63,0.0,0.0,24.47,-3.01,-27.7,21.46,-6.24
741,0.0,0.0,0.0,-0.0,0.0,0.0,-20.45,-9.95,0.0,-0.0,24.03,-2.82,-30.4,21.21,-9.19
751,0.0,-0.0,0.0,0.0,0.0,0.0,-18.69,-8.0,-0.0,-0.0,22.41,-2.77,-26.69,19.64,-7.05
761,0.0,-0.0,0.0,-0.0,-0.0,0.0,-18.76,-11.23,0.0,-0.0,25.19,-2.72,-29.99,22.47,-7.51
771,-0.0,-0.0,0.0,-0.0,-0.0,0.0,-18.82,-7.79,0.0,0.0,19.91,-2.57,-26.61,17.34,-9.27
781,-0.0,0.0,-0.0,-0.0,0.0,0.0,-20.22,-8.41,-0.0,-0.0,21.78,-2.9,-28.63,18.88,-9.75
791,-0.0,-0.0,0.0,0.0,0.0,0.0,-19.12,-12.01,0.0,-0.0,25.49,-2.83,-31.13,22.67,-8.47
801,-0.0,0.0,-0.0,-0.0,0.0,0.0,-18.2,-9.74,-0.0,0.0,21.6,-2.59,-27.94,19.02,-8.92
811,0.0,0.0,0.0,0.0,-0.0,0.0,-20.32,-7.39,0.0,-0.0,22.76,-2.85,-27.71,19.9,-7.81
821,-0.0,-0.0,0.0,0.0,-0.0,0.0,-16.7,-8.72,0.0,0.0,20.71,-2.78,-25.42,17.93,-7.49
831,-0.0,0.0,0.0,0.0,0.0,0.0,-17.18,-11.91,-0.0,0.0,22.44,-2.54,-29.09,19.9,-9.19
841,0.0,-0.0,0.0,0.0,0.0,0.0,-17.37,-7.18,0.0,-0.0,20.83,-2.44,-24.56,18.39,-6.17
851,0.0,0.0,-0.0,0.0,0.0,0.0,-19.45,-7.0,-0.0,-0.0,22.07,-2.71,-26.45,19.36,-7.09
861,-0.0,-0.0,-0.0,0.0,0.0,0.0,-18.93,-9.84,0.0,-0.0,23.98,-2.85,-28.77,21.13,-7.65
871,-0.0,0.0,0.0,-0.0,0.0,0.0,-21.44,-6.86,-0.0,0.0,21.52,-2.76,-28.31,18.76,-9.55
881,0.0,-0.0,0.0,0.0,-0.0,0.0,-19.58,-5.62,-0.0,-0.0,20.7,-2.74,-25.21,17.96,-7.25
891,-0.0,0.0,-0.0,0.0,0.0,0.0,-16.53,-11.56,0.0,-0.0,22.55,-2.64,-28.1,19.91,-8.18
901,0.0,0.0,-0.0,0.0,0.0,0.0,-19.97,-3.9,0.0,-0.0,19.79,-2.7,-23.87,17.09,-6.78
911,0.0,-0.0,0.0,0.0,-0.0,0.0,-17.36,-9.21,0.0,-0.0,21.5,-2.57,-26.56,18.93,-7.63
921,0.0,-0.0,-0.0,0.0,0.0,0.0,-19.18,-7.69,-0.0,-0.0,21.2,-2.68,-26.87,18.52,-8.35
931,-0.0,-0.0,-0.0,0.0,-0.0,0.0,-15.17,-10.98,-0.0,-0.0,21.82,-2.4,-26.14,19.42,-6.73
941,0.0,-0.0,0.0,0.0,0.0,0.0,-16.81,-9.37,0.0,0.0,23.51,-2.71,-26.17,20.8,-5.38
951,-0.0,-0.0,-0.0,0.0,0.0,0.0,-16.36,-11.1,0.0,0.0,23.76,-2.58,-27.46,21.18,-6.28
961,-0.0,0.0,-0.0,0.0,0.0,0.0,-18.36,-7.56,0.0,-0.0,22.22,-2.66,-25.93,19.56,-6.36
971,0.0,0.0,0.0,0.0,-0.0,0.0,-18.39,-9.69,-0.0,0.0,22.85,-2.54,-28.08,20.31,-7.77
981,0.0,-0.0,0.0,0.0,-0.0,0.0,-14.94,-9.03,0.0,-0.0,21.69,-2.75,-23.97,18.94,-5.02
991,-0.0,0.0,-0.0,-0.0,-0.0,0.0,-18.59,-7.92,-0.0,-0.0,21.07,-2.6,-26.5,18.47,-8.04
1001,0.0,-0.0,-0.0,0.0,0.0,0.0,-17.02,-7.24,0.0,0.0,19.83,-2.41,-24.26,17.42,-6.84
1011,-0.0,-0.0,-0.0,-0.0,-0.0,0.0,-18.25,-10.45,-0.0,0.0,23.07,-2.63,-28.7,20.44,-8.27
1021,-0.0,-0.0,0.0,-0.0,0.0,0.0,-17.2,-8.15,-0.0,0.0,20.06,-2.48,-25.36,17.58,-7.78
1031,-0.0,-0.0,-0.0,0.0,-0.0,0.0,-15.87,-11.31,-0.0,-0.0,22.95,-2.59,-27.18,20.36,-6.82
1041,-0.0,0.0,0.0,-0.0,-0.0,0.0,-16.42,-8.69,0.0,-0.0,21.47,-2.42,-25.11,19.04,-6.07
1051,-0.0,-0.0,0.0,-0.0,0.0,0.0,-16.77,-10.23,0.0,0.0,23.34,-2.4,-27.0,20.94,-6.05
1061,0.0,-0.0,0.0,-0.0,0.0,0.0,-19.19,-7.18,0.0,-0.0,21.9,-2.54,-26.37,19.36,-7.01
1071,0.0,0.0,0.0,0.0,0.0,0.0,-16.13,-9.08,0.0,0.0,20.48,-2.47,-25.21,18.0,-7.2
1081,0.0,-0.0,0.0,0.0,0.0,0.0,-18.01,-7.42,-0.0,-0.0,19.02,-2.4,-25.42,16.62,-8.8
1091,0.0,-0.0,0.0,0.0,0.0,0.0,-19.93,-8.21,0.0,0.0,21.74,-2.63,-28.14,19.11,-9.03
1101,-0.0,0.0,0.0,0.0,0.0,0.0,-17.62,-6.67,-0.0,0.0,20.49,-2.72,-24.29,17.76,-6.53
1111,0.0,-0.0,0.0,-0.0,0.0,0.0,-17.31,-9.04,0.0,0.0,21.92,-2.58,-26.34,19.34,-7.0
1121,0.0,0.0,-0.0,-0.0,0.0,0.0,-16.14,-7.43,-0.0,0.0,20.99,-2.4,-23.58,18.6,-4.98
1131,0.0,-0.0,-0.0,-0.0,0.0,0.0,-16.83,-6.55,-0.0,0.0,20.71,-2.36,-23.38,18.36,-5.02
1141,-0.0,0.0,0.0,0.0,0.0,0.0,-19.05,-4.88,0.0,-0.0,19.72,-2.88,-23.94,16.85,-7.09
1151,-0.0,0.0,-0.0,-0.0,-0.0,0.0,-19.33,-10.26,-0.0,0.0,22.79,-2.66,-29.59,20.13,-9.46
1161,0.0,0.0,-0.0,0.0,-0.0,0.0,-16.67,-7.97,0.0,0.0,21.66,-2.69,-24.64,18.97,-5.67
1171,0.0,-0.0,0.0,0.0,-0.0,0.0,-16.8,-6.64,0.0,-0.0,18.48,-2.47,-23.45,16.01,-7.43
1181,-0.0,0.0,-0.0,-0.0,-0.0,0.0,-16.27,-8.67,0.0,-0.0,19.63,-2.65,-24.94,16.98,-7.96
1191,0.0,0.0,0.0,-0.0,-0.0,0.0,-20.26,-4.73,-0.0,0.0,20.97,-2.78,-25.0,18.19,-6.81
1201,0.0,-0.0,-0.0,0.0,0.0,0.0,-16.28,-6.09,-0.0,0.0,19.22,-2.6,-22.37,16.61,-5.75
1211,0.0,-0.0,0.0,0.0,0.0,0.0,-20.25,-6.82,-0.0,-0.0,20.8,-2.79,-27.07,18.01,-9.06
1221,0.0,-0.0,0.0,-0.0,0.0,0.0,-17.47,-4.58,-0.0,0.0,18.09,-2.6,-22.05,15.49,-6.56
1231,-0.0,-0.0,-0.0,-0.0,-0.0,0.0,-15.48,-7.52,0.0,0.0,20.46,-2.7,-23.01,17.75,-5.25
1241,0.0,0.0,-0.0,0.0,-0.0,0.0,-20.96,-10.73,-0.0,0.0,26.71,-2.89,-31.69,23.83,-7.86
1251,-0.0,-0.0,-0.0,0.0,-0.0,0.0,-17.96,-11.77,0.0,-0.0,25.59,-2.76,-29.73,22.83,-6.9
1261,-0.0,0.0,0.0,-0.0,-0.0,0.0,-18.71,-6.2,-0.0,0.0,22.08,-2.72,-24.91,19.36,-5.56
1271,0.0,-0.0,0.0,0.0,-0.0,0.0,-17.51,-5.53,0.0,0.0,18.0,-2.42,-23.04,15.59,-7.46
1281,-0.0,0.0,-0.0,0.0,0.0,0.0,-17.73,-8.74,0.0,0.0,19.68,-2.6,-26.47,17.08,-9.39
1291,0.0,-0.0,-0.0,-0.0,-0.0,0.0,-14.92,-10.99,-0.0,0.0,21.4,-2.47,-25.91,18.93,-6.98
1301,0.0,0.0,0.0,-0.0,0.0,0.0,-19.74,-5.78,-0.0,-0.0,20.25,-2.61,-25.52,17.65,-7.88
1311,-0.0,0.0,-0.0,0.0,0.0,0.0,-18.68,-6.71,0.0,-0.0,22.52,-2.8,-25.4,19.72,-5.68
1321,-0.0,0.0,-0.0,0.0,0.0,0.0,-18.24,-11.15,0.0,0.0,23.3,-2.69,-29.39,20.6,-8.79
1331,-0.0,0.0,0.0,0.0,0.0,0.0,-19.95,-8.48,-0.0,0.0,22.31,-2.79,-28.42,19.53,-8.89
1341,0.0,-0.0,-0.0,0.0,0.0,0.0,-17.15,-8.7,0.0,0.0,21.44,-2.72,-25.85,18.72,-7.13
1351,-0.0,-0.0,-0.0,-0.0,-0.0,0.0,-19.58,-9.39,-0.0,-0.0,23.03,-2.86,-28.97,20.17,-8.8
1361,-0.0,0.0,-0.0,0.0,0.0,0.0,-17.3,-9.36,0.0,-0.0,21.56,-2.75,-26.66,18.81,-7.85
1371,0.0,-0.0,-0.0,0.0,0.0,0.0,-14.16,-8.44,0.0,-0.0,20.36,-2.61,-22.6,17.75,-4.85
1381,0.0,0.0,0.0,0.0,0.0,0.0,-18.72,-7.22,-0.0,-0.0,20.69,-2.53,-25.94,18.16,-7.78
1391,0.0,-0.0,-0.0,0.0,0.0,0.0,-16.51,-7.99,-0.0,-0.0,20.69,-2.43,-24.5,18.25,-6.25
1401,-0.0,-0.0,-0.0,-0.0,0.0,0.0,-16.24,-8.92,0.0,-0.0,22.03,-2.64,-25.15,19.39,-5.76
1411,0.0,0.0,-0.0,-0.0,-0.0,0.0,-15.9,-12.5,0.0,-0.0,23.89,-2.53,-28.4,21.36,-7.04
1421,0.0,0.0,0.0,0.0,0.0,0.0,-17.34,-10.08,-0.0,0.0,22.5,-2.5,-27.42,20.0,-7.42
1431,0.0,0.0,-0.0,0.0,-0.0,0.0,-16.34,-5.24,0.0,-0.0,19.23,-2.55,-21.58,16.68,-4.9
1441,-0.0,0.0,0.0,-0.0,0.0,0.0,-18.16,-9.22,0.0,-0.0,23.08,-2.47,-27.38,20.61,-6.77
1451,0.0,-0.0,-0.0,-0.0,0.0,0.0,-15.79,-9.49,0.0,0.0,22.39,-2.47,-25.28,19.92,-5.36
1461,0.0,0.0,0.0,0.0,-0.0,0.0,-17.89,-7.1,0.0,0.0,19.95,-2.47,-24.99,17.47,-7.52
1471,-0.0,-0.0,0.0,0.0,-0.0,0.0,-15.72,-5.27,0.0,0.0,18.42,-2.33,-20.99,16.09,-4.91
1481,-0.0,0.0,-0.0,-0.0,-0.0,0.0,-18.49,-9.95,-0.0,0.0,22.04,-2.6,-28.44,19.45,-8.99
1491,-0.0,0.0,0.0,-0.0,0.0,0.0,-15.98,-9.41,-0.0,0.0,20.7,-2.48,-25.39,18.22,-7.17
1501,-0.0,0.0,0.0,0.0,-0.0,0.0,-19.91,-8.38,0.0,-0.0,24.36,-2.88,-28.29,21.48,-6.81
1511,-0.0,-0.0,-0.0,0.0,0.0,0.0,-18.09,-6.95,-0.0,-0.0,21.07,-2.36,-25.03,18.72,-6.32
1521,0.0,0.0,-0.0,0.0,-0.0,0.0,-17.59,-9.48,0.0,0.0,21.78,-2.52,-27.07,19.26,-7.81
1531,0.0,-0.0,0.0,0.0,-0.0,0.0,-17.7,-9.32,0.0,0.0,23.67,-2.8,-27.02,20.87,-6.15
1541,-0.0,0.0,-0.0,-0.0,-0.0,0.0,-19.09,-6.7,0.0,-0.0,21.05,-2.56,-25.8,18.49,-7.31
1551,-0.0,-0.0,0.0,0.0,-0.0,0.0,-18.68,-6.25,0.0,0.0,20.35,-2.69,-24.93,17.66,-7.27
1561,0.0,-0.0,0.0,-0.0,0.0,0.0,-20.66,-7.34,-0.0,-0.0,22.43,-2.78,-28.0,19.65,-8.35
1571,0.0,-0.0,0.0,0.0,-0.0,0.0,-16.74,-6.73,0.0,-0.0,20.07,-2.37,-23.48,17.69,-5.78
1581,0.0,0.0,-0.0,-0.0,-0.0,0.0,-18.45,-10.48,0.0,-0.0,21.97,-2.69,-28.93,19.28,-9.65
1591,-0.0,0.0,-0.0,-0.0,0.0,0.0,-18.16,-7.23,-0.0,0.0,22.95,-2.64,-25.39,20.31,-5.09
1601,-0.0,0.0,-0.0,-0.0,-0.0,0.0,-18.88,-5.72,-0.0,-0.0,20.42,-2.71,-24.6,17.71,-6.88
1611,-0.0,0.0,-0.0,0.0,0.0,0.0,-17.01,-8.21,-0.0,0.0,22.37,-2.71,-25.22,19.66,-5.56
1621,-0.0,0.0,-0.0,0.0,0.0,0.0,-16.31,-8.96,-0.0,0.0,20.54,-2.5,-25.27,18.05,-7.23
1631,-0.0,0.0,-0.0,0.0,0.0,0.0,-17.58,-6.86,-0.0,-0.0,20.54,-2.48,-24.44,18.06,-6.38
1641,-0.0,0.0,0.0,0.0,0.0,0.0,-16.15,-11.96,-0.0,0.0,24.24,-2.45,-28.11,21.79,-6.32
1651,0.0,-0.0,0.0,0.0,0.0,0.0,-15.51,-6.94,0.0,-0.0,20.32,-2.28,-22.45,18.04,-4.41
1661,0.0,-0.0,0.0,0.0,0.0,0.0,-18.95,-5.36,0.0,0.0,19.6,-2.5,-24.32,17.1,-7.22
1671,-0.0,-0.0,0.0,0.0,-0.0,0.0,-18.15,-9.37,0.0,-0.0,22.2,-2.63,-27.52,19.57,-7.95
1681,-0.0,0.0,-0.0,0.0,-0.0,0.0,-18.92,-5.94,0.0,-0.0,20.52,-2.56,-24.86,17.96,-6.9
1691,0.0,-0.0,-0.0,0.0,-0.0,0.0,-17.73,-4.85,-0.0,-0.0,19.46,-2.48,-22.58,16.99,-5.59
1701,0.0,0.0,0.0,-0.0,0.0,0.0,-19.13,-7.95,0.0,-0.0,22.73,-2.6,-27.08,20.14,-6.94
1711,0.0,0.0,-0.0,0.0,-0.0,0.0,-16.25,-5.34,-0.0,0.0,19.27,-2.4,-21.59,16.87,-4.72
1721,-0.0,0.0,0.0,0.0,-0.0,0.0,-19.33,-6.59,-0.0,-0.0,22.7,-2.86,-25.91,19.84,-6.07
1731,0.0,-0.0,-0.0,-0.0,0.0,0.0,-19.66,-6.36,0.0,0.0,21.81,-2.87,-26.02,18.94,-7.08
1741,0.0,0.0,-0.0,-0.0,0.0,0.0,-16.89,-10.53,-0.0,0.0,22.78,-2.63,-27.42,20.15,-7.27
1751,0.0,-0.0,0.0,0.0,-0.0,0.0,-18.8,-9.52,-0.0,-0.0,23.82,-2.77,-28.33,21.05,-7.28
1761,0.0,-0.0,-0.0,0.0,-0.0,0.0,-17.79,-8.46,0.0,-0.0,21.8,-2.56,-26.26,19.25,-7.01
1771,0.0,-0.0,-0.0,-0.0,-0.0,0.0,-14.39,-7.38,-0.0,0.0,18.55,-2.47,-21.77,16.08,-5.69
1781,-0.0,0.0,-0.0,-0.0,0.0,0.0,-14.49,-12.19,0.0,0.0,22.75,-2.45,-26.68,20.3,-6.38
1791,-0.0,-0.0,-0.0,0.0,-0.0,0.0,-17.97,-9.83,0.0,-0.0,22.92,-2.83,-27.8,20.1,-7.7
1801,0.0,0.0,-0.0,0.0,-0.0,0.0,-16.81,-9.63,-0.0,-0.0,24.63,-2.93,-26.44,21.71,-4.74
1811,-0.0,-0.0,-0.0,-0.0,0.0,0.0,-19.44,-7.44,-0.0,-0.0,22.26,-2.75,-26.87,19.51,-7.37
1821,-0.0,0.0,-0.0,0.0,0.0,0.0,-13.48,-10.95,-0.0,-0.0,20.77,-2.58,-24.43,18.19,-6.24
1831,-0.0,-0.0,-0.0,-0.0,0.0,0.0,-13.32,-14.33,-0.0,-0.0,25.19,-2.67,-27.65,22.52,-5.13
1841,-0.0,0.0,0.0,-0.0,-0.0,0.0,-16.81,-9.36,0.0,0.0,21.53,-2.54,-26.17,19.0,-7.17
1851,0.0,0.0,0.0,0.0,-0.0,0.0,-17.07,-9.58,0.0,-0.0,21.29,-2.59,-26.66,18.7,-7.96
1861,-0.0,-0.0,0.0,0.0,-0.0,0.0,-14.38,-11.1,-0.0,-0.0,21.44,-2.45,-25.48,18.98,-6.5
1871,-0.0,0.0,0.0,-0.0,-0.0,0.0,-17.77,-8.53,0.0,-0.0,19.65,-2.56,-26.3,17.08,-9.22
1881,-0.0,-0.0,0.0,0.0,-0.0,0.0,-18.14,-7.77,0.0,0.0,20.21,-2.55,-25.91,17.67,-8.24
1891,-0.0,0.0,-0.0,0.0,-0.0,0.0,-18.58,-6.31,-0.0,-0.0,20.12,-2.66,-24.89,17.46,-7.44
1901,-0.0,-0.0,0.0,0.0,-0.0,0.0,-15.95,-7.43,0.0,-0.0,20.28,-2.62,-23.38,17.66,-5.72
1911,-0.0,0.0,-0.0,-0.0,-0.0,0.0,-18.12,-7.48,0.0,0.0,21.92,-2.81,-25.6,19.1,-6.5
1921,-0.0,0.0,0.0,0.0,0.0,0.0,-18.4,-6.94,0.0,-0.0,21.24,-2.7,-25.34,18.54,-6.8
1931,-0.0,-0.0,-0.0,-0.0,-0.0,0.0,-16.19,-5.03,0.0,0.0,17.52,-2.52,-21.21,15.0,-6.21
1941,0.0,-0.0,-0.0,-0.0,-0.0,0.0,-17.85,-8.45,-0.0,-0.0,21.3,-2.52,-26.3,18.78,-7.52
1951,-0.0,0.0,0.0,0.0,-0.0,0.0,-17.48,-5.7,0.0,-0.0,20.2,-2.48,-23.18,17.72,-5.46
1961,-0.0,-0.0,0.0,-0.0,0.0,0.0,-17.52,-8.38,-0.0,0.0,20.15,-2.38,-25.9,17.76,-8.13
1971,0.0,-0.0,-0.0,-0.0,0.0,0.0,-19.84,-5.74,0.0,-0.0,20.68,-2.78,-25.57,17.9,-7.68
1981,0.0,0.0,0.0,0.0,-0.0,0.0,-19.6,-11.27,-0.0,-0.0,24.06,-2.87,-30.87,21.19,-9.68
1991,0.0,-0.0,0.0,0.0,0.0,0.0,-16.96,-9.94,-0.0,-0.0,20.69,-2.64,-26.89,18.05,-8.85
2001,-0.0,-0.0,0.0,0.0,-0.0,0.0,-19.04,-2.82,-0.0,0.0,19.41,-2.82,-21.86,16.58,-5.28
2011,-0.0,-0.0,0.0,0.0,-0.0,0.0,-19.56,-8.07,0.0,0.0,24.02,-2.83,-27.62,21.18,-6.44
2021,0.0,0.0,-0.0,-0.0,-0.0,0.0,-17.23,-8.2,-0.0,-0.0,19.8,-2.64,-25.43,17.16,-8.27
2031,-0.0,-0.0,0.0,-0.0,-0.0,0.0,-15.62,-7.76,0.0,0.0,20.65,-2.55,-23.38,18.1,-5.29
2041,0.0,-0.0,0.0,0.0,-0.0,0.0,-17.53,-7.73,0.0,0.0,21.2,-2.57,-25.25,18.63,-6.62
2051,-0.0,0.0,0.0,-0.0,-0.0,0.0,-21.85,-9.9,0.0,-0.0,27.97,-3.1,-31.74,24.87,-6.87
2061,-0.0,-0.0,0.0,0.0,-0.0,0.0,-19.23,-5.07,0.0,-0.0,20.59,-2.55,-24.3,18.04,-6.26
2071,-0.0,0.0,-0.0,-0.0,-0.0,0.0,-18.94,-5.46,0.0,-0.0,20.39,-2.81,-24.41,17.57,-6.83
2081,-0.0,0.0,0.0,-0.0,0.0,0.0,-19.77,-8.8,0.0,0.0,24.29,-2.89,-28.56,21.4,-7.16
2091,0.0,-0.0,-0.0,0.0,0.0,0.0,-17.24,-6.13,-0.0,-0.0,19.93,-2.43,-23.38,17.49,-5.88
2101,-0.0,-0.0,-0.0,-0.0,0.0,0.0,-19.69,-5.85,-0.0,-0.0,20.45,-2.63,-25.54,17.82,-7.72
2111,0.0,0.0,-0.0,0.0,-0.0,0.0,-17.59,-7.76,0.0,0.0,20.88,-2.62,-25.35,18.26,-7.09
2121,0.0,0.0,0.0,0.0,0.0,0.0,-19.42,-8.37,0.0,-0.0,23.53,-2.51,-27.79,21.02,-6.77
2131,-0.0,-0.0,0.0,0.0,-0.0,0.0,-18.85,-4.22,-0.0,0.0,20.57,-2.6,-23.07,17.97,-5.1
2141,-0.0,0.0,-0.0,0.0,0.0,0.0,-14.42,-7.97,-0.0,0.0,19.5,-2.55,-22.39,16.95,-5.44
2151,-0.0,-0.0,0.0,0.0,-0.0,0.0,-17.13,-7.96,-0.0,-0.0,22.85,-2.59,-25.08,20.25,-4.83
2161,0.0,0.0,0.0,-0.0,0.0,0.0,-17.89,-7.94,0.0,0.0,22.22,-2.52,-25.83,19.69,-6.14
2171,-0.0,-0.0,-0.0,0.0,0.0,0.0,-14.79,-6.53,0.0,0.0,17.03,-2.35,-21.32,14.68,-6.64
2181,0.0,-0.0,-0.0,0.0,0.0,0.0,-17.25,-8.49,0.0,0.0,20.38,-2.52,-25.74,17.86,-7.89
2191,-0.0,0.0,-0.0,0.0,0.0,0.0,-16.57,-8.71,0.0,0.0,20.73,-2.65,-25.28,18.08,-7.19
2201,0.0,0.0,0.0,0.0,0.0,0.0,-19.29,-6.93,-0.0,-0.0,20.05,-2.57,-26.23,17.47,-8.75
2211,0.0,0.0,0.0,-0.0,0.0,0.0,-19.13,-8.17,0.0,0.0,22.88,-2.73,-27.3,20.14,-7.16
2221,0.0,-0.0,-0.0,-0.0,0.0,0.0,-18.24,-7.68,-0.0,0.0,20.96,-2.49,-25.92,18.47,-7.45
2231,-0.0,-0.0,0.0,0.0,0.0,0.0,-18.2,-4.09,0.0,-0.0,18.08,-2.5,-22.28,15.58,-6.71
2241,0.0,0.0,-0.0,-0.0,0.0,0.0,-15.21,-11.38,-0.0,-0.0,21.62,-2.78,-26.59,18.84,-7.75
2251,0.0,0.0,-0.0,-0.0,0.0,0.0,-18.27,-6.43,0.0,-0.0,19.82,-2.54,-24.69,17.28,-7.42
2261,-0.0,-0.0,-0.0,0.0,0.0,0.0,-15.25,-8.74,0.0,-0.0,20.6,-2.21,-24.0,18.39,-5.61
2271,-0.0,-0.0,-0.0,0.0,-0.0,0.0,-14.77,-6.36,-0.0,-0.0,20.87,-2.27,-21.13,18.6,-2.53
2281,0.0,-0.0,0.0,0.0,0.0,0.0,-15.5,-6.39,-0.0,0.0,18.99,-2.26,-21.88,16.73,-5.15
2291,-0.0,0.0,-0.0,0.0,0.0,0.0,-16.95,-6.88,0.0,0.0,19.34,-2.43,-23.83,16.91,-6.92
2301,-0.0,0.0,0.0,-0.0,0.0,0.0,-19.44,-11.02,-0.0,0.0,24.55,-2.63,-30.46,21.93,-8.53
2311,0.0,-0.0,0.0,-0.0,-0.0,0.0,-16.83,-10.64,0.0,0.0,22.34,-2.56,-27.47,19.78,-7.69
2321,0.0,0.0,-0.0,-0.0,0.0,0.0,-14.92,-10.51,0.0,-0.0,21.67,-2.39,-25.43,19.29,-6.14
2331,-0.0,-0.0,0.0,-0.0,0.0,0.0,-17.19,-6.49,0.0,-0.0,18.63,-2.67,-23.68,15.96,-7.72
2341,0.0,-0.0,0.0,0.0,0.0,0.0,-18.49,-9.46,-0.0,0.0,22.99,-2.6,-27.95,20.38,-7.57
2351,-0.0,-0.0,0.0,-0.0,0.0,0.0,-18.39,-8.27,-0.0,-0.0,19.58,-2.63,-26.66,16.94,-9.72
2361,-0.0,0.0,-0.0,0.0,0.0,0.0,-19.11,-5.82,0.0,0.0,20.88,-2.78,-24.93,18.1,-6.83
2371,-0.0,-0.0,-0.0,-0.0,-0.0,0.0,-17.59,-6.36,-0.0,-0.0,20.14,-2.64,-23.95,17.5,-6.45
2381,-0.0,0.0,-0.0,0.0,0.0,0.0,-16.13,-7.25,-0.0,-0.0,19.03,-2.52,-23.38,16.51,-6.88
2391,-0.0,0.0,0.0,0.0,0.0,0.0,-18.31,-9.58,0.0,-0.0,24.22,-2.64,-27.89,21.58,-6.31
2401,-0.0,-0.0,0.0,0.0,0.0,0.0,-18.48,-8.72,0.0,0.0,22.88,-2.59,-27.21,20.29,-6.92
2411,-0.0,-0.0,0.0,0.0,-0.0,0.0,-19.31,-11.39,-0.0,0.0,25.43,-3.07,-30.69,22.36,-8.33
2421,-0.0,0.0,-0.0,0.0,0.0,0.0,-18.92,-9.76,-0.0,-0.0,22.54,-2.75,-28.68,19.79,-8.89
2431,-0.0,0.0,0.0,-0.0,0.0,0.0,-16.55,-7.05,-0.0,-0.0,22.43,-2.81,-23.6,19.62,-3.97
2441,0.0,-0.0,-0.0,0.0,-0.0,0.0,-18.42,-9.8,0.0,-0.0,21.96,-2.6,-28.22,19.37,-8.86
2451,0.0,-0.0,-0.0,-0.0,-0.0,0.0,-20.68,-10.8,0.0,0.0,25.77,-2.78,-31.48,23.0,-8.48
2461,0.0,0.0,0.0,0.0,-0.0,0.0,-19.86,-4.75,-0.0,-0.0,19.46,-2.69,-24.61,16.78,-7.84
2471,0.0,-0.0,-0.0,0.0,-0.0,0.0,-19.06,-9.71,0.0,0.0,25.18,-2.95,-28.77,22.23,-6.55
2481,0.0,0.0,-0.0,-0.0,0.0,0.0,-16.85,-10.77,-0.0,-0.0,25.57,-2.59,-27.62,22.99,-4.63
2491,-0.0,0.0,-0.0,-0.0,0.0,0.0,-14.22,-11.34,0.0,-0.0,23.58,-2.46,-25.56,21.11,-4.45
2501,-0.0,0.0,-0.0,0.0,0.0,0.0,-18.97,-10.16,-0.0,0.0,23.3,-2.57,-29.13,20.74,-8.4
2511,-0.0,-0.0,-0.0,-0.0,-0.0,0.0,-14.94,-9.58,-0.0,-0.0,23.39,-2.62,-24.51,20.77,-3.74
2521,0.0,0.0,-0.0,0.0,0.0,0.0,-16.04,-7.88,-0.0,0.0,19.77,-2.32,-23.92,17.45,-6.47
2531,-0.0,-0.0,0.0,-0.0,-0.0,0.0,-18.95,-6.36,0.0,0.0,20.31,-2.48,-25.31,17.83,-7.48
2541,-0.0,-0.0,0.0,0.0,-0.0,0.0,-18.26,-8.94,0.0,0.0,21.31,-2.6,-27.2,18.71,-8.49
2551,-0.0,0.0,0.0,-0.0,-0.0,0.0,-15.95,-11.18,0.0,0.0,23.95,-2.52,-27.13,21.43,-5.71
2561,-0.0,0.0,0.0,-0.0,0.0,0.0,-19.18,-9.17,-0.0,-0.0,23.69,-2.72,-28.36,20.97,-7.39
2571,0.0,0.0,-0.0,0.0,0.0,0.0,-17.83,-11.19,0.0,0.0,24.73,-2.75,-29.03,21.98,-7.05
2581,-0.0,-0.0,0.0,0.0,-0.0,0.0,-13.22,-9.14,-0.0,0.0,21.83,-2.34,-22.35,19.49,-2.87
2591,0.0,0.0,-0.0,0.0,-0.0,0.0,-17.88,-8.37,-0.0,0.0,22.01,-2.58,-26.25,19.43,-6.82
2601,0.0,0.0,-0.0,0.0,-0.0,0.0,-17.55,-10.11,-0.0,0.0,23.86,-2.65,-27.66,21.21,-6.44
2611,0.0,0.0,0.0,-0.0,-0.0,0.0,-15.8,-11.31,-0.0,0.0,22.5,-2.26,-27.11,20.24,-6.87
2621,-0.0,0.0,0.0,0.0,0.0,0.0,-17.64,-8.53,-0.0,-0.0,20.66,-2.41,-26.18,18.25,-7.92
2631,0.0,0.0,-0.0,-0.0,-0.0,0.0,-18.38,-10.35,0.0,0.0,22.89,-2.51,-28.73,20.37,-8.35
2641,-0.0,0.0,-0.0,0.0,0.0,0.0,-17.47,-4.32,-0.0,-0.0,18.53,-2.6,-21.79,15.94,-5.86
2651,0.0,-0.0,0.0,-0.0,-0.0,0.0,-19.2,-7.08,0.0,0.0,23.26,-2.94,-26.28,20.32,-5.96
2661,-0.0,-0.0,0.0,0.0,-0.0,0.0,-16.47,-10.07,-0.0,0.0,22.9,-2.42,-26.54,20.48,-6.06
2671,-0.0,0.0,0.0,-0.0,-0.0,0.0,-19.84,-8.36,-0.0,-0.0,22.02,-2.73,-28.2,19.29,-8.91
2681,-0.0,-0.0,-0.0,-0.0,-0.0,0.0,-17.82,-8.71,0.0,-0.0,20.3,-2.54,-26.53,17.77,-8.76
2691,0.0,0.0,0.0,0.0,0.0,0.0,-18.8,-8.1,-0.0,-0.0,22.48,-2.66,-26.9,19.82,-7.08
2701,0.0,-0.0,0.0,-0.0,-0.0,0.0,-16.7,-7.6,-0.0,-0.0,19.61,-2.34,-24.3,17.27,-7.03
2711,-0.0,-0.0,-0.0,-0.0,-0.0,0.0,-19.06,-4.62,0.0,0.0,19.79,-2.57,-23.68,17.22,-6.46
2721,0.0,-0.0,-0.0,-0.0,0.0,0.0,-18.17,-7.23,-0.0,0.0,22.02,-2.61,-25.4,19.42,-5.98
2731,-0.0,0.0,0.0,0.0,0.0,0.0,-19.57,-7.4,-0.0,-0.0,21.92,-2.8,-26.97,19.13,-7.84
2741,0.0,-0.0,-0.0,0.0,-0.0,0.0,-18.15,-7.04,0.0,-0.0,21.94,-2.78,-25.18,19.16,-6.02
2751,0.0,0.0,0.0,0.0,0.0,0.0,-17.37,-9.88,0.0,0.0,24.3,-2.8,-27.25,21.5,-5.76
2761,-0.0,0.0,-0.0,-0.0,0.0,0.0,-18.59,-11.95,-0.0,-0.0,24.99,-2.46,-30.54,22.53,-8.01
2771,0.0,0.0,-0.0,-0.0,0.0,0.0,-14.08,-10.05,-0.0,-0.0,20.06,-2.44,-24.13,17.62,-6.52
2781,-0.0,0.0,-0.0,-0.0,-0.0,0.0,-16.18,-8.1,0.0,-0.0,19.91,-2.25,-24.28,17.66,-6.63
2791,-0.0,0.0,0.0,0.0,-0.0,0.0,-17.6,-12.67,-0.0,0.0,24.3,-2.65,-30.27,21.65,-8.63
2801,0.0,0.0,0.0,0.0,-0.0,0.0,-17.52,-9.59,-0.0,0.0,22.77,-2.46,-27.1,20.31,-6.79
2811,0.0,0.0,-0.0,0.0,-0.0,0.0,-20.26,-7.84,0.0,0.0,26.17,-2.79,-28.09,23.38,-4.71
2821,-0.0,0.0,-0.0,-0.0,-0.0,0.0,-18.93,-6.94,0.0,0.0,22.51,-2.54,-25.87,19.97,-5.9
2831,-0.0,0.0,0.0,-0.0,0.0,0.0,-16.97,-8.87,0.0,-0.0,21.14,-2.45,-25.84,18.69,-7.15
2841,-0.0,0.0,0.0,-0.0,0.0,0.0,-18.36,-6.38,0.0,0.0,20.29,-2.67,-24.74,17.62,-7.12
2851,0.0,0.0,-0.0,0.0,0.0,0.0,-18.73,-6.66,0.0,-0.0,21.63,-2.78,-25.39,18.85,-6.54
2861,-0.0,-0.0,-0.0,0.0,-0.0,0.0,-16.43,-7.74,0.0,-0.0,18.47,-2.19,-24.17,16.28,-7.89
2871,-0.0,-0.0,0.0,0.0,-0.0,0.0,-13.26,-11.79,0.0,0.0,23.57,-2.43,-25.04,21.14,-3.9
2881,0.0,-0.0,-0.0,-0.0,0.0,0.0,-15.88,-9.33,0.0,0.0,21.65,-2.25,-25.2,19.4,-5.81
2891,0.0,0.0,0.0,0.0,-0.0,0.0,-14.62,-10.46,0.0,-0.0,21.45,-2.17,-25.08,19.28,-5.8
2901,-0.0,-0.0,-0.0,0.0,0.0,0.0,-17.04,-7.97,-0.0,0.0,20.09,-2.51,-25.01,17.57,-7.43
2911,-0.0,-0.0,-0.0,0.0,-0.0,0.0,-16.73,-8.36,-0.0,-0.0,20.95,-2.52,-25.09,18.42,-6.66
2921,-0.0,0.0,0.0,0.0,0.0,0.0,-15.12,-9.68,0.0,-0.0,20.19,-2.15,-24.8,18.04,-6.77
2931,-0.0,0.0,0.0,-0.0,-0.0,0.0,-16.69,-7.06,-0.0,0.0,19.32,-2.4,-23.75,16.92,-6.83
2941,-0.0,0.0,-0.0,-0.0,0.0,0.0,-18.06,-7.53,0.0,-0.0,20.64,-2.47,-25.6,18.16,-7.43
2951,0.0,-0.0,0.0,0.0,0.0,0.0,-17.87,-9.57,-0.0,-0.0,21.2,-2.71,-27.44,18.48,-8.95
2961,-0.0,-0.0,-0.0,-0.0,0.0,0.0,-14.43,-12.58,0.0,-0.0,22.82,-2.44,-27.0,20.38,-6.62
2971,-0.0,0.0,-0.0,-0.0,-0.0,0.0,-13.89,-11.15,0.0,-0.0,22.5,-2.62,-25.03,19.87,-5.16
2981,-0.0,0.0,-0.0,0.0,-0.0,0.0,-19.82,-10.8,0.0,-0.0,22.76,-2.75,-30.62,20.01,-10.61
2991,-0.0,0.0,-0.0,0.0,0.0,0.0,-14.01,-11.41,0.0,-0.0,22.26,-2.56,-25.42,19.69,-5.72
3001,-0.0,-0.0,0.0,-0.0,-0.0,0.0,-17.53,-7.8,-0.0,0.0,20.37,-2.45,-25.33,17.92,-7.4
3011,0.0,0.0,-0.0,-0.0,0.0,0.0,-16.17,-9.88,-0.0,-0.0,21.43,-2.48,-26.05,18.95,-7.1
3021,0.0,-0.0,-0.0,0.0,0.0,0.0,-18.26,-9.2,-0.0,0.0,23.07,-2.44,-27.46,20.62,-6.83
3031,-0.0,0.0,0.0,-0.0,-0.0,0.0,-14.96,-6.75,0.0,-0.0,19.66,-2.26,-21.7,17.4,-4.3
3041,0.0,-0.0,-0.0,-0.0,0.0,0.0,-14.39,-11.41,0.0,-0.0,24.28,-2.67,-25.8,21.61,-4.19
3051,-0.0,-0.0,-0.0,-0.0,-0.0,0.0,-17.8,-9.88,-0.0,0.0,21.31,-2.63,-27.68,18.68,-9.0
3061,-0.0,0.0,-0.0,0.0,0.0,0.0,-18.62,-11.39,-0.0,-0.0,25.0,-2.84,-30.0,22.16,-7.84
3071,-0.0,0.0,0.0,0.0,0.0,0.0,-17.76,-8.92,-0.0,0.0,20.93,-2.6,-26.68,18.33,-8.36
3081,-0.0,0.0,0.0,0.0,0.0,0.0,-19.46,-9.86,0.0,-0.0,24.91,-2.83,-29.32,22.07,-7.24
3091,0.0,-0.0,-0.0,0.0,-0.0,0.0,-19.01,-11.14,-0.0,-0.0,25.85,-2.85,-30.15,23.0,-7.15
3101,-0.0,0.0,0.0,0.0,-0.0,0.0,-15.21,-9.4,0.0,0.0,20.35,-2.46,-24.61,17.9,-6.71
3111,0.0,-0.0,-0.0,0.0,0.0,0.0,-15.41,-11.95,0.0,-0.0,23.15,-2.39,-27.36,20.77,-6.59
3121,0.0,0.0,-0.0,-0.0,-0.0,0.0,-21.58,-11.65,0.0,0.0,26.02,-2.95,-33.24,23.08,-10.16
3131,0.0,-0.0,-0.0,-0.0,0.0,0.0,-16.11,-8.12,0.0,-0.0,20.77,-2.28,-24.22,18.5,-5.73
3141,0.0,0.0,-0.0,-0.0,-0.0,0.0,-17.35,-8.04,-0.0,-0.0,22.04,-2.44,-25.38,19.6,-5.78
3151,-0.0,-0.0,0.0,0.0,0.0,0.0,-18.59,-11.87,0.0,0.0,23.66,-2.39,-30.46,21.27,-9.19
3161,0.0,-0.0,0.0,-0.0,-0.0,0.0,-13.82,-7.74,0.0,0.0,19.67,-2.2,-21.56,17.47,-4.1
3171,0.0,-0.0,-0.0,-0.0,0.0,0.0,-18.72,-9.18,0.0,-0.0,22.25,-2.61,-27.89,19.63,-8.26
3181,0.0,-0.0,-0.0,-0.0,-0.0,0.0,-19.54,-7.39,-0.0,0.0,22.46,-2.8,-26.93,19.66,-7.27
3191,-0.0,0.0,-0.0,-0.0,-0.0,0.0,-18.35,-8.51,-0.0,0.0,21.61,-2.71,-26.86,18.9,-7.96
3201,0.0,0.0,-0.0,0.0,0.0,0.0,-14.52,-11.12,-0.0,0.0,22.62,-2.57,-25.64,20.05,-5.59
3211,-0.0,-0.0,0.0,0.0,0.0,0.0,-20.0,-4.44,0.0,0.0,21.64,-2.83,-24.44,18.81,-5.63
3221,0.0,-0.0,-0.0,-0.0,-0.0,0.0,-17.23,-8.56,-0.0,0.0,21.7,-2.8,-25.79,18.9,-6.9
3231,0.0,-0.0,-0.0,0.0,0.0,0.0,-15.71,-8.12,0.0,-0.0,19.59,-2.18,-23.83,17.41,-6.42
3241,-0.0,0.0,0.0,0.0,-0.0,0.0,-16.69,-8.66,-0.0,-0.0,21.28,-2.68,-25.35,18.6,-6.75
3251,-0.0,0.0,0.0,-0.0,-0.0,0.0,-18.01,-10.62,0.0,-0.0,22.81,-2.62,-28.64,20.19,-8.45
3261,-0.0,0.0,-0.0,0.0,0.0,0.0,-17.39,-9.37,0.0,-0.0,21.45,-2.34,-26.76,19.12,-7.64
3271,0.0,0.0,0.0,-0.0,0.0,0.0,-16.4,-12.54,0.0,-0.0,25.22,-2.75,-28.95,22.47,-6.48
3281,-0.0,-0.0,0.0,0.0,0.0,0.0,-15.24,-10.28,-0.0,0.0,22.27,-2.4,-25.52,19.87,-5.65
3291,-0.0,-0.0,-0.0,-0.0,-0.0,0.0,-17.25,-9.17,-0.0,0.0,21.42,-2.53,-26.42,18.88,-7.54
3301,0.0,0.0,0.0,-0.0,-0.0,0.0,-18.7,-7.57,-0.0,-0.0,20.8,-2.63,-26.27,18.16,-8.11
3311,-0.0,-0.0,0.0,0.0,0.0,0.0,-14.29,-6.07,0.0,0.0,18.51,-2.25,-20.35,16.25,-4.1
3321,-0.0,0.0,-0.0,0.0,0.0,0.0,-17.29,-7.09,0.0,-0.0,20.7,-2.66,-24.38,18.03,-6.34
3331,0.0,0.0,-0.0,0.0,-0.0,0.0,-16.18,-11.35,0.0,0.0,22.2,-2.56,-27.52,19.64,-7.88
3341,0.0,-0.0,-0.0,-0.0,0.0,0.0,-16.42,-4.75,0.0,-0.0,15.64,-2.31,-21.17,13.34,-7.83
3351,-0.0,0.0,0.0,-0.0,0.0,0.0,-19.12,-7.79,-0.0,-0.0,21.89,-2.74,-26.92,19.16,-7.76
3361,-0.0,-0.0,-0.0,0.0,-0.0,0.0,-19.26,-8.54,-0.0,-0.0,21.23,-2.65,-27.8,18.58,-9.22
3371,0.0,-0.0,0.0,-0.0,-0.0,0.0,-16.43,-4.52,0.0,-0.0,17.19,-2.54,-20.96,14.66,-6.3
3381,0.0,-0.0,0.0,0.0,-0.0,0.0,-15.27,-8.88,0.0,-0.0,20.79,-2.31,-24.15,18.48,-5.67
3391,-0.0,0.0,0.0,-0.0,0.0,0.0,-16.75,-11.64,-0.0,0.0,24.67,-2.55,-28.38,22.11,-6.27
3401,0.0,0.0,-0.0,0.0,-0.0,0.0,-16.69,-12.77,0.0,0.0,23.89,-2.48,-29.47,21.42,-8.05
3411,0.0,0.0,-0.0,0.0,-0.0,0.0,-16.18,-11.57,0.0,-0.0,23.91,-2.41,-27.75,21.5,-6.25
3421,-0.0,0.0,0.0,-0.0,-0.0,0.0,-15.29,-12.6,-0.0,-0.0,22.77,-2.47,-27.9,20.3,-7.59
3431,-0.0,0.0,-0.0,-0.0,-0.0,0.0,-15.47,-10.02,-0.0,-0.0,22.32,-2.33,-25.49,19.99,-5.51
3441,0.0,-0.0,0.0,0.0,-0.0,0.0,-19.28,-11.39,-0.0,0.0,24.04,-2.77,-30.67,21.27,-9.4
3451,-0.0,-0.0,0.0,0.0,-0.0,0.0,-19.49,-8.03,-0.0,0.0,20.94,-2.68,-27.52,18.26,-9.27
3461,0.0,0.0,-0.0,-0.0,-0.0,0.0,-18.01,-5.87,0.0,-0.0,18.61,-2.47,-23.88,16.14,-7.75
3471,-0.0,0.0,0.0,0.0,-0.0,0.0,-18.74,-9.67,0.0,-0.0,24.01,-2.84,-28.42,21.17,-7.25
3481,-0.0,0.0,0.0,0.0,-0.0,0.0,-16.09,-9.09,-0.0,-0.0,21.63,-2.39,-25.18,19.24,-5.95
3491,0.0,0.0,0.0,0.0,-0.0,0.0,-18.34,-11.6,0.0,-0.0,26.21,-2.82,-29.94,23.39,-6.55
3501,-0.0,0.0,-0.0,0.0,-0.0,0.0,-18.39,-10.47,0.0,-0.0,22.39,-2.66,-28.86,19.74,-9.13
3511,-0.0,-0.0,-0.0,0.0,-0.0,0.0,-18.24,-9.4,-0.0,0.0,20.47,-2.6,-27.64,17.87,-9.77
3521,0.0,0.0,0.0,0.0,-0.0,0.0,-17.18,-8.42,-0.0,-0.0,21.54,-2.3,-25.6,19.25,-6.35
3531,0.0,-0.0,-0.0,0.0,0.0,0.0,-15.36,-11.17,-0.0,-0.0,23.0,-2.26,-26.53,20.74,-5.78
3541,0.0,0.0,-0.0,0.0,0.0,0.0,-16.68,-6.53,0.0,-0.0,20.44,-2.43,-23.21,18.0,-5.21
3551,-0.0,0.0,0.0,-0.0,0.0,0.0,-20.12,-12.29,0.0,0.0,25.98,-2.67,-32.41,23.31,-9.1
3561,0.0,0.0,-0.0,-0.0,0.0,0.0,-14.55,-8.13,0.0,0.0,20.37,-2.22,-22.68,18.15,-4.53
3571,-0.0,0.0,-0.0,-0.0,-0.0,0.0,-17.02,-8.11,-0.0,0.0,20.85,-2.44,-25.13,18.41,-6.72
3581,0.0,-0.0,-0.0,-0.0,-0.0,0.0,-19.14,-8.38,0.0,0.0,21.43,-2.81,-27.52,18.63,-8.89
3591,0.0,-0.0,-0.0,0.0,0.0,0.0,-17.48,-6.45,0.0,0.0,19.04,-2.6,-23.94,16.45,-7.49
3601,-0.0,-0.0,0.0,-0.0,0.0,0.0,-17.05,-7.56,0.0,0.0,20.12,-2.69,-24.61,17.44,-7.18
3611,-0.0,0.0,-0.0,0.0,-0.0,0.0,-15.81,-9.95,0.0,0.0,20.96,-2.21,-25.76,18.76,-7.0
3621,-0.0,0.0,0.0,0.0,-0.0,0.0,-18.47,-7.32,-0.0,-0.0,19.06,-2.7,-25.79,16.36,-9.43
3631,-0.0,-0.0,0.0,0.0,0.0,0.0,-15.8,-8.8,0.0,0.0,21.38,-2.76,-24.59,18.62,-5.97
3641,0.0,-0.0,0.0,0.0,0.0,0.0,-18.15,-8.59,0.0,0.0,20.45,-2.65,-26.74,17.8,-8.93
3651,-0.0,0.0,0.0,0.0,0.0,0.0,-15.37,-12.13,0.0,-0.0,21.41,-2.41,-27.5,19.0,-8.5
3661,0.0,-0.0,-0.0,0.0,0.0,0.0,-18.21,-12.3,0.0,0.0,24.2,-2.6,-30.51,21.6,-8.91
3671,-0.0,0.0,0.0,0.0,-0.0,0.0,-17.25,-7.22,-0.0,0.0,23.27,-2.95,-24.47,20.32,-4.15
3681,-0.0,0.0,-0.0,-0.0,-0.0,0.0,-18.11,-9.8,-0.0,0.0,22.92,-2.78,-27.9,20.13,-7.77
3691,0.0,0.0,-0.0,-0.0,0.0,0.0,-18.94,-6.69,0.0,-0.0,20.61,-2.78,-25.63,17.83,-7.81
3701,-0.0,0.0,0.0,-0.0,0.0,0.0,-17.1,-10.22,0.0,0.0,20.41,-2.61,-27.33,17.8,-9.52
3711,-0.0,0.0,0.0,0.0,-0.0,0.0,-16.2,-5.95,0.0,0.0,21.12,-2.5,-22.15,18.62,-3.53
3721,0.0,0.0,0.0,0.0,0.0,0.0,-20.37,-10.05,0.0,-0.0,23.06,-2.89,-30.43,20.17,-10.26
3731,0.0,0.0,0.0,-0.0,-0.0,0.0,-17.69,-11.9,-0.0,-0.0,24.05,-2.73,-29.59,21.32,-8.27
3741,0.0,0.0,-0.0,-0.0,0.0,0.0,-19.04,-10.94,-0.0,0.0,23.41,-2.62,-29.98,20.78,-9.2
3751,-0.0,-0.0,0.0,-0.0,-0.0,0.0,-18.32,-8.73,0.0,0.0,20.21,-2.52,-27.04,17.68,-9.36
3761,-0.0,-0.0,-0.0,0.0,0.0,0.0,-15.08,-11.44,-0.0,-0.0,23.56,-2.4,-26.52,21.15,-5.37
3771,-0.0,0.0,-0.0,0.0,-0.0,0.0,-17.5,-6.07,0.0,-0.0,18.43,-2.59,-23.56,15.85,-7.72
3781,0.0,-0.0,0.0,-0.0,0.0,0.0,-17.38,-10.42,-0.0,-0.0,21.29,-2.49,-27.8,18.8,-9.0
3791,-0.0,0.0,0.0,-0.0,-0.0,0.0,-17.32,-11.2,-0.0,0.0,24.49,-2.57,-28.52,21.92,-6.6
3801,0.0,-0.0,0.0,-0.0,0.0,0.0,-16.47,-9.39,-0.0,0.0,21.98,-2.65,-25.86,19.33,-6.53
3811,-0.0,0.0,-0.0,0.0,-0.0,0.0,-19.0,-11.05,0.0,0.0,25.02,-2.95,-30.05,22.07,-7.98
3821,0.0,0.0,0.0,0.0,0.0,0.0,-16.72,-9.5,-0.0,-0.0,22.35,-2.5,-26.22,19.86,-6.36
3831,-0.0,0.0,-0.0,0.0,-0.0,0.0,-18.39,-5.37,-0.0,0.0,18.03,-2.49,-23.76,15.53,-8.23
3841,-0.0,-0.0,-0.0,-0.0,-0.0,0.0,-14.25,-10.83,-0.0,0.0,23.89,-2.55,-25.07,21.34,-3.73
3851,-0.0,0.0,-0.0,0.0,0.0,0.0,-18.39,-10.33,0.0,0.0,22.3,-2.7,-28.72,19.6,-9.12
3861,-0.0,-0.0,0.0,0.0,-0.0,0.0,-17.9,-11.1,0.0,0.0,25.75,-2.76,-29.01,22.98,-6.02
3871,-0.0,0.0,0.0,0.0,0.0,0.0,-17.54,-6.43,-0.0,-0.0,18.46,-2.47,-23.97,16.0,-7.97
3881,0.0,0.0,-0.0,0.0,0.0,0.0,-15.55,-6.6,-0.0,-0.0,19.12,-2.44,-22.15,16.68,-5.47
3891,-0.0,-0.0,0.0,0.0,0.0,0.0,-17.38,-10.24,-0.0,-0.0,21.32,-2.59,-27.62,18.73,-8.89
3901,-0.0,0.0,0.0,0.0,0.0,0.0,-17.56,-11.07,0.0,0.0,25.76,-2.81,-28.63,22.95,-5.68
3911,-0.0,-0.0,0.0,-0.0,0.0,0.0,-15.94,-12.79,0.0,0.0,24.29,-2.56,-28.74,21.73,-7.01
3921,0.0,0.0,-0.0,-0.0,0.0,0.0,-15.51,-8.82,-0.0,-0.0,20.86,-2.33,-24.33,18.54,-5.8
3931,0.0,-0.0,-0.0,-0.0,-0.0,0.0,-16.72,-10.86,-0.0,0.0,22.48,-2.55,-27.59,19.93,-7.66
3941,0.0,0.0,0.0,0.0,0.0,0.0,-15.43,-8.99,-0.0,-0.0,20.13,-2.41,-24.42,17.72,-6.7
3951,0.0,0.0,0.0,-0.0,0.0,0.0,-18.54,-10.15,0.0,0.0,22.38,-2.71,-28.69,19.67,-9.02
3961,0.0,0.0,-0.0,-0.0,-0.0,0.0,-17.12,-11.13,0.0,0.0,22.42,-2.58,-28.25,19.84,-8.41
3971,0.0,-0.0,0.0,-0.0,0.0,0.0,-17.28,-6.16,0.0,0.0,19.33,-2.64,-23.44,16.69,-6.75
3981,0.0,-0.0,-0.0,-0.0,-0.0,0.0,-17.08,-8.76,0.0,0.0,22.2,-2.52,-25.84,19.68,-6.17
3991,0.0,0.0,-0.0,0.0,-0.0,0.0,-20.98,-10.64,-0.0,0.0,24.22,-2.79,-31.63,21.43,-10.19
4001,0.0,-0.0,0.0,-0.0,0.0,0.0,-16.4,-6.66,-0.0,-0.0,19.21,-2.43,-23.06,16.77,-6.29


