GENERALIZED BORN:
Complex Energy Terms
Frame #,BOND,ANGLE,DIHED,UB,IMP,CMAP,VDWAALS,EEL,1-4 VDW,1-4 EEL,EGB,ESURF,GGAS,GSOLV,TOTAL
1,461.11,1194.31,1548.03,133.65,75.95,-79.97,-1011.37,-9337.6,522.83,7790.53,-6832.06,69.23,1297.45,-6762.83,-5465.37
11,518.06,1202.36,1551.13,135.87,78.57,-83.83,-1009.16,-9165.49,529.35,7756.05,-6983.72,70.61,1512.91,-6913.12,-5400.2
21,542.14,1157.74,1571.58,133.96,73.5,-71.96,-1001.36,-9026.85,517.83,7777.02,-7165.19,70.75,1673.6,-7094.44,-5420.83
31,524.04,1181.16,1551.8,131.34,80.23,-82.2,-1008.49,-9215.49,504.9,7808.62,-6982.74,70.57,1475.91,-6912.16,-5436.25
41,516.43,1195.98,1552.64,133.36,72.1,-77.27,-1042.44,-8988.12,504.7,7807.15,-7191.77,69.58,1674.53,-7122.18,-5447.66
51,564.17,1154.15,1587.85,134.64,79.57,-81.45,-1025.24,-8984.45,510.11,7798.44,-7184.98,69.45,1737.79,-7115.52,-5377.73
61,535.43,1267.28,1552.13,146.62,68.67,-84.38,-1016.06,-9133.69,513.73,7776.04,-7021.23,69.81,1625.77,-6951.42,-5325.65
71,520.82,1217.31,1589.18,140.83,75.5,-77.38,-1019.75,-9226.44,494.09,7792.22,-6950.58,70.89,1506.38,-6879.69,-5373.31
81,511.59,1182.6,1570.54,134.92,88.56,-80.0,-981.16,-9175.25,515.02,7767.45,-7003.03,70.86,1534.27,-6932.17,-5397.9
91,512.83,1270.91,1552.01,138.06,78.56,-81.55,-1028.1,-9246.19,513.43,7749.86,-6902.08,70.19,1459.83,-6831.89,-5372.06
101,503.36,1189.26,1555.77,140.77,84.56,-75.29,-1001.46,-9204.98,506.08,7753.28,-6965.15,69.8,1451.33,-6895.35,-5444.02
111,544.79,1182.39,1550.71,137.87,67.11,-81.19,-964.0,-9144.92,494.4,7759.91,-7023.38,71.37,1547.08,-6952.01,-5404.93
121,503.8,1200.33,1581.95,133.66,81.05,-85.1,-994.97,-9207.74,504.65,7761.22,-6955.41,71.53,1478.84,-6883.88,-5405.04
131,494.85,1200.21,1564.08,138.36,79.87,-87.75,-997.52,-9120.89,536.89,7753.8,-7025.1,70.21,1561.91,-6954.89,-5392.98
141,499.65,1176.02,1572.34,144.86,70.3,-74.05,-1017.36,-9166.07,523.36,7811.43,-7018.78,69.36,1540.48,-6949.42,-5408.94
151,513.33,1228.77,1559.49,140.11,77.16,-83.53,-992.86,-9179.33,510.69,7762.57,-6974.66,71.75,1536.4,-6902.91,-5366.51
161,514.58,1195.39,1557.5,145.28,82.22,-72.47,-999.01,-8954.96,516.57,7749.9,-7186.33,71.87,1735.0,-7114.46,-5379.46
171,521.4,1208.55,1567.45,136.98,79.03,-79.79,-977.08,-8928.97,506.16,7728.85,-7202.99,72.62,1762.58,-7130.36,-5367.78
181,538.93,1166.05,1575.45,137.83,70.28,-88.22,-991.68,-8863.23,515.17,7717.46,-7247.29,72.86,1778.03,-7174.43,-5396.4
191,480.36,1218.93,1553.35,137.33,71.22,-66.74,-986.1,-8907.37,516.02,7695.41,-7191.04,72.13,1712.4,-7118.91,-5406.52
201,500.78,1240.28,1583.06,141.02,73.73,-87.79,-1020.58,-8955.43,523.35,7754.31,-7186.94,69.57,1752.73,-7117.37,-5364.64
211,505.19,1195.83,1564.63,132.33,77.17,-74.12,-1034.21,-8852.48,502.84,7710.67,-7254.47,69.33,1727.85,-7185.15,-5457.29
221,510.72,1253.88,1561.03,137.84,67.86,-81.75,-1013.94,-8833.66,505.67,7750.42,-7276.53,69.88,1858.07,-7206.65,-5348.58
231,524.5,1212.98,1551.02,136.05,76.98,-71.15,-1001.9,-9252.58,505.39,7743.27,-6896.92,71.46,1424.55,-6825.46,-5400.91
241,485.06,1193.15,1567.94,135.83,76.81,-75.24,-986.27,-9012.72,502.24,7812.64,-7172.48,69.87,1699.45,-7102.61,-5403.16
251,510.03,1198.55,1585.59,144.26,74.34,-75.83,-1003.8,-9184.88,502.22,7769.26,-6969.32,71.17,1519.74,-6898.15,-5378.41
261,528.39,1217.37,1587.89,142.88,82.33,-71.28,-982.22,-9131.39,521.49,7734.61,-7037.18,71.39,1630.07,-6965.79,-5335.72
271,507.47,1181.18,1551.5,138.53,76.79,-84.0,-976.15,-9133.19,500.66,7807.34,-7061.09,71.45,1570.14,-6989.64,-5419.5
281,499.78,1200.88,1569.33,131.3,90.62,-77.06,-980.11,-9146.81,523.92,7764.77,-7035.5,70.46,1576.62,-6965.04,-5388.41
291,518.49,1212.27,1590.04,144.88,83.8,-83.25,-964.87,-9182.05,522.36,7793.16,-7025.0,71.67,1634.83,-6953.33,-5318.5
301,502.24,1263.85,1565.19,134.83,84.52,-94.47,-990.74,-8939.28,531.44,7703.84,-7189.01,70.74,1761.43,-7118.27,-5356.85
311,483.14,1227.95,1569.96,140.26,76.96,-86.97,-996.77,-8897.57,518.98,7747.41,-7247.96,68.85,1783.35,-7179.11,-5395.76
321,515.35,1172.21,1572.85,132.98,74.4,-80.41,-995.51,-8924.9,515.55,7784.6,-7248.18,71.85,1767.12,-7176.33,-5409.21
331,506.75,1231.62,1557.55,136.07,62.2,-79.7,-1020.07,-8836.34,500.41,7792.07,-7337.57,69.89,1850.55,-7267.68,-5417.13
341,496.3,1177.42,1559.01,135.17,71.1,-63.77,-959.91,-8890.54,513.13,7810.23,-7328.13,71.37,1848.15,-7256.76,-5408.61
351,501.84,1182.3,1584.44,136.89,73.52,-78.59,-1001.29,-8993.07,523.8,7838.31,-7219.72,70.56,1768.14,-7149.16,-5381.01
361,483.8,1195.93,1574.79,140.49,75.6,-76.42,-996.77,-8997.8,507.12,7775.46,-7152.6,69.48,1682.21,-7083.13,-5400.92
371,480.19,1193.34,1588.55,133.76,83.66,-93.87,-1005.34,-9074.51,515.18,7842.99,-7138.31,69.72,1663.95,-7068.59,-5404.64
381,533.95,1200.91,1591.91,139.49,75.42,-84.42,-991.51,-8930.12,504.16,7741.7,-7216.32,72.07,1781.49,-7144.25,-5362.77
391,485.24,1226.85,1586.54,139.62,88.51,-77.5,-991.62,-8974.76,512.25,7779.89,-7208.65,69.36,1775.03,-7139.29,-5364.26
401,468.58,1252.57,1570.95,134.25,76.0,-81.85,-1016.25,-8962.1,498.26,7720.23,-7196.57,70.29,1660.62,-7126.28,-5465.66
411,527.42,1191.91,1561.23,136.74,74.39,-89.48,-1017.89,-9088.73,512.26,7766.91,-7077.26,68.89,1574.76,-7008.37,-5433.61
421,528.72,1175.95,1562.74,133.32,72.45,-79.85,-965.55,-9374.27,520.6,7805.21,-6827.94,70.78,1379.33,-6757.16,-5377.84
431,520.15,1183.93,1584.56,135.14,67.15,-81.68,-991.84,-9050.86,520.43,7741.33,-7095.33,70.82,1628.32,-7024.51,-5396.19
441,512.82,1177.8,1574.89,132.49,79.58,-85.72,-1005.71,-9162.86,517.89,7765.19,-7002.41,70.97,1506.37,-6931.44,-5425.07
451,535.71,1173.25,1570.42,137.64,68.67,-72.99,-978.1,-9157.65,519.38,7788.67,-7054.12,71.65,1584.99,-6982.47,-5397.49
461,519.39,1223.31,1578.15,135.14,81.22,-65.93,-1011.05,-9140.83,506.76,7780.48,-7040.58,70.92,1606.64,-6969.66,-5363.02
471,510.76,1189.98,1566.11,133.47,79.76,-69.96,-1000.62,-9150.46,498.22,7759.34,-7042.73,70.52,1516.59,-6972.21,-5455.61
481,506.28,1196.45,1558.97,139.33,71.33,-69.8,-1007.29,-9196.08,523.07,7774.16,-6978.13,70.34,1496.42,-6907.79,-5411.37
491,494.71,1208.27,1593.56,133.06,76.61,-98.29,-1002.24,-9221.87,526.4,7801.34,-6977.83,70.79,1511.56,-6907.04,-5395.48
501,499.07,1173.36,1557.98,139.56,63.77,-82.41,-1010.23,-8895.42,526.06,7795.61,-7256.33,70.4,1767.35,-7185.93,-5418.58
511,530.99,1157.21,1550.91,125.49,78.85,-86.57,-1027.16,-8879.49,509.48,7804.7,-7293.87,70.81,1764.4,-7223.06,-5458.66
521,513.62,1235.29,1573.05,140.85,77.92,-76.46,-1018.32,-8896.29,514.55,7800.27,-7271.59,69.91,1864.48,-7201.67,-5337.2
531,511.11,1217.04,1546.06,137.74,74.13,-82.56,-994.32,-8823.07,508.43,7772.85,-7354.04,72.04,1867.42,-7282.0,-5414.58
541,513.87,1209.75,1578.02,136.02,81.28,-72.78,-976.04,-8943.08,516.43,7808.79,-7248.94,72.98,1852.27,-7175.96,-5323.69
551,500.48,1203.13,1578.64,140.01,77.39,-93.51,-992.11,-9013.42,524.6,7740.0,-7104.07,71.67,1665.23,-7032.4,-5367.17
561,494.58,1210.16,1570.06,136.43,80.52,-81.05,-1026.45,-9170.75,507.51,7752.34,-6948.0,70.95,1473.34,-6877.05,-5403.71
571,502.06,1201.86,1568.26,134.83,86.72,-68.86,-971.16,-9284.87,515.62,7795.0,-6936.88,72.19,1479.44,-6864.7,-5385.25
581,518.43,1199.89,1562.42,139.5,83.59,-89.35,-968.92,-9295.07,532.59,7811.85,-6909.91,71.23,1494.92,-6838.67,-5343.75
591,549.91,1238.23,1589.42,137.78,80.0,-90.21,-1033.79,-9163.44,498.05,7765.83,-6978.38,70.73,1571.78,-6907.66,-5335.87
601,531.31,1190.53,1573.85,137.94,76.86,-74.95,-1000.78,-9125.38,507.05,7746.1,-7023.94,70.26,1562.53,-6953.68,-5391.15
611,535.62,1211.07,1576.95,143.66,93.08,-72.14,-1008.03,-9194.15,503.84,7802.52,-6990.85,71.47,1592.4,-6919.39,-5326.98
621,490.45,1210.28,1550.26,145.89,72.51,-81.55,-978.79,-9243.28,510.58,7798.56,-6949.36,70.85,1474.91,-6878.51,-5403.6
631,518.13,1195.22,1550.89,132.53,67.78,-79.13,-998.19,-9222.46,519.27,7779.89,-6976.58,71.83,1463.92,-6904.75,-5440.83
641,506.18,1204.54,1540.49,129.43,62.5,-72.23,-979.87,-9068.95,519.15,7747.47,-7127.03,71.81,1588.71,-7055.22,-5466.51
651,531.65,1199.68,1555.81,140.35,71.44,-74.76,-999.68,-9232.95,516.73,7826.54,-6989.08,73.07,1534.82,-6916.01,-5381.19
661,518.52,1186.91,1560.57,127.37,76.12,-77.37,-993.51,-9222.85,488.35,7801.51,-6996.49,72.64,1465.61,-6923.85,-5458.24
671,524.68,1210.68,1577.61,133.57,82.62,-79.77,-953.42,-9172.24,518.73,7756.79,-7028.08,73.03,1599.24,-6955.04,-5355.8
681,519.73,1167.74,1576.51,133.16,88.73,-76.59,-992.47,-8990.37,502.07,7777.72,-7190.61,73.49,1706.22,-7117.12,-5410.89
691,518.34,1177.37,1531.94,135.08,70.82,-65.9,-1003.35,-8964.82,514.34,7784.6,-7220.36,72.65,1698.42,-7147.71,-5449.29
701,527.34,1179.38,1564.04,130.3,75.53,-73.31,-982.16,-9214.62,509.83,7763.56,-6963.51,73.71,1479.9,-6889.79,-5409.89
711,517.83,1152.26,1560.9,125.06,78.17,-66.1,-996.41,-9126.98,505.92,7758.52,-7022.93,71.79,1509.17,-6951.15,-5441.98
721,540.48,1214.22,1556.3,133.79,72.53,-78.37,-1017.01,-9191.93,493.79,7768.22,-6974.28,72.9,1492.01,-6901.37,-5409.36
731,500.34,1171.75,1569.64,137.68,71.66,-78.69,-977.06,-9305.23,511.37,7855.34,-6956.5,73.98,1456.8,-6882.52,-5425.72
741,500.12,1201.2,1564.76,136.55,84.4,-74.19,-989.44,-9259.42,516.62,7818.64,-6968.26,73.47,1499.24,-6894.79,-5395.55
751,498.13,1194.76,1547.25,134.73,67.14,-74.04,-977.29,-9093.77,506.07,7794.2,-7103.25,73.64,1597.19,-7029.61,-5432.41
761,532.07,1176.99,1561.42,133.4,77.79,-69.66,-990.09,-9077.83,500.45,7751.57,-7091.1,72.43,1596.12,-7018.67,-5422.55
771,491.38,1187.45,1569.53,131.14,62.92,-84.14,-972.24,-9122.59,506.7,7827.18,-7116.08,73.65,1597.33,-7042.43,-5445.09
781,531.39,1231.65,1579.24,133.22,84.42,-76.07,-978.1,-9259.9,502.79,7802.61,-6960.45,73.16,1551.25,-6887.29,-5336.04
791,480.49,1204.78,1561.86,139.6,75.15,-70.17,-992.14,-9039.55,519.54,7809.07,-7175.05,74.83,1688.63,-7100.22,-5411.59
801,551.05,1173.34,1563.75,142.53,80.58,-74.16,-988.34,-9027.75,513.82,7758.69,-7157.15,72.93,1693.52,-7084.22,-5390.7
811,525.14,1230.02,1548.16,137.3,68.65,-60.09,-970.38,-8955.47,499.14,7743.46,-7207.37,73.33,1765.92,-7134.04,-5368.12
821,517.62,1167.17,1562.41,136.92,72.96,-67.1,-990.26,-9253.27,500.72,7810.79,-6948.32,72.86,1457.95,-6875.46,-5417.51
831,509.37,1164.74,1568.96,135.61,87.01,-77.72,-978.82,-9111.54,509.28,7827.67,-7135.97,73.24,1634.56,-7062.73,-5428.17
841,526.85,1200.61,1549.42,135.82,77.48,-65.98,-993.69,-9103.63,515.06,7757.55,-7072.38,71.69,1599.49,-7000.69,-5401.2
851,537.31,1195.85,1533.55,132.92,71.89,-54.51,-971.37,-9171.2,505.59,7779.92,-7013.31,72.77,1559.95,-6940.54,-5380.59
861,518.89,1158.03,1568.8,141.65,76.3,-64.23,-979.93,-9192.29,523.03,7879.13,-7080.23,74.15,1629.38,-7006.08,-5376.7
871,500.48,1182.88,1542.75,129.75,75.98,-68.48,-981.1,-9237.17,523.67,7811.59,-6974.58,74.01,1480.35,-6900.57,-5420.21
881,502.62,1220.69,1567.96,136.85,70.17,-61.65,-995.61,-9329.48,504.88,7863.57,-6919.77,72.81,1480.02,-6846.97,-5366.95
891,519.35,1175.23,1567.33,132.04,77.29,-71.16,-968.75,-9273.48,519.77,7836.85,-6971.78,74.03,1514.46,-6897.75,-5383.29
901,514.29,1201.02,1571.9,136.72,72.05,-62.1,-998.7,-9190.17,505.94,7830.86,-7044.7,73.81,1581.81,-6970.89,-5389.08
911,496.72,1194.91,1554.94,133.97,70.6,-69.22,-970.84,-9229.43,515.78,7815.97,-6995.02,74.29,1513.41,-6920.73,-5407.32
921,514.72,1203.86,1553.52,138.53,85.66,-64.9,-988.73,-9216.8,509.45,7816.59,-6990.4,72.18,1551.89,-6918.22,-5366.33
931,516.51,1237.19,1572.25,137.07,73.6,-77.48,-984.16,-9298.5,507.35,7846.48,-6956.62,73.3,1530.32,-6883.32,-5353.0
941,534.57,1177.26,1580.04,145.42,78.21,-74.45,-980.36,-9253.67,516.29,7781.63,-6936.55,73.63,1504.94,-6862.92,-5357.98
951,500.19,1161.14,1539.81,131.78,72.4,-66.35,-1000.79,-9310.3,521.08,7849.05,-6921.22,72.29,1398.03,-6848.93,-5450.91
961,523.53,1165.7,1561.57,128.3,70.75,-88.03,-981.41,-9226.84,518.41,7809.97,-6997.18,73.52,1481.94,-6923.66,-5441.72
971,525.67,1201.16,1546.46,140.23,67.97,-87.92,-995.09,-9265.96,532.95,7794.08,-6938.26,72.33,1459.55,-6865.93,-5406.38
981,514.4,1236.56,1572.74,133.63,83.9,-83.36,-987.83,-9185.86,502.21,7751.04,-6956.25,71.29,1537.43,-6884.96,-5347.53
991,525.24,1195.87,1565.13,135.94,78.27,-88.8,-959.19,-9211.48,525.79,7812.21,-7008.23,73.91,1578.97,-6934.33,-5355.36
1001,517.31,1186.39,1577.66,141.69,73.91,-70.91,-994.99,-9311.25,509.14,7785.46,-6899.71,72.53,1414.41,-6827.18,-5412.77
1011,505.88,1247.46,1552.07,148.36,63.7,-79.43,-982.71,-9322.76,512.02,7811.59,-6891.69,72.76,1456.17,-6818.93,-5362.75
1021,518.18,1218.84,1545.42,135.96,69.76,-69.34,-994.34,-9214.48,504.88,7809.92,-6996.92,71.99,1524.8,-6924.93,-5400.14
1031,533.63,1175.74,1547.36,134.1,70.28,-71.38,-980.63,-9273.73,520.52,7838.6,-6914.4,70.72,1494.48,-6843.68,-5349.19
1041,478.31,1157.93,1561.5,134.84,78.38,-73.56,-1005.6,-9288.58,519.38,7821.23,-6913.05,72.1,1383.82,-6840.96,-5457.14
1051,480.19,1209.02,1551.63,133.41,75.29,-77.7,-996.73,-9256.15,522.85,7806.04,-6937.3,72.5,1447.85,-6864.8,-5416.96
1061,520.14,1214.83,1576.67,133.49,79.57,-79.0,-999.28,-9073.81,519.17,7764.89,-7124.22,73.21,1656.66,-7051.01,-5394.35
1071,499.39,1215.64,1573.26,142.2,77.4,-67.43,-1010.34,-9264.4,506.29,7823.69,-6947.78,72.21,1495.69,-6875.56,-5379.87
1081,496.66,1226.9,1558.78,139.62,71.73,-74.22,-1012.28,-9275.9,501.23,7798.43,-6940.45,73.28,1430.95,-6867.17,-5436.22
1091,498.7,1211.0,1552.56,134.62,75.61,-79.67,-964.6,-9239.89,518.04,7843.31,-7012.7,73.36,1549.68,-6939.34,-5389.66
1101,521.19,1204.26,1546.59,126.2,75.79,-82.05,-1000.33,-9410.76,520.72,7817.53,-6783.29,71.34,1319.15,-6711.95,-5392.79
1111,515.1,1231.88,1568.77,145.07,78.87,-91.11,-984.61,-9143.55,525.83,7849.33,-7115.79,72.94,1695.58,-7042.84,-5347.27
1121,543.19,1216.83,1552.45,143.84,79.83,-70.15,-958.94,-9273.71,517.57,7813.87,-6983.24,75.09,1564.79,-6908.15,-5343.36
1131,511.68,1201.62,1561.42,145.28,69.39,-79.17,-959.59,-9341.4,513.71,7818.74,-6898.47,74.08,1441.67,-6824.4,-5382.72
1141,516.07,1143.78,1552.33,140.61,81.06,-88.31,-982.09,-9467.88,509.89,7882.31,-6799.72,71.87,1287.78,-6727.85,-5440.07
1151,526.05,1220.83,1566.52,140.79,84.55,-84.51,-1013.08,-9408.03,507.19,7863.81,-6829.81,71.78,1404.13,-6758.03,-5353.9
1161,535.62,1195.47,1556.85,135.7,74.31,-93.64,-990.78,-9334.72,521.27,7834.31,-6884.51,72.6,1434.39,-6811.92,-5377.53
1171,503.66,1182.67,1542.07,137.32,69.67,-92.63,-983.66,-9314.32,513.54,7823.89,-6929.18,73.33,1382.2,-6855.85,-5473.65
1181,518.0,1230.44,1527.86,136.94,76.34,-88.06,-977.96,-9347.38,514.16,7839.17,-6899.42,74.33,1429.5,-6825.09,-5395.59
1191,511.31,1200.07,1558.36,135.73,82.35,-86.79,-966.74,-9358.2,511.82,7854.04,-6890.75,73.86,1441.94,-6816.89,-5374.95
1201,509.3,1202.12,1537.06,134.04,70.74,-64.61,-983.83,-9350.24,507.71,7838.32,-6911.7,73.12,1400.61,-6838.58,-5437.97
1211,540.31,1190.96,1588.77,133.16,82.8,-86.84,-1008.71,-9268.53,478.94,7804.56,-6937.75,72.86,1455.42,-6864.89,-5409.47
1221,498.18,1165.96,1560.64,123.76,78.12,-96.3,-977.58,-9283.46,502.02,7833.99,-6933.14,73.43,1405.35,-6859.71,-5454.36
1231,520.63,1140.14,1568.9,134.36,83.13,-78.95,-1014.77,-9236.05,512.83,7834.17,-6992.27,72.29,1464.37,-6919.98,-5455.6
1241,535.12,1195.03,1574.31,129.1,75.16,-84.61,-992.16,-9231.86,515.2,7841.55,-7017.79,72.4,1556.85,-6945.39,-5388.54
1251,504.22,1218.73,1556.74,145.41,73.19,-75.11,-972.7,-9294.73,524.9,7840.31,-6958.12,73.18,1520.96,-6884.94,-5363.98
1261,508.59,1178.6,1561.69,130.19,67.43,-78.8,-1002.42,-9127.3,505.68,7813.04,-7102.57,72.52,1556.7,-7030.06,-5473.36
1271,505.14,1195.92,1576.83,145.53,69.67,-62.02,-973.02,-9186.65,523.93,7849.48,-7046.09,74.76,1644.82,-6971.33,-5326.5
1281,490.9,1214.46,1548.76,137.51,90.18,-65.24,-983.97,-9253.3,511.8,7811.21,-6968.32,73.03,1502.32,-6895.29,-5392.97
1291,494.21,1228.94,1537.46,131.06,87.56,-92.4,-1008.77,-9088.87,515.98,7792.44,-7129.09,73.96,1597.63,-7055.14,-5457.51
1301,508.0,1194.56,1587.96,142.63,82.2,-75.61,-989.68,-9270.71,506.52,7804.79,-6942.19,72.08,1490.66,-6870.1,-5379.44
1311,487.55,1238.27,1566.99,146.72,85.75,-78.47,-1012.1,-9170.86,513.7,7738.22,-6980.36,71.95,1515.78,-6908.41,-5392.63
1321,528.92,1198.41,1559.55,139.86,80.65,-81.1,-983.39,-9273.47,511.83,7796.38,-6936.81,73.05,1477.64,-6863.76,-5386.12
1331,497.75,1194.36,1552.46,130.62,84.82,-81.0,-982.97,-9283.75,517.39,7798.81,-6932.43,72.52,1428.48,-6859.91,-5431.43
1341,514.82,1189.04,1546.38,136.2,80.18,-87.49,-973.07,-9208.71,516.38,7819.33,-7001.71,72.96,1533.07,-6928.75,-5395.68
1351,523.55,1220.87,1541.61,136.68,73.07,-89.05,-999.59,-9235.32,514.56,7823.86,-7000.08,71.83,1510.22,-6928.25,-5418.02
1361,524.58,1167.28,1571.89,132.82,67.11,-73.22,-970.89,-9320.03,498.42,7839.65,-6936.97,73.57,1437.61,-6863.4,-5425.78
1371,504.55,1178.93,1542.71,128.48,83.73,-64.66,-982.99,-9081.22,522.92,7778.22,-7108.0,72.41,1610.67,-7035.59,-5424.92
1381,550.96,1189.96,1579.66,130.3,85.57,-88.89,-977.35,-9336.5,519.17,7731.61,-6849.54,72.14,1384.49,-6777.41,-5392.91
1391,533.81,1184.95,1574.97,136.0,84.89,-80.3,-985.2,-9265.3,514.25,7805.95,-6947.9,72.11,1504.02,-6875.79,-5371.77
1401,515.72,1258.53,1568.43,144.27,84.59,-89.05,-1006.49,-9287.35,499.87,7773.68,-6908.62,71.79,1462.2,-6836.83,-5374.63
1411,513.73,1185.1,1542.87,130.31,73.88,-69.85,-982.51,-9234.61,506.96,7766.65,-6934.21,72.31,1432.52,-6861.9,-5429.38
1421,511.55,1244.73,1600.74,143.27,83.11,-76.61,-985.38,-9323.43,531.17,7743.51,-6852.36,70.94,1472.67,-6781.42,-5308.75
1431,491.35,1191.7,1571.17,130.74,81.33,-78.31,-972.61,-9397.43,501.93,7802.33,-6804.26,70.8,1322.21,-6733.47,-5411.26
1441,492.38,1221.63,1561.31,136.81,83.1,-92.98,-1000.38,-9309.15,526.99,7776.53,-6856.01,71.46,1396.23,-6784.55,-5388.32
1451,531.3,1176.82,1540.04,141.49,80.8,-80.07,-990.58,-9356.37,512.59,7778.64,-6820.07,73.08,1334.67,-6746.99,-5412.32
1461,496.3,1181.34,1584.12,137.24,82.57,-91.45,-968.68,-9428.38,537.81,7803.67,-6796.13,71.81,1334.54,-6724.31,-5389.77
1471,510.53,1224.95,1569.09,130.17,77.23,-85.05,-981.55,-9291.77,530.83,7753.54,-6903.08,74.39,1437.97,-6828.7,-5390.73
1481,499.94,1161.48,1584.91,128.94,82.48,-70.01,-996.33,-9326.01,505.38,7825.68,-6893.15,71.57,1396.46,-6821.58,-5425.12
1491,508.3,1210.94,1561.84,134.92,71.23,-71.34,-981.08,-9390.52,505.52,7775.71,-6829.35,72.11,1325.53,-6757.24,-5431.71
1501,523.97,1229.4,1565.67,138.22,78.48,-69.64,-985.87,-9286.0,515.95,7722.73,-6870.74,72.29,1432.92,-6798.44,-5365.53
1511,500.3,1228.95,1554.53,133.54,71.85,-70.41,-980.79,-9333.22,501.2,7780.8,-6871.66,73.09,1386.75,-6798.57,-5411.83
1521,516.41,1211.37,1553.8,135.53,78.99,-77.66,-979.32,-9339.19,519.3,7787.26,-6876.93,74.77,1406.48,-6802.16,-5395.68
1531,519.28,1202.32,1544.85,139.43,82.85,-66.41,-995.5,-9245.95,518.89,7798.79,-6961.22,72.7,1498.56,-6888.52,-5389.96
1541,546.71,1212.53,1534.5,139.12,77.12,-73.99,-982.4,-9230.14,521.01,7761.81,-6963.02,72.57,1506.27,-6890.46,-5384.19
1551,475.88,1216.54,1540.18,129.9,71.91,-47.01,-1000.09,-9161.64,517.55,7833.25,-7046.46,72.46,1576.47,-6974.0,-5397.53
1561,528.72,1193.06,1542.87,129.84,70.08,-64.27,-1004.69,-9058.04,499.75,7766.38,-7088.08,72.03,1603.7,-7016.05,-5412.35
1571,503.0,1154.29,1536.23,135.22,75.65,-57.45,-985.72,-9117.26,511.14,7803.48,-7068.01,73.21,1558.58,-6994.8,-5436.22
1581,499.01,1224.21,1556.34,138.68,86.41,-74.43,-995.96,-9108.38,516.03,7746.21,-7053.68,73.11,1588.13,-6980.56,-5392.44
1591,530.93,1195.36,1527.22,141.84,68.73,-54.02,-954.76,-9218.38,519.59,7765.97,-6984.12,71.87,1522.49,-6912.25,-5389.76
1601,498.12,1190.62,1546.17,137.32,73.63,-70.61,-971.56,-9328.92,528.97,7812.6,-6889.18,73.66,1416.34,-6815.52,-5399.17
1611,524.11,1179.94,1576.0,133.84,75.38,-52.99,-1001.28,-9208.9,507.84,7735.82,-6958.43,72.11,1469.76,-6886.32,-5416.56
1621,515.73,1207.68,1557.2,135.51,74.36,-67.03,-1000.15,-9226.17,528.99,7802.8,-6970.83,71.04,1528.92,-6899.78,-5370.86
1631,526.65,1254.88,1525.95,136.53,77.58,-69.13,-978.24,-9101.59,505.52,7723.52,-7047.31,73.1,1601.67,-6974.22,-5372.54
1641,537.09,1239.69,1549.76,131.01,86.82,-62.35,-994.37,-9127.63,498.61,7721.01,-7015.61,72.3,1579.65,-6943.31,-5363.66
1651,530.97,1191.17,1540.92,137.79,78.97,-59.08,-976.32,-9150.61,507.83,7729.33,-7019.55,73.17,1530.97,-6946.38,-5415.41
1661,507.23,1243.33,1527.01,144.35,79.59,-74.99,-986.99,-9111.26,504.27,7795.9,-7085.28,73.4,1628.43,-7011.88,-5383.45
1671,499.88,1221.32,1532.56,134.46,78.53,-62.51,-982.56,-9069.21,513.38,7813.1,-7124.46,73.79,1678.93,-7050.67,-5371.74
1681,511.07,1223.57,1538.88,143.29,78.1,-73.78,-953.36,-9023.49,519.42,7753.13,-7144.61,75.36,1716.81,-7069.25,-5352.45
1691,510.2,1235.16,1543.1,134.1,70.96,-60.88,-979.26,-9030.87,506.71,7686.56,-7090.14,73.47,1615.78,-7016.67,-5400.89
1701,512.46,1173.34,1527.71,132.88,75.15,-73.76,-1015.17,-9020.85,530.49,7780.8,-7148.94,73.47,1623.07,-7075.46,-5452.4
1711,511.12,1142.29,1551.86,131.92,69.25,-53.02,-986.12,-9007.06,527.63,7863.7,-7203.01,75.05,1751.57,-7127.95,-5376.39
1721,473.95,1187.43,1531.81,130.47,74.95,-46.1,-983.74,-9092.24,509.0,7801.51,-7108.65,74.54,1587.04,-7034.11,-5447.07
1731,542.18,1182.59,1518.21,141.96,75.62,-57.61,-986.83,-9100.88,500.69,7753.21,-7077.38,73.83,1569.14,-7003.55,-5434.42
1741,499.3,1143.12,1526.05,123.75,70.11,-57.81,-1007.28,-8984.58,512.12,7804.68,-7210.36,73.49,1629.46,-7136.86,-5507.4
1751,501.75,1212.54,1522.22,139.86,77.47,-55.24,-983.82,-9011.47,535.09,7749.96,-7177.57,73.86,1688.36,-7103.72,-5415.35
1761,523.41,1190.71,1551.99,127.68,79.27,-71.15,-1002.27,-9064.77,502.42,7808.59,-7139.3,73.62,1645.88,-7065.68,-5419.8
1771,484.14,1264.66,1539.9,144.31,73.75,-75.8,-999.36,-9028.77,516.57,7678.9,-7096.67,74.15,1598.29,-7022.52,-5424.24
1781,485.33,1216.54,1530.57,135.83,78.59,-54.6,-987.07,-9118.89,489.52,7789.26,-7076.66,75.79,1565.08,-7000.86,-5435.78
1791,485.65,1192.34,1545.58,130.79,71.13,-67.0,-980.91,-9142.48,509.34,7755.15,-7055.68,74.0,1499.59,-6981.68,-5482.1
1801,518.53,1184.95,1528.5,139.08,77.27,-73.08,-963.79,-9071.25,499.39,7790.21,-7137.84,75.86,1629.8,-7061.98,-5432.18
1811,540.06,1213.89,1549.17,147.66,79.4,-59.53,-977.17,-9020.41,536.51,7717.39,-7136.07,74.55,1726.98,-7061.52,-5334.54
1821,493.38,1179.19,1521.81,143.55,84.17,-46.05,-985.07,-9030.57,507.89,7776.32,-7151.75,74.38,1644.62,-7077.37,-5432.75
1831,488.78,1217.25,1539.88,134.72,73.96,-54.0,-965.91,-9094.86,521.55,7782.54,-7114.14,74.96,1643.92,-7039.18,-5395.27
1841,546.8,1197.02,1531.8,130.75,86.24,-53.48,-960.98,-9067.47,495.59,7732.12,-7106.93,73.66,1638.39,-7033.27,-5394.88
1851,536.0,1179.48,1568.84,131.46,76.25,-75.23,-966.44,-9030.71,512.97,7716.68,-7131.83,76.02,1649.3,-7055.81,-5406.51
1861,516.61,1186.94,1537.44,127.9,83.96,-70.21,-987.53,-9183.39,501.63,7782.04,-7008.65,74.16,1495.39,-6934.5,-5439.1
1871,524.52,1250.4,1544.59,137.28,80.97,-66.55,-1000.21,-9149.69,517.44,7795.94,-7055.66,73.54,1634.7,-6982.12,-5347.42
1881,498.15,1208.06,1519.11,138.45,74.15,-68.24,-963.69,-9077.94,510.07,7768.13,-7117.63,74.79,1606.26,-7042.83,-5436.58
1891,509.12,1195.34,1539.27,143.97,82.82,-69.7,-990.75,-9178.68,522.4,7815.0,-7046.01,73.67,1568.79,-6972.34,-5403.55
1901,486.4,1215.67,1510.7,142.62,74.23,-66.76,-982.47,-9103.78,508.37,7826.62,-7120.4,74.72,1611.6,-7045.68,-5434.09
1911,475.76,1159.08,1535.22,131.61,82.58,-62.29,-1012.59,-9124.94,542.28,7822.23,-7036.14,73.67,1548.94,-6962.47,-5413.53
1921,481.57,1176.42,1551.8,132.73,86.43,-63.94,-975.42,-9083.43,521.52,7803.06,-7098.77,74.36,1630.73,-7024.41,-5393.68
1931,517.06,1177.72,1556.29,134.8,87.24,-62.08,-968.05,-9257.47,522.66,7787.33,-6943.08,74.98,1495.51,-6868.1,-5372.59
1941,495.42,1199.56,1549.41,139.6,68.0,-66.43,-989.5,-9131.62,518.94,7783.71,-7042.32,74.24,1567.11,-6968.08,-5400.97
1951,509.43,1221.46,1567.04,138.94,68.24,-64.63,-983.23,-9172.51,517.67,7811.57,-7031.95,73.52,1613.99,-6958.42,-5344.43
1961,547.54,1194.82,1567.32,137.99,73.58,-63.17,-978.4,-9067.68,512.92,7808.35,-7133.15,73.08,1733.27,-7060.06,-5326.79
1971,509.05,1196.66,1550.11,140.28,80.72,-60.08,-961.47,-9237.88,525.76,7857.78,-7036.16,76.92,1600.92,-6959.24,-5358.32
1981,506.31,1247.77,1532.78,141.14,79.3,-72.48,-963.9,-9152.29,521.24,7783.73,-7051.91,75.67,1623.6,-6976.24,-5352.65
1991,493.57,1207.71,1552.68,137.38,90.39,-62.73,-966.93,-9149.38,505.64,7806.49,-7070.75,74.92,1614.8,-6995.83,-5381.03
2001,525.8,1167.75,1537.08,136.02,72.76,-68.13,-968.36,-9041.95,498.33,7782.59,-7148.78,75.9,1641.9,-7072.88,-5430.98
2011,512.9,1210.11,1531.52,131.05,78.87,-82.97,-978.55,-9059.78,499.14,7781.84,-7116.13,75.65,1624.14,-7040.47,-5416.33
2021,493.02,1214.01,1547.48,134.13,75.53,-70.2,-984.2,-9098.6,542.86,7843.01,-7139.77,75.94,1697.04,-7063.83,-5366.79
2031,540.88,1166.26,1537.2,146.11,65.99,-74.41,-955.87,-9001.89,513.14,7770.75,-7170.9,75.01,1708.16,-7095.89,-5387.73
2041,520.86,1169.88,1524.51,135.1,68.94,-69.8,-974.71,-9045.79,508.81,7818.9,-7173.02,75.47,1656.69,-7097.55,-5440.86
2051,492.11,1210.21,1540.35,137.65,70.46,-65.0,-957.63,-9019.16,507.71,7808.84,-7198.76,76.29,1725.53,-7122.47,-5396.94
2061,500.53,1243.12,1541.34,146.31,74.8,-66.66,-943.5,-8998.31,520.49,7785.66,-7176.33,74.87,1803.78,-7101.47,-5297.69
2071,520.68,1188.1,1530.79,135.73,72.71,-72.8,-972.63,-9016.55,522.13,7842.3,-7192.72,75.18,1750.46,-7117.53,-5367.08
2081,494.09,1181.9,1518.98,137.48,82.57,-65.39,-988.73,-9038.37,523.41,7816.78,-7164.44,75.51,1662.72,-7088.93,-5426.21
2091,474.38,1196.57,1555.09,130.41,85.59,-77.13,-977.43,-9130.03,518.11,7853.72,-7125.04,75.2,1629.29,-7049.84,-5420.55
2101,521.91,1197.0,1534.22,139.9,78.75,-66.52,-958.64,-8889.44,507.32,7828.57,-7350.54,76.95,1893.06,-7273.59,-5380.53
2111,501.67,1193.94,1542.26,142.62,85.95,-63.93,-969.81,-8865.35,510.24,7783.59,-7338.15,76.09,1861.18,-7262.06,-5400.88
2121,529.4,1254.25,1566.01,137.39,74.69,-75.88,-985.73,-8925.22,512.12,7793.32,-7276.5,75.56,1880.36,-7200.94,-5320.58
2131,474.73,1227.29,1523.19,139.23,69.69,-80.28,-979.29,-8957.48,543.5,7800.95,-7237.43,76.12,1761.53,-7161.31,-5399.78
2141,539.38,1200.9,1553.78,136.0,76.31,-69.44,-965.5,-8845.22,504.66,7744.44,-7291.18,77.37,1875.29,-7213.82,-5338.52
2151,526.72,1205.17,1549.01,128.21,70.87,-67.06,-975.1,-8854.57,501.27,7758.49,-7275.0,76.43,1843.02,-7198.57,-5355.55
2161,472.05,1200.8,1565.99,143.88,82.29,-68.3,-957.68,-8930.75,515.69,7796.56,-7277.06,76.49,1820.52,-7200.57,-5380.04
2171,492.45,1256.56,1541.35,138.9,66.0,-69.88,-969.77,-8770.14,516.13,7706.36,-7344.26,77.78,1907.95,-7266.49,-5358.53
2181,496.47,1191.52,1559.52,133.88,80.25,-77.51,-953.83,-9039.54,528.63,7759.64,-7150.71,77.88,1679.03,-7072.83,-5393.79
2191,522.44,1225.22,1548.08,139.22,82.79,-72.2,-966.66,-8888.46,503.88,7749.07,-7280.54,77.01,1843.38,-7203.52,-5360.14
2201,502.6,1190.7,1549.5,139.23,84.85,-62.29,-942.81,-9150.76,537.97,7790.72,-7054.27,75.7,1639.72,-6978.57,-5338.85
2211,503.6,1205.32,1563.64,143.56,81.19,-69.22,-968.04,-8997.83,525.11,7735.42,-7178.95,77.02,1722.75,-7101.92,-5379.17
2221,518.26,1199.59,1569.86,138.18,68.43,-60.41,-955.76,-8958.25,528.69,7781.32,-7209.36,77.63,1829.91,-7131.73,-5301.82
2231,526.24,1194.23,1542.89,142.75,76.02,-55.21,-980.04,-8979.88,505.74,7779.05,-7182.57,77.94,1751.78,-7104.63,-5352.86
2241,488.41,1155.02,1553.9,135.57,69.84,-61.75,-970.08,-9040.08,509.83,7830.65,-7168.19,76.62,1671.31,-7091.57,-5420.26
2251,519.98,1243.79,1561.56,141.82,73.24,-68.37,-957.18,-9038.5,503.31,7760.84,-7134.19,77.38,1740.48,-7056.82,-5316.33
2261,492.57,1189.08,1564.05,136.68,78.45,-69.21,-969.42,-9021.01,524.66,7775.66,-7147.99,76.98,1701.5,-7071.0,-5369.5
2271,531.19,1219.02,1515.22,134.08,92.77,-54.69,-963.04,-8978.54,496.67,7778.4,-7196.52,77.49,1771.08,-7119.03,-5347.95
2281,478.87,1215.83,1534.38,147.36,80.36,-60.91,-965.9,-8954.74,538.23,7816.4,-7234.18,77.39,1829.89,-7156.79,-5326.9
2291,526.45,1193.84,1534.47,131.43,75.37,-54.82,-958.74,-8965.97,513.99,7727.15,-7187.36,77.79,1723.16,-7109.57,-5386.41
2301,555.86,1176.63,1528.54,137.5,81.32,-60.63,-977.04,-9016.07,497.16,7799.59,-7169.8,77.22,1722.86,-7092.59,-5369.72
2311,544.21,1187.13,1557.95,130.92,68.69,-79.64,-949.46,-9054.54,519.3,7783.33,-7128.14,78.54,1707.91,-7049.6,-5341.69
2321,517.62,1215.4,1559.72,141.67,87.94,-67.07,-965.97,-8972.15,500.09,7762.83,-7193.12,78.27,1780.09,-7114.85,-5334.77
2331,552.08,1191.79,1525.8,136.63,67.54,-59.99,-978.08,-8986.57,501.39,7750.39,-7165.17,77.78,1700.97,-7087.39,-5386.42
2341,480.06,1217.24,1539.69,133.94,82.63,-64.57,-984.26,-8974.38,500.1,7765.65,-7154.35,77.75,1696.11,-7076.6,-5380.49
2351,492.59,1184.41,1549.95,136.85,75.2,-73.11,-970.59,-9125.68,515.9,7849.28,-7096.53,76.61,1634.82,-7019.92,-5385.1
2361,510.9,1142.14,1553.86,143.47,79.41,-71.15,-935.14,-9077.38,530.63,7802.04,-7135.3,79.22,1678.79,-7056.08,-5377.29
2371,534.23,1176.89,1551.18,144.18,69.7,-48.37,-965.97,-9095.01,506.06,7831.91,-7123.01,76.53,1704.79,-7046.48,-5341.69
2381,531.46,1214.83,1522.37,139.55,81.47,-60.45,-980.91,-9053.31,504.14,7784.29,-7126.53,75.9,1683.44,-7050.62,-5367.18
2391,501.09,1177.73,1549.73,135.65,72.11,-50.07,-998.91,-9036.19,501.43,7848.72,-7172.13,77.09,1701.29,-7095.04,-5393.75
2401,511.27,1219.79,1538.19,136.77,83.13,-71.77,-956.88,-9026.1,510.86,7841.76,-7209.28,77.33,1787.01,-7131.95,-5344.94
2411,508.89,1166.32,1520.97,127.88,72.88,-60.21,-971.88,-9167.67,511.42,7840.93,-7067.45,76.32,1549.55,-6991.13,-5441.58
2421,548.65,1218.03,1526.12,142.94,79.5,-56.23,-969.96,-9172.14,505.66,7810.37,-7038.92,77.63,1632.94,-6961.29,-5328.35
2431,508.55,1174.92,1544.62,135.1,80.36,-50.91,-958.59,-9132.94,527.92,7794.95,-7059.29,77.09,1624.0,-6982.2,-5358.2
2441,553.58,1165.73,1544.73,141.4,75.49,-62.26,-982.91,-8988.34,518.27,7825.38,-7210.95,77.08,1791.08,-7133.87,-5342.79
2451,504.38,1164.57,1555.04,130.4,81.41,-65.25,-961.59,-9042.36,515.95,7809.64,-7147.36,78.08,1692.19,-7069.27,-5377.09
2461,509.67,1196.79,1552.25,129.41,68.16,-58.35,-948.1,-8958.37,526.14,7749.44,-7189.03,76.11,1767.03,-7112.93,-5345.9
2471,483.97,1195.71,1534.95,145.88,79.75,-51.76,-949.53,-9057.77,518.34,7804.86,-7143.76,77.07,1704.39,-7066.69,-5362.3
2481,483.84,1204.58,1535.3,137.58,73.17,-66.08,-971.4,-8992.79,513.35,7813.6,-7215.33,76.62,1731.15,-7138.72,-5407.57
2491,548.5,1154.12,1552.89,138.96,69.76,-53.77,-952.45,-9041.8,504.08,7731.42,-7109.42,76.84,1651.71,-7032.57,-5380.86
2501,525.77,1173.74,1540.5,137.84,74.93,-67.95,-943.37,-9144.26,516.99,7766.11,-7028.76,78.76,1580.32,-6950.0,-5369.68
2511,506.09,1177.19,1581.02,129.12,79.0,-60.41,-966.93,-9067.08,514.62,7797.74,-7118.51,77.51,1690.37,-7041.0,-5350.63
2521,490.15,1175.91,1551.81,135.84,81.23,-72.35,-955.7,-8996.45,528.1,7834.15,-7226.69,76.25,1772.69,-7150.44,-5377.75
2531,504.24,1157.19,1552.43,131.09,79.64,-56.56,-969.67,-8882.56,500.01,7780.57,-7318.02,77.4,1796.38,-7240.62,-5444.24
2541,493.3,1182.64,1543.39,137.61,78.75,-66.3,-984.96,-8907.4,508.39,7827.82,-7292.31,76.42,1813.24,-7215.89,-5402.65
2551,490.85,1188.69,1549.01,130.15,79.8,-66.39,-966.33,-8892.23,516.8,7785.85,-7280.12,77.92,1816.19,-7202.2,-5386.01
2561,498.18,1224.51,1541.23,136.35,85.06,-52.74,-958.25,-8614.8,497.6,7780.57,-7572.86,77.74,2137.71,-7495.12,-5357.41
2571,492.45,1175.48,1559.3,134.23,77.4,-73.65,-964.69,-8823.83,525.76,7831.75,-7409.47,77.56,1934.21,-7331.91,-5397.7
2581,505.51,1214.83,1550.4,149.28,70.43,-74.67,-975.55,-9064.44,534.2,7810.33,-7141.34,77.43,1720.33,-7063.91,-5343.58
2591,504.98,1187.48,1584.7,132.98,79.37,-69.44,-941.58,-9167.26,529.36,7826.71,-7080.39,77.41,1667.31,-7002.98,-5335.67
2601,485.42,1173.89,1547.39,134.6,71.23,-80.17,-945.78,-8798.99,523.34,7853.32,-7444.02,78.67,1964.25,-7365.35,-5401.1
2611,493.62,1154.54,1564.98,143.84,74.87,-75.38,-954.5,-9219.46,525.23,7842.25,-7021.8,76.63,1549.98,-6945.17,-5395.19
2621,511.14,1234.67,1549.02,145.12,72.34,-75.15,-945.17,-9171.76,508.22,7824.28,-7072.29,78.28,1652.71,-6994.01,-5341.3
2631,469.65,1187.24,1530.96,137.0,86.13,-70.3,-947.17,-9151.48,534.67,7830.68,-7089.93,78.99,1607.36,-7010.94,-5403.57
2641,532.74,1161.93,1548.79,139.73,85.53,-84.99,-970.04,-9067.13,508.73,7864.25,-7161.33,77.37,1719.54,-7083.96,-5364.42
2651,526.81,1182.62,1556.54,133.88,86.96,-85.16,-979.7,-9109.81,509.62,7827.15,-7109.05,78.14,1648.89,-7030.91,-5382.02
2661,498.56,1174.11,1560.65,142.42,78.46,-69.09,-966.01,-8951.57,513.64,7872.19,-7308.1,76.92,1853.35,-7231.17,-5377.82
2671,494.96,1163.86,1530.54,135.88,78.39,-74.82,-954.68,-8922.44,526.05,7846.86,-7307.61,77.56,1824.6,-7230.05,-5405.44
2681,515.09,1172.25,1542.29,142.36,73.03,-61.04,-972.47,-8916.49,521.57,7839.01,-7321.95,77.1,1855.6,-7244.85,-5389.25
2691,520.52,1156.6,1540.66,135.02,76.49,-79.8,-940.74,-9229.42,510.06,7837.39,-7017.12,75.88,1526.78,-6941.24,-5414.46
2701,521.36,1154.61,1566.48,128.45,75.19,-63.61,-952.67,-9184.48,518.75,7804.94,-7043.73,78.26,1569.02,-6965.47,-5396.45
2711,509.21,1178.87,1554.16,145.13,78.4,-63.5,-967.3,-9117.98,523.15,7785.53,-7077.24,77.97,1625.69,-6999.27,-5373.59
2721,504.5,1164.82,1580.33,137.94,73.9,-65.38,-931.69,-9084.78,517.12,7845.47,-7155.67,79.14,1742.21,-7076.53,-5334.32
2731,508.78,1171.16,1547.44,135.2,79.73,-70.72,-953.62,-9157.8,526.46,7827.24,-7059.72,76.28,1613.89,-6983.44,-5369.55
2741,504.48,1209.99,1535.63,138.29,63.34,-54.63,-951.32,-9171.35,495.92,7804.82,-7015.62,76.86,1575.17,-6938.75,-5363.59
2751,515.61,1220.49,1545.88,132.78,80.71,-58.05,-965.42,-9286.97,491.53,7809.07,-6934.42,76.46,1485.64,-6857.96,-5372.33
2761,506.13,1159.48,1544.31,134.75,66.13,-76.05,-955.23,-9157.4,513.86,7797.42,-7027.52,75.87,1533.39,-6951.65,-5418.26
2771,505.99,1165.06,1570.85,138.82,82.47,-64.07,-963.35,-9116.66,506.8,7824.35,-7090.29,77.48,1650.25,-7012.81,-5362.55
2781,500.84,1156.49,1569.52,134.59,87.77,-57.76,-961.49,-9131.63,495.51,7792.1,-7052.74,77.49,1585.93,-6975.24,-5389.31
2791,478.6,1215.8,1575.71,132.19,77.72,-58.93,-982.31,-9147.01,532.61,7780.02,-7014.52,76.06,1604.4,-6938.46,-5334.06
2801,524.15,1154.8,1536.93,135.33,82.98,-63.05,-976.74,-9280.5,505.38,7818.65,-6931.14,76.06,1437.94,-6855.09,-5417.14
2811,523.26,1193.06,1567.26,141.81,82.48,-81.54,-963.06,-9298.38,517.29,7754.42,-6878.88,78.21,1436.6,-6800.67,-5364.06
2821,526.74,1169.04,1561.73,138.42,86.68,-81.08,-959.21,-9225.41,526.44,7746.88,-6918.08,76.83,1490.23,-6841.25,-5351.02
2831,518.9,1166.64,1545.93,138.68,85.05,-53.69,-976.19,-9278.93,516.35,7821.46,-6932.29,76.01,1484.22,-6856.28,-5372.06
2841,515.41,1171.27,1572.45,136.91,77.69,-66.99,-957.5,-9276.08,526.07,7827.77,-6944.57,77.74,1527.0,-6866.82,-5339.82
2851,528.59,1143.16,1552.3,132.72,80.8,-63.03,-975.77,-9222.35,510.05,7769.76,-6920.25,75.0,1456.25,-6845.24,-5388.99
2861,492.31,1166.38,1563.5,130.48,80.59,-66.38,-970.64,-9141.36,515.9,7790.44,-7043.35,76.33,1561.23,-6967.01,-5405.78
2871,543.64,1195.56,1565.24,137.51,87.38,-56.25,-970.36,-9258.68,503.35,7850.79,-7009.42,74.96,1598.18,-6934.46,-5336.27
2881,515.05,1193.61,1539.7,133.7,88.31,-72.51,-984.9,-9164.92,510.1,7792.79,-7018.72,76.74,1550.94,-6941.97,-5391.03
2891,489.71,1215.94,1555.53,138.16,73.72,-75.23,-957.96,-9194.04,512.67,7842.34,-7038.62,77.42,1600.84,-6961.21,-5360.37
2901,511.36,1174.04,1560.4,141.75,85.51,-75.28,-972.29,-9149.63,518.68,7836.64,-7061.56,76.21,1631.18,-6985.36,-5354.18
2911,493.38,1173.86,1555.99,130.0,78.17,-70.34,-977.87,-9188.32,515.49,7863.53,-7051.57,77.05,1573.89,-6974.52,-5400.63
2921,491.96,1173.02,1556.87,136.53,80.13,-82.31,-961.31,-9140.1,508.83,7773.24,-7025.36,76.66,1536.85,-6948.71,-5411.85
2931,510.46,1152.56,1553.74,138.22,76.3,-69.1,-983.82,-9065.02,513.76,7815.39,-7106.1,75.74,1642.49,-7030.36,-5387.87
2941,496.28,1150.51,1594.21,130.33,82.15,-64.39,-982.77,-9114.09,523.31,7746.22,-7038.35,74.19,1561.76,-6964.15,-5402.39
2951,489.07,1178.79,1586.25,143.83,75.98,-74.04,-989.27,-9181.93,506.8,7849.41,-7022.38,75.47,1584.89,-6946.91,-5362.02
2961,497.05,1159.36,1567.66,141.78,70.87,-80.59,-947.34,-9220.15,514.73,7763.26,-6965.29,74.53,1466.63,-6890.76,-5424.13
2971,506.58,1140.81,1549.14,130.2,78.23,-65.65,-991.41,-9159.28,497.44,7827.53,-7047.45,74.88,1513.59,-6972.57,-5458.98
2981,498.93,1196.31,1562.2,140.5,72.68,-58.44,-1004.56,-9063.03,517.9,7772.61,-7085.68,73.67,1635.09,-7012.01,-5376.93
2991,519.9,1182.46,1550.47,144.04,89.31,-71.86,-963.53,-9135.18,513.27,7760.37,-7039.38,76.62,1589.24,-6962.76,-5373.53
3001,497.44,1204.74,1537.34,134.09,69.71,-76.6,-982.87,-9093.27,501.74,7753.82,-7051.37,74.32,1546.13,-6977.04,-5430.91
3011,498.36,1201.98,1535.25,135.42,73.72,-66.66,-991.23,-9123.61,505.88,7799.04,-7058.97,75.73,1568.14,-6983.25,-5415.11
3021,497.17,1159.22,1585.29,129.25,72.79,-80.04,-977.42,-9122.43,499.93,7798.8,-7067.09,76.15,1562.57,-6990.94,-5428.37
3031,511.68,1177.51,1570.01,133.84,87.27,-56.59,-972.15,-9113.66,512.32,7796.0,-7077.67,77.02,1646.24,-7000.66,-5354.42
3041,508.51,1219.38,1547.92,140.94,71.39,-62.8,-976.02,-9028.29,523.01,7733.87,-7093.03,78.38,1677.91,-7014.65,-5336.73
3051,507.85,1195.77,1538.14,140.31,77.09,-49.83,-951.2,-8739.03,524.95,7714.12,-7361.86,80.16,1958.18,-7281.7,-5323.52
3061,499.6,1209.3,1563.84,134.75,67.3,-70.48,-949.75,-8843.01,504.6,7758.31,-7309.97,80.29,1874.45,-7229.68,-5355.23
3071,527.9,1207.45,1556.36,142.62,81.72,-58.36,-973.71,-8765.28,520.66,7697.6,-7322.72,78.43,1936.97,-7244.29,-5307.32
3081,498.38,1190.76,1555.2,133.11,75.52,-55.92,-988.18,-8893.97,492.19,7776.4,-7260.14,77.06,1783.5,-7183.08,-5399.58
3091,525.72,1165.22,1549.62,136.76,78.02,-59.33,-983.5,-8854.12,490.73,7769.3,-7311.12,77.43,1818.41,-7233.69,-5415.28
3101,488.83,1189.69,1549.38,140.64,75.92,-62.89,-944.65,-8855.39,530.62,7761.47,-7303.8,78.93,1873.63,-7224.87,-5351.23
3111,519.26,1186.26,1550.03,132.47,83.28,-64.23,-970.3,-8929.02,516.81,7734.49,-7246.88,78.02,1759.05,-7168.87,-5409.81
3121,504.57,1170.75,1530.88,128.64,70.1,-69.36,-950.33,-8923.48,513.02,7768.8,-7257.34,77.67,1743.58,-7179.67,-5436.09
3131,481.74,1194.76,1559.39,140.85,77.69,-59.3,-968.42,-8806.87,526.88,7755.19,-7328.06,78.51,1901.91,-7249.55,-5347.63
3141,500.41,1162.46,1557.1,136.69,80.24,-58.35,-959.68,-8849.47,511.05,7815.72,-7337.66,80.33,1896.15,-7257.32,-5361.17
3151,492.09,1113.37,1551.11,129.22,75.55,-54.42,-982.57,-9039.78,506.11,7846.77,-7171.69,77.28,1637.45,-7094.41,-5456.96
3161,507.47,1214.48,1566.31,136.54,68.65,-70.64,-975.38,-8905.4,510.28,7743.82,-7245.7,76.85,1796.14,-7168.85,-5372.71
3171,484.91,1210.27,1551.41,140.47,83.68,-62.89,-969.32,-8933.83,509.84,7759.45,-7247.19,77.55,1773.98,-7169.63,-5395.65
3181,495.0,1191.65,1518.49,135.36,75.71,-54.33,-937.28,-8745.01,510.93,7748.0,-7438.51,79.12,1938.52,-7359.39,-5420.86
3191,495.05,1202.98,1532.7,137.15,77.77,-57.97,-947.96,-8783.2,514.88,7745.94,-7395.68,77.76,1917.36,-7317.91,-5400.55
3201,489.16,1233.49,1512.0,145.85,69.21,-62.61,-959.41,-8743.28,509.2,7851.6,-7488.52,77.42,2045.2,-7411.1,-5365.9
3211,499.22,1216.65,1548.95,140.12,82.23,-75.66,-952.73,-8942.86,538.68,7802.69,-7252.39,75.84,1857.29,-7176.55,-5319.26
3221,514.19,1218.9,1539.67,137.1,80.29,-61.56,-953.69,-8673.12,512.77,7734.11,-7502.81,76.8,2048.65,-7426.01,-5377.36
3231,507.5,1187.35,1581.79,145.51,82.93,-61.23,-969.57,-8889.44,521.92,7745.47,-7261.04,77.65,1852.23,-7183.39,-5331.15
3241,486.01,1183.47,1541.87,129.68,83.25,-60.76,-953.94,-8755.07,516.31,7723.74,-7391.84,77.51,1894.57,-7314.34,-5419.77
3251,468.64,1175.82,1540.47,138.97,76.15,-77.59,-947.55,-8959.0,542.73,7728.42,-7188.45,78.58,1687.05,-7109.87,-5422.82
3261,513.59,1228.72,1537.86,138.0,84.11,-64.58,-1002.64,-8903.99,503.74,7717.32,-7200.09,73.98,1752.11,-7126.12,-5374.0
3271,509.96,1210.31,1553.01,135.91,75.95,-64.38,-974.92,-9065.47,488.45,7696.61,-7068.62,73.25,1565.45,-6995.37,-5429.92
3281,497.87,1175.38,1553.6,130.31,86.47,-65.12,-979.42,-9055.14,521.45,7767.33,-7123.34,74.42,1632.72,-7048.93,-5416.2
3291,488.43,1140.17,1565.24,128.56,66.35,-69.86,-947.43,-9106.95,541.62,7755.28,-7068.96,73.36,1561.41,-6995.6,-5434.19
3301,519.25,1158.06,1540.64,132.17,67.91,-78.01,-959.46,-9014.73,522.02,7776.21,-7172.56,76.87,1664.08,-7095.7,-5431.62
3311,499.0,1158.76,1546.68,139.22,76.86,-66.52,-953.19,-8988.07,522.34,7786.81,-7203.79,77.39,1721.89,-7126.4,-5404.51
3321,505.05,1158.44,1539.34,146.52,80.07,-67.37,-957.93,-9079.81,512.64,7743.13,-7073.3,76.25,1580.09,-6997.05,-5416.96
3331,513.88,1175.14,1529.71,134.96,78.64,-50.54,-947.24,-9154.88,520.16,7806.55,-7067.59,76.42,1606.39,-6991.17,-5384.78
3341,514.32,1158.52,1528.33,135.45,71.11,-53.44,-953.8,-9167.87,523.86,7781.73,-7034.95,76.59,1538.21,-6958.36,-5420.15
3351,531.17,1166.45,1539.24,143.64,60.49,-50.52,-979.95,-9093.94,507.39,7763.48,-7071.43,75.03,1587.46,-6996.4,-5408.94
3361,513.2,1145.26,1522.51,137.41,75.55,-55.81,-967.72,-9135.16,508.36,7770.5,-7040.38,76.95,1514.09,-6963.43,-5449.34
3371,507.7,1170.14,1560.88,136.86,79.47,-62.65,-988.56,-9129.47,506.17,7834.62,-7067.64,75.67,1615.15,-6991.97,-5376.81
3381,493.94,1172.09,1551.37,135.27,84.85,-62.85,-960.8,-9143.67,529.66,7838.49,-7087.7,76.13,1638.36,-7011.57,-5373.22
3391,502.72,1142.85,1542.91,126.95,77.4,-56.62,-984.05,-9108.64,520.85,7797.88,-7087.48,74.38,1562.26,-7013.1,-5450.84
3401,507.68,1168.13,1520.21,128.94,73.14,-58.56,-967.28,-9157.06,503.36,7820.02,-7057.92,76.3,1538.57,-6981.62,-5443.05
3411,484.86,1226.51,1563.31,131.1,70.41,-62.37,-983.9,-9222.81,521.3,7813.59,-6986.04,76.34,1542.0,-6909.7,-5367.69
3421,495.23,1144.89,1570.36,131.21,81.68,-57.02,-972.17,-9147.35,517.44,7764.51,-7037.0,76.58,1528.77,-6960.42,-5431.65
3431,487.85,1207.52,1531.0,137.22,77.17,-62.29,-962.57,-9125.53,516.32,7717.6,-7023.21,76.74,1524.3,-6946.48,-5422.18
3441,518.61,1189.01,1533.91,138.32,75.7,-52.41,-960.02,-9128.71,514.26,7806.02,-7088.32,75.93,1634.69,-7012.39,-5377.7
3451,482.66,1178.45,1541.68,135.92,83.06,-58.45,-972.37,-9121.59,514.73,7778.22,-7064.0,75.45,1562.29,-6988.55,-5426.26
3461,547.4,1197.02,1538.3,138.34,79.5,-55.72,-958.95,-9022.59,521.13,7768.95,-7151.9,76.19,1753.38,-7075.71,-5322.34
3471,504.67,1166.87,1575.35,134.94,76.87,-68.47,-961.5,-9098.49,511.52,7823.05,-7132.34,74.71,1664.82,-7057.63,-5392.82
3481,499.83,1164.04,1535.77,134.37,74.47,-57.24,-975.54,-9017.22,508.76,7704.15,-7113.02,76.21,1571.39,-7036.81,-5465.42
3491,551.81,1170.83,1528.04,129.16,73.76,-62.11,-960.83,-9103.01,490.09,7721.92,-7050.04,76.52,1539.67,-6973.52,-5433.84
3501,501.69,1201.57,1558.21,133.02,76.33,-67.24,-969.73,-9072.5,517.63,7713.1,-7081.5,76.37,1592.08,-7005.13,-5413.05
3511,552.98,1206.25,1539.22,136.06,71.36,-64.56,-970.3,-9196.07,517.39,7720.88,-6954.32,71.67,1513.22,-6882.66,-5369.43
3521,521.2,1183.61,1545.09,136.41,81.74,-67.0,-964.39,-9174.21,511.7,7798.67,-7032.57,76.35,1572.83,-6956.22,-5383.39
3531,507.63,1194.02,1537.17,140.87,69.96,-57.15,-967.85,-9075.95,519.99,7701.7,-7027.23,76.14,1570.38,-6951.09,-5380.71
3541,479.76,1152.14,1552.85,135.92,82.85,-45.72,-958.6,-9182.25,514.61,7786.41,-7015.15,77.15,1517.98,-6938.0,-5420.02
3551,522.79,1151.2,1534.5,134.01,85.2,-54.71,-974.95,-9121.0,511.66,7799.59,-7055.5,74.49,1588.28,-6981.01,-5392.73
3561,500.88,1224.6,1539.74,135.08,85.16,-50.85,-970.33,-9117.5,525.55,7747.43,-7043.45,75.71,1619.76,-6967.74,-5347.98
3571,524.8,1168.42,1508.25,135.42,71.91,-47.9,-959.44,-9220.26,506.34,7782.67,-6951.68,78.84,1470.21,-6872.84,-5402.63
3581,500.77,1219.11,1537.22,139.59,81.75,-61.52,-967.67,-9009.24,523.68,7733.82,-7138.11,75.48,1697.51,-7062.63,-5365.11
3591,489.47,1167.21,1545.01,141.28,73.7,-72.88,-944.25,-9088.08,525.76,7786.91,-7094.7,77.42,1624.13,-7017.28,-5393.15
3601,519.26,1187.09,1513.75,132.9,78.92,-73.29,-974.7,-9154.12,507.03,7766.68,-7016.64,75.23,1503.52,-6941.41,-5437.89
3611,497.54,1245.85,1545.6,146.09,75.24,-66.81,-1000.58,-9033.2,527.82,7742.6,-7072.51,75.59,1680.14,-6996.92,-5316.78
3621,524.59,1176.81,1559.49,132.09,79.12,-55.27,-976.4,-9066.1,496.49,7738.43,-7082.4,75.61,1609.25,-7006.79,-5397.54
3631,503.3,1170.51,1531.79,129.2,65.41,-63.59,-933.13,-9019.31,515.21,7740.17,-7166.97,78.12,1639.57,-7088.85,-5449.29
3641,518.18,1207.46,1540.15,149.09,81.64,-70.08,-972.05,-9013.71,519.5,7737.15,-7142.08,75.4,1697.33,-7066.68,-5369.35
3651,518.63,1197.54,1571.59,134.43,76.94,-61.66,-938.16,-8891.07,528.66,7780.77,-7288.93,79.06,1917.66,-7209.87,-5292.21
3661,532.03,1171.59,1569.02,139.94,74.71,-73.91,-949.62,-8996.51,517.62,7707.44,-7135.28,77.77,1692.3,-7057.51,-5365.21
3671,523.65,1156.7,1560.41,133.34,77.58,-67.49,-963.72,-9041.92,529.98,7790.87,-7116.82,75.62,1699.42,-7041.19,-5341.77
3681,465.83,1174.58,1519.95,131.82,78.63,-60.66,-969.35,-8999.18,508.61,7775.0,-7152.89,76.86,1625.24,-7076.03,-5450.78
3691,524.56,1267.58,1538.37,136.83,78.27,-57.85,-986.3,-9048.73,514.98,7723.95,-7055.21,76.83,1691.68,-6978.38,-5286.7
3701,510.43,1139.46,1546.17,130.1,68.66,-68.69,-962.55,-9099.38,520.82,7750.61,-7048.33,76.67,1535.64,-6971.66,-5436.02
3711,527.71,1185.51,1556.62,133.88,73.69,-72.27,-961.28,-9066.33,521.88,7704.43,-7051.6,76.84,1603.84,-6974.76,-5370.92
3721,484.58,1155.83,1531.88,130.04,69.51,-60.21,-965.97,-9049.96,517.73,7728.17,-7082.69,77.66,1541.6,-7005.03,-5463.43
3731,530.91,1222.18,1548.09,146.18,78.32,-69.18,-971.27,-9138.99,512.87,7703.8,-6978.41,78.57,1562.91,-6899.84,-5336.93
3741,545.43,1210.0,1542.92,142.24,70.09,-64.69,-973.48,-9117.09,513.19,7676.96,-6990.35,78.53,1545.56,-6911.82,-5366.26
3751,510.54,1184.81,1539.95,137.65,81.28,-54.76,-940.96,-9014.69,503.41,7707.01,-7115.65,78.67,1654.25,-7036.98,-5382.73
3761,532.89,1170.52,1550.21,137.34,83.57,-61.56,-929.6,-9074.91,513.72,7764.52,-7118.75,79.54,1686.71,-7039.2,-5352.5
3771,508.2,1215.92,1526.31,129.0,76.58,-49.7,-960.36,-9099.72,513.9,7756.46,-7059.52,77.34,1616.59,-6982.18,-5365.59
3781,533.98,1223.35,1543.32,144.36,71.57,-60.24,-996.17,-8975.79,508.19,7704.33,-7135.29,75.03,1696.9,-7060.26,-5363.36
3791,502.73,1162.97,1515.87,138.35,64.99,-59.44,-972.43,-9115.53,517.23,7776.77,-7053.0,74.15,1531.51,-6978.85,-5447.34
3801,501.63,1198.97,1535.54,136.49,85.36,-50.58,-951.51,-8898.88,519.89,7694.68,-7221.47,78.27,1771.6,-7143.21,-5371.61
3811,508.71,1133.29,1542.1,132.44,81.28,-58.58,-985.69,-8948.18,515.5,7759.1,-7206.76,75.13,1679.96,-7131.63,-5451.68
3821,493.46,1164.13,1545.81,136.81,77.68,-70.33,-958.59,-9060.68,528.51,7744.34,-7095.71,77.5,1601.14,-7018.22,-5417.07
3831,487.13,1193.91,1538.09,138.51,70.04,-65.12,-986.75,-9046.31,517.91,7767.35,-7085.18,73.33,1614.78,-7011.85,-5397.07
3841,518.17,1213.86,1513.95,143.6,79.78,-57.67,-991.59,-8990.09,506.83,7763.54,-7168.81,75.0,1700.38,-7093.81,-5393.43
3851,503.52,1135.55,1539.51,136.06,82.93,-54.45,-1001.76,-9056.8,517.08,7770.9,-7124.6,74.67,1572.54,-7049.93,-5477.39
3861,519.0,1192.45,1556.71,130.77,75.27,-67.71,-956.32,-9130.57,521.48,7788.98,-7047.7,75.48,1630.06,-6972.22,-5342.16
3871,510.75,1185.99,1557.71,141.29,71.52,-58.65,-966.61,-9190.23,519.48,7790.01,-6997.05,76.09,1561.27,-6920.95,-5359.68
3881,488.35,1187.12,1530.97,131.81,75.38,-59.66,-974.49,-9140.82,523.43,7789.32,-7049.14,78.52,1551.41,-6970.62,-5419.21
3891,502.13,1204.57,1552.22,147.95,74.11,-62.44,-980.14,-9032.94,519.75,7744.09,-7131.08,77.34,1669.29,-7053.74,-5384.45
3901,535.28,1205.99,1536.28,138.13,70.13,-63.5,-966.6,-9014.36,495.85,7718.69,-7141.17,76.68,1655.9,-7064.49,-5408.58
3911,518.09,1221.59,1544.67,135.43,75.09,-68.31,-999.66,-9056.72,515.84,7730.26,-7077.5,75.73,1616.28,-7001.76,-5385.48
3921,496.49,1181.17,1532.47,134.63,74.33,-49.35,-980.12,-9210.89,520.83,7775.21,-6970.53,75.09,1474.77,-6895.43,-5420.66
3931,508.56,1195.46,1554.27,142.8,69.25,-53.98,-985.87,-9098.68,515.66,7777.73,-7072.62,75.65,1625.2,-6996.97,-5371.77
3941,498.94,1155.64,1529.35,132.96,77.86,-47.26,-974.18,-8930.23,529.49,7738.02,-7198.64,77.55,1710.59,-7121.08,-5410.5
3951,510.72,1189.0,1529.51,134.82,81.99,-64.61,-997.97,-8860.03,517.4,7798.86,-7309.54,75.98,1839.71,-7233.56,-5393.85
3961,505.5,1143.76,1560.98,137.09,76.77,-61.21,-993.93,-8860.92,513.21,7788.07,-7305.24,75.93,1809.31,-7229.31,-5420.0
3971,470.17,1204.9,1552.22,134.5,75.0,-65.13,-948.56,-8862.59,505.72,7766.04,-7311.02,77.37,1832.25,-7233.65,-5401.4
3981,495.99,1194.89,1547.6,140.43,67.61,-54.61,-950.33,-8887.01,528.57,7799.41,-7291.77,77.93,1882.55,-7213.85,-5331.3
3991,509.78,1180.55,1535.12,133.87,74.08,-72.29,-954.89,-8774.4,520.31,7721.8,-7367.5,78.88,1873.93,-7288.62,-5414.69
4001,516.33,1215.91,1555.05,138.36,63.83,-54.29,-958.44,-9037.03,511.03,7709.11,-7092.3,75.67,1659.86,-7016.63,-5356.77

Receptor Energy Terms
Frame #,BOND,ANGLE,DIHED,UB,IMP,CMAP,VDWAALS,EEL,1-4 VDW,1-4 EEL,EGB,ESURF,GGAS,GSOLV,TOTAL
1,452.62,1176.79,1498.69,129.27,74.55,-79.97,-987.78,-9350.26,507.78,7841.63,-6840.8,69.47,1263.32,-6771.34,-5508.02
11,509.29,1183.13,1500.76,132.18,78.56,-83.83,-982.44,-9182.04,512.03,7806.0,-6992.12,71.11,1473.64,-6921.01,-5447.37
21,534.35,1139.77,1518.69,130.87,73.42,-71.96,-973.42,-9037.65,501.02,7826.41,-7177.9,71.38,1641.51,-7106.52,-5465.01
31,511.31,1160.19,1503.13,126.72,79.23,-82.2,-983.93,-9232.35,489.17,7858.75,-6989.41,70.8,1430.02,-6918.61,-5488.6
41,507.13,1178.48,1503.02,130.51,71.24,-77.27,-1017.63,-9008.87,489.18,7856.57,-7195.45,69.8,1632.36,-7125.65,-5493.29
51,556.42,1138.57,1537.98,131.26,78.58,-81.45,-996.83,-9004.67,494.55,7848.46,-7189.05,70.11,1702.86,-7118.95,-5416.09
61,525.49,1252.78,1497.92,142.9,68.33,-84.38,-992.55,-9154.46,496.34,7826.28,-7024.08,69.95,1578.66,-6954.13,-5375.47
71,513.38,1200.69,1536.78,136.91,75.25,-77.38,-999.86,-9249.59,478.47,7840.56,-6950.76,70.59,1455.22,-6880.17,-5424.94
81,503.04,1162.51,1519.36,130.75,82.66,-80.0,-958.05,-9201.53,497.99,7815.8,-7002.34,70.76,1472.52,-6931.58,-5459.06
91,505.0,1249.82,1502.39,132.98,78.21,-81.55,-1007.19,-9273.41,495.16,7799.0,-6900.78,70.24,1400.4,-6830.54,-5430.14
101,496.39,1170.39,1504.23,136.74,84.03,-75.29,-974.62,-9226.33,487.24,7799.85,-6967.46,69.89,1402.62,-6897.57,-5494.95
111,533.73,1161.52,1502.35,133.83,67.01,-81.19,-945.0,-9168.67,478.73,7812.34,-7025.0,71.27,1494.66,-6953.73,-5459.07
121,491.55,1182.38,1527.84,130.07,79.35,-85.1,-973.73,-9234.35,488.51,7811.14,-6953.67,71.25,1417.66,-6882.42,-5464.75
131,485.0,1178.17,1513.71,133.47,78.08,-87.75,-977.48,-9148.1,522.92,7801.91,-7019.17,69.39,1499.92,-6949.78,-5449.86
141,492.18,1161.04,1524.48,141.07,68.9,-74.05,-997.53,-9191.24,503.68,7862.24,-7017.92,69.15,1490.77,-6948.77,-5458.0
151,503.38,1203.76,1506.41,133.82,76.96,-83.53,-975.57,-9200.98,493.83,7816.43,-6975.8,71.17,1474.51,-6904.63,-5430.12
161,500.27,1177.79,1504.51,139.9,81.86,-72.47,-983.19,-8977.04,500.63,7798.51,-7181.75,71.22,1670.79,-7110.53,-5439.74
171,511.36,1189.93,1515.78,133.22,78.95,-79.79,-958.83,-8957.37,489.44,7779.22,-7196.55,71.99,1701.91,-7124.56,-5422.65
181,527.16,1150.43,1520.71,134.1,69.8,-88.22,-973.03,-8886.79,496.68,7769.89,-7246.73,72.13,1720.73,-7174.6,-5453.86
191,469.66,1202.1,1504.95,134.0,71.09,-66.74,-966.52,-8932.49,499.23,7746.78,-7189.67,71.62,1662.06,-7118.05,-5455.99
201,490.98,1220.9,1534.86,136.39,72.53,-87.79,-998.67,-8983.92,505.58,7804.99,-7184.04,69.48,1695.86,-7114.56,-5418.7
211,500.52,1174.96,1515.04,126.78,76.82,-74.12,-1013.51,-8879.4,483.61,7762.55,-7250.44,69.01,1673.25,-7181.43,-5508.18
221,499.13,1236.39,1511.28,133.21,67.77,-81.75,-994.14,-8856.67,491.43,7801.07,-7273.44,69.25,1807.71,-7204.19,-5396.48
231,515.85,1195.02,1501.5,131.79,76.46,-71.15,-984.27,-9272.5,488.57,7791.16,-6893.82,70.43,1372.41,-6823.38,-5450.97
241,476.13,1174.25,1518.1,131.25,76.59,-75.24,-966.99,-9035.98,486.21,7865.6,-7173.61,69.19,1649.9,-7104.42,-5454.52
251,500.46,1181.1,1533.57,140.38,73.8,-75.83,-983.46,-9207.36,487.91,7816.32,-6967.77,70.44,1466.88,-6897.33,-5430.45
261,517.16,1201.41,1535.24,140.42,81.92,-71.28,-960.54,-9153.35,505.06,7785.35,-7036.91,70.72,1581.41,-6966.19,-5384.78
271,494.77,1161.89,1501.19,134.65,76.17,-84.0,-958.18,-9153.73,484.7,7856.48,-7060.16,70.47,1513.94,-6989.69,-5475.76
281,487.79,1178.92,1516.8,126.43,89.12,-77.06,-956.77,-9170.35,507.83,7815.39,-7032.16,70.02,1518.11,-6962.14,-5444.03
291,508.08,1194.24,1536.44,141.31,83.04,-83.25,-944.75,-9198.27,506.79,7839.85,-7023.78,70.87,1583.49,-6952.91,-5369.42
301,492.99,1247.01,1509.88,131.12,84.36,-94.47,-969.07,-8954.96,514.02,7751.88,-7191.77,70.52,1712.77,-7121.25,-5408.49
311,473.43,1210.37,1517.12,136.45,76.46,-86.97,-974.25,-8917.33,500.08,7797.44,-7250.91,68.56,1732.8,-7182.35,-5449.55
321,508.34,1158.16,1523.44,128.99,70.27,-80.41,-979.94,-8936.59,498.74,7832.86,-7251.51,71.17,1723.86,-7180.35,-5456.49
331,499.38,1215.15,1505.22,132.06,61.29,-79.7,-1004.09,-8855.07,483.97,7838.78,-7334.03,68.69,1797.0,-7265.33,-5468.34
341,481.52,1163.63,1510.07,131.97,70.85,-63.77,-947.54,-8911.26,498.46,7860.34,-7322.82,70.21,1794.26,-7252.62,-5458.35
351,493.5,1161.15,1534.48,131.85,69.78,-78.59,-984.38,-9014.54,508.18,7883.32,-7213.56,69.55,1704.75,-7144.01,-5439.26
361,475.06,1179.3,1524.41,136.37,75.46,-76.42,-981.3,-9021.7,491.04,7823.23,-7144.82,68.39,1625.45,-7076.42,-5450.97
371,473.31,1175.76,1540.2,129.19,82.87,-93.87,-988.99,-9092.29,497.74,7891.09,-7134.52,68.75,1615.01,-7065.77,-5450.76
381,524.04,1183.04,1542.91,135.05,74.3,-84.42,-977.84,-8954.54,489.13,7787.26,-7206.23,70.57,1718.94,-7135.66,-5416.72
391,475.69,1213.52,1535.34,135.63,88.46,-77.5,-973.79,-8989.12,495.93,7827.52,-7209.91,68.55,1731.68,-7141.35,-5409.68
401,459.62,1239.34,1522.63,131.99,75.96,-81.85,-999.48,-8972.31,484.13,7765.29,-7201.42,69.59,1625.31,-7131.83,-5506.52
411,521.09,1176.65,1510.43,133.36,73.29,-89.48,-996.06,-9106.5,493.79,7813.7,-7079.66,68.43,1530.27,-7011.23,-5480.96
421,518.97,1159.01,1515.0,128.24,71.63,-79.85,-944.92,-9388.6,503.18,7851.06,-6830.25,70.24,1333.72,-6760.01,-5426.29
431,509.16,1163.33,1532.41,130.53,66.72,-81.68,-968.71,-9062.15,503.72,7787.06,-7100.68,70.25,1580.4,-7030.44,-5450.03
441,503.7,1157.43,1522.99,128.54,78.24,-85.72,-985.43,-9184.3,501.81,7815.68,-7000.88,70.25,1452.94,-6930.63,-5477.69
451,529.28,1155.28,1521.43,133.73,68.1,-72.99,-959.21,-9165.9,503.64,7833.73,-7059.22,70.99,1547.08,-6988.23,-5441.15
461,511.37,1204.12,1526.55,130.21,81.18,-65.93,-990.83,-9157.04,489.73,7831.11,-7044.07,70.35,1560.47,-6973.72,-5413.25
471,502.74,1167.51,1512.72,129.24,78.75,-69.96,-980.2,-9159.14,481.13,7805.36,-7047.56,69.91,1468.14,-6977.65,-5509.51
481,493.18,1170.12,1507.69,132.45,70.95,-69.8,-983.94,-9211.21,509.05,7822.65,-6980.34,69.78,1441.13,-6910.56,-5469.43
491,481.81,1188.98,1540.28,127.23,76.57,-98.29,-980.1,-9236.71,509.51,7850.42,-6980.57,70.19,1459.71,-6910.38,-5450.67
501,493.12,1150.31,1508.16,134.55,63.54,-82.41,-988.8,-8909.02,506.92,7842.74,-7262.23,70.05,1719.1,-7192.18,-5473.08
511,524.26,1142.82,1496.85,122.38,78.47,-86.57,-1005.85,-8893.03,492.41,7854.06,-7299.95,70.35,1725.78,-7229.6,-5503.82
521,504.88,1218.95,1522.55,134.88,77.29,-76.46,-995.61,-8914.63,495.08,7846.24,-7272.31,69.69,1813.17,-7202.62,-5389.45
531,501.87,1197.81,1497.07,133.81,73.77,-82.56,-972.15,-8844.84,493.65,7822.05,-7351.25,71.4,1820.48,-7279.85,-5459.37
541,503.12,1190.8,1528.45,132.12,80.85,-72.78,-958.41,-8958.97,500.56,7857.18,-7250.93,72.3,1802.94,-7178.63,-5375.69
551,493.01,1187.15,1528.52,135.76,76.29,-93.51,-973.02,-9026.41,507.74,7786.67,-7107.82,71.0,1622.19,-7036.82,-5414.63
561,486.58,1196.14,1514.14,132.65,79.02,-81.05,-1007.49,-9177.69,491.05,7799.03,-6954.63,70.16,1432.38,-6884.47,-5452.09
571,490.95,1188.74,1515.6,131.09,86.46,-68.86,-957.51,-9299.38,500.01,7845.78,-6937.07,71.03,1432.89,-6866.03,-5433.14
581,509.17,1184.72,1511.69,136.25,83.57,-89.35,-953.42,-9308.57,516.75,7859.6,-6909.78,70.03,1450.42,-6839.75,-5389.33
591,542.28,1214.18,1539.19,134.57,78.91,-90.21,-1017.1,-9180.41,482.08,7818.65,-6978.83,69.76,1522.14,-6909.07,-5386.92
601,513.57,1173.39,1524.33,134.13,76.63,-74.95,-985.36,-9135.3,489.56,7798.02,-7029.72,69.23,1514.02,-6960.49,-5446.47
611,528.77,1192.6,1527.66,139.18,91.53,-72.14,-993.37,-9213.05,486.93,7852.27,-6988.92,70.15,1540.37,-6918.77,-5378.39
621,479.42,1191.74,1498.15,142.66,70.55,-81.55,-964.67,-9263.01,495.77,7848.7,-6944.86,69.36,1417.77,-6875.5,-5457.73
631,508.4,1180.0,1498.78,128.58,67.71,-79.13,-984.48,-9243.05,502.47,7829.1,-6972.75,70.38,1408.38,-6902.37,-5493.98
641,500.9,1186.78,1492.15,126.38,62.22,-72.23,-970.51,-9094.58,501.91,7798.42,-7116.81,69.88,1531.43,-7046.94,-5515.5
651,521.72,1184.73,1505.58,136.35,71.43,-74.76,-994.73,-9260.59,501.31,7876.94,-6974.56,70.78,1468.0,-6903.78,-5435.78
661,507.72,1166.84,1505.55,124.59,76.11,-77.37,-988.54,-9248.57,471.34,7851.8,-6980.47,69.91,1389.45,-6910.56,-5521.11
671,514.63,1192.5,1525.44,129.74,82.33,-79.77,-949.74,-9198.09,501.98,7806.82,-7011.82,70.31,1525.83,-6941.51,-5415.68
681,507.24,1147.68,1527.23,128.99,88.07,-76.59,-989.37,-9019.45,485.5,7827.55,-7170.32,70.72,1626.86,-7099.6,-5472.74
691,502.15,1156.12,1481.25,130.6,70.55,-65.9,-1000.11,-8992.06,498.7,7836.76,-7201.49,69.93,1618.05,-7131.56,-5513.52
701,518.41,1159.31,1514.05,126.1,75.21,-73.31,-977.18,-9238.77,491.88,7809.43,-6945.86,71.01,1405.13,-6874.85,-5469.72
711,508.27,1132.5,1510.0,120.3,76.71,-66.1,-991.62,-9153.42,491.6,7807.13,-7005.17,69.06,1435.36,-6936.11,-5500.75
721,531.54,1194.42,1509.24,130.68,72.47,-78.37,-1011.02,-9216.27,478.33,7816.53,-6961.31,70.32,1427.55,-6890.99,-5463.44
731,494.8,1152.39,1516.0,133.22,69.5,-78.69,-974.26,-9331.43,494.85,7905.85,-6940.56,71.27,1382.23,-6869.29,-5487.07
741,493.58,1183.77,1516.14,133.01,84.28,-74.19,-986.32,-9286.1,497.41,7869.45,-6950.44,70.73,1431.03,-6879.71,-5448.68
751,491.35,1172.61,1495.41,129.11,65.99,-74.04,-974.52,-9122.29,489.4,7845.64,-7084.4,70.9,1518.66,-7013.5,-5494.83
761,524.89,1161.26,1510.21,129.61,77.6,-69.66,-986.71,-9104.39,482.82,7802.02,-7073.69,69.68,1527.64,-7004.01,-5476.37
771,483.85,1167.54,1517.41,126.36,62.77,-84.14,-971.96,-9149.73,490.55,7878.36,-7099.38,70.93,1521.03,-7028.45,-5507.42
781,525.39,1210.28,1527.37,129.76,83.92,-76.07,-975.65,-9281.93,485.76,7848.96,-6944.84,70.47,1477.8,-6874.37,-5396.57
791,472.6,1191.88,1512.55,135.09,74.89,-70.17,-985.61,-9064.66,504.1,7856.23,-7157.42,72.18,1626.9,-7085.23,-5458.33
801,543.24,1154.39,1511.97,138.16,79.43,-74.16,-982.07,-9051.85,499.05,7804.84,-7140.69,70.17,1623.01,-7070.52,-5447.51
811,513.54,1209.15,1497.06,132.46,68.5,-60.09,-964.36,-8980.75,482.94,7792.58,-7193.3,70.82,1691.03,-7122.48,-5431.45
821,504.12,1150.77,1510.33,133.5,70.99,-67.1,-982.9,-9279.77,482.33,7863.13,-6937.1,70.54,1385.41,-6866.56,-5481.15
831,502.79,1145.57,1518.68,132.51,86.62,-77.72,-964.9,-9141.05,492.63,7878.1,-7123.1,71.8,1573.23,-7051.3,-5478.07
841,519.46,1181.69,1501.26,132.4,76.36,-65.98,-977.08,-9128.78,493.99,7805.71,-7063.7,70.57,1539.01,-6993.14,-5454.12
851,523.4,1180.21,1481.63,130.13,70.21,-54.51,-959.85,-9200.37,491.26,7831.29,-7001.41,71.4,1493.43,-6930.01,-5436.59
861,512.33,1139.52,1517.63,137.27,76.0,-64.23,-970.43,-9223.06,504.14,7930.23,-7065.08,72.33,1559.4,-6992.74,-5433.35
871,491.28,1167.09,1490.64,127.08,75.12,-68.48,-971.82,-9266.64,506.55,7861.53,-6958.42,72.08,1412.35,-6886.35,-5474.0
881,489.89,1205.71,1514.86,133.25,69.71,-61.65,-985.72,-9358.38,490.66,7910.73,-6903.62,70.94,1409.06,-6832.68,-5423.62
891,508.62,1157.94,1515.61,128.05,76.44,-71.16,-966.67,-9299.67,502.0,7888.26,-6956.28,71.42,1439.43,-6884.86,-5445.44
901,502.25,1181.97,1522.29,133.35,71.77,-62.1,-993.5,-9217.32,490.4,7879.4,-7026.98,71.15,1508.51,-6955.83,-5447.32
911,489.26,1178.39,1501.56,129.9,70.51,-69.22,-965.79,-9253.93,497.73,7863.34,-6979.82,71.55,1441.75,-6908.27,-5466.52
921,504.3,1187.26,1505.33,134.17,85.58,-64.9,-987.12,-9245.49,493.28,7867.23,-6972.66,69.46,1479.65,-6903.2,-5423.56
931,504.3,1223.15,1524.03,134.47,73.55,-77.48,-983.72,-9327.3,491.71,7898.32,-6938.29,70.55,1461.03,-6867.75,-5406.72
941,524.55,1158.09,1530.98,140.66,78.21,-74.45,-975.4,-9277.44,498.73,7831.01,-6923.75,70.88,1434.93,-6852.87,-5417.93
951,489.88,1141.71,1489.2,127.35,71.97,-66.35,-998.16,-9343.1,505.18,7903.45,-6900.26,69.55,1321.13,-6830.71,-5509.57
961,516.32,1150.34,1514.47,124.33,69.1,-88.03,-977.01,-9254.33,501.79,7857.84,-6977.86,70.76,1414.82,-6907.1,-5492.27
971,513.56,1180.37,1494.66,135.31,67.94,-87.92,-992.94,-9296.85,516.65,7846.63,-6917.61,69.59,1377.41,-6848.02,-5470.62
981,507.92,1219.6,1520.33,129.89,81.97,-83.36,-984.26,-9212.29,483.63,7800.98,-6937.41,68.55,1464.41,-6868.86,-5404.44
991,515.91,1177.21,1512.71,131.9,76.76,-88.8,-955.68,-9237.17,510.55,7859.9,-6989.71,71.17,1503.3,-6918.54,-5415.25
1001,510.2,1171.04,1523.47,137.68,71.68,-70.91,-990.26,-9337.62,489.23,7834.13,-6881.9,69.8,1338.64,-6812.1,-5473.46
1011,498.85,1223.43,1502.15,144.29,63.57,-79.43,-977.82,-9349.68,494.5,7859.5,-6871.91,70.07,1379.37,-6801.84,-5422.48
1021,500.19,1199.66,1495.41,132.55,68.83,-69.34,-989.29,-9240.42,490.23,7857.49,-6977.67,69.27,1445.31,-6908.4,-5463.08
1031,522.57,1157.09,1496.1,129.75,69.79,-71.38,-975.93,-9301.36,504.79,7885.99,-6894.66,68.0,1417.42,-6826.66,-5409.24
1041,465.35,1141.95,1511.52,129.69,77.26,-73.56,-999.59,-9312.98,504.2,7867.27,-6894.33,69.34,1311.11,-6824.98,-5513.88
1051,472.97,1192.98,1502.94,129.88,74.68,-77.7,-995.36,-9283.77,506.78,7857.9,-6919.63,69.78,1381.31,-6849.85,-5468.54
1061,512.91,1192.79,1527.18,127.97,79.38,-79.0,-994.43,-9100.55,504.36,7813.89,-7104.89,70.49,1584.51,-7034.4,-5449.89
1071,485.72,1191.03,1521.19,136.1,76.77,-67.43,-1005.6,-9288.05,492.76,7866.33,-6927.76,69.41,1408.83,-6858.35,-5449.52
1081,486.93,1210.38,1506.44,136.79,71.52,-74.22,-1009.32,-9303.28,486.72,7847.63,-6921.48,70.56,1359.59,-6850.91,-5491.32
1091,493.13,1190.12,1500.6,130.71,75.56,-79.67,-960.43,-9266.14,500.43,7893.47,-6993.95,70.64,1477.79,-6923.3,-5445.51
1101,510.83,1188.47,1496.21,123.16,75.69,-82.05,-997.08,-9437.22,503.37,7868.27,-6767.46,68.63,1249.66,-6698.82,-5449.16
1111,502.84,1205.1,1513.23,139.48,78.61,-91.11,-981.23,-9169.65,510.82,7897.93,-7098.21,70.22,1606.01,-7027.99,-5421.97
1121,532.09,1196.3,1501.93,138.68,79.49,-70.15,-955.21,-9302.0,500.24,7867.26,-6966.18,72.35,1488.62,-6893.83,-5405.2
1131,503.4,1184.66,1509.04,140.63,68.71,-79.17,-956.71,-9367.97,493.92,7867.32,-6879.25,71.34,1363.83,-6807.91,-5444.07
1141,507.5,1128.68,1501.59,136.47,79.61,-88.31,-978.23,-9494.44,491.26,7931.17,-6781.13,69.14,1215.31,-6711.99,-5496.68
1151,519.59,1206.34,1517.44,137.27,83.92,-84.51,-1011.65,-9434.51,490.67,7912.86,-6810.68,69.01,1337.43,-6741.66,-5404.23
1161,527.77,1179.23,1507.91,131.93,74.01,-93.64,-987.76,-9362.37,502.94,7884.56,-6865.59,69.85,1364.58,-6795.74,-5431.16
1171,493.48,1162.84,1492.5,133.07,68.6,-92.63,-980.46,-9339.88,497.4,7872.5,-6910.95,70.6,1307.42,-6840.36,-5532.94
1181,507.24,1211.7,1478.29,132.92,75.59,-88.06,-973.91,-9372.62,496.28,7887.84,-6881.59,71.59,1355.28,-6810.0,-5454.72
1191,503.98,1182.24,1510.04,131.39,81.1,-86.79,-962.49,-9385.46,495.66,7903.6,-6871.49,71.12,1373.27,-6800.37,-5427.1
1201,502.03,1183.94,1486.86,129.96,70.25,-64.61,-980.24,-9376.68,489.81,7885.63,-6893.12,70.38,1326.96,-6822.74,-5495.77
1211,531.06,1171.82,1533.3,128.65,82.04,-86.84,-1004.34,-9297.95,464.26,7854.83,-6918.21,70.12,1376.84,-6848.09,-5471.26
1221,487.14,1143.1,1510.3,119.8,77.03,-96.3,-975.25,-9312.72,486.75,7887.61,-6914.51,70.69,1327.45,-6843.81,-5516.36
1231,510.11,1120.59,1519.95,130.57,83.08,-78.95,-1012.57,-9263.47,495.17,7884.49,-6973.64,69.55,1388.96,-6904.09,-5515.13
1241,524.4,1176.91,1525.77,125.07,72.68,-84.61,-988.22,-9258.57,499.31,7891.9,-6999.03,69.67,1484.65,-6929.36,-5444.71
1251,493.72,1195.77,1506.85,141.07,72.98,-75.11,-971.04,-9324.81,505.21,7894.63,-6938.25,70.44,1439.25,-6867.82,-5428.57
1261,500.91,1162.7,1511.77,127.0,67.4,-78.8,-999.02,-9157.71,488.3,7865.07,-7082.8,69.82,1487.63,-7012.99,-5525.36
1271,499.29,1172.53,1525.39,138.95,67.96,-62.02,-971.22,-9212.9,507.43,7901.36,-7029.05,72.04,1566.78,-6957.01,-5390.23
1281,480.13,1199.04,1496.67,133.19,90.18,-65.24,-980.85,-9280.14,494.64,7859.66,-6948.12,70.27,1427.28,-6877.85,-5450.57
1291,482.55,1211.25,1488.17,126.36,86.63,-92.4,-1004.86,-9115.15,499.58,7841.27,-7110.03,71.21,1523.42,-7038.82,-5515.4
1301,496.1,1178.35,1537.92,138.45,82.06,-75.61,-986.01,-9300.51,490.15,7855.64,-6921.18,69.34,1416.54,-6851.83,-5435.3
1311,477.14,1224.64,1515.1,143.34,85.58,-78.47,-1008.31,-9200.71,495.5,7786.38,-6959.86,69.22,1440.19,-6890.64,-5450.45
1321,516.51,1186.69,1508.59,136.3,79.94,-81.1,-980.51,-9303.25,495.52,7846.69,-6916.5,70.34,1405.39,-6846.17,-5440.77
1331,488.98,1172.2,1503.38,126.98,83.92,-81.0,-980.53,-9314.98,500.58,7849.21,-6909.94,69.81,1348.74,-6840.13,-5491.4
1341,503.58,1170.31,1497.71,131.0,79.37,-87.49,-970.57,-9239.15,501.88,7868.41,-6981.99,70.23,1455.05,-6911.76,-5456.72
1351,511.7,1207.39,1488.43,132.36,72.15,-89.05,-995.18,-9264.61,497.34,7871.82,-6978.15,69.07,1432.36,-6909.07,-5476.71
1361,515.85,1153.42,1522.3,130.11,67.11,-73.22,-968.07,-9346.34,481.82,7889.67,-6919.7,70.82,1372.64,-6848.87,-5476.24
1371,494.68,1155.34,1494.77,121.48,83.32,-64.66,-980.49,-9107.72,504.92,7828.18,-7089.03,69.71,1529.82,-7019.33,-5489.5
1381,541.62,1173.08,1530.9,126.23,85.32,-88.89,-975.18,-9363.67,503.86,7782.08,-6831.87,69.39,1315.35,-6762.47,-5447.13
1391,519.17,1170.24,1525.59,131.91,82.85,-80.3,-981.09,-9293.01,498.89,7854.36,-6928.57,69.38,1428.62,-6859.18,-5430.56
1401,509.36,1243.92,1519.02,140.63,84.55,-89.05,-1003.88,-9314.36,481.71,7823.47,-6890.75,69.05,1395.35,-6821.7,-5426.35
1411,506.84,1167.01,1493.05,125.56,73.7,-69.85,-979.23,-9264.19,488.31,7817.61,-6915.02,69.59,1358.8,-6845.43,-5486.63
1421,502.05,1225.11,1549.7,139.37,82.49,-76.61,-983.97,-9353.15,515.4,7795.04,-6832.94,68.21,1395.43,-6764.73,-5369.29
1431,485.45,1171.83,1518.21,126.68,79.58,-78.31,-968.17,-9425.96,484.13,7851.55,-6784.87,68.06,1245.0,-6716.8,-5471.8
1441,484.69,1199.81,1510.47,132.59,83.04,-92.98,-998.12,-9334.69,509.94,7827.89,-6840.47,68.69,1322.64,-6771.78,-5449.14
1451,526.44,1160.25,1492.01,138.47,80.79,-80.07,-988.17,-9381.43,493.46,7830.07,-6804.55,70.37,1271.81,-6734.18,-5462.38
1461,487.09,1161.95,1534.24,133.65,81.23,-91.45,-966.35,-9453.59,521.49,7854.85,-6781.02,69.06,1263.1,-6711.96,-5448.86
1471,503.85,1209.7,1518.71,127.41,76.68,-85.05,-977.74,-9317.4,516.01,7805.03,-6886.99,71.64,1377.19,-6815.35,-5438.16
1481,489.64,1139.36,1532.51,123.21,81.98,-70.01,-992.72,-9348.41,485.79,7875.33,-6878.5,68.82,1316.67,-6809.68,-5493.01
1491,499.94,1189.91,1513.23,131.3,70.83,-71.34,-978.15,-9413.1,488.51,7823.84,-6814.91,69.37,1254.97,-6745.54,-5490.57
1501,513.94,1210.96,1517.96,134.91,77.77,-69.64,-982.7,-9307.32,500.03,7768.54,-6855.65,69.53,1364.45,-6786.13,-5421.68
1511,492.06,1213.11,1505.45,128.81,71.02,-70.41,-977.38,-9359.19,483.86,7832.77,-6856.4,70.35,1320.1,-6786.05,-5465.95
1521,502.43,1190.68,1506.28,131.39,78.96,-77.66,-976.27,-9364.58,506.4,7840.01,-6861.63,72.02,1337.64,-6789.62,-5451.98
1531,508.28,1183.86,1497.21,133.24,82.17,-66.41,-991.95,-9266.93,503.07,7850.95,-6953.09,69.97,1433.49,-6883.12,-5449.63
1541,533.59,1194.36,1484.18,134.1,76.35,-73.99,-980.75,-9251.91,503.04,7813.54,-6952.0,69.85,1432.52,-6882.15,-5449.64
1551,466.88,1194.61,1490.44,125.34,71.9,-47.01,-997.58,-9189.12,500.36,7883.44,-7027.76,69.74,1499.25,-6958.02,-5458.76
1561,519.71,1174.95,1494.19,125.27,69.51,-64.27,-1001.54,-9084.94,483.09,7816.23,-7069.91,69.28,1532.2,-7000.63,-5468.44
1571,490.18,1134.66,1488.71,130.67,75.01,-57.45,-982.88,-9143.35,492.44,7852.83,-7050.13,70.5,1480.82,-6979.64,-5498.82
1581,490.65,1207.03,1505.71,135.9,86.25,-74.43,-992.3,-9137.57,500.3,7795.99,-7033.15,70.37,1517.53,-6962.78,-5445.25
1591,523.84,1175.17,1474.86,137.07,68.56,-54.02,-951.38,-9245.53,502.96,7815.8,-6964.94,69.13,1447.34,-6895.81,-5448.47
1601,487.42,1170.64,1498.81,133.08,72.65,-70.61,-967.21,-9354.54,511.03,7857.83,-6870.24,70.93,1339.1,-6799.32,-5460.22
1611,513.33,1157.66,1526.26,129.46,74.31,-52.99,-996.64,-9236.16,492.35,7785.15,-6939.54,69.37,1392.72,-6870.17,-5477.45
1621,509.29,1185.83,1508.38,130.65,74.03,-67.03,-996.56,-9252.32,511.82,7852.46,-6952.72,68.3,1456.56,-6884.42,-5427.86
1631,515.42,1233.47,1479.59,132.13,77.3,-69.13,-976.31,-9129.58,491.1,7775.66,-7028.72,70.36,1529.65,-6958.36,-5428.71
1641,530.85,1223.9,1500.49,127.74,86.07,-62.35,-990.99,-9153.29,481.61,7771.33,-6998.73,69.56,1515.36,-6929.17,-5413.81
1651,521.02,1178.21,1491.23,134.0,78.09,-59.08,-976.47,-9177.02,490.22,7779.3,-7001.82,70.43,1459.5,-6931.39,-5471.89
1661,500.19,1224.75,1480.31,140.04,79.39,-74.99,-983.68,-9140.27,487.9,7846.18,-7066.2,70.69,1559.81,-6995.51,-5435.7
1671,488.88,1203.4,1483.91,130.78,78.39,-62.51,-977.87,-9094.98,497.85,7861.98,-7106.12,71.04,1609.83,-7035.08,-5425.25
1681,502.43,1204.75,1491.1,139.0,77.64,-73.78,-951.03,-9053.41,503.4,7802.66,-7124.61,72.64,1642.76,-7051.98,-5409.21
1691,498.7,1215.98,1493.69,129.46,70.65,-60.88,-975.75,-9059.12,489.49,7735.67,-7071.67,70.72,1537.89,-7000.96,-5463.07
1701,504.5,1155.1,1479.13,129.78,74.78,-73.76,-1011.3,-9049.15,514.14,7828.98,-7128.7,70.74,1552.21,-7057.96,-5505.75
1711,499.82,1123.1,1497.72,127.1,69.03,-53.02,-981.18,-9032.71,513.72,7910.72,-7183.4,72.38,1674.3,-7111.01,-5436.71
1721,466.53,1171.43,1484.5,127.13,73.78,-46.1,-982.75,-9119.02,492.57,7851.08,-7090.27,71.8,1519.16,-7018.47,-5499.32
1731,532.28,1162.61,1471.39,137.62,75.53,-57.61,-984.62,-9127.87,485.79,7803.84,-7058.93,71.08,1498.98,-6987.85,-5488.87
1741,492.43,1123.25,1477.53,119.7,69.66,-57.81,-1003.52,-9011.83,496.8,7853.5,-7191.11,70.72,1559.71,-7120.39,-5560.68
1751,491.4,1198.12,1473.1,135.58,75.87,-55.24,-979.14,-9039.33,518.44,7798.51,-7158.98,71.13,1617.3,-7087.86,-5470.55
1761,513.39,1170.01,1503.23,123.55,78.18,-71.15,-998.28,-9093.08,483.11,7857.2,-7119.41,70.91,1566.16,-7048.51,-5482.35
1771,474.32,1242.32,1492.0,138.8,73.28,-75.8,-998.08,-9060.56,499.37,7732.97,-7077.46,71.43,1518.61,-7006.03,-5487.42
1781,479.36,1200.81,1483.82,131.86,78.58,-54.6,-984.76,-9146.33,473.99,7840.9,-7058.99,73.06,1503.63,-6985.93,-5482.3
1791,477.33,1179.1,1496.49,126.97,70.66,-67.0,-979.55,-9169.48,491.41,7807.08,-7040.92,71.28,1433.01,-6969.64,-5536.63
1801,510.32,1168.8,1479.71,134.93,77.21,-73.08,-960.4,-9099.41,482.4,7843.65,-7120.05,73.13,1564.12,-7046.92,-5482.8
1811,530.99,1196.02,1492.02,142.28,78.94,-59.53,-975.05,-9046.1,517.35,7769.3,-7120.85,71.86,1646.22,-7048.99,-5402.77
1821,483.82,1163.7,1473.02,138.66,83.98,-46.05,-981.71,-9056.74,493.02,7824.98,-7133.62,71.65,1576.67,-7061.97,-5485.3
1831,473.16,1195.7,1489.37,130.75,73.56,-54.0,-961.41,-9122.57,505.29,7834.63,-7095.4,72.24,1564.49,-7023.16,-5458.67
1841,534.8,1179.56,1481.49,126.8,84.97,-53.48,-956.51,-9097.18,480.63,7784.34,-7087.92,70.95,1565.41,-7016.97,-5451.57
1851,530.62,1159.39,1513.72,127.17,75.56,-75.23,-963.25,-9058.84,495.33,7769.03,-7113.56,73.3,1573.51,-7040.25,-5466.75
1861,507.77,1174.04,1488.49,124.33,82.51,-70.21,-985.03,-9207.8,486.08,7830.89,-6992.51,71.44,1431.05,-6921.06,-5490.02
1871,513.56,1235.76,1497.1,134.02,80.92,-66.55,-997.71,-9178.36,500.22,7848.41,-7037.31,70.81,1567.36,-6966.5,-5399.15
1881,490.97,1187.01,1470.22,134.09,73.25,-68.24,-958.5,-9098.86,494.05,7813.77,-7103.81,72.14,1537.76,-7031.67,-5493.91
1891,496.04,1177.47,1484.84,139.73,82.02,-69.7,-983.62,-9201.2,507.85,7865.56,-7035.17,71.28,1498.99,-6963.89,-5464.91
1901,477.89,1199.68,1462.1,139.98,73.68,-66.76,-976.28,-9123.5,492.41,7876.72,-7112.14,72.26,1555.91,-7039.88,-5483.98
1911,465.14,1139.72,1486.2,126.42,82.38,-62.29,-1005.15,-9143.21,526.2,7874.01,-7030.57,71.28,1489.41,-6959.29,-5469.88
1921,472.74,1160.33,1500.53,128.83,86.35,-63.94,-969.16,-9103.46,504.68,7851.77,-7088.07,71.97,1568.66,-7016.1,-5447.44
1931,506.55,1158.67,1502.6,131.4,86.82,-62.08,-962.08,-9279.46,506.84,7837.07,-6931.43,72.5,1426.34,-6858.93,-5432.59
1941,486.11,1179.31,1495.76,135.17,67.61,-66.43,-983.64,-9157.87,501.45,7834.06,-7028.86,71.85,1491.55,-6957.02,-5465.47
1951,503.63,1202.6,1515.45,135.7,68.09,-64.63,-977.8,-9194.08,501.66,7862.73,-7021.73,71.07,1553.36,-6950.66,-5397.3
1961,539.06,1177.55,1517.25,134.52,73.37,-63.17,-973.96,-9089.93,495.11,7858.39,-7122.11,70.68,1668.19,-7051.43,-5383.24
1971,492.38,1175.9,1501.16,136.26,80.71,-60.08,-957.51,-9263.34,512.14,7909.86,-7021.91,74.23,1527.47,-6947.68,-5420.22
1981,498.57,1223.36,1481.9,135.98,77.42,-72.48,-959.74,-9181.53,504.07,7838.41,-7036.71,72.98,1545.95,-6963.74,-5417.78
1991,483.41,1195.56,1501.66,135.11,90.24,-62.73,-962.31,-9175.04,490.49,7855.1,-7054.21,72.2,1551.48,-6982.0,-5430.52
2001,517.22,1150.55,1487.71,132.48,69.46,-68.13,-965.67,-9065.28,484.05,7831.07,-7136.28,73.2,1573.46,-7063.07,-5489.61
2011,501.0,1190.82,1480.93,128.09,78.28,-82.97,-973.43,-9084.69,482.33,7833.8,-7102.7,73.03,1554.16,-7029.67,-5475.51
2021,484.15,1193.8,1496.61,130.76,75.46,-70.2,-977.74,-9123.9,528.57,7894.92,-7125.49,73.38,1632.44,-7052.11,-5419.67
2031,529.81,1146.92,1487.55,140.84,65.51,-74.41,-948.68,-9026.85,494.77,7818.49,-7156.59,72.54,1633.94,-7084.05,-5450.1
2041,506.42,1152.69,1470.64,130.84,68.9,-69.8,-967.77,-9073.2,496.03,7870.69,-7157.25,72.91,1585.45,-7084.34,-5498.89
2051,485.43,1192.07,1492.31,133.89,70.18,-65.0,-954.11,-9045.73,490.76,7858.92,-7181.47,73.55,1658.73,-7107.92,-5449.18
2061,490.82,1227.1,1492.86,143.59,74.5,-66.66,-941.33,-9028.41,504.38,7837.06,-7158.97,72.17,1733.91,-7086.8,-5352.89
2071,507.18,1170.95,1481.26,132.6,70.69,-72.8,-964.88,-9047.11,506.65,7894.4,-7174.24,72.86,1678.93,-7101.38,-5422.45
2081,484.37,1165.54,1469.55,133.38,82.27,-65.39,-978.34,-9068.91,507.31,7868.73,-7148.49,73.74,1598.51,-7074.75,-5476.24
2091,466.96,1182.57,1505.24,127.65,85.27,-77.13,-967.57,-9161.21,501.99,7905.59,-7108.45,73.36,1569.38,-7035.1,-5465.71
2101,516.54,1178.62,1484.23,136.89,78.65,-66.52,-950.38,-8920.34,492.1,7881.59,-7334.37,74.96,1831.38,-7259.42,-5428.03
2111,492.64,1168.61,1491.54,136.47,85.0,-63.93,-962.02,-8895.53,492.87,7837.39,-7320.42,74.04,1783.04,-7246.38,-5463.34
2121,521.91,1234.29,1516.38,132.93,73.91,-75.88,-978.05,-8954.59,492.68,7844.82,-7259.57,73.4,1808.41,-7186.17,-5377.76
2131,465.32,1205.36,1474.09,135.78,69.29,-80.28,-968.26,-8979.76,526.89,7850.12,-7227.06,74.39,1698.56,-7152.68,-5454.11
2141,533.15,1179.49,1503.8,131.24,74.24,-69.44,-957.98,-8874.04,488.12,7794.35,-7273.96,75.22,1802.93,-7198.74,-5395.8
2151,517.65,1190.93,1498.95,125.45,70.22,-67.06,-965.4,-8883.09,483.72,7810.06,-7258.87,74.42,1781.43,-7184.46,-5403.03
2161,462.57,1185.12,1518.15,140.53,82.2,-68.3,-948.73,-8957.03,498.67,7846.05,-7261.4,74.57,1759.23,-7186.84,-5427.6
2171,482.34,1235.85,1488.26,135.28,65.87,-69.88,-965.76,-8797.17,500.1,7754.02,-7324.32,75.04,1828.92,-7249.29,-5420.37
2181,489.6,1175.37,1511.65,129.74,79.79,-77.51,-952.16,-9065.7,514.13,7809.96,-7133.87,75.15,1614.87,-7058.72,-5443.85
2191,513.15,1208.49,1498.58,134.2,81.43,-72.2,-962.13,-8913.31,488.23,7795.81,-7263.67,74.31,1772.24,-7189.36,-5417.12
2201,493.73,1177.48,1501.27,135.73,84.53,-62.29,-940.0,-9179.57,521.79,7840.94,-7036.5,72.97,1573.61,-6963.53,-5389.93
2211,496.5,1189.87,1511.53,140.59,80.99,-69.22,-961.65,-9023.61,506.08,7784.35,-7163.35,74.37,1655.43,-7088.98,-5433.55
2221,508.76,1176.29,1521.94,134.46,68.42,-60.41,-950.06,-8982.76,513.87,7832.48,-7196.7,75.23,1762.99,-7121.47,-5358.48
2231,517.49,1176.9,1493.3,138.3,75.46,-55.21,-975.16,-9006.47,488.57,7828.98,-7167.57,75.46,1682.16,-7092.11,-5409.96
2241,472.24,1137.75,1507.09,131.7,68.09,-61.75,-965.16,-9069.11,492.97,7883.26,-7150.41,74.0,1597.1,-7076.41,-5479.32
2251,511.57,1224.97,1511.58,137.58,72.47,-68.37,-953.62,-9064.61,486.64,7809.31,-7116.83,74.65,1667.52,-7042.17,-5374.66
2261,482.91,1172.12,1514.65,133.11,76.04,-69.21,-966.34,-9049.28,508.7,7826.08,-7128.71,74.27,1628.78,-7054.45,-5425.66
2271,524.15,1201.61,1462.36,129.65,91.79,-54.69,-958.94,-9006.92,478.82,7826.82,-7176.47,74.76,1694.64,-7101.71,-5407.07
2281,470.11,1196.48,1485.42,141.73,80.27,-60.91,-962.7,-8981.81,519.24,7867.43,-7216.37,74.67,1755.26,-7141.7,-5386.44
2291,519.31,1173.04,1484.41,127.26,75.13,-54.82,-953.82,-8991.73,494.69,7773.86,-7168.45,75.04,1647.33,-7093.41,-5446.08
2301,540.33,1158.54,1480.3,134.29,79.3,-60.63,-973.28,-9045.18,483.71,7848.47,-7150.4,74.47,1645.85,-7075.92,-5430.07
2311,529.97,1170.55,1507.03,127.54,67.8,-79.64,-946.94,-9081.55,502.74,7833.86,-7111.08,75.83,1631.36,-7035.25,-5403.89
2321,507.48,1195.89,1510.16,137.77,87.72,-67.07,-961.69,-8999.41,484.68,7813.99,-7175.56,75.54,1709.52,-7100.02,-5390.5
2331,543.32,1172.66,1476.51,132.97,67.07,-59.99,-974.43,-9015.84,484.3,7801.37,-7147.0,75.05,1627.94,-7071.95,-5444.01
2341,466.05,1197.45,1490.0,128.59,82.51,-64.57,-979.41,-9003.59,486.8,7815.74,-7134.88,74.98,1619.56,-7059.9,-5440.34
2351,485.57,1166.21,1500.69,133.6,74.6,-73.11,-970.11,-9156.63,499.01,7900.1,-7076.22,73.88,1559.95,-7002.34,-5442.39
2361,495.9,1121.82,1505.42,139.18,77.99,-71.15,-932.74,-9105.8,512.25,7854.59,-7117.46,76.49,1597.46,-7040.97,-5443.51
2371,525.11,1161.15,1500.63,140.2,69.28,-48.37,-963.1,-9122.27,487.99,7882.18,-7104.15,73.8,1632.8,-7030.35,-5397.55
2381,522.49,1196.02,1473.66,135.89,81.13,-60.45,-978.29,-9081.14,488.54,7836.21,-7108.5,73.15,1614.06,-7035.35,-5421.3
2391,490.99,1156.4,1499.24,131.16,71.85,-50.07,-994.92,-9062.77,483.11,7900.54,-7155.67,74.34,1625.53,-7081.33,-5455.8
2401,505.13,1204.46,1489.15,133.27,82.72,-71.77,-955.67,-9052.09,491.61,7894.01,-7192.76,74.62,1720.81,-7118.14,-5397.32
2411,503.65,1148.83,1471.81,124.67,70.11,-60.21,-967.67,-9194.47,495.2,7891.87,-7050.26,73.59,1483.79,-6976.67,-5492.88
2421,538.8,1198.18,1475.09,138.84,77.76,-56.23,-966.1,-9199.16,488.94,7860.79,-7021.33,74.91,1556.92,-6946.43,-5389.51
2431,499.97,1157.46,1493.13,130.92,79.07,-50.91,-954.28,-9159.39,510.73,7844.96,-7042.47,74.37,1551.68,-6968.1,-5416.42
2441,542.52,1148.41,1494.52,137.53,75.34,-62.26,-979.68,-9018.69,502.23,7875.0,-7189.82,74.34,1714.92,-7115.49,-5400.57
2451,484.93,1148.3,1506.31,126.01,81.13,-65.25,-958.44,-9065.46,502.9,7860.16,-7135.18,75.35,1620.59,-7059.83,-5439.24
2461,500.8,1182.83,1505.91,126.87,68.11,-58.35,-945.47,-8982.33,508.71,7798.5,-7174.59,73.36,1705.58,-7101.23,-5395.64
2471,476.41,1175.71,1485.04,141.92,79.29,-51.76,-945.36,-9081.97,499.0,7854.66,-7128.82,74.34,1632.95,-7054.49,-5421.54
2481,472.65,1180.11,1483.72,131.81,72.32,-66.08,-968.76,-9022.72,497.66,7861.97,-7194.31,73.87,1642.7,-7120.44,-5477.74
2491,537.13,1135.76,1507.75,135.71,69.51,-53.77,-949.79,-9065.78,489.98,7783.03,-7097.41,74.09,1589.53,-7023.32,-5433.79
2501,517.38,1149.02,1489.93,134.31,74.77,-67.95,-939.61,-9168.41,498.89,7818.26,-7014.36,76.04,1506.6,-6938.32,-5431.72
2511,498.75,1161.67,1529.22,126.3,77.83,-60.41,-967.18,-9092.21,496.2,7850.26,-7101.86,74.77,1620.44,-7027.09,-5406.66
2521,477.42,1156.92,1500.26,131.83,81.09,-72.35,-951.62,-9026.57,512.75,7885.09,-7206.44,73.5,1694.82,-7132.94,-5438.12
2531,494.12,1142.04,1503.08,127.33,78.5,-56.56,-964.53,-8913.4,486.14,7829.13,-7295.65,74.66,1725.84,-7220.99,-5495.15
2541,479.88,1170.73,1493.7,133.83,78.71,-66.3,-982.36,-8931.25,493.41,7874.86,-7276.27,73.67,1745.23,-7202.6,-5457.36
2551,481.78,1175.08,1500.27,126.89,78.31,-66.39,-964.46,-8917.71,499.53,7834.65,-7262.3,75.18,1747.95,-7187.12,-5439.16
2561,489.05,1207.61,1493.23,133.21,84.29,-52.74,-954.42,-8641.51,480.93,7831.91,-7554.3,75.0,2071.57,-7479.3,-5407.74
2571,480.57,1155.9,1508.46,130.51,76.6,-73.65,-962.56,-8852.13,508.92,7884.91,-7391.19,74.84,1857.54,-7316.35,-5458.81
2581,497.77,1195.26,1496.87,144.35,69.34,-74.67,-974.02,-9092.68,517.54,7863.7,-7123.66,74.68,1643.47,-7048.97,-5405.51
2591,493.7,1167.89,1533.25,129.42,79.16,-69.44,-937.77,-9194.24,512.81,7877.04,-7062.57,74.67,1591.81,-6987.89,-5396.08
2601,478.31,1159.73,1499.64,131.53,70.48,-80.17,-941.07,-8823.46,506.02,7901.97,-7428.09,75.96,1902.99,-7352.13,-5449.14
2611,484.73,1134.88,1507.6,141.24,74.81,-75.38,-951.26,-9251.37,508.14,7898.82,-7001.6,73.91,1472.22,-6927.7,-5455.48
2621,500.52,1216.78,1494.7,141.66,71.26,-75.15,-940.9,-9198.8,493.35,7873.05,-7052.55,75.56,1576.46,-6976.99,-5400.52
2631,460.89,1168.2,1479.86,133.67,85.85,-70.3,-942.99,-9179.52,519.19,7879.09,-7069.87,76.29,1533.94,-6993.58,-5459.63
2641,523.27,1143.0,1497.95,135.9,85.45,-84.99,-965.87,-9097.5,495.25,7913.64,-7140.81,74.62,1646.09,-7066.19,-5420.1
2651,514.74,1167.81,1509.08,131.15,86.54,-85.16,-977.69,-9136.94,493.35,7875.82,-7090.12,75.45,1578.71,-7014.67,-5435.96
2661,489.22,1153.42,1510.28,138.37,77.54,-69.09,-961.83,-8980.35,498.29,7922.64,-7287.48,74.22,1778.49,-7213.26,-5434.76
2671,487.8,1144.9,1479.65,131.86,78.14,-74.82,-950.84,-8948.41,509.24,7895.6,-7289.41,74.83,1753.12,-7214.58,-5461.46
2681,505.2,1155.39,1491.75,137.46,73.0,-61.04,-967.46,-8942.33,503.68,7885.29,-7303.55,74.36,1780.93,-7229.19,-5448.26
2691,507.89,1137.9,1490.79,130.21,75.95,-79.8,-938.26,-9256.83,495.81,7886.15,-6998.44,73.13,1449.82,-6925.31,-5475.49
2701,510.43,1129.68,1518.61,122.3,74.18,-63.61,-948.56,-9215.1,503.12,7856.34,-7022.37,75.54,1487.39,-6946.83,-5459.44
2711,501.79,1156.83,1503.39,139.54,76.07,-63.5,-963.02,-9143.8,507.76,7833.25,-7058.47,75.21,1548.3,-6983.26,-5434.96
2721,496.33,1141.12,1528.57,131.34,73.39,-65.38,-929.78,-9114.75,500.6,7898.87,-7137.18,76.44,1660.31,-7060.75,-5400.43
2731,500.51,1153.66,1498.02,130.89,79.23,-70.72,-950.51,-9184.71,509.63,7877.9,-7041.76,73.53,1543.91,-6968.23,-5424.33
2741,495.14,1191.14,1488.42,134.2,62.87,-54.63,-948.75,-9197.29,479.5,7854.56,-6997.58,74.12,1505.15,-6923.46,-5418.32
2751,508.51,1202.07,1495.43,129.0,80.36,-58.05,-961.34,-9315.02,472.99,7862.8,-6916.73,73.76,1416.75,-6842.97,-5426.21
2761,496.27,1137.23,1492.52,130.39,66.04,-76.05,-953.17,-9184.59,498.44,7848.77,-7009.45,73.14,1455.84,-6936.31,-5480.47
2771,495.9,1151.21,1522.96,135.59,82.46,-64.07,-959.57,-9143.28,492.43,7872.91,-7071.18,74.73,1586.53,-6996.46,-5409.92
2781,494.38,1139.59,1518.92,129.83,87.14,-57.76,-959.25,-9158.86,479.38,7842.71,-7034.58,74.73,1516.08,-6959.85,-5443.76
2791,469.34,1200.14,1527.43,129.14,77.46,-58.93,-980.19,-9175.03,514.49,7831.54,-6996.69,73.34,1535.4,-6923.35,-5387.95
2801,515.4,1138.23,1483.6,131.85,82.57,-63.05,-972.6,-9307.56,489.01,7869.65,-6912.79,73.32,1367.1,-6839.47,-5472.37
2811,517.2,1171.12,1515.63,137.8,82.35,-81.54,-960.42,-9327.67,499.14,7806.87,-6860.02,75.49,1360.49,-6784.53,-5424.05
2821,518.24,1151.23,1511.83,133.43,86.62,-81.08,-954.32,-9258.12,507.69,7797.15,-6896.68,74.12,1412.68,-6822.55,-5409.88
2831,509.05,1147.31,1494.8,133.19,84.94,-53.69,-966.25,-9300.49,499.74,7869.64,-6921.73,74.08,1418.24,-6847.65,-5429.41
2841,503.34,1154.54,1521.83,132.37,77.11,-66.99,-948.01,-9304.34,512.75,7877.45,-6928.47,75.74,1460.06,-6852.74,-5392.68
2851,518.98,1126.11,1499.73,129.4,79.75,-63.03,-966.64,-9245.57,494.2,7817.66,-6907.72,72.88,1390.59,-6834.84,-5444.25
2861,485.01,1150.57,1510.56,126.71,80.46,-66.38,-957.1,-9169.67,499.75,7840.44,-7028.45,74.98,1500.34,-6953.47,-5453.13
2871,530.07,1181.91,1514.42,134.04,85.98,-56.25,-953.45,-9280.17,489.25,7896.44,-6999.67,74.06,1542.24,-6925.62,-5383.37
2881,509.91,1170.03,1490.76,128.53,87.78,-72.51,-967.94,-9187.39,494.32,7838.43,-7008.19,75.88,1491.91,-6932.31,-5440.39
2891,479.77,1195.22,1501.82,132.12,72.89,-75.23,-942.21,-9220.55,498.9,7889.33,-7026.94,76.45,1532.06,-6950.49,-5418.43
2901,502.87,1156.08,1507.23,139.0,84.66,-75.28,-951.36,-9171.89,501.87,7886.76,-7056.8,75.69,1579.94,-6981.11,-5401.18
2911,488.41,1158.34,1503.95,126.4,77.37,-70.34,-958.7,-9213.11,499.49,7913.87,-7044.56,76.63,1525.69,-6967.93,-5442.24
2921,481.62,1157.43,1509.47,133.21,80.03,-82.31,-942.81,-9164.7,491.41,7823.94,-7019.6,76.37,1487.29,-6943.24,-5455.95
2931,505.04,1135.17,1502.87,134.17,75.38,-69.1,-965.39,-9090.21,494.26,7865.6,-7098.14,75.12,1587.79,-7023.02,-5435.23
2941,487.98,1134.29,1542.32,126.4,81.64,-64.39,-961.09,-9139.1,507.8,7795.33,-7030.12,73.81,1511.17,-6956.32,-5445.15
2951,479.94,1159.62,1535.59,139.18,74.14,-74.04,-965.87,-9205.01,489.52,7900.13,-7017.75,75.2,1533.19,-6942.55,-5409.36
2961,485.51,1145.35,1519.79,138.27,70.72,-80.59,-927.06,-9240.92,497.83,7811.11,-6960.19,74.01,1420.01,-6886.18,-5466.17
2971,495.58,1116.69,1501.09,125.4,77.95,-65.65,-971.98,-9184.31,482.03,7880.36,-7039.94,74.58,1457.18,-6965.36,-5508.18
2981,491.04,1177.42,1510.73,136.41,70.86,-58.44,-983.77,-9088.33,501.11,7823.62,-7079.68,73.51,1580.63,-7006.17,-5425.53
2991,511.04,1163.78,1498.87,140.19,88.59,-71.86,-947.48,-9157.93,497.87,7807.5,-7031.61,76.29,1530.55,-6955.32,-5424.77
3001,486.01,1185.24,1483.05,131.07,68.88,-76.6,-964.81,-9118.02,486.1,7805.43,-7044.05,74.04,1486.35,-6970.01,-5483.66
3011,491.71,1186.13,1487.2,132.26,73.19,-66.66,-978.86,-9146.35,490.89,7850.26,-7052.42,74.9,1519.76,-6977.52,-5457.75
3021,486.3,1145.53,1536.86,126.29,72.29,-80.04,-956.26,-9144.9,483.62,7849.41,-7060.78,76.06,1519.11,-6984.72,-5465.6
3031,499.89,1159.01,1520.78,129.07,85.63,-56.59,-951.57,-9135.88,495.84,7844.95,-7071.46,76.54,1591.14,-6994.92,-5403.78
3041,500.6,1195.47,1498.54,134.97,71.24,-62.8,-958.18,-9054.96,505.7,7785.23,-7084.38,77.85,1615.81,-7006.53,-5390.72
3051,497.25,1177.51,1487.17,136.59,77.08,-49.83,-947.99,-8766.01,508.43,7765.29,-7343.86,77.44,1885.5,-7266.42,-5380.92
3061,490.07,1192.85,1513.01,131.96,67.13,-70.48,-946.73,-8869.82,487.56,7810.06,-7291.96,77.56,1805.59,-7214.4,-5408.81
3071,519.5,1187.93,1507.09,139.71,81.03,-58.36,-971.07,-8792.46,503.11,7748.44,-7304.92,75.66,1864.91,-7229.26,-5364.35
3081,490.95,1171.08,1508.29,130.4,74.45,-55.92,-985.39,-8918.66,475.15,7823.99,-7242.21,74.31,1714.34,-7167.9,-5453.55
3091,514.47,1147.52,1498.61,132.7,78.0,-59.33,-980.96,-8881.17,476.46,7820.39,-7292.43,74.67,1746.7,-7217.76,-5471.06
3101,482.62,1174.14,1501.65,137.83,75.61,-62.89,-942.56,-8882.48,511.67,7811.86,-7286.52,76.21,1807.44,-7210.31,-5402.87
3111,505.15,1169.41,1498.53,128.05,83.27,-64.23,-966.55,-8956.31,502.71,7786.15,-7228.45,75.26,1686.19,-7153.19,-5467.0
3121,494.48,1155.25,1481.58,125.22,69.19,-69.36,-947.97,-8951.16,497.66,7821.67,-7239.46,74.96,1676.56,-7164.51,-5487.95
3131,474.38,1172.8,1511.69,136.88,77.42,-59.3,-965.09,-8835.38,509.96,7809.23,-7309.97,75.79,1832.59,-7234.18,-5401.59
3141,494.33,1147.02,1506.02,133.48,80.12,-58.35,-953.94,-8874.85,493.97,7861.7,-7317.73,77.63,1829.49,-7240.1,-5410.61
3151,482.66,1094.29,1499.85,125.02,74.59,-54.42,-978.48,-9064.62,490.64,7894.01,-7152.57,74.52,1563.53,-7078.05,-5514.52
3161,501.44,1200.58,1515.64,132.83,67.33,-70.64,-971.41,-8932.91,492.7,7794.23,-7226.72,74.11,1729.8,-7152.6,-5422.81
3171,473.55,1190.78,1502.99,136.78,83.38,-62.89,-967.48,-8963.28,493.64,7814.33,-7227.7,74.82,1701.79,-7152.89,-5451.1
3181,485.17,1173.25,1467.5,131.1,74.59,-54.33,-934.0,-8773.22,494.46,7799.2,-7420.11,76.41,1863.73,-7343.7,-5479.97
3191,486.02,1181.56,1483.12,131.81,77.07,-57.97,-943.6,-8809.85,498.7,7794.87,-7376.85,75.02,1841.74,-7301.83,-5460.09
3201,480.97,1215.79,1464.33,142.48,67.4,-62.61,-955.9,-8769.43,493.32,7901.2,-7470.69,74.71,1977.55,-7395.98,-5418.43
3211,493.42,1194.28,1494.33,135.97,81.61,-75.66,-949.27,-8970.08,518.27,7850.15,-7232.55,73.12,1773.01,-7159.44,-5386.42
3221,502.67,1202.33,1488.7,133.4,80.23,-61.56,-951.71,-8699.39,497.26,7782.88,-7484.6,74.1,1974.81,-7410.5,-5435.69
3231,497.19,1170.08,1527.76,139.8,81.33,-61.23,-964.79,-8915.81,504.94,7794.38,-7242.62,74.91,1773.65,-7167.71,-5394.06
3241,476.12,1162.18,1489.82,124.41,82.8,-60.76,-948.28,-8781.38,499.55,7772.08,-7371.74,74.79,1816.54,-7296.96,-5480.42
3251,464.48,1159.86,1491.91,135.25,73.63,-77.59,-942.98,-8984.41,524.46,7777.54,-7169.59,75.89,1622.15,-7093.7,-5471.56
3261,498.04,1205.99,1481.07,133.15,83.82,-64.58,-981.61,-8929.09,490.66,7768.13,-7189.76,73.33,1685.57,-7116.43,-5430.86
3271,498.26,1191.59,1501.39,132.18,75.52,-64.38,-955.76,-9088.91,472.48,7742.64,-7058.74,72.66,1505.02,-6986.07,-5481.06
3281,483.28,1156.66,1503.39,127.04,84.92,-65.12,-962.4,-9079.66,508.76,7819.0,-7113.38,73.71,1575.87,-7039.66,-5463.79
3291,474.87,1119.56,1513.1,124.92,65.54,-69.86,-931.64,-9129.98,527.63,7802.41,-7059.81,72.8,1496.55,-6987.0,-5490.46
3301,510.52,1141.36,1487.31,127.72,67.42,-78.01,-955.96,-9042.96,509.36,7824.05,-7151.86,74.11,1590.81,-7077.75,-5486.93
3311,490.5,1141.28,1497.77,135.66,76.73,-66.52,-949.13,-9015.17,505.26,7837.64,-7186.05,74.64,1654.02,-7111.41,-5457.39
3321,494.66,1139.02,1491.12,144.06,79.97,-67.37,-954.65,-9107.11,497.16,7793.92,-7055.07,73.53,1510.79,-6981.54,-5470.75
3331,505.2,1157.11,1479.64,131.46,77.84,-50.54,-942.81,-9181.08,502.36,7855.66,-7048.68,73.65,1534.83,-6975.03,-5440.21
3341,507.6,1136.56,1474.77,131.23,70.19,-53.44,-949.77,-9194.55,504.07,7833.87,-7017.14,73.87,1460.53,-6943.27,-5482.74
3351,515.76,1148.52,1489.66,138.28,58.68,-50.52,-957.37,-9116.07,491.57,7812.5,-7065.26,74.85,1531.02,-6990.41,-5459.39
3361,504.9,1130.93,1472.97,133.79,74.95,-55.81,-965.76,-9163.07,493.57,7822.57,-7021.74,74.22,1449.05,-6947.52,-5498.47
3371,498.25,1152.91,1512.44,133.25,78.22,-62.65,-985.02,-9155.24,489.57,7882.29,-7048.82,72.91,1544.03,-6975.91,-5431.89
3381,486.53,1153.04,1501.25,129.95,83.19,-62.85,-958.13,-9171.54,510.94,7890.22,-7068.73,73.4,1562.61,-6995.32,-5432.72
3391,492.59,1127.62,1494.61,123.54,77.01,-56.62,-964.17,-9133.13,504.96,7849.49,-7080.63,73.88,1515.91,-7006.75,-5490.85
3401,498.61,1149.57,1470.81,124.85,72.98,-58.56,-963.59,-9184.27,489.59,7869.37,-7039.44,73.56,1469.36,-6965.89,-5496.53
3411,476.6,1211.42,1511.96,127.44,70.29,-62.37,-982.26,-9251.1,504.4,7864.1,-6967.41,73.62,1470.48,-6893.79,-5423.31
3421,489.26,1128.63,1519.83,127.0,80.78,-57.02,-968.58,-9173.85,501.0,7813.65,-7018.76,73.87,1460.72,-6944.9,-5484.17
3431,480.08,1189.19,1480.65,133.24,76.3,-62.29,-959.72,-9152.92,499.99,7768.46,-7004.06,73.99,1452.97,-6930.07,-5477.1
3441,510.82,1171.36,1482.01,134.0,74.7,-52.41,-956.88,-9153.84,496.89,7852.9,-7069.77,73.16,1559.55,-6996.61,-5437.06
3451,475.6,1158.0,1490.39,132.27,82.89,-58.45,-969.55,-9148.14,498.54,7827.99,-7045.21,72.71,1489.54,-6972.51,-5482.97
3461,537.95,1177.62,1489.81,134.6,79.43,-55.72,-956.98,-9052.05,505.99,7821.26,-7132.78,73.44,1681.91,-7059.34,-5377.42
3471,492.84,1148.3,1525.05,131.41,75.45,-68.47,-960.66,-9125.5,497.62,7873.06,-7114.05,71.97,1589.1,-7042.09,-5452.98
3481,487.92,1145.74,1483.32,128.91,74.36,-57.24,-971.44,-9044.66,493.13,7755.83,-7094.1,73.47,1495.86,-7020.64,-5524.78
3491,537.27,1151.25,1480.3,123.19,72.55,-62.11,-959.81,-9130.8,475.07,7773.2,-7031.41,73.81,1460.13,-6957.61,-5497.48
3501,488.8,1185.54,1511.7,129.84,75.85,-67.24,-968.76,-9099.64,500.13,7764.25,-7062.99,73.63,1520.47,-6989.36,-5468.89
3511,543.69,1185.59,1487.46,133.25,71.25,-64.56,-946.39,-9224.71,500.73,7773.72,-6945.3,71.54,1460.04,-6873.76,-5413.72
3521,510.6,1170.23,1492.44,133.03,81.46,-67.0,-960.5,-9200.83,496.42,7847.64,-7013.29,73.59,1503.47,-6939.7,-5436.23
3531,498.27,1170.22,1488.51,136.71,69.67,-57.15,-963.74,-9101.54,504.43,7751.45,-7007.79,73.35,1496.84,-6934.44,-5437.6
3541,473.2,1134.59,1499.18,132.1,82.78,-45.72,-953.71,-9210.37,496.59,7837.4,-6996.15,74.45,1446.03,-6921.7,-5475.67
3551,511.56,1132.16,1484.61,130.4,84.63,-54.71,-952.65,-9147.15,494.39,7850.94,-7048.27,74.37,1534.17,-6973.9,-5439.73
3561,490.91,1208.25,1489.89,131.48,84.89,-50.85,-951.14,-9141.9,507.13,7796.69,-7035.79,75.37,1565.36,-6960.42,-5395.06
3571,512.6,1150.65,1459.56,131.24,70.26,-47.9,-956.55,-9248.04,489.54,7835.27,-6932.9,76.12,1396.62,-6856.78,-5460.16
3581,492.61,1199.08,1487.21,135.63,80.78,-61.52,-943.45,-9034.76,507.64,7784.42,-7133.03,75.54,1647.64,-7057.49,-5409.84
3591,477.32,1148.13,1492.83,136.83,73.64,-72.88,-940.82,-9117.62,508.91,7838.77,-7075.55,74.72,1545.12,-7000.83,-5455.71
3601,511.62,1171.7,1464.4,129.0,78.79,-73.29,-952.42,-9179.34,490.47,7815.72,-7008.18,75.13,1456.67,-6933.05,-5476.38
3611,487.25,1230.44,1497.86,141.6,75.23,-66.81,-978.92,-9059.01,511.16,7795.77,-7067.1,75.51,1634.57,-6991.58,-5357.02
3621,517.46,1161.61,1510.64,128.32,78.63,-55.27,-954.34,-9089.78,477.78,7788.07,-7076.73,75.72,1563.13,-7001.01,-5437.89
3631,496.66,1148.14,1482.49,123.73,64.95,-63.59,-929.06,-9046.31,494.62,7790.05,-7148.4,75.37,1561.67,-7073.03,-5511.36
3641,509.52,1191.57,1492.74,145.7,81.28,-70.08,-948.93,-9033.2,501.92,7784.36,-7137.01,75.23,1654.88,-7061.78,-5406.9
3651,508.68,1180.18,1520.29,130.09,76.93,-61.66,-938.66,-8919.38,509.94,7830.8,-7270.17,76.32,1837.2,-7193.85,-5356.66
3661,517.21,1149.13,1521.58,135.19,74.57,-73.91,-946.47,-9024.77,503.18,7760.37,-7117.06,75.04,1616.09,-7042.02,-5425.93
3671,515.78,1142.28,1510.45,130.11,77.37,-67.49,-948.81,-9061.71,510.98,7841.1,-7112.23,74.69,1650.06,-7037.54,-5387.48
3681,454.94,1154.91,1471.1,128.1,78.4,-60.66,-964.91,-9025.4,494.08,7823.67,-7133.48,74.13,1554.24,-7059.35,-5505.11
3691,512.45,1254.97,1486.58,133.56,77.7,-57.85,-968.99,-9072.88,500.14,7773.96,-7047.27,75.79,1639.65,-6971.48,-5331.83
3701,500.8,1124.14,1496.47,126.94,67.96,-68.69,-958.95,-9126.92,505.38,7801.57,-7029.68,73.93,1468.69,-6955.75,-5487.06
3711,518.72,1166.93,1507.37,130.32,73.63,-72.27,-956.21,-9093.15,505.46,7753.4,-7032.55,74.09,1534.21,-6958.47,-5424.26
3721,476.18,1135.0,1480.19,124.83,69.25,-60.21,-961.28,-9075.92,501.46,7776.69,-7062.66,74.9,1466.19,-6987.76,-5521.58
3731,522.32,1205.57,1498.46,142.39,77.89,-69.18,-967.29,-9167.25,496.77,7754.06,-6959.27,75.84,1493.75,-6883.44,-5389.69
3741,540.93,1195.84,1492.78,139.62,69.3,-64.69,-968.97,-9145.96,495.09,7726.29,-6970.79,75.79,1480.24,-6894.99,-5414.76
3751,498.82,1167.68,1488.96,133.6,79.84,-54.76,-937.78,-9041.93,489.74,7758.37,-7096.88,75.92,1582.53,-7020.95,-5438.42
3761,521.68,1147.7,1499.11,132.58,82.76,-61.56,-925.96,-9101.48,496.39,7811.58,-7098.37,76.79,1602.79,-7021.59,-5418.79
3771,501.1,1199.57,1475.72,124.23,76.54,-49.7,-957.83,-9126.23,498.22,7805.22,-7040.27,74.59,1546.84,-6965.68,-5418.84
3781,525.74,1204.74,1492.93,138.58,70.67,-60.24,-971.24,-8998.42,491.3,7753.28,-7128.87,74.98,1647.33,-7053.89,-5406.56
3791,490.88,1136.96,1469.02,132.36,63.58,-59.44,-954.07,-9138.46,501.99,7828.85,-7046.75,73.51,1471.66,-6973.24,-5501.57
3801,490.95,1185.22,1488.13,133.21,85.32,-50.58,-949.1,-8925.85,503.83,7743.41,-7202.8,75.53,1704.54,-7127.27,-5422.73
3811,499.4,1113.95,1492.44,127.24,80.15,-58.58,-964.08,-8972.09,500.13,7809.68,-7201.49,74.89,1628.24,-7126.6,-5498.36
3821,485.46,1147.09,1497.99,132.56,77.53,-70.33,-955.54,-9087.41,515.03,7792.87,-7076.9,74.75,1535.25,-7002.15,-5466.9
3831,480.51,1174.19,1488.02,135.06,69.82,-65.12,-964.87,-9070.57,500.69,7817.63,-7080.06,73.29,1565.37,-7006.77,-5441.4
3841,509.35,1197.4,1465.09,139.52,79.74,-57.67,-969.48,-9009.0,490.88,7812.32,-7167.02,75.13,1658.16,-7091.9,-5433.74
3851,492.05,1110.85,1487.75,131.1,82.57,-54.45,-982.49,-9076.46,501.35,7818.49,-7116.13,73.94,1510.76,-7042.19,-5531.43
3861,510.06,1176.25,1508.4,127.42,75.04,-67.71,-937.36,-9149.46,504.83,7838.22,-7043.81,75.14,1585.7,-6968.67,-5382.98
3871,496.65,1170.65,1508.34,137.22,71.04,-58.65,-963.01,-9217.49,503.69,7838.3,-6977.98,73.34,1486.75,-6904.64,-5417.89
3881,478.88,1166.15,1480.68,127.21,75.02,-59.66,-970.84,-9168.24,506.56,7841.11,-7030.41,75.77,1476.88,-6954.65,-5477.76
3891,495.24,1183.9,1499.98,143.41,73.97,-62.44,-976.74,-9060.33,503.59,7794.59,-7112.49,74.61,1595.17,-7037.87,-5442.7
3901,526.43,1189.56,1485.12,134.6,68.91,-63.5,-965.56,-9042.85,477.66,7769.89,-7121.82,73.94,1580.26,-7047.88,-5467.62
3911,505.31,1204.73,1495.13,131.25,74.5,-68.31,-979.3,-9079.66,501.29,7780.18,-7070.22,75.23,1565.11,-6994.99,-5429.88
3921,490.76,1165.19,1482.95,130.22,73.61,-49.35,-962.61,-9231.2,502.12,7826.84,-6968.49,74.92,1428.53,-6893.57,-5465.04
3931,498.39,1176.95,1504.78,139.33,68.72,-53.98,-962.38,-9121.49,498.35,7827.31,-7066.65,75.57,1575.99,-6991.08,-5415.08
3941,487.68,1134.23,1477.18,127.8,77.31,-47.26,-971.65,-8955.66,510.37,7787.02,-7180.91,74.83,1627.02,-7106.08,-5479.07
3951,495.99,1166.92,1479.09,130.24,81.85,-64.61,-993.5,-8884.13,502.11,7844.02,-7290.13,73.19,1757.96,-7216.94,-5458.98
3961,488.65,1123.42,1505.64,131.67,76.21,-61.21,-989.37,-8887.23,502.1,7835.28,-7284.85,73.16,1725.16,-7211.68,-5486.52
3971,461.5,1182.34,1498.72,130.63,74.4,-65.13,-945.27,-8890.49,490.25,7816.33,-7291.67,74.67,1753.28,-7217.01,-5463.73
3981,486.16,1176.75,1496.77,136.19,64.25,-54.61,-945.23,-8910.98,511.38,7842.35,-7273.01,75.23,1803.04,-7197.78,-5394.74
3991,500.97,1164.2,1484.04,129.8,73.38,-72.29,-952.76,-8801.66,503.75,7772.56,-7349.33,76.15,1801.99,-7273.18,-5471.19
4001,503.03,1199.62,1503.51,134.13,63.74,-54.29,-940.92,-9061.38,493.86,7758.89,-7084.79,75.03,1600.19,-7009.76,-5409.57

Ligand Energy Terms
Frame #,BOND,ANGLE,DIHED,UB,IMP,CMAP,VDWAALS,EEL,1-4 VDW,1-4 EEL,EGB,ESURF,GGAS,GSOLV,TOTAL
1,8.49,17.52,49.34,4.38,1.39,0.0,-3.62,28.05,15.05,-51.1,-18.72,2.74,69.5,-15.97,53.53
11,8.77,19.23,50.37,3.69,0.02,0.0,-2.26,27.25,17.32,-49.95,-18.2,2.73,74.43,-15.47,58.96
21,7.79,17.98,52.89,3.09,0.08,0.0,-3.88,28.46,16.81,-49.39,-18.62,2.7,73.82,-15.92,57.9
31,12.73,20.97,48.67,4.61,1.0,0.0,-4.64,27.11,15.73,-50.13,-19.31,2.72,76.06,-16.59,59.47
41,9.3,17.5,49.62,2.85,0.85,0.0,-3.33,27.0,15.52,-49.42,-18.47,2.75,69.89,-15.72,54.18
51,7.75,15.58,49.87,3.39,0.99,0.0,-3.62,26.54,15.55,-50.02,-17.89,2.71,66.03,-15.17,50.86
61,9.94,14.51,54.2,3.72,0.34,0.0,-4.73,27.47,17.39,-50.24,-19.59,2.77,72.59,-16.82,55.77
71,7.44,16.62,52.4,3.91,0.25,0.0,-3.24,27.21,15.62,-48.34,-19.31,2.76,71.86,-16.55,55.31
81,8.55,20.1,51.18,4.17,5.9,0.0,-2.4,25.43,17.02,-48.34,-18.17,2.74,81.61,-15.43,66.18
91,7.83,21.09,49.62,5.08,0.35,0.0,-1.45,26.75,18.28,-49.15,-18.8,2.72,78.41,-16.07,62.33
101,6.97,18.86,51.54,4.03,0.53,0.0,-3.54,24.99,18.84,-46.57,-18.76,2.75,75.65,-16.01,59.64
111,11.06,20.87,48.36,4.04,0.1,0.0,-2.96,27.68,15.67,-52.43,-18.22,2.7,72.4,-15.52,56.88
121,12.26,17.95,54.1,3.58,1.7,0.0,-2.09,26.84,16.14,-49.93,-17.95,2.72,80.57,-15.23,65.33
131,9.86,22.04,50.38,4.88,1.79,0.0,-4.59,26.92,13.98,-48.11,-19.45,2.73,77.13,-16.71,60.42
141,7.47,14.98,47.87,3.79,1.4,0.0,-0.97,27.22,19.68,-50.82,-17.96,2.73,70.62,-15.23,55.38
151,9.96,25.01,53.08,6.29,0.2,0.0,-1.35,29.03,16.86,-53.86,-19.42,2.75,85.21,-16.67,68.54
161,14.31,17.59,52.98,5.38,0.36,0.0,-1.89,26.79,15.94,-48.61,-19.44,2.73,82.86,-16.71,66.15
171,10.04,18.63,51.67,3.75,0.08,0.0,-3.01,27.49,16.72,-50.37,-18.91,2.75,75.0,-16.15,58.85
181,11.77,15.62,54.74,3.73,0.48,0.0,-2.31,27.44,18.48,-52.43,-17.93,2.72,77.51,-15.21,62.3
191,10.7,16.82,48.41,3.32,0.12,0.0,-3.23,26.83,16.79,-51.37,-17.81,2.72,68.4,-15.08,53.32
201,9.8,19.38,48.2,4.63,1.2,0.0,-3.01,26.63,17.77,-50.68,-18.22,2.73,73.91,-15.49,58.42
211,4.67,20.86,49.59,5.55,0.36,0.0,-1.51,27.52,19.23,-51.88,-18.45,2.71,74.39,-15.74,58.65
221,11.59,17.5,49.75,4.63,0.09,0.0,-2.86,27.27,14.23,-50.65,-18.17,2.74,71.56,-15.43,56.13
231,8.65,17.96,49.52,4.26,0.52,0.0,-4.22,26.21,16.82,-47.89,-19.07,2.74,71.83,-16.33,55.5
241,8.93,18.9,49.84,4.59,0.22,0.0,-3.53,28.71,16.04,-52.96,-18.12,2.73,70.74,-15.39,55.36
251,9.57,17.45,52.02,3.89,0.54,0.0,-3.94,26.92,14.31,-47.06,-19.66,2.77,73.7,-16.9,56.8
261,11.23,15.95,52.64,2.46,0.41,0.0,-3.18,27.62,16.43,-50.74,-18.84,2.75,72.83,-16.09,56.74
271,12.7,19.3,50.31,3.89,0.62,0.0,-3.56,26.26,15.96,-49.15,-18.73,2.76,76.32,-15.97,60.35
281,11.99,21.97,52.54,4.87,1.5,0.0,-4.81,27.87,16.09,-50.62,-19.33,2.71,81.37,-16.62,64.75
291,10.4,18.02,53.6,3.58,0.76,0.0,-5.72,24.62,15.56,-46.69,-18.34,2.72,74.12,-15.62,58.51
301,9.26,16.84,55.31,3.71,0.16,0.0,-3.31,26.12,17.42,-48.04,-19.11,2.72,77.47,-16.39,61.07
311,9.72,17.58,52.84,3.81,0.5,0.0,-4.13,28.46,18.9,-50.03,-19.3,2.74,77.65,-16.56,61.09
321,7.01,14.05,49.4,4.0,4.13,0.0,-1.76,25.35,16.82,-48.26,-18.3,2.68,70.74,-15.61,55.13
331,7.37,16.47,52.34,4.01,0.91,0.0,-3.89,26.17,16.43,-46.72,-18.41,2.72,73.09,-15.68,57.41
341,14.78,13.79,48.95,3.2,0.25,0.0,-0.87,26.16,14.67,-50.11,-18.55,2.7,70.83,-15.86,54.97
351,8.34,21.15,49.96,5.03,3.75,0.0,-4.88,24.8,15.62,-45.01,-18.92,2.67,78.76,-16.26,62.51
361,8.74,16.63,50.38,4.13,0.15,0.0,-3.2,25.39,16.08,-47.77,-18.39,2.71,70.53,-15.67,54.86
371,6.89,17.58,48.35,4.57,0.79,0.0,-3.74,25.73,17.44,-48.1,-18.89,2.72,69.5,-16.17,53.33
381,9.91,17.87,49.0,4.44,1.12,0.0,-3.95,24.45,15.03,-45.57,-18.45,2.71,72.3,-15.74,56.56
391,9.55,13.32,51.2,3.99,0.05,0.0,-4.17,26.24,16.32,-47.63,-19.19,2.69,68.88,-16.5,52.38
401,8.96,13.23,48.32,2.26,0.04,0.0,-4.35,23.89,14.12,-45.06,-18.57,2.71,61.42,-15.86,45.56
411,6.33,15.26,50.8,3.38,1.1,0.0,-3.85,25.8,18.47,-46.79,-18.66,2.71,70.5,-15.95,54.55
421,9.76,16.95,47.74,5.08,0.82,0.0,-4.1,23.68,17.42,-45.86,-18.02,2.74,71.47,-15.28,56.2
431,10.98,20.6,52.15,4.61,0.43,0.0,-5.58,25.1,16.7,-45.72,-19.37,2.69,79.27,-16.68,62.59
441,9.13,20.37,51.9,3.94,1.35,0.0,-4.19,27.07,16.08,-50.49,-19.08,2.73,75.15,-16.35,58.8
451,6.43,17.97,48.99,3.91,0.56,0.0,-3.63,23.33,15.74,-45.06,-18.16,2.74,68.24,-15.42,52.82
461,8.03,19.19,51.6,4.93,0.04,0.0,-4.84,27.38,17.03,-50.62,-18.72,2.72,72.73,-16.01,56.72
471,8.02,22.47,53.39,4.23,1.0,0.0,-5.59,24.46,17.09,-46.02,-18.72,2.72,79.06,-16.0,63.06
481,13.1,26.33,51.28,6.88,0.38,0.0,-5.44,25.44,14.02,-48.49,-19.69,2.73,83.51,-16.96,66.55
491,12.9,19.29,53.29,5.83,0.04,0.0,-5.37,26.01,16.89,-49.08,-18.95,2.75,79.78,-16.2,63.58
501,5.95,23.06,49.82,5.01,0.23,0.0,-3.21,24.94,19.14,-47.13,-18.85,2.71,77.82,-16.14,61.67
511,6.73,14.39,54.06,3.11,0.38,0.0,-2.24,25.92,17.07,-49.36,-18.35,2.71,70.06,-15.64,54.42
521,8.74,16.33,50.5,5.97,0.63,0.0,-3.46,25.11,19.47,-45.97,-18.7,2.73,77.32,-15.97,61.35
531,9.24,19.22,49.0,3.93,0.36,0.0,-4.06,26.98,14.79,-49.2,-19.13,2.71,70.26,-16.42,53.84
541,10.75,18.95,49.57,3.9,0.43,0.0,-2.17,26.5,15.87,-48.4,-19.39,2.74,75.41,-16.64,58.76
551,7.47,15.98,50.12,4.25,1.1,0.0,-5.23,25.4,16.86,-46.66,-19.34,2.73,69.3,-16.61,52.69
561,8.0,14.02,55.92,3.77,1.49,0.0,-4.22,25.21,16.46,-46.69,-18.68,2.71,73.96,-15.98,57.98
571,11.11,13.11,52.66,3.74,0.26,0.0,-1.88,28.27,15.6,-50.79,-18.7,2.71,72.09,-15.99,56.1
581,9.26,15.17,50.73,3.24,0.02,0.0,-2.85,24.96,15.84,-47.76,-18.7,2.71,68.62,-15.99,52.63
591,7.63,24.06,50.23,3.21,1.09,0.0,-4.48,27.74,15.98,-52.82,-18.45,2.73,72.62,-15.71,56.91
601,17.74,17.14,49.52,3.81,0.23,0.0,-2.69,27.69,17.49,-51.92,-17.81,2.73,79.01,-15.08,63.93
611,6.85,18.47,49.28,4.47,1.55,0.0,-3.57,27.19,16.91,-49.75,-18.61,2.74,71.42,-15.87,55.55
621,11.02,18.54,52.1,3.23,1.97,0.0,-3.53,27.7,14.8,-50.13,-19.04,2.74,75.7,-16.31,59.39
631,9.74,15.22,52.1,3.94,0.07,0.0,-3.5,26.59,16.8,-49.21,-18.36,2.74,71.76,-15.62,56.14
641,5.28,17.76,48.34,3.05,0.28,0.0,-3.5,28.41,17.24,-50.95,-18.43,2.73,65.9,-15.7,50.2
651,9.93,14.94,50.23,4.0,0.01,0.0,-2.07,26.49,15.42,-50.41,-18.09,2.75,68.55,-15.34,53.21
661,10.8,20.07,55.02,2.78,0.01,0.0,-4.53,26.74,17.01,-50.29,-18.81,2.73,77.62,-16.07,61.55
671,10.05,18.17,52.17,3.83,0.29,0.0,-3.47,27.15,16.75,-50.03,-18.46,2.73,74.91,-15.74,59.18
681,12.49,20.06,49.28,4.17,0.66,0.0,-2.89,27.28,16.57,-49.84,-19.43,2.76,77.79,-16.67,61.12
691,16.19,21.25,50.69,4.48,0.26,0.0,-3.2,27.06,15.64,-52.16,-18.84,2.72,80.23,-16.12,64.11
701,8.94,20.07,49.98,4.2,0.31,0.0,-4.78,24.48,17.95,-45.87,-18.73,2.71,75.29,-16.02,59.26
711,9.56,19.76,50.9,4.76,1.47,0.0,-4.35,26.61,14.33,-48.61,-19.61,2.73,74.42,-16.88,57.54
721,8.93,19.8,47.05,3.11,0.06,0.0,-4.42,26.43,15.46,-48.3,-18.34,2.74,68.12,-15.6,52.52
731,5.54,19.36,53.64,4.46,2.16,0.0,-2.62,27.35,16.52,-50.51,-17.86,2.71,75.9,-15.15,60.75
741,6.54,17.43,48.62,3.54,0.12,0.0,-3.1,26.95,19.21,-50.81,-18.18,2.74,68.52,-15.45,53.07
751,6.79,22.15,51.83,5.62,1.15,0.0,-2.71,28.19,16.68,-51.44,-18.76,2.74,78.26,-16.03,62.23
761,7.18,15.73,51.2,3.8,0.19,0.0,-3.24,27.16,17.63,-50.44,-18.59,2.75,69.21,-15.84,53.37
771,7.53,19.91,52.12,4.77,0.16,0.0,0.07,27.65,16.14,-51.19,-18.31,2.72,77.16,-15.59,61.57
781,6.0,21.37,51.87,3.46,0.49,0.0,-2.01,23.34,17.03,-46.35,-18.3,2.69,75.21,-15.61,59.6
791,7.88,12.91,49.31,4.5,0.26,0.0,-5.3,25.08,15.45,-47.16,-19.6,2.73,62.93,-16.88,46.05
801,7.81,18.95,51.78,4.38,1.16,0.0,-5.67,25.85,14.78,-46.16,-19.9,2.76,72.86,-17.13,55.73
811,11.6,20.87,51.1,4.84,0.15,0.0,-3.74,26.52,16.2,-49.13,-19.03,2.73,78.42,-16.3,62.12
821,13.5,16.4,52.08,3.41,1.96,0.0,-3.84,29.45,18.39,-52.34,-19.54,2.74,79.02,-16.8,62.22
831,6.59,19.17,50.28,3.09,0.38,0.0,-4.43,27.09,16.65,-50.44,-18.11,2.73,68.39,-15.38,53.01
841,7.39,18.93,48.16,3.42,1.12,0.0,-4.52,26.63,21.07,-48.16,-18.7,2.74,74.04,-15.96,58.08
851,13.91,15.64,51.92,2.79,1.68,0.0,-3.0,27.98,14.32,-51.37,-18.95,2.72,73.87,-16.23,57.64
861,6.56,18.52,51.17,4.38,0.3,0.0,-3.59,28.12,18.89,-51.1,-18.77,2.73,73.25,-16.04,57.21
871,9.2,15.79,52.1,2.67,0.86,0.0,-3.68,27.08,17.13,-49.94,-19.02,2.76,71.21,-16.27,54.95
881,12.73,14.98,53.1,3.6,0.46,0.0,-4.12,26.52,14.22,-47.16,-19.94,2.75,74.34,-17.19,57.15
891,10.73,17.29,51.72,3.99,0.84,0.0,-0.34,27.76,17.77,-51.41,-19.35,2.72,78.34,-16.63,61.71
901,12.04,19.05,49.61,3.37,0.28,0.0,-3.89,26.43,15.54,-48.54,-19.07,2.73,73.88,-16.34,57.54
911,7.46,16.52,53.38,4.08,0.09,0.0,-4.29,26.51,18.05,-47.37,-18.84,2.73,74.42,-16.11,58.31
921,10.41,16.6,48.19,4.36,0.08,0.0,-1.0,27.52,16.17,-50.64,-18.23,2.72,71.69,-15.51,56.18
931,12.21,14.04,48.22,2.6,0.06,0.0,0.33,26.3,15.64,-51.83,-17.97,2.76,67.56,-15.22,52.35
941,10.02,19.18,49.06,4.76,0.0,0.0,-4.35,26.82,17.56,-49.38,-18.48,2.75,73.67,-15.73,57.94
951,10.31,19.43,50.61,4.42,0.43,0.0,-2.23,29.3,15.91,-54.39,-18.83,2.74,73.78,-16.09,57.69
961,7.2,15.36,47.1,3.96,1.66,0.0,-4.34,26.26,16.62,-47.87,-18.5,2.75,65.96,-15.74,50.22
971,12.11,20.79,51.8,4.93,0.03,0.0,-2.09,27.4,16.3,-52.54,-18.41,2.74,78.71,-15.67,63.05
981,6.48,16.96,52.4,3.74,1.93,0.0,-3.57,25.8,18.58,-49.94,-18.21,2.74,72.38,-15.47,56.91
991,9.32,18.66,52.42,4.04,1.51,0.0,-3.5,26.05,15.23,-47.69,-18.88,2.73,76.04,-16.15,59.89
1001,7.1,15.35,54.19,4.02,2.24,0.0,-4.71,27.11,19.91,-48.66,-18.78,2.73,76.55,-16.04,60.5
1011,7.03,24.03,49.92,4.06,0.13,0.0,-4.82,25.43,17.51,-47.91,-18.78,2.69,75.39,-16.09,59.29
1021,18.0,19.18,50.01,3.41,0.92,0.0,-5.01,25.64,14.65,-47.57,-19.13,2.71,79.23,-16.41,62.82
1031,11.05,18.65,51.26,4.35,0.49,0.0,-4.7,27.79,15.73,-47.39,-19.9,2.72,77.22,-17.18,60.05
1041,12.96,15.98,49.98,5.15,1.11,0.0,-5.91,24.53,15.18,-46.04,-19.26,2.75,72.94,-16.51,56.44
1051,7.22,16.04,48.69,3.53,0.61,0.0,-1.37,27.85,16.07,-51.86,-17.91,2.72,66.78,-15.2,51.58
1061,7.23,22.04,49.49,5.51,0.19,0.0,-4.85,26.52,14.82,-49.0,-19.12,2.72,71.94,-16.4,55.54
1071,13.67,24.6,52.07,6.1,0.63,0.0,-4.75,23.55,13.53,-42.64,-19.92,2.81,86.76,-17.11,69.64
1081,9.73,16.52,52.33,2.83,0.21,0.0,-2.96,27.17,14.5,-49.2,-18.76,2.71,71.14,-16.04,55.1
1091,5.57,20.87,51.95,3.91,0.05,0.0,-4.18,26.27,17.6,-50.16,-19.01,2.72,71.89,-16.29,55.6
1101,10.36,15.79,50.38,3.05,0.1,0.0,-3.25,28.22,17.35,-50.74,-18.24,2.71,71.25,-15.53,55.72
1111,12.27,26.78,55.54,5.59,0.26,0.0,-3.38,26.76,15.0,-48.6,-18.69,2.72,90.22,-15.97,74.25
1121,11.1,20.54,50.52,5.16,0.34,0.0,-3.72,28.52,17.34,-53.39,-18.89,2.74,76.4,-16.15,60.25
1131,8.28,16.96,52.38,4.64,0.68,0.0,-2.88,26.39,19.79,-48.57,-19.06,2.74,77.67,-16.32,61.35
1141,8.57,15.1,50.74,4.14,1.44,0.0,-3.86,26.07,18.62,-48.86,-18.11,2.73,71.98,-15.38,56.59
1151,6.46,14.49,49.08,3.52,0.63,0.0,-1.43,26.12,16.52,-49.05,-18.77,2.77,66.34,-16.01,50.33
1161,7.85,16.24,48.94,3.77,0.3,0.0,-3.02,27.13,18.32,-50.25,-18.41,2.75,69.29,-15.66,53.63
1171,10.18,19.83,49.57,4.25,1.07,0.0,-3.2,25.75,16.14,-48.61,-18.42,2.74,74.97,-15.68,59.29
1181,10.76,18.74,49.57,4.02,0.74,0.0,-4.05,25.72,17.88,-48.67,-18.31,2.74,74.71,-15.57,59.14
1191,7.32,17.83,48.32,4.34,1.25,0.0,-4.25,27.25,16.16,-49.56,-19.25,2.74,68.66,-16.51,52.15
1201,7.27,18.17,50.2,4.08,0.49,0.0,-3.59,26.32,17.9,-47.31,-18.47,2.74,73.53,-15.73,57.8
1211,9.25,19.13,55.48,4.51,0.76,0.0,-4.38,28.92,14.67,-50.26,-19.08,2.74,78.08,-16.34,61.74
1221,11.04,22.86,50.35,3.96,1.09,0.0,-2.32,28.74,15.27,-53.63,-18.13,2.74,77.36,-15.39,61.97
1231,10.52,19.54,48.95,3.79,0.05,0.0,-2.19,27.08,17.66,-50.32,-18.29,2.74,75.08,-15.55,59.52
1241,10.72,18.11,48.54,4.04,2.48,0.0,-3.94,25.89,15.89,-50.35,-17.98,2.72,71.38,-15.26,56.13
1251,10.5,22.97,49.9,4.34,0.21,0.0,-1.66,28.51,19.69,-54.32,-18.31,2.75,80.14,-15.57,64.57
1261,7.68,15.9,49.92,3.19,0.03,0.0,-3.4,28.97,17.38,-52.03,-18.34,2.7,67.63,-15.64,51.99
1271,5.85,23.38,51.44,6.57,1.72,0.0,-1.8,27.02,16.5,-51.87,-17.85,2.73,78.81,-15.13,63.68
1281,10.78,15.42,52.09,4.33,0.01,0.0,-3.12,25.7,17.16,-48.44,-19.22,2.75,73.91,-16.47,57.44
1291,11.66,17.69,49.29,4.7,0.93,0.0,-3.91,26.28,16.4,-48.83,-19.17,2.75,74.21,-16.42,57.79
1301,11.9,16.22,50.04,4.18,0.14,0.0,-3.67,26.74,16.37,-50.85,-18.31,2.74,71.07,-15.56,55.51
1311,10.41,13.63,51.9,3.38,0.17,0.0,-3.79,27.09,18.2,-48.15,-18.1,2.73,72.83,-15.37,57.47
1321,12.41,11.72,50.96,3.55,0.71,0.0,-2.88,27.99,16.31,-50.32,-18.78,2.71,70.45,-16.07,54.39
1331,8.77,22.16,49.08,3.64,0.9,0.0,-2.44,26.41,16.81,-50.4,-18.74,2.71,74.94,-16.03,58.91
1341,11.24,18.73,48.67,5.2,0.81,0.0,-2.5,27.57,14.5,-49.09,-18.26,2.73,75.15,-15.53,59.62
1351,11.84,13.48,53.18,4.31,0.91,0.0,-4.4,25.79,17.21,-47.97,-19.5,2.76,74.37,-16.74,57.62
1361,8.73,13.86,49.6,2.71,0.0,0.0,-2.82,27.88,16.61,-50.01,-19.38,2.75,66.56,-16.63,49.92
1371,9.88,23.6,47.94,7.0,0.4,0.0,-2.5,26.54,18.0,-49.96,-19.32,2.7,80.89,-16.61,64.28
1381,9.34,16.89,48.76,4.07,0.24,0.0,-2.16,27.97,15.3,-50.47,-19.05,2.74,69.95,-16.31,53.64
1391,14.64,14.7,49.38,4.08,2.04,0.0,-4.11,26.31,15.36,-48.41,-18.99,2.73,74.0,-16.26,57.74
1401,6.37,14.61,49.41,3.65,0.04,0.0,-2.62,26.95,18.16,-49.78,-18.15,2.74,66.78,-15.41,51.37
1411,6.89,18.09,49.82,4.75,0.18,0.0,-3.28,26.74,18.65,-50.96,-17.51,2.72,70.88,-14.79,56.1
1421,9.5,19.62,51.04,3.9,0.62,0.0,-1.41,27.98,15.77,-51.53,-18.01,2.73,75.49,-15.28,60.21
1431,5.91,19.86,52.96,4.06,1.75,0.0,-4.44,27.02,17.8,-49.22,-18.92,2.73,75.7,-16.19,59.51
1441,7.69,21.82,50.83,4.21,0.06,0.0,-2.26,27.4,17.05,-51.36,-18.53,2.77,75.45,-15.76,59.68
1451,4.86,16.57,48.03,3.01,0.01,0.0,-2.41,26.77,19.14,-51.43,-17.79,2.71,64.57,-15.07,49.49
1461,9.21,19.39,49.88,3.59,1.34,0.0,-2.33,27.32,16.31,-51.18,-18.72,2.76,73.55,-15.97,57.59
1471,6.68,15.25,50.39,2.75,0.55,0.0,-3.81,27.86,14.82,-51.48,-18.93,2.75,63.01,-16.18,46.83
1481,10.3,22.12,52.4,5.74,0.5,0.0,-3.61,25.73,19.59,-49.65,-18.52,2.75,83.12,-15.77,67.35
1491,8.37,21.03,48.61,3.62,0.4,0.0,-2.93,25.4,17.01,-48.13,-17.79,2.74,73.38,-15.05,58.32
1501,10.04,18.44,47.7,3.31,0.72,0.0,-3.17,24.04,15.93,-45.81,-18.53,2.77,71.2,-15.76,55.44
1511,8.24,15.85,49.08,4.73,0.82,0.0,-3.41,28.0,17.33,-51.97,-18.08,2.74,68.67,-15.34,53.33
1521,13.98,20.69,47.51,4.14,0.02,0.0,-3.04,27.84,12.9,-52.75,-18.56,2.76,71.3,-15.8,55.49
1531,11.0,18.46,47.64,6.19,0.68,0.0,-3.54,28.44,15.82,-52.16,-18.6,2.73,72.55,-15.87,56.68
1541,13.12,18.17,50.32,5.02,0.77,0.0,-1.64,27.06,17.96,-51.73,-18.33,2.72,79.05,-15.61,63.44
1551,9.01,21.93,49.75,4.56,0.0,0.0,-2.52,27.24,17.19,-50.19,-18.75,2.73,76.98,-16.02,60.96
1561,9.01,18.11,48.68,4.56,0.57,0.0,-3.15,27.05,16.66,-49.85,-18.66,2.75,71.64,-15.9,55.74
1571,12.82,19.64,47.52,4.54,0.64,0.0,-2.85,25.86,18.7,-49.35,-17.91,2.72,77.53,-15.19,62.34
1581,8.37,17.19,50.63,2.78,0.15,0.0,-3.66,27.53,15.72,-49.77,-19.14,2.74,68.93,-16.4,52.53
1591,7.09,20.18,52.36,4.77,0.17,0.0,-3.38,26.11,16.63,-49.83,-18.42,2.73,74.12,-15.69,58.43
1601,10.7,19.98,47.36,4.24,0.98,0.0,-4.36,25.42,17.95,-45.23,-18.94,2.74,77.05,-16.21,60.84
1611,10.78,22.28,49.74,4.39,1.08,0.0,-4.63,27.69,15.49,-49.33,-19.69,2.75,77.48,-16.94,60.55
1621,6.43,21.85,48.82,4.85,0.32,0.0,-3.59,27.11,17.18,-49.66,-19.26,2.74,73.32,-16.52,56.8
1631,11.23,21.41,46.36,4.41,0.28,0.0,-1.93,27.4,14.42,-52.14,-18.2,2.74,71.44,-15.46,55.98
1641,6.24,15.79,49.27,3.27,0.76,0.0,-3.38,26.76,17.0,-50.32,-18.29,2.74,65.38,-15.55,49.83
1651,9.95,12.96,49.69,3.79,0.88,0.0,0.15,26.51,17.62,-49.98,-18.06,2.74,71.57,-15.32,56.25
1661,7.04,18.58,46.7,4.31,0.2,0.0,-3.31,28.07,16.37,-50.28,-18.59,2.71,67.68,-15.88,51.8
1671,11.0,17.93,48.65,3.67,0.14,0.0,-4.69,26.51,15.53,-48.89,-19.36,2.76,69.85,-16.61,53.25
1681,8.64,18.82,47.77,4.29,0.45,0.0,-2.33,26.91,16.01,-49.53,-18.31,2.72,71.05,-15.59,55.46
1691,11.5,19.18,49.41,4.65,0.31,0.0,-3.51,26.81,17.22,-49.11,-18.45,2.75,76.44,-15.7,60.75
1701,7.96,18.25,48.58,3.11,0.37,0.0,-3.87,25.92,16.35,-48.18,-18.64,2.74,68.48,-15.91,52.58
1711,11.3,19.2,54.14,4.82,0.22,0.0,-4.94,25.2,13.91,-47.02,-19.16,2.67,76.82,-16.5,60.32
1721,7.42,16.0,47.31,3.34,1.17,0.0,-1.0,26.91,16.43,-49.57,-18.52,2.74,68.02,-15.77,52.25
1731,9.9,19.98,46.82,4.34,0.09,0.0,-2.21,26.89,14.9,-50.64,-18.36,2.75,70.06,-15.61,54.45
1741,6.87,19.88,48.52,4.05,0.46,0.0,-3.76,26.09,15.32,-48.83,-18.4,2.77,68.59,-15.63,52.95
1751,10.35,14.42,49.12,4.29,1.6,0.0,-4.67,25.86,16.66,-48.56,-18.53,2.73,69.06,-15.8,53.26
1761,10.02,20.71,48.77,4.12,1.09,0.0,-3.99,26.65,19.31,-48.61,-18.7,2.71,78.06,-15.99,62.07
1771,9.82,22.34,47.9,5.5,0.47,0.0,-1.28,29.84,17.2,-54.07,-18.17,2.72,77.72,-15.45,62.27
1781,5.96,15.73,46.75,3.97,0.01,0.0,-2.3,27.9,15.54,-51.65,-18.59,2.73,61.91,-15.86,46.05
1791,8.32,13.24,49.09,3.81,0.48,0.0,-1.35,27.98,17.93,-51.93,-17.9,2.72,67.57,-15.18,52.39
1801,8.21,16.15,48.79,4.15,0.05,0.0,-3.39,28.52,16.99,-53.44,-18.55,2.73,66.03,-15.82,50.21
1811,9.07,17.87,57.15,5.38,0.46,0.0,-2.12,28.08,19.16,-51.91,-17.98,2.69,83.15,-15.29,67.86
1821,9.57,15.49,48.78,4.9,0.19,0.0,-3.36,26.93,14.87,-48.66,-19.12,2.73,68.71,-16.39,52.31
1831,15.62,21.55,50.51,3.97,0.4,0.0,-4.5,27.36,16.26,-52.09,-18.39,2.72,79.08,-15.67,63.41
1841,12.0,17.46,50.31,3.95,1.27,0.0,-4.47,29.33,14.96,-52.22,-18.63,2.72,72.6,-15.91,56.69
1851,5.38,20.09,55.12,4.29,0.7,0.0,-3.2,27.72,17.64,-52.35,-18.05,2.71,75.39,-15.33,60.06
1861,8.84,12.9,48.95,3.58,1.45,0.0,-2.5,26.21,15.56,-48.85,-18.1,2.72,66.14,-15.38,50.76
1871,10.97,14.64,47.49,3.26,0.05,0.0,-2.5,28.03,17.22,-52.47,-17.71,2.74,66.7,-14.98,51.72
1881,7.18,21.05,48.89,4.37,0.9,0.0,-3.75,23.21,16.02,-45.65,-18.55,2.73,72.23,-15.83,56.4
1891,13.08,17.87,54.43,4.24,0.81,0.0,-3.57,28.52,14.55,-50.55,-19.93,2.76,79.36,-17.16,62.2
1901,8.51,15.99,48.6,2.64,0.55,0.0,-2.79,25.83,15.96,-50.1,-18.28,2.75,65.19,-15.53,49.66
1911,10.62,19.36,49.02,5.19,0.19,0.0,-3.78,27.7,16.09,-51.78,-18.33,2.73,72.61,-15.6,57.01
1921,8.83,16.09,51.27,3.9,0.08,0.0,-4.02,27.4,16.84,-48.71,-19.62,2.75,71.68,-16.87,54.82
1931,10.51,19.05,53.69,3.4,0.42,0.0,-3.26,27.58,15.82,-49.75,-19.67,2.78,77.47,-16.89,60.58
1941,9.31,20.25,53.65,4.43,0.39,0.0,-2.21,27.34,17.49,-50.35,-18.91,2.74,80.29,-16.18,64.12
1951,5.8,18.86,51.6,3.24,0.14,0.0,-2.43,27.28,16.02,-51.17,-19.04,2.74,69.34,-16.29,53.05
1961,8.48,17.27,50.07,3.47,0.2,0.0,-1.2,26.21,17.8,-50.03,-17.91,2.73,72.27,-15.17,57.09
1971,16.67,20.77,48.95,4.02,0.01,0.0,-2.68,27.28,13.62,-52.08,-18.53,2.73,76.56,-15.8,60.76
1981,7.75,24.4,50.88,5.17,1.88,0.0,-2.84,29.83,17.17,-54.68,-18.02,2.72,79.55,-15.3,64.25
1991,10.16,12.15,51.02,2.27,0.15,0.0,-3.9,26.53,15.15,-48.61,-19.16,2.72,64.91,-16.44,48.47
2001,8.59,17.2,49.37,3.54,3.31,0.0,-1.57,26.82,14.27,-48.48,-18.1,2.72,73.05,-15.39,57.66
2011,11.91,19.29,50.59,2.96,0.59,0.0,-3.6,27.57,16.82,-51.96,-18.54,2.72,74.16,-15.82,58.34
2021,8.86,20.21,50.87,3.37,0.07,0.0,-4.3,27.87,14.29,-51.91,-19.52,2.76,69.33,-16.75,52.57
2031,11.06,19.34,49.65,5.28,0.48,0.0,-4.72,27.05,18.37,-47.74,-19.32,2.75,78.76,-16.58,62.19
2041,14.44,17.18,53.87,4.26,0.04,0.0,-4.82,28.94,12.78,-51.8,-20.08,2.79,74.89,-17.29,57.6
2051,6.67,18.14,48.04,3.76,0.28,0.0,-2.9,26.58,16.95,-50.09,-18.68,2.74,67.43,-15.94,51.49
2061,9.71,16.03,48.48,2.72,0.3,0.0,-0.6,28.4,16.11,-51.4,-18.05,2.7,69.74,-15.35,54.39
2071,13.5,17.15,49.53,3.14,2.02,0.0,-4.29,28.27,15.48,-52.1,-18.99,2.73,72.69,-16.26,56.43
2081,9.72,16.36,49.43,4.1,0.3,0.0,-3.47,27.61,16.1,-51.95,-18.42,2.72,68.21,-15.7,52.5
2091,7.41,13.99,49.85,2.76,0.32,0.0,-3.46,28.2,16.12,-51.87,-18.99,2.74,63.33,-16.26,47.07
2101,5.36,18.38,49.98,3.01,0.1,0.0,-2.8,28.15,15.22,-53.02,-18.22,2.74,64.39,-15.48,48.91
2111,9.03,25.33,50.72,6.15,0.95,0.0,-2.93,28.11,17.37,-53.81,-19.35,2.74,80.93,-16.61,64.32
2121,7.5,19.96,49.63,4.46,0.78,0.0,-3.8,27.28,19.43,-51.5,-18.2,2.74,73.74,-15.46,58.28
2131,9.42,21.93,49.09,3.44,0.41,0.0,-4.67,27.5,16.6,-49.17,-19.37,2.73,74.54,-16.64,57.9
2141,6.24,21.41,49.97,4.76,2.06,0.0,-3.1,27.28,16.54,-49.91,-18.85,2.74,75.24,-16.11,59.13
2151,9.07,14.24,50.06,2.76,0.65,0.0,-4.34,27.4,17.55,-51.57,-18.5,2.72,65.82,-15.78,50.04
2161,9.48,15.68,47.84,3.34,0.09,0.0,-3.66,25.58,17.02,-49.49,-19.0,2.74,65.88,-16.25,49.63
2171,10.11,20.71,53.08,3.62,0.13,0.0,-4.01,25.99,16.03,-47.66,-19.02,2.74,78.0,-16.28,61.72
2181,6.87,16.15,47.87,4.14,0.46,0.0,-1.67,27.82,14.5,-50.32,-18.62,2.73,65.83,-15.89,49.94
2191,9.28,16.73,49.5,5.03,1.36,0.0,-3.04,24.67,15.65,-46.74,-18.86,2.74,72.45,-16.12,56.33
2201,8.87,13.22,48.23,3.5,0.32,0.0,-1.96,27.55,16.18,-50.22,-18.13,2.73,65.68,-15.4,50.28
2211,7.1,15.45,52.11,2.97,0.21,0.0,-4.96,27.52,19.03,-48.93,-19.47,2.73,70.49,-16.73,53.76
2221,9.5,23.29,47.92,3.72,0.01,0.0,-3.11,27.07,14.83,-51.16,-18.08,2.73,72.08,-15.35,56.73
2231,8.74,17.32,49.58,4.45,0.56,0.0,-2.64,27.51,17.17,-49.93,-18.41,2.73,72.78,-15.68,57.09
2241,16.16,17.27,46.8,3.87,1.75,0.0,-3.18,27.58,16.86,-52.61,-18.63,2.74,74.5,-15.89,58.62
2251,8.4,18.81,49.98,4.24,0.77,0.0,-2.83,26.38,16.68,-48.47,-19.2,2.72,73.96,-16.48,57.48
2261,9.65,16.96,49.39,3.57,2.41,0.0,-3.08,27.43,15.95,-50.41,-18.87,2.72,71.88,-16.16,55.73
2271,7.04,17.41,52.86,4.43,0.98,0.0,-4.09,26.21,17.85,-48.42,-18.14,2.72,74.27,-15.42,58.85
2281,8.76,19.35,48.96,5.63,0.09,0.0,-3.2,27.18,19.0,-51.03,-18.33,2.72,74.74,-15.61,59.12
2291,7.14,20.8,50.06,4.17,0.24,0.0,-4.92,25.48,19.3,-46.71,-18.85,2.75,75.54,-16.1,59.44
2301,15.53,18.09,48.25,3.2,2.01,0.0,-3.34,26.38,13.45,-48.87,-18.21,2.74,74.69,-15.46,59.23
2311,14.24,16.58,50.92,3.38,0.89,0.0,-2.51,27.05,16.56,-50.53,-17.37,2.71,76.59,-14.66,61.93
2321,10.14,19.51,49.56,3.9,0.22,0.0,-4.28,28.41,15.41,-51.16,-19.09,2.73,71.71,-16.35,55.35
2331,8.75,19.13,49.28,3.66,0.48,0.0,-3.23,28.5,17.09,-50.98,-18.72,2.72,72.67,-15.99,56.67
2341,14.01,19.79,49.69,5.35,0.12,0.0,-4.45,28.17,13.3,-50.09,-19.78,2.77,75.89,-17.01,58.88
2351,7.02,18.19,49.26,3.25,0.6,0.0,-0.09,26.99,16.89,-50.82,-18.03,2.73,71.29,-15.3,55.99
2361,15.0,20.32,48.45,4.3,1.42,0.0,-2.4,29.05,18.38,-52.56,-19.13,2.73,81.96,-16.4,65.56
2371,9.11,15.73,50.55,3.98,0.42,0.0,-2.87,26.42,18.07,-50.27,-18.42,2.73,71.15,-15.69,55.46
2381,8.97,18.81,48.71,3.66,0.34,0.0,-2.63,28.05,15.61,-51.91,-18.74,2.76,69.6,-15.98,53.62
2391,10.1,21.33,50.49,4.49,0.26,0.0,-3.99,27.71,18.33,-51.82,-18.63,2.75,76.9,-15.88,61.02
2401,6.14,15.33,49.03,3.5,0.41,0.0,-1.21,27.1,19.25,-52.24,-18.41,2.71,67.31,-15.7,51.61
2411,5.25,17.5,49.16,3.22,2.77,0.0,-4.21,27.08,16.22,-50.94,-18.17,2.73,66.05,-15.45,50.61
2421,9.86,19.86,51.03,4.09,1.74,0.0,-3.86,28.25,16.72,-50.42,-19.4,2.73,77.26,-16.68,60.59
2431,8.58,17.46,51.49,4.18,1.29,0.0,-4.3,27.34,17.19,-50.01,-18.19,2.72,73.21,-15.47,57.74
2441,11.07,17.32,50.21,3.87,0.15,0.0,-3.23,27.07,16.04,-49.63,-19.05,2.75,72.88,-16.3,56.57
2451,19.45,16.27,48.73,4.39,0.28,0.0,-3.14,26.67,13.05,-50.52,-18.37,2.73,75.17,-15.64,59.54
2461,8.87,13.96,46.34,2.54,0.05,0.0,-2.63,26.41,17.42,-49.07,-18.48,2.75,63.9,-15.73,48.18
2471,7.56,20.0,49.91,3.96,0.45,0.0,-4.17,26.14,19.33,-49.8,-17.7,2.74,73.38,-14.97,58.41
2481,11.19,24.47,51.58,5.77,0.85,0.0,-2.64,26.61,15.68,-48.37,-19.35,2.75,85.14,-16.6,68.54
2491,11.37,18.36,45.14,3.25,0.25,0.0,-2.65,27.73,14.1,-51.6,-18.4,2.75,65.93,-15.65,50.29
2501,8.39,24.72,50.58,3.53,0.16,0.0,-3.76,27.65,18.1,-52.15,-19.24,2.72,77.22,-16.52,60.7
2511,7.34,15.52,51.8,2.82,1.18,0.0,0.25,26.42,18.42,-52.52,-18.32,2.74,71.22,-15.58,55.64
2521,12.73,19.0,51.55,4.01,0.13,0.0,-4.08,27.27,15.34,-50.94,-18.6,2.75,75.03,-15.85,59.17
2531,10.12,15.15,49.35,3.77,1.14,0.0,-5.14,27.31,13.87,-48.56,-19.45,2.73,67.01,-16.72,50.29
2541,13.42,11.91,49.69,3.77,0.03,0.0,-2.61,25.94,14.98,-47.04,-18.56,2.75,70.09,-15.8,54.29
2551,9.07,13.6,48.74,3.26,1.49,0.0,-1.88,25.84,17.27,-48.8,-18.52,2.74,68.59,-15.78,52.81
2561,9.13,16.9,48.0,3.13,0.77,0.0,-3.82,27.27,16.66,-51.34,-19.33,2.74,66.7,-16.59,50.11
2571,11.87,19.58,50.84,3.72,0.81,0.0,-2.13,28.17,16.83,-53.16,-18.48,2.72,76.53,-15.77,60.77
2581,7.74,19.57,53.53,4.93,1.09,0.0,-1.53,28.12,16.66,-53.37,-17.91,2.75,76.74,-15.16,61.58
2591,11.28,19.6,51.44,3.57,0.21,0.0,-3.81,26.81,16.56,-50.32,-18.7,2.73,75.33,-15.96,59.37
2601,7.11,14.16,47.75,3.06,0.76,0.0,-4.72,27.12,17.32,-48.66,-18.93,2.72,63.91,-16.22,47.69
2611,8.88,19.66,57.37,2.6,0.05,0.0,-3.24,31.24,17.09,-56.57,-19.7,2.73,77.08,-16.97,60.11
2621,10.61,17.89,54.32,3.46,1.09,0.0,-4.26,26.16,14.87,-48.78,-18.99,2.72,75.36,-16.27,59.09
2631,8.77,19.04,51.1,3.33,0.27,0.0,-4.18,26.86,15.48,-48.42,-19.01,2.7,72.25,-16.31,55.94
2641,9.47,18.93,50.84,3.83,0.08,0.0,-3.64,28.33,13.47,-49.39,-19.98,2.76,71.94,-17.22,54.72
2651,12.06,14.8,47.46,2.73,0.42,0.0,-2.0,26.62,16.27,-48.67,-18.43,2.69,69.68,-15.74,53.94
2661,9.34,20.69,50.37,4.05,0.92,0.0,-4.19,27.27,15.35,-50.45,-19.2,2.71,73.34,-16.5,56.84
2671,7.17,18.97,50.89,4.03,0.25,0.0,-3.85,25.83,16.81,-48.74,-18.06,2.73,71.34,-15.33,56.01
2681,9.89,16.86,50.54,4.9,0.03,0.0,-5.01,25.96,17.89,-46.28,-18.53,2.74,74.78,-15.79,58.99
2691,12.63,18.7,49.87,4.82,0.54,0.0,-2.47,26.82,14.25,-48.76,-18.38,2.75,76.38,-15.63,60.74
2701,10.94,24.93,47.87,6.15,1.01,0.0,-4.11,28.05,15.63,-51.4,-19.15,2.72,79.06,-16.43,62.63
2711,7.42,22.04,50.77,5.59,2.34,0.0,-4.27,25.7,15.39,-47.71,-18.94,2.75,77.26,-16.18,61.08
2721,8.17,23.7,51.75,6.6,0.51,0.0,-1.91,29.09,16.52,-53.41,-17.73,2.7,81.03,-15.03,66.0
2731,8.27,17.5,49.42,4.31,0.5,0.0,-3.11,26.67,16.82,-50.66,-18.29,2.75,69.73,-15.54,54.19
2741,9.34,18.86,47.22,4.09,0.46,0.0,-2.57,26.18,16.42,-49.74,-18.27,2.74,70.26,-15.53,54.73
2751,7.11,18.42,50.44,3.78,0.35,0.0,-4.08,28.69,18.54,-53.73,-18.32,2.69,69.52,-15.63,53.89
2761,9.86,22.26,51.79,4.35,0.09,0.0,-2.06,27.74,15.42,-51.35,-18.62,2.73,78.1,-15.89,62.21
2771,10.09,13.85,47.89,3.23,0.01,0.0,-3.79,26.41,14.37,-48.55,-18.89,2.75,63.51,-16.14,47.37
2781,6.47,16.89,50.59,4.75,0.64,0.0,-2.24,27.83,16.13,-50.61,-18.76,2.76,70.45,-16.0,54.46
2791,9.26,15.66,48.28,3.05,0.25,0.0,-2.12,28.58,18.12,-51.52,-18.41,2.72,69.56,-15.69,53.88
2801,8.76,16.57,53.33,3.48,0.41,0.0,-4.14,27.41,16.38,-51.0,-18.7,2.74,71.19,-15.96,55.23
2811,6.06,21.94,51.63,4.01,0.13,0.0,-2.63,29.1,18.15,-52.45,-18.67,2.72,75.93,-15.95,59.98
2821,8.5,17.81,49.9,4.99,0.05,0.0,-3.76,27.05,18.75,-50.27,-18.32,2.72,73.03,-15.6,57.43
2831,9.86,19.33,51.13,5.49,0.11,0.0,-3.35,25.44,16.61,-48.18,-19.22,2.69,76.45,-16.53,59.93
2841,12.07,16.73,50.62,4.55,0.58,0.0,-3.59,27.26,13.32,-49.68,-19.53,2.71,71.85,-16.83,55.03
2851,9.6,17.05,52.57,3.32,1.06,0.0,-3.61,25.07,15.86,-47.9,-18.45,2.67,73.03,-15.78,57.25
2861,7.3,15.81,52.94,3.77,0.13,0.0,-4.51,27.8,16.15,-50.0,-19.79,2.69,69.39,-17.11,52.29
2871,13.57,13.65,50.82,3.47,1.39,0.0,-3.49,24.26,14.1,-45.64,-18.63,2.74,72.13,-15.89,56.24
2881,5.14,23.58,48.95,5.17,0.53,0.0,-5.11,23.57,15.78,-45.64,-18.85,2.69,71.97,-16.15,55.81
2891,9.94,20.71,53.72,6.03,0.84,0.0,-4.3,25.88,13.77,-46.99,-19.42,2.79,79.6,-16.63,62.97
2901,8.49,17.96,53.16,2.75,0.85,0.0,-3.78,27.08,16.81,-50.12,-18.94,2.73,73.21,-16.21,57.0
2911,4.97,15.52,52.04,3.59,0.81,0.0,-2.96,28.72,16.0,-50.34,-18.94,2.74,68.34,-16.2,52.14
2921,10.35,15.59,47.4,3.32,0.1,0.0,0.16,27.01,17.42,-50.7,-17.58,2.72,70.64,-14.86,55.78
2931,5.42,17.39,50.87,4.05,0.93,0.0,-2.39,27.1,19.5,-50.22,-18.69,2.73,72.65,-15.96,56.69
2941,8.3,16.22,51.89,3.93,0.51,0.0,-3.73,27.85,15.52,-49.11,-20.09,2.69,71.38,-17.4,53.98
2951,9.13,19.17,50.66,4.65,1.84,0.0,-3.38,27.76,17.28,-50.71,-19.06,2.74,76.4,-16.32,60.08
2961,11.54,14.01,47.87,3.51,0.15,0.0,-2.74,25.38,16.9,-47.85,-17.88,2.73,68.77,-15.15,53.61
2971,10.99,24.12,48.05,4.81,0.27,0.0,-2.1,27.95,15.4,-52.83,-18.67,2.73,76.67,-15.94,60.72
2981,7.89,18.89,51.46,4.09,1.83,0.0,-1.93,26.21,16.79,-51.01,-18.12,2.73,74.21,-15.39,58.82
2991,8.86,18.69,51.6,3.84,0.71,0.0,-0.89,25.59,15.4,-47.13,-18.88,2.76,76.68,-16.12,60.56
3001,11.43,19.5,54.29,3.02,0.83,0.0,-2.11,28.09,15.64,-51.61,-18.94,2.76,79.08,-16.18,62.9
3011,6.64,15.85,48.05,3.16,0.53,0.0,-1.53,28.59,14.99,-51.22,-18.11,2.7,65.07,-15.4,49.66
3021,10.87,13.68,48.43,2.96,0.5,0.0,-2.18,26.59,16.31,-50.61,-18.51,2.73,66.56,-15.78,50.78
3031,11.8,18.5,49.23,4.77,1.64,0.0,-3.08,25.86,16.48,-48.95,-18.7,2.74,76.25,-15.96,60.29
3041,7.91,23.91,49.38,5.96,0.15,0.0,-2.1,28.51,17.31,-51.36,-18.34,2.7,79.67,-15.64,64.04
3051,10.59,18.25,50.97,3.72,0.01,0.0,-3.2,27.26,16.52,-51.16,-18.35,2.72,72.96,-15.63,57.33
3061,9.53,16.45,50.83,2.79,0.17,0.0,-3.02,26.88,17.04,-51.75,-18.14,2.73,68.92,-15.4,53.51
3071,8.41,19.52,49.27,2.91,0.7,0.0,-2.65,27.71,17.55,-50.83,-18.4,2.78,72.59,-15.63,56.97
3081,7.43,19.68,46.91,2.72,1.07,0.0,-2.78,25.12,17.04,-47.6,-18.39,2.75,69.59,-15.64,53.94
3091,11.24,17.7,51.01,4.06,0.02,0.0,-2.54,27.4,14.26,-51.09,-19.09,2.75,72.07,-16.34,55.73
3101,6.21,15.56,47.74,2.81,0.31,0.0,-2.09,27.37,18.96,-50.39,-17.58,2.72,66.47,-14.86,51.62
3111,14.11,16.84,51.5,4.42,0.01,0.0,-3.75,27.69,14.1,-51.66,-18.86,2.76,73.27,-16.1,57.16
3121,10.09,15.5,49.3,3.41,0.91,0.0,-2.35,27.94,15.36,-52.87,-18.14,2.71,67.28,-15.43,51.85
3131,7.35,21.96,47.7,3.97,0.28,0.0,-3.33,28.76,16.91,-54.04,-18.33,2.73,69.57,-15.61,53.96
3141,6.08,15.44,51.08,3.21,0.12,0.0,-5.74,25.27,17.08,-45.98,-19.83,2.7,66.56,-17.12,49.44
3151,9.43,19.08,51.26,4.2,0.96,0.0,-4.09,24.8,15.46,-47.24,-19.08,2.76,73.88,-16.32,57.56
3161,6.03,13.9,50.67,3.71,1.32,0.0,-3.97,27.1,17.59,-50.41,-18.57,2.74,65.93,-15.83,50.1
3171,11.36,19.49,48.42,3.69,0.3,0.0,-1.84,29.05,16.2,-54.88,-19.08,2.73,71.79,-16.35,55.45
3181,9.82,18.4,50.99,4.27,1.12,0.0,-3.28,28.11,16.47,-51.21,-18.29,2.71,74.69,-15.58,59.11
3191,9.02,21.42,49.58,5.34,0.7,0.0,-4.36,26.5,16.18,-48.92,-18.68,2.74,75.47,-15.94,59.54
3201,8.19,17.71,47.66,3.37,1.81,0.0,-3.51,26.36,15.87,-49.6,-18.04,2.71,67.86,-15.33,52.53
3211,5.8,22.37,54.62,4.15,0.62,0.0,-3.46,25.75,20.4,-47.45,-18.49,2.72,82.8,-15.77,67.04
3221,11.52,16.57,50.97,3.7,0.05,0.0,-1.98,26.13,15.51,-48.77,-18.07,2.7,73.7,-15.38,58.33
3231,10.31,17.28,54.03,5.71,1.61,0.0,-4.78,26.37,16.98,-48.91,-18.42,2.74,78.59,-15.68,62.91
3241,9.89,21.29,52.05,5.27,0.45,0.0,-5.66,26.42,16.76,-48.34,-20.21,2.72,78.14,-17.49,60.65
3251,4.16,15.96,48.56,3.72,2.52,0.0,-4.58,25.24,18.27,-49.12,-18.69,2.69,64.74,-16.0,48.74
3261,15.55,22.73,56.79,4.85,0.29,0.0,-5.02,27.54,13.07,-50.81,-19.28,2.71,84.99,-16.56,68.43
3271,11.7,18.72,51.62,3.73,0.43,0.0,-3.35,25.88,15.97,-46.03,-19.62,2.76,78.68,-16.86,61.82
3281,14.59,18.72,50.21,3.27,1.55,0.0,-2.83,27.29,12.69,-51.67,-19.17,2.73,73.82,-16.44,57.38
3291,13.55,20.6,52.14,3.64,0.81,0.0,-2.9,25.61,13.99,-47.12,-19.33,2.72,80.33,-16.61,63.72
3301,8.73,16.7,53.34,4.45,0.49,0.0,-3.5,27.14,12.66,-47.84,-19.72,2.75,72.17,-16.97,55.2
3311,8.5,17.48,48.91,3.56,0.13,0.0,-4.05,27.14,17.08,-50.83,-17.86,2.75,67.91,-15.12,52.8
3321,10.39,19.42,48.22,2.46,0.1,0.0,-3.27,27.2,15.48,-50.79,-18.2,2.72,69.21,-15.48,53.73
3331,8.68,18.04,50.07,3.51,0.81,0.0,-4.43,26.28,17.81,-49.11,-19.09,2.77,71.65,-16.32,55.33
3341,6.71,21.96,53.56,4.21,0.92,0.0,-4.03,26.88,19.79,-52.14,-18.09,2.72,77.88,-15.36,62.52
3351,15.41,17.93,49.58,5.36,1.81,0.0,-4.41,26.22,15.82,-49.02,-18.97,2.78,78.71,-16.19,62.51
3361,8.3,14.34,49.53,3.62,0.6,0.0,-1.96,27.78,14.79,-52.08,-18.57,2.73,64.92,-15.84,49.08
3371,9.45,17.23,48.43,3.61,1.25,0.0,-3.54,25.35,16.6,-47.68,-18.4,2.76,70.71,-15.63,55.07
3381,7.41,19.05,50.12,5.32,1.66,0.0,-2.67,27.37,18.72,-51.73,-18.52,2.73,75.25,-15.79,59.45
3391,10.13,15.23,48.3,3.41,0.39,0.0,-3.95,27.31,15.89,-51.6,-18.77,2.75,65.11,-16.02,49.09
3401,9.07,18.56,49.39,4.09,0.16,0.0,-3.69,27.03,13.77,-49.35,-18.41,2.74,69.05,-15.67,53.38
3411,8.26,15.1,51.35,3.66,0.12,0.0,-1.64,27.7,16.9,-50.51,-18.13,2.73,70.93,-15.4,55.53
3421,5.97,16.26,50.53,4.2,0.9,0.0,-3.59,26.68,16.43,-49.15,-18.5,2.72,68.23,-15.78,52.44
3431,7.77,18.34,50.35,3.98,0.87,0.0,-2.85,27.29,16.33,-50.85,-19.14,2.75,71.22,-16.4,54.83
3441,7.78,17.64,51.9,4.32,1.0,0.0,-3.15,25.2,17.38,-46.88,-18.67,2.77,75.2,-15.89,59.31
3451,7.06,20.45,51.29,3.65,0.17,0.0,-2.82,26.34,16.19,-49.78,-18.61,2.74,72.54,-15.87,56.66
3461,9.45,19.4,48.49,3.73,0.07,0.0,-1.97,28.96,15.14,-52.32,-18.71,2.75,70.96,-15.96,55.0
3471,11.84,18.57,50.3,3.53,1.42,0.0,-0.84,26.98,13.9,-50.01,-18.33,2.74,75.68,-15.59,60.09
3481,11.91,18.3,52.44,5.46,0.12,0.0,-4.1,27.32,15.63,-51.68,-18.88,2.75,75.41,-16.14,59.27
3491,14.54,19.58,47.75,5.97,1.21,0.0,-1.02,27.03,15.02,-51.28,-17.91,2.72,78.8,-15.19,63.61
3501,12.89,16.03,46.5,3.18,0.48,0.0,-0.96,26.71,17.51,-51.15,-18.11,2.74,71.19,-15.37,55.82
3511,9.29,20.66,51.75,2.81,0.11,0.0,-3.1,28.55,16.66,-52.84,-18.8,2.74,73.9,-16.07,57.83
3521,10.61,13.39,52.65,3.39,0.28,0.0,-3.89,26.52,15.28,-48.97,-19.18,2.76,69.25,-16.41,52.84
3531,9.36,23.79,48.66,4.16,0.29,0.0,-4.12,25.2,15.56,-49.76,-19.05,2.79,73.15,-16.26,56.89
3541,6.56,17.55,53.67,3.82,0.07,0.0,-4.89,27.76,18.02,-50.98,-18.64,2.7,71.58,-15.93,55.65
3551,11.23,19.03,49.89,3.61,0.57,0.0,-2.52,26.87,17.27,-51.34,-18.2,2.75,74.61,-15.46,59.16
3561,9.97,16.35,49.85,3.59,0.27,0.0,-1.45,27.18,18.42,-49.26,-18.89,2.72,74.92,-16.17,58.74
3571,12.2,17.78,48.69,4.18,1.65,0.0,-2.89,27.29,16.8,-52.6,-18.3,2.72,73.11,-15.57,57.53
3581,8.16,20.03,50.01,3.96,0.97,0.0,-3.92,27.46,16.03,-50.59,-18.5,2.72,72.11,-15.77,56.34
3591,12.14,19.08,52.18,4.45,0.05,0.0,-3.43,29.21,16.85,-51.86,-18.81,2.7,78.68,-16.12,62.56
3601,7.65,15.39,49.35,3.9,0.13,0.0,-3.23,26.55,16.55,-49.04,-18.95,2.75,67.24,-16.2,51.03
3611,10.29,15.41,47.74,4.49,0.01,0.0,-1.56,28.13,16.65,-53.17,-18.28,2.73,67.99,-15.54,52.44
3621,7.13,15.19,48.85,3.77,0.5,0.0,-1.7,26.65,18.71,-49.65,-18.06,2.73,69.43,-15.33,54.11
3631,6.64,22.37,49.3,5.47,0.47,0.0,-4.07,26.8,20.59,-49.88,-18.37,2.75,77.7,-15.62,62.08
3641,8.66,15.89,47.4,3.39,0.35,0.0,-3.36,25.44,17.58,-47.21,-19.05,2.75,68.15,-16.3,51.85
3651,9.95,17.36,51.3,4.34,0.01,0.0,0.5,27.94,18.72,-50.02,-18.38,2.74,80.09,-15.64,64.45
3661,14.82,22.45,47.43,4.75,0.15,0.0,-3.15,28.17,14.43,-52.94,-18.12,2.73,76.12,-15.4,60.72
3671,7.87,14.42,49.96,3.23,0.21,0.0,-3.3,26.41,19.01,-50.23,-17.88,2.71,67.58,-15.18,52.4
3681,10.89,19.67,48.85,3.73,0.23,0.0,-4.44,26.14,14.53,-48.67,-19.33,2.73,70.93,-16.6,54.33
3691,12.11,12.61,51.8,3.27,0.57,0.0,-4.44,27.39,14.84,-50.01,-19.54,2.75,68.14,-16.79,51.34
3701,9.64,15.32,49.7,3.16,0.7,0.0,-3.6,27.03,15.44,-50.96,-18.13,2.74,66.43,-15.39,51.04
3711,8.99,18.57,49.26,3.56,0.06,0.0,-5.07,26.9,16.41,-48.97,-19.12,2.75,69.71,-16.37,53.34
3721,8.41,20.83,51.69,5.21,0.25,0.0,-4.69,25.74,16.27,-48.52,-19.81,2.76,75.19,-17.05,58.14
3731,8.58,16.61,49.63,3.79,0.42,0.0,-3.98,27.98,16.1,-50.26,-18.85,2.73,68.88,-16.12,52.76
3741,4.49,14.16,50.14,2.61,0.78,0.0,-4.52,28.86,18.1,-49.32,-19.55,2.73,65.31,-16.82,48.49
3751,11.72,17.14,50.99,4.05,1.44,0.0,-3.18,26.97,13.67,-51.36,-18.5,2.75,71.44,-15.75,55.69
3761,11.21,22.82,51.1,4.75,0.81,0.0,-3.64,26.04,17.34,-47.06,-19.83,2.76,83.37,-17.07,66.3
3771,7.11,16.35,50.59,4.77,0.05,0.0,-2.53,26.6,15.68,-48.76,-19.34,2.75,69.85,-16.59,53.25
3781,8.24,18.62,50.39,5.78,0.9,0.0,-4.23,26.41,16.89,-48.94,-19.38,2.75,74.06,-16.63,57.43
3791,11.85,26.01,46.85,5.99,1.41,0.0,-3.43,27.43,15.24,-52.08,-18.52,2.74,79.27,-15.79,63.48
3801,10.68,13.75,47.41,3.28,0.04,0.0,-2.41,26.4,16.06,-48.73,-18.1,2.74,66.48,-15.36,51.12
3811,9.31,19.34,49.66,5.2,1.13,0.0,-2.81,27.16,15.36,-50.58,-18.34,2.72,73.76,-15.62,58.13
3821,8.01,17.03,47.82,4.26,0.15,0.0,-3.05,26.88,13.48,-48.53,-18.97,2.75,66.04,-16.22,49.82
3831,6.62,19.72,50.07,3.45,0.23,0.0,-3.84,27.27,17.22,-50.28,-18.79,2.75,70.46,-16.04,54.42
3841,8.82,16.46,48.85,4.08,0.04,0.0,-2.77,26.26,15.95,-48.78,-17.84,2.72,68.91,-15.12,53.79
3851,11.48,24.7,51.76,4.96,0.36,0.0,-4.39,25.27,15.73,-47.6,-19.58,2.79,82.26,-16.79,65.47
3861,8.93,16.2,48.32,3.34,0.23,0.0,-1.97,25.93,16.66,-49.25,-18.46,2.75,68.39,-15.71,52.68
3871,14.1,15.35,49.38,4.08,0.47,0.0,-3.6,26.74,15.79,-48.29,-18.55,2.75,74.0,-15.8,58.21
3881,9.48,20.97,50.29,4.59,0.36,0.0,-3.65,27.26,16.87,-51.79,-18.58,2.75,74.38,-15.83,58.55
3891,6.89,20.67,52.24,4.54,0.14,0.0,-3.41,27.12,16.16,-50.51,-18.32,2.73,73.84,-15.6,58.25
3901,8.85,16.43,51.16,3.54,1.22,0.0,-1.04,27.71,18.19,-51.2,-18.64,2.74,74.86,-15.89,58.97
3911,12.79,16.86,49.54,4.18,0.59,0.0,-4.29,27.19,14.55,-49.92,-19.01,2.74,71.48,-16.27,55.21
3921,5.73,15.97,49.52,4.41,0.72,0.0,1.21,26.49,18.7,-51.62,-17.54,2.74,71.15,-14.8,56.35
3931,10.17,18.51,49.48,3.48,0.54,0.0,-4.15,26.7,17.3,-49.58,-19.32,2.74,72.45,-16.58,55.87
3941,11.26,21.41,52.17,5.16,0.55,0.0,-2.53,25.2,19.12,-49.0,-17.56,2.72,83.35,-14.83,68.51
3951,14.73,22.09,50.42,4.59,0.14,0.0,-4.47,24.37,15.3,-45.15,-19.71,2.79,82.02,-16.92,65.1
3961,16.85,20.34,55.34,5.42,0.56,0.0,-4.55,25.95,11.1,-47.21,-20.08,2.77,83.79,-17.3,66.49
3971,8.67,22.56,53.5,3.87,0.6,0.0,-3.29,27.55,15.47,-50.29,-19.0,2.7,78.62,-16.29,62.33
3981,9.83,18.15,50.83,4.24,3.36,0.0,-5.1,23.67,17.19,-42.94,-18.47,2.7,79.21,-15.77,63.44
3991,8.81,16.35,51.08,4.07,0.7,0.0,-2.13,27.14,16.56,-50.76,-18.05,2.73,71.82,-15.32,56.5
4001,13.3,16.29,51.54,4.23,0.09,0.0,-3.48,27.2,17.17,-49.78,-18.69,2.76,76.56,-15.93,60.63

Delta Energy Terms
Frame #,BOND,ANGLE,DIHED,UB,IMP,CMAP,VDWAALS,EEL,1-4 VDW,1-4 EEL,EGB,ESURF,GGAS,GSOLV,TOTAL
1,0.0,0.0,0.0,0.0,-0.0,0.0,-19.98,-15.39,-0.0,0.0,27.46,-2.98,-35.37,24.48,-10.89
11,0.0,-0.0,0.0,0.0,-0.0,0.0,-24.46,-10.7,0.0,-0.0,26.59,-3.23,-35.16,23.36,-11.8
21,-0.0,-0.0,-0.0,0.0,-0.0,0.0,-24.06,-17.66,0.0,0.0,31.33,-3.33,-41.72,28.0,-13.72
31,-0.0,0.0,-0.0,0.0,-0.0,0.0,-19.92,-10.25,0.0,-0.0,25.98,-2.94,-30.16,23.04,-7.13
41,-0.0,-0.0,0.0,-0.0,0.0,0.0,-21.49,-6.24,0.0,0.0,22.15,-2.96,-27.73,19.19,-8.54
51,0.0,0.0,0.0,-0.0,-0.0,0.0,-24.79,-6.31,0.0,0.0,21.96,-3.37,-31.1,18.6,-12.5
61,0.0,0.0,-0.0,-0.0,-0.0,0.0,-18.78,-6.7,0.0,-0.0,22.44,-2.91,-25.48,19.53,-5.94
71,-0.0,-0.0,-0.0,-0.0,-0.0,0.0,-16.65,-4.05,-0.0,0.0,19.49,-2.46,-20.71,17.03,-3.68
81,-0.0,-0.0,0.0,0.0,-0.0,0.0,-20.71,0.84,0.0,-0.0,17.49,-2.64,-19.87,14.85,-5.02
91,-0.0,0.0,0.0,-0.0,0.0,0.0,-19.45,0.47,0.0,-0.0,17.5,-2.77,-18.98,14.73,-4.25
101,0.0,0.0,0.0,-0.0,-0.0,0.0,-23.29,-3.65,0.0,-0.0,21.07,-2.84,-26.94,18.23,-8.71
111,-0.0,-0.0,0.0,0.0,-0.0,0.0,-16.05,-3.94,-0.0,0.0,19.84,-2.6,-19.98,17.24,-2.74
121,0.0,0.0,-0.0,-0.0,0.0,0.0,-19.15,-0.24,0.0,0.0,16.22,-2.45,-19.39,13.77,-5.62
131,-0.0,-0.0,0.0,-0.0,-0.0,0.0,-15.45,0.3,0.0,0.0,13.52,-1.91,-15.15,11.61,-3.54
141,0.0,-0.0,-0.0,0.0,-0.0,0.0,-18.86,-2.05,0.0,-0.0,17.1,-2.52,-20.9,14.58,-6.32
151,0.0,-0.0,-0.0,0.0,-0.0,0.0,-15.94,-7.38,0.0,-0.0,20.57,-2.18,-23.32,18.39,-4.93
161,0.0,-0.0,-0.0,-0.0,-0.0,0.0,-13.94,-4.71,0.0,0.0,14.87,-2.09,-18.65,12.78,-5.87
171,-0.0,0.0,-0.0,0.0,0.0,0.0,-15.24,0.9,0.0,0.0,12.46,-2.12,-14.33,10.35,-3.99
181,0.0,-0.0,0.0,0.0,-0.0,0.0,-16.33,-3.88,-0.0,0.0,17.37,-2.0,-20.22,15.38,-4.84
191,0.0,-0.0,-0.0,0.0,-0.0,0.0,-16.35,-1.72,0.0,0.0,16.43,-2.21,-18.07,14.22,-3.85
201,0.0,0.0,0.0,0.0,-0.0,0.0,-18.9,1.86,-0.0,-0.0,15.32,-2.64,-17.04,12.67,-4.36
211,-0.0,0.0,-0.0,0.0,0.0,0.0,-19.19,-0.6,0.0,-0.0,14.41,-2.39,-19.79,12.03,-7.77
221,0.0,-0.0,0.0,-0.0,-0.0,0.0,-16.95,-4.25,-0.0,0.0,15.08,-2.11,-21.2,12.97,-8.23
231,-0.0,-0.0,-0.0,0.0,0.0,0.0,-13.4,-6.28,-0.0,0.0,15.96,-1.72,-19.69,14.25,-5.44
241,0.0,0.0,0.0,0.0,-0.0,0.0,-15.75,-5.44,-0.0,-0.0,19.26,-2.05,-21.19,17.2,-3.99
251,-0.0,-0.0,0.0,0.0,0.0,0.0,-16.4,-4.44,-0.0,0.0,18.11,-2.03,-20.84,16.08,-4.76
261,0.0,-0.0,0.0,-0.0,0.0,0.0,-18.51,-5.66,0.0,-0.0,18.58,-2.09,-24.16,16.49,-7.67
271,-0.0,0.0,0.0,-0.0,-0.0,0.0,-14.41,-5.71,-0.0,-0.0,17.8,-1.77,-20.12,16.02,-4.1
281,0.0,-0.0,-0.0,-0.0,-0.0,0.0,-18.53,-4.33,-0.0,-0.0,15.99,-2.26,-22.86,13.73,-9.14
291,-0.0,-0.0,-0.0,0.0,-0.0,0.0,-14.4,-8.39,0.0,-0.0,17.12,-1.92,-22.79,15.2,-7.59
301,0.0,0.0,-0.0,0.0,0.0,0.0,-18.36,-10.44,0.0,0.0,21.87,-2.49,-28.81,19.37,-9.43
311,-0.0,-0.0,-0.0,0.0,0.0,0.0,-18.39,-8.71,0.0,-0.0,22.24,-2.44,-27.1,19.8,-7.3
321,-0.0,-0.0,0.0,-0.0,-0.0,0.0,-13.81,-13.67,-0.0,0.0,21.63,-2.0,-27.48,19.63,-7.85
331,0.0,0.0,-0.0,0.0,-0.0,0.0,-12.1,-7.44,-0.0,-0.0,14.86,-1.53,-19.53,13.33,-6.2
341,-0.0,0.0,-0.0,0.0,-0.0,0.0,-11.5,-5.44,0.0,-0.0,13.24,-1.53,-16.94,11.71,-5.23
351,0.0,-0.0,-0.0,-0.0,0.0,0.0,-12.03,-3.34,-0.0,-0.0,12.77,-1.66,-15.37,11.11,-4.26
361,-0.0,-0.0,-0.0,0.0,-0.0,0.0,-12.28,-1.49,0.0,0.0,10.6,-1.63,-13.77,8.97,-4.81
371,-0.0,-0.0,0.0,-0.0,-0.0,0.0,-12.61,-7.95,-0.0,0.0,15.11,-1.76,-20.56,13.35,-7.21
381,0.0,-0.0,-0.0,0.0,-0.0,0.0,-9.72,-0.03,0.0,-0.0,8.36,-1.21,-9.75,7.15,-2.6
391,0.0,0.0,0.0,-0.0,0.0,0.0,-13.66,-11.88,-0.0,0.0,20.45,-1.89,-25.53,18.56,-6.97
401,0.0,-0.0,0.0,0.0,-0.0,0.0,-12.43,-13.68,0.0,-0.0,23.41,-2.01,-26.11,21.41,-4.7
411,0.0,-0.0,0.0,0.0,0.0,0.0,-17.98,-8.03,0.0,-0.0,21.06,-2.25,-26.01,18.81,-7.2
421,0.0,0.0,0.0,-0.0,-0.0,0.0,-16.52,-9.35,-0.0,-0.0,20.33,-2.2,-25.87,18.13,-7.74
431,-0.0,-0.0,0.0,-0.0,-0.0,0.0,-17.55,-13.81,0.0,0.0,24.73,-2.12,-31.36,22.61,-8.75
441,-0.0,0.0,-0.0,0.0,-0.0,0.0,-16.1,-5.63,-0.0,-0.0,17.55,-2.02,-21.72,15.53,-6.19
451,0.0,0.0,0.0,-0.0,-0.0,0.0,-15.25,-15.08,-0.0,0.0,23.26,-2.08,-30.34,21.18,-9.16
461,-0.0,-0.0,-0.0,0.0,-0.0,0.0,-15.38,-11.17,0.0,0.0,22.22,-2.15,-26.55,20.07,-6.49
471,-0.0,0.0,-0.0,-0.0,0.0,0.0,-14.83,-15.78,0.0,0.0,23.56,-2.12,-30.61,21.44,-9.17
481,-0.0,0.0,0.0,0.0,0.0,0.0,-17.91,-10.3,0.0,0.0,21.89,-2.17,-28.21,19.73,-8.48
491,0.0,0.0,-0.0,-0.0,0.0,0.0,-16.76,-11.16,0.0,0.0,21.69,-2.15,-27.93,19.54,-8.39
501,-0.0,0.0,-0.0,0.0,0.0,0.0,-18.22,-11.34,-0.0,0.0,24.75,-2.35,-29.56,22.4,-7.16
511,-0.0,0.0,-0.0,-0.0,-0.0,0.0,-19.07,-12.38,-0.0,0.0,24.43,-2.25,-31.45,22.18,-9.27
521,0.0,-0.0,-0.0,0.0,0.0,0.0,-19.26,-6.77,-0.0,0.0,19.43,-2.51,-26.02,16.92,-9.1
531,0.0,-0.0,-0.0,0.0,0.0,0.0,-18.11,-5.21,0.0,-0.0,16.34,-2.07,-23.32,14.27,-9.05
541,0.0,-0.0,0.0,-0.0,-0.0,0.0,-15.46,-10.61,-0.0,0.0,21.38,-2.06,-26.07,19.31,-6.76
551,-0.0,-0.0,-0.0,-0.0,-0.0,0.0,-13.85,-12.41,0.0,-0.0,23.09,-2.07,-26.26,21.02,-5.24
561,-0.0,0.0,0.0,0.0,0.0,0.0,-14.74,-18.27,-0.0,0.0,25.31,-1.92,-33.0,23.39,-9.61
571,-0.0,0.0,-0.0,0.0,-0.0,0.0,-11.77,-13.77,-0.0,0.0,18.88,-1.55,-25.54,17.32,-8.21
581,-0.0,0.0,-0.0,-0.0,-0.0,0.0,-12.65,-11.46,-0.0,0.0,18.58,-1.51,-24.12,17.07,-7.05
591,-0.0,0.0,-0.0,0.0,0.0,0.0,-12.22,-10.76,-0.0,0.0,18.89,-1.77,-22.98,17.12,-5.86
601,-0.0,0.0,0.0,-0.0,-0.0,0.0,-12.73,-17.77,-0.0,-0.0,23.6,-1.71,-30.5,21.89,-8.61
611,-0.0,-0.0,-0.0,-0.0,-0.0,0.0,-11.09,-8.29,0.0,-0.0,16.67,-1.42,-19.38,15.25,-4.13
621,0.0,0.0,-0.0,-0.0,-0.0,0.0,-10.59,-7.97,0.0,-0.0,14.54,-1.24,-18.56,13.3,-5.26
631,0.0,-0.0,-0.0,0.0,-0.0,0.0,-10.22,-6.0,-0.0,-0.0,14.53,-1.3,-16.22,13.23,-2.99
641,0.0,-0.0,-0.0,-0.0,0.0,0.0,-5.85,-2.78,-0.0,-0.0,8.21,-0.79,-8.63,7.42,-1.21
651,-0.0,-0.0,0.0,-0.0,0.0,0.0,-2.88,1.16,-0.0,-0.0,3.57,-0.46,-1.73,3.11,1.39
661,-0.0,0.0,0.0,0.0,0.0,0.0,-0.44,-1.02,0.0,0.0,2.78,0.0,-1.47,2.78,1.31
671,-0.0,0.0,0.0,-0.0,-0.0,0.0,-0.21,-1.3,0.0,-0.0,2.21,-0.0,-1.51,2.21,0.7
681,0.0,0.0,0.0,-0.0,-0.0,0.0,-0.22,1.8,0.0,0.0,-0.85,-0.0,1.58,-0.85,0.73
691,0.0,0.0,-0.0,0.0,0.0,0.0,-0.04,0.18,-0.0,-0.0,-0.03,-0.0,0.14,-0.03,0.12
701,-0.0,0.0,0.0,-0.0,-0.0,0.0,-0.2,-0.33,-0.0,-0.0,1.08,0.0,-0.52,1.08,0.56
711,0.0,-0.0,-0.0,0.0,0.0,0.0,-0.45,-0.17,0.0,0.0,1.84,-0.0,-0.61,1.84,1.23
721,-0.0,0.0,-0.0,-0.0,0.0,0.0,-1.57,-2.09,0.0,-0.0,5.37,-0.15,-3.65,5.21,1.56
731,-0.0,0.0,0.0,-0.0,-0.0,0.0,-0.17,-1.15,-0.0,0.0,1.92,0.0,-1.32,1.92,0.6
741,-0.0,0.0,0.0,-0.0,0.0,0.0,-0.03,-0.28,-0.0,0.0,0.37,-0.0,-0.31,0.37,0.06
751,-0.0,-0.0,-0.0,0.0,0.0,0.0,-0.06,0.33,0.0,0.0,-0.08,-0.0,0.27,-0.08,0.19
761,0.0,-0.0,0.0,0.0,-0.0,0.0,-0.14,-0.6,0.0,-0.0,1.18,-0.0,-0.74,1.18,0.44
771,0.0,0.0,0.0,-0.0,0.0,0.0,-0.35,-0.5,-0.0,-0.0,1.61,-0.0,-0.85,1.61,0.76
781,0.0,-0.0,-0.0,-0.0,-0.0,0.0,-0.43,-1.32,0.0,0.0,2.68,0.0,-1.75,2.68,0.93
791,0.0,0.0,0.0,0.0,-0.0,0.0,-1.22,0.02,-0.0,-0.0,1.97,-0.08,-1.2,1.9,0.7
801,0.0,0.0,-0.0,0.0,0.0,0.0,-0.61,-1.75,0.0,-0.0,3.44,-0.0,-2.36,3.44,1.08
811,-0.0,-0.0,0.0,-0.0,-0.0,0.0,-2.29,-1.24,-0.0,0.0,4.96,-0.22,-3.53,4.74,1.21
821,-0.0,-0.0,-0.0,-0.0,-0.0,0.0,-3.52,-2.96,0.0,0.0,8.31,-0.41,-6.48,7.9,1.42
831,-0.0,0.0,0.0,-0.0,0.0,0.0,-9.48,2.42,0.0,-0.0,5.24,-1.29,-7.06,3.95,-3.1
841,-0.0,-0.0,0.0,0.0,-0.0,0.0,-12.09,-1.48,0.0,-0.0,10.02,-1.61,-13.56,8.41,-5.15
851,-0.0,0.0,0.0,-0.0,0.0,0.0,-8.53,1.19,-0.0,-0.0,7.05,-1.35,-7.34,5.7,-1.64
861,0.0,0.0,-0.0,0.0,0.0,0.0,-5.91,2.64,-0.0,-0.0,3.61,-0.91,-3.26,2.7,-0.56
871,0.0,-0.0,-0.0,0.0,0.0,0.0,-5.6,2.39,0.0,0.0,2.86,-0.82,-3.21,2.05,-1.16
881,0.0,0.0,-0.0,0.0,-0.0,0.0,-5.76,2.39,0.0,0.0,3.79,-0.89,-3.38,2.9,-0.48
891,-0.0,-0.0,0.0,-0.0,0.0,0.0,-1.74,-1.57,-0.0,-0.0,3.85,-0.11,-3.31,3.74,0.43
901,0.0,0.0,-0.0,-0.0,0.0,0.0,-1.31,0.72,0.0,0.0,1.34,-0.07,-0.58,1.27,0.69
911,0.0,0.0,-0.0,0.0,0.0,0.0,-0.75,-2.0,0.0,-0.0,3.64,-0.0,-2.76,3.64,0.89
921,0.0,0.0,0.0,-0.0,0.0,0.0,-0.61,1.16,-0.0,-0.0,0.49,0.0,0.55,0.49,1.04
931,0.0,-0.0,0.0,0.0,0.0,0.0,-0.77,2.5,0.0,-0.0,-0.35,0.0,1.73,-0.35,1.38
941,-0.0,-0.0,0.0,0.0,-0.0,0.0,-0.61,-3.05,0.0,-0.0,5.67,-0.0,-3.66,5.67,2.02
951,-0.0,0.0,-0.0,0.0,-0.0,0.0,-0.4,3.51,-0.0,0.0,-2.13,0.0,3.11,-2.13,0.98
961,-0.0,-0.0,0.0,0.0,0.0,0.0,-0.07,1.22,-0.0,-0.0,-0.82,0.0,1.15,-0.82,0.33
971,-0.0,0.0,0.0,0.0,0.0,0.0,-0.06,3.5,0.0,-0.0,-2.24,0.0,3.43,-2.24,1.19
981,-0.0,-0.0,0.0,0.0,-0.0,0.0,-0.0,0.63,0.0,-0.0,-0.63,0.0,0.63,-0.63,0.0
991,-0.0,0.0,0.0,0.0,-0.0,0.0,-0.0,-0.36,0.0,-0.0,0.36,-0.0,-0.36,0.36,-0.0
1001,-0.0,-0.0,0.0,-0.0,-0.0,0.0,-0.03,-0.75,-0.0,0.0,0.96,-0.0,-0.78,0.96,0.19
1011,-0.0,-0.0,0.0,-0.0,0.0,0.0,-0.06,1.48,0.0,0.0,-0.99,0.0,1.42,-0.99,0.43
1021,-0.0,-0.0,-0.0,-0.0,0.0,0.0,-0.04,0.29,-0.0,0.0,-0.12,-0.0,0.26,-0.12,0.13
1031,0.0,-0.0,0.0,0.0,-0.0,0.0,-0.0,-0.16,-0.0,0.0,0.16,0.0,-0.16,0.16,-0.0
1041,0.0,0.0,0.0,0.0,-0.0,0.0,-0.11,-0.12,-0.0,-0.0,0.53,0.0,-0.23,0.53,0.3
1051,0.0,0.0,-0.0,0.0,0.0,0.0,-0.0,-0.24,-0.0,-0.0,0.24,0.0,-0.24,0.24,-0.0
1061,-0.0,-0.0,0.0,0.0,0.0,0.0,-0.0,0.21,0.0,0.0,-0.21,0.0,0.21,-0.21,0.0
1071,0.0,-0.0,-0.0,-0.0,-0.0,0.0,-0.0,0.1,0.0,-0.0,-0.1,0.0,0.1,-0.1,-0.0
1081,-0.0,-0.0,-0.0,0.0,-0.0,0.0,-0.0,0.21,-0.0,-0.0,-0.21,0.0,0.21,-0.21,-0.0
1091,-0.0,0.0,0.0,0.0,-0.0,0.0,-0.0,-0.01,-0.0,0.0,0.26,0.0,-0.01,0.26,0.25
1101,0.0,-0.0,0.0,-0.0,0.0,0.0,-0.0,-1.76,-0.0,0.0,2.41,-0.0,-1.76,2.41,0.65
1111,0.0,-0.0,0.0,-0.0,0.0,0.0,-0.0,-0.66,0.0,0.0,1.11,-0.0,-0.66,1.11,0.45
1121,0.0,0.0,0.0,0.0,-0.0,0.0,-0.0,-0.23,0.0,0.0,1.83,-0.0,-0.24,1.83,1.59
1131,-0.0,0.0,0.0,-0.0,0.0,0.0,-0.0,0.18,0.0,-0.0,-0.17,0.0,0.18,-0.17,0.0
1141,-0.0,-0.0,-0.0,-0.0,-0.0,0.0,-0.0,0.49,0.0,0.0,-0.48,0.0,0.49,-0.48,0.01
1151,0.0,-0.0,0.0,-0.0,-0.0,0.0,-0.0,0.36,-0.0,0.0,-0.36,-0.0,0.36,-0.36,0.0
1161,0.0,0.0,0.0,0.0,-0.0,0.0,-0.0,0.52,-0.0,0.0,-0.52,-0.0,0.52,-0.52,0.0
1171,0.0,-0.0,-0.0,-0.0,0.0,0.0,-0.0,-0.19,-0.0,-0.0,0.19,0.0,-0.19,0.19,0.0
1181,0.0,-0.0,0.0,-0.0,-0.0,0.0,-0.0,-0.49,-0.0,-0.0,0.49,-0.0,-0.49,0.49,-0.0
1191,0.0,0.0,0.0,-0.0,-0.0,0.0,-0.0,0.01,-0.0,-0.0,-0.01,-0.0,0.01,-0.01,0.0
1201,-0.0,-0.0,0.0,0.0,-0.0,0.0,0.0,0.12,-0.0,-0.0,-0.12,0.0,0.12,-0.12,0.0
1211,-0.0,-0.0,-0.0,0.0,0.0,0.0,-0.0,0.5,-0.0,0.0,-0.46,0.0,0.5,-0.46,0.04
1221,-0.0,0.0,0.0,-0.0,-0.0,0.0,-0.0,0.53,-0.0,-0.0,-0.51,0.0,0.53,-0.51,0.02
1231,0.0,-0.0,0.0,-0.0,-0.0,0.0,-0.0,0.34,-0.0,0.0,-0.33,0.0,0.34,-0.33,0.0
1241,0.0,-0.0,-0.0,0.0,0.0,0.0,-0.0,0.82,-0.0,0.0,-0.78,0.0,0.82,-0.78,0.05
1251,0.0,0.0,-0.0,-0.0,0.0,0.0,0.0,1.57,0.0,0.0,-1.56,-0.0,1.57,-1.56,0.01
1261,-0.0,0.0,0.0,0.0,-0.0,0.0,-0.0,1.44,-0.0,-0.0,-1.43,-0.0,1.44,-1.43,0.01
1271,-0.0,0.0,-0.0,-0.0,-0.0,0.0,-0.0,-0.77,0.0,0.0,0.81,-0.0,-0.77,0.81,0.04
1281,0.0,0.0,-0.0,-0.0,0.0,0.0,-0.0,1.14,-0.0,-0.0,-0.98,-0.0,1.14,-0.98,0.16
1291,0.0,0.0,0.0,0.0,-0.0,0.0,-0.0,-0.0,-0.0,-0.0,0.1,0.0,-0.0,0.1,0.1
1301,0.0,0.0,-0.0,0.0,0.0,0.0,-0.0,3.05,-0.0,-0.0,-2.71,-0.0,3.05,-2.71,0.35
1311,0.0,0.0,0.0,-0.0,-0.0,0.0,-0.0,2.76,-0.0,-0.0,-2.4,-0.0,2.76,-2.4,0.36
1321,-0.0,0.0,0.0,-0.0,0.0,0.0,-0.0,1.79,-0.0,-0.0,-1.53,0.0,1.79,-1.53,0.27
1331,-0.0,0.0,0.0,-0.0,0.0,0.0,-0.0,4.81,-0.0,-0.0,-3.75,0.0,4.81,-3.75,1.06
1341,-0.0,-0.0,-0.0,-0.0,0.0,0.0,-0.0,2.87,-0.0,-0.0,-1.46,0.0,2.87,-1.46,1.41
1351,-0.0,-0.0,-0.0,0.0,-0.0,0.0,-0.0,3.5,-0.0,-0.0,-2.43,0.0,3.49,-2.43,1.06
1361,0.0,0.0,-0.0,-0.0,-0.0,0.0,-0.0,-1.58,0.0,-0.0,2.11,0.0,-1.58,2.11,0.53
1371,0.0,-0.0,-0.0,0.0,-0.0,0.0,-0.0,-0.04,-0.0,-0.0,0.34,0.0,-0.04,0.34,0.3
1381,0.0,0.0,0.0,0.0,0.0,0.0,-0.0,-0.8,-0.0,0.0,1.37,0.0,-0.8,1.37,0.57
1391,0.0,-0.0,0.0,-0.0,-0.0,0.0,-0.0,1.41,0.0,-0.0,-0.35,-0.0,1.4,-0.35,1.06
1401,-0.0,-0.0,0.0,-0.0,-0.0,0.0,-0.0,0.06,-0.0,-0.0,0.28,-0.0,0.06,0.28,0.34
1411,0.0,-0.0,0.0,-0.0,-0.0,0.0,-0.0,2.84,-0.0,-0.0,-1.68,-0.0,2.84,-1.68,1.15
1421,-0.0,-0.0,-0.0,0.0,0.0,0.0,-0.0,1.74,-0.0,-0.0,-1.41,-0.0,1.74,-1.41,0.33
1431,0.0,-0.0,0.0,0.0,-0.0,0.0,-0.0,1.51,0.0,0.0,-0.47,0.0,1.51,-0.47,1.03
1441,0.0,0.0,0.0,-0.0,-0.0,0.0,-0.0,-1.86,0.0,-0.0,3.0,0.0,-1.86,3.0,1.14
1451,0.0,0.0,0.0,-0.0,-0.0,0.0,-0.0,-1.7,0.0,-0.0,2.27,0.0,-1.71,2.27,0.56
1461,-0.0,-0.0,-0.0,0.0,0.0,0.0,-0.0,-2.11,-0.0,0.0,3.62,0.0,-2.12,3.62,1.5
1471,0.0,0.0,-0.0,-0.0,-0.0,0.0,-0.0,-2.23,0.0,-0.0,2.84,0.0,-2.23,2.84,0.61
1481,0.0,-0.0,0.0,-0.0,0.0,0.0,-0.0,-3.33,0.0,-0.0,3.87,0.0,-3.33,3.87,0.55
1491,-0.0,0.0,0.0,0.0,0.0,0.0,-0.0,-2.81,0.0,-0.0,3.35,0.0,-2.81,3.35,0.54
1501,0.0,0.0,0.0,-0.0,-0.0,0.0,-0.0,-2.73,0.0,-0.0,3.44,-0.0,-2.73,3.44,0.71
1511,0.0,0.0,-0.0,0.0,0.0,0.0,-0.0,-2.03,0.0,-0.0,2.82,0.0,-2.03,2.82,0.79
1521,0.0,0.0,0.0,-0.0,0.0,0.0,-0.0,-2.46,-0.0,0.0,3.26,-0.0,-2.46,3.26,0.8
1531,0.0,-0.0,-0.0,0.0,0.0,0.0,-0.01,-7.47,-0.0,-0.0,10.47,-0.0,-7.48,10.47,2.99
1541,0.0,-0.0,0.0,-0.0,0.0,0.0,-0.01,-5.29,0.0,-0.0,7.3,0.0,-5.29,7.3,2.01
1551,0.0,-0.0,-0.0,0.0,0.0,0.0,-0.0,0.23,0.0,0.0,0.04,0.0,0.23,0.04,0.28
1561,0.0,-0.0,0.0,0.0,0.0,0.0,-0.0,-0.15,-0.0,0.0,0.49,-0.0,-0.15,0.49,0.34
1571,0.0,0.0,0.0,-0.0,-0.0,0.0,-0.0,0.23,0.0,0.0,0.03,-0.0,0.23,0.03,0.26
1581,0.0,0.0,0.0,-0.0,0.0,0.0,-0.0,1.66,-0.0,0.0,-1.38,-0.0,1.66,-1.38,0.28
1591,0.0,-0.0,0.0,-0.0,0.0,0.0,-0.0,1.04,0.0,0.0,-0.76,0.0,1.04,-0.76,0.28
1601,-0.0,0.0,-0.0,-0.0,0.0,0.0,-0.0,0.2,-0.0,0.0,0.01,0.0,0.2,0.01,0.2
1611,0.0,0.0,0.0,-0.0,0.0,0.0,-0.0,-0.44,-0.0,0.0,0.79,-0.0,-0.44,0.79,0.35
1621,0.0,0.0,0.0,0.0,-0.0,0.0,-0.0,-0.96,-0.0,-0.0,1.16,0.0,-0.96,1.16,0.2
1631,0.0,-0.0,0.0,-0.0,0.0,0.0,-0.0,0.59,0.0,-0.0,-0.39,0.0,0.59,-0.39,0.2
1641,-0.0,0.0,-0.0,-0.0,0.0,0.0,-0.0,-1.09,0.0,-0.0,1.41,-0.0,-1.09,1.41,0.32
1651,0.0,0.0,-0.0,-0.0,-0.0,0.0,-0.0,-0.11,-0.0,0.0,0.33,0.0,-0.11,0.33,0.23
1661,0.0,0.0,0.0,0.0,0.0,0.0,-0.0,0.94,-0.0,0.0,-0.49,-0.0,0.94,-0.49,0.45
1671,-0.0,-0.0,-0.0,0.0,-0.0,0.0,-0.0,-0.75,-0.0,-0.0,1.02,-0.0,-0.75,1.02,0.27
1681,0.0,0.0,-0.0,-0.0,-0.0,0.0,-0.0,3.0,-0.0,0.0,-1.69,-0.0,3.0,-1.69,1.31
1691,0.0,-0.0,0.0,0.0,0.0,0.0,-0.0,1.45,0.0,-0.0,-0.02,0.0,1.45,-0.02,1.43
1701,-0.0,0.0,-0.0,-0.0,-0.0,0.0,-0.0,2.38,0.0,0.0,-1.59,0.0,2.38,-1.59,0.78
1711,0.0,0.0,0.0,-0.0,-0.0,0.0,-0.0,0.45,-0.0,0.0,-0.45,0.0,0.45,-0.45,0.0
1721,-0.0,-0.0,-0.0,0.0,-0.0,0.0,-0.0,-0.14,0.0,0.0,0.14,-0.0,-0.14,0.14,-0.0
1731,-0.0,0.0,0.0,-0.0,0.0,0.0,-0.0,0.09,0.0,-0.0,-0.09,0.0,0.09,-0.09,-0.0
1741,-0.0,-0.0,0.0,-0.0,-0.0,0.0,-0.0,1.17,-0.0,-0.0,-0.84,-0.0,1.17,-0.84,0.33
1751,0.0,0.0,0.0,0.0,-0.0,0.0,-0.01,2.0,0.0,0.0,-0.06,-0.0,2.0,-0.06,1.94
1761,0.0,-0.0,-0.0,-0.0,0.0,0.0,-0.0,1.66,-0.0,-0.0,-1.19,-0.0,1.66,-1.19,0.48
1771,-0.0,-0.0,0.0,-0.0,-0.0,0.0,-0.0,1.96,0.0,0.0,-1.05,0.0,1.96,-1.05,0.91
1781,-0.0,0.0,0.0,0.0,0.0,0.0,-0.0,-0.46,-0.0,-0.0,0.93,0.0,-0.46,0.93,0.47
1791,0.0,0.0,-0.0,0.0,-0.0,0.0,-0.0,-0.99,0.0,-0.0,3.14,0.0,-1.0,3.14,2.15
1801,-0.0,-0.0,-0.0,0.0,0.0,0.0,-0.0,-0.36,0.0,0.0,0.77,-0.0,-0.36,0.77,0.41
1811,-0.0,0.0,0.0,0.0,0.0,0.0,-0.0,-2.39,0.0,0.0,2.76,-0.0,-2.39,2.76,0.37
1821,-0.0,-0.0,0.0,-0.0,0.0,0.0,-0.0,-0.76,-0.0,0.0,0.99,0.0,-0.76,0.99,0.24
1831,0.0,0.0,0.0,0.0,-0.0,0.0,-0.0,0.35,0.0,-0.0,-0.35,0.0,0.35,-0.35,0.0
1841,0.0,-0.0,-0.0,0.0,-0.0,0.0,-0.0,0.39,0.0,-0.0,-0.39,-0.0,0.39,-0.39,0.0
1851,-0.0,-0.0,-0.0,-0.0,-0.0,0.0,-0.0,0.4,-0.0,-0.0,-0.22,0.0,0.4,-0.22,0.18
1861,-0.0,-0.0,-0.0,-0.0,0.0,0.0,-0.0,-1.79,0.0,0.0,1.95,0.0,-1.79,1.95,0.16
1871,0.0,-0.0,0.0,0.0,-0.0,0.0,-0.0,0.64,-0.0,-0.0,-0.64,0.0,0.64,-0.64,0.0
1881,-0.0,0.0,0.0,0.0,0.0,0.0,-1.44,-2.29,0.0,-0.0,4.73,-0.07,-3.73,4.66,0.93
1891,0.0,0.0,0.0,0.0,-0.0,0.0,-3.56,-6.0,-0.0,0.0,9.09,-0.37,-9.56,8.72,-0.85
1901,0.0,-0.0,-0.0,0.0,0.0,0.0,-3.39,-6.11,0.0,0.0,10.02,-0.28,-9.5,9.74,0.23
1911,-0.0,-0.0,0.0,0.0,0.0,0.0,-3.65,-9.43,-0.0,0.0,12.76,-0.34,-13.08,12.41,-0.66
1921,0.0,0.0,-0.0,0.0,0.0,0.0,-2.24,-7.37,0.0,-0.0,8.91,-0.36,-9.61,8.55,-1.06
1931,0.0,-0.0,0.0,-0.0,-0.0,0.0,-2.71,-5.59,-0.0,-0.0,8.02,-0.3,-8.3,7.72,-0.58
1941,-0.0,0.0,0.0,-0.0,-0.0,0.0,-3.65,-1.08,-0.0,-0.0,5.46,-0.35,-4.73,5.11,0.38
1951,0.0,-0.0,-0.0,0.0,0.0,0.0,-3.0,-5.7,0.0,0.0,8.82,-0.29,-8.71,8.53,-0.17
1961,-0.0,-0.0,0.0,-0.0,0.0,0.0,-3.24,-3.95,-0.0,0.0,6.87,-0.33,-7.19,6.54,-0.65
1971,0.0,-0.0,-0.0,-0.0,-0.0,0.0,-1.29,-1.82,0.0,-0.0,4.28,-0.04,-3.1,4.24,1.14
1981,0.0,0.0,0.0,0.0,-0.0,0.0,-1.32,-0.58,0.0,0.0,2.82,-0.03,-1.9,2.79,0.89
1991,0.0,-0.0,-0.0,-0.0,-0.0,0.0,-0.72,-0.87,-0.0,0.0,2.61,0.0,-1.59,2.61,1.02
2001,0.0,-0.0,0.0,-0.0,0.0,0.0,-1.12,-3.49,0.0,-0.0,5.6,-0.02,-4.61,5.57,0.96
2011,-0.0,0.0,-0.0,0.0,-0.0,0.0,-1.52,-2.66,-0.0,0.0,5.11,-0.1,-4.18,5.02,0.83
2021,0.0,0.0,-0.0,-0.0,-0.0,0.0,-2.16,-2.57,0.0,0.0,5.24,-0.21,-4.73,5.03,0.3
2031,0.0,-0.0,-0.0,0.0,0.0,0.0,-2.46,-2.09,-0.0,0.0,5.01,-0.28,-4.55,4.74,0.19
2041,0.0,0.0,-0.0,0.0,0.0,0.0,-2.12,-1.53,-0.0,0.0,4.31,-0.23,-3.65,4.08,0.43
2051,0.0,0.0,-0.0,-0.0,-0.0,0.0,-0.63,-0.01,0.0,0.0,1.38,-0.0,-0.63,1.38,0.75
2061,-0.0,0.0,0.0,-0.0,0.0,0.0,-1.58,1.7,-0.0,0.0,0.69,-0.01,0.12,0.68,0.81
2071,-0.0,0.0,-0.0,-0.0,-0.0,0.0,-3.46,2.29,-0.0,-0.0,0.52,-0.42,-1.16,0.1,-1.06
2081,0.0,-0.0,0.0,-0.0,-0.0,0.0,-6.93,2.93,0.0,-0.0,2.47,-0.95,-3.99,1.52,-2.48
2091,-0.0,-0.0,-0.0,0.0,0.0,0.0,-6.4,2.98,-0.0,-0.0,2.41,-0.89,-3.42,1.52,-1.9
2101,-0.0,-0.0,0.0,-0.0,0.0,0.0,-5.46,2.74,-0.0,-0.0,2.06,-0.75,-2.71,1.31,-1.41
2111,0.0,0.0,0.0,-0.0,0.0,0.0,-4.86,2.08,0.0,-0.0,1.62,-0.69,-2.78,0.93,-1.86
2121,0.0,-0.0,0.0,0.0,0.0,0.0,-3.89,2.09,-0.0,-0.0,1.27,-0.58,-1.79,0.69,-1.1
2131,-0.0,-0.0,-0.0,0.0,0.0,0.0,-6.36,-5.22,0.0,0.0,9.01,-1.0,-11.58,8.01,-3.57
2141,-0.0,0.0,-0.0,0.0,-0.0,0.0,-4.42,1.54,0.0,-0.0,1.63,-0.6,-2.88,1.03,-1.85
2151,0.0,-0.0,-0.0,-0.0,-0.0,0.0,-5.36,1.12,-0.0,0.0,2.38,-0.71,-4.24,1.67,-2.57
2161,0.0,-0.0,-0.0,0.0,-0.0,0.0,-5.29,0.7,-0.0,0.0,3.34,-0.82,-4.59,2.52,-2.07
2171,0.0,-0.0,-0.0,-0.0,0.0,0.0,-0.0,1.04,0.0,0.0,-0.92,0.0,1.04,-0.92,0.12
2181,0.0,0.0,0.0,0.0,0.0,0.0,-0.0,-1.66,-0.0,-0.0,1.78,-0.0,-1.66,1.78,0.12
2191,-0.0,0.0,-0.0,-0.0,-0.0,0.0,-1.49,0.18,-0.0,-0.0,2.0,-0.04,-1.31,1.96,0.65
2201,-0.0,-0.0,0.0,-0.0,0.0,0.0,-0.84,1.27,0.0,0.0,0.37,0.0,0.43,0.37,0.79
2211,-0.0,0.0,0.0,-0.0,0.0,0.0,-1.44,-1.74,-0.0,-0.0,3.87,-0.08,-3.17,3.79,0.62
2221,0.0,-0.0,0.0,0.0,-0.0,0.0,-2.59,-2.56,0.0,0.0,5.42,-0.33,-5.15,5.09,-0.06
2231,0.0,0.0,0.0,0.0,0.0,0.0,-2.24,-0.92,0.0,0.0,3.42,-0.25,-3.16,3.16,0.01
2241,0.0,0.0,-0.0,0.0,0.0,0.0,-1.74,1.45,-0.0,-0.0,0.84,-0.12,-0.29,0.73,0.44
2251,-0.0,0.0,0.0,0.0,0.0,0.0,-0.73,-0.26,-0.0,0.0,1.83,0.0,-1.0,1.83,0.84
2261,-0.0,-0.0,0.0,-0.0,-0.0,0.0,-0.0,0.84,-0.0,-0.0,-0.4,0.0,0.84,-0.4,0.44
2271,0.0,0.0,0.0,-0.0,-0.0,0.0,-0.0,2.17,0.0,0.0,-1.9,0.0,2.17,-1.9,0.27
2281,-0.0,-0.0,-0.0,-0.0,-0.0,0.0,-0.0,-0.11,-0.0,0.0,0.52,0.0,-0.11,0.52,0.41
2291,-0.0,-0.0,-0.0,-0.0,0.0,0.0,-0.0,0.29,-0.0,0.0,-0.06,0.0,0.29,-0.06,0.23
2301,0.0,0.0,0.0,0.0,-0.0,0.0,-0.42,2.74,0.0,-0.0,-1.2,0.0,2.32,-1.2,1.12
2311,-0.0,-0.0,-0.0,0.0,0.0,0.0,-0.0,-0.04,-0.0,0.0,0.3,0.0,-0.04,0.3,0.27
2321,0.0,0.0,-0.0,0.0,-0.0,0.0,-0.0,-1.14,0.0,-0.0,1.52,-0.0,-1.14,1.52,0.38
2331,-0.0,0.0,0.0,-0.0,-0.0,0.0,-0.41,0.78,0.0,0.0,0.56,-0.0,0.37,0.56,0.92
2341,0.0,0.0,-0.0,-0.0,0.0,0.0,-0.39,1.05,-0.0,0.0,0.31,0.0,0.65,0.31,0.97
2351,-0.0,0.0,-0.0,0.0,-0.0,0.0,-0.38,3.96,-0.0,0.0,-2.28,-0.0,3.58,-2.28,1.3
2361,0.0,0.0,0.0,0.0,0.0,0.0,-0.0,-0.63,0.0,0.0,1.28,0.0,-0.63,1.28,0.65
2371,-0.0,0.0,0.0,0.0,-0.0,0.0,-0.0,0.84,-0.0,0.0,-0.43,-0.0,0.84,-0.43,0.4
2381,0.0,-0.0,-0.0,-0.0,0.0,0.0,-0.0,-0.22,0.0,0.0,0.71,-0.0,-0.22,0.71,0.49
2391,-0.0,0.0,0.0,-0.0,-0.0,0.0,-0.0,-1.13,0.0,-0.0,2.16,-0.0,-1.13,2.16,1.03
2401,-0.0,0.0,0.0,0.0,0.0,0.0,-0.0,-1.11,-0.0,-0.0,1.89,-0.0,-1.11,1.89,0.77
2411,0.0,0.0,-0.0,-0.0,-0.0,0.0,-0.0,-0.28,-0.0,0.0,0.98,0.0,-0.29,0.98,0.7
2421,0.0,0.0,0.0,0.0,0.0,0.0,-0.0,-1.24,-0.0,0.0,1.82,-0.0,-1.24,1.82,0.58
2431,-0.0,0.0,-0.0,0.0,0.0,0.0,-0.0,-0.89,0.0,-0.0,1.37,-0.0,-0.89,1.37,0.48
2441,-0.0,0.0,-0.0,0.0,-0.0,0.0,-0.0,3.28,0.0,-0.0,-2.08,-0.0,3.28,-2.08,1.2
2451,-0.0,0.0,-0.0,0.0,-0.0,0.0,-0.01,-3.57,0.0,0.0,6.19,-0.0,-3.58,6.19,2.62
2461,-0.0,0.0,-0.0,-0.0,-0.0,0.0,-0.0,-2.46,-0.0,-0.0,4.03,0.0,-2.46,4.03,1.57
2471,0.0,-0.0,0.0,0.0,0.0,0.0,-0.0,-1.94,0.0,-0.0,2.77,-0.0,-1.94,2.77,0.82
2481,0.0,0.0,-0.0,-0.0,-0.0,0.0,-0.0,3.32,-0.0,0.0,-1.68,0.0,3.31,-1.68,1.63
2491,0.0,-0.0,0.0,-0.0,0.0,0.0,-0.01,-3.74,-0.0,0.0,6.4,-0.0,-3.75,6.4,2.64
2501,0.0,0.0,-0.0,-0.0,0.0,0.0,-0.0,-3.5,-0.0,-0.0,4.84,0.0,-3.5,4.84,1.34
2511,0.0,0.0,-0.0,-0.0,-0.0,0.0,-0.0,-1.29,-0.0,-0.0,1.67,0.0,-1.29,1.67,0.38
2521,-0.0,0.0,0.0,0.0,0.0,0.0,-0.0,2.84,-0.0,-0.0,-1.65,0.0,2.84,-1.65,1.2
2531,0.0,0.0,-0.0,-0.0,-0.0,0.0,-0.0,3.53,-0.0,-0.0,-2.91,0.0,3.53,-2.91,0.61
2541,0.0,0.0,-0.0,-0.0,0.0,0.0,-0.0,-2.08,-0.0,0.0,2.51,0.0,-2.08,2.51,0.43
2551,-0.0,0.0,0.0,0.0,-0.0,0.0,-0.0,-0.36,0.0,-0.0,0.7,-0.0,-0.36,0.7,0.34
2561,0.0,-0.0,-0.0,-0.0,0.0,0.0,-0.0,-0.56,0.0,-0.0,0.77,-0.0,-0.56,0.77,0.21
2571,-0.0,0.0,-0.0,-0.0,0.0,0.0,-0.0,0.13,-0.0,-0.0,0.21,0.0,0.13,0.21,0.34
2581,0.0,-0.0,-0.0,0.0,-0.0,0.0,-0.0,0.13,0.0,0.0,0.22,0.0,0.13,0.22,0.35
2591,0.0,0.0,-0.0,-0.0,0.0,0.0,-0.0,0.17,-0.0,-0.0,0.87,-0.0,0.16,0.87,1.04
2601,0.0,0.0,-0.0,-0.0,-0.0,0.0,-0.0,-2.65,0.0,0.0,3.0,0.0,-2.65,3.0,0.35
2611,-0.0,-0.0,0.0,-0.0,0.0,0.0,-0.0,0.68,-0.0,0.0,-0.5,-0.0,0.68,-0.5,0.18
2621,-0.0,0.0,-0.0,-0.0,-0.0,0.0,-0.0,0.89,-0.0,0.0,-0.76,0.0,0.89,-0.76,0.13
2631,-0.0,-0.0,-0.0,-0.0,0.0,0.0,-0.0,1.17,0.0,0.0,-1.05,0.0,1.17,-1.05,0.12
2641,-0.0,-0.0,0.0,0.0,-0.0,0.0,-0.53,2.04,-0.0,-0.0,-0.55,0.0,1.51,-0.55,0.96
2651,-0.0,0.0,-0.0,0.0,0.0,0.0,-0.0,0.5,0.0,0.0,-0.5,-0.0,0.5,-0.5,0.0
2661,-0.0,0.0,0.0,0.0,-0.0,0.0,0.0,1.52,-0.0,-0.0,-1.42,0.0,1.52,-1.42,0.1
2671,0.0,-0.0,0.0,-0.0,-0.0,0.0,-0.0,0.14,0.0,0.0,-0.13,-0.0,0.14,-0.13,0.0
2681,0.0,0.0,0.0,0.0,0.0,0.0,0.0,-0.12,0.0,0.0,0.13,-0.0,-0.12,0.13,0.02
2691,0.0,0.0,0.0,-0.0,-0.0,0.0,-0.0,0.59,0.0,-0.0,-0.3,-0.0,0.59,-0.3,0.29
2701,0.0,0.0,-0.0,-0.0,0.0,0.0,-0.0,2.57,-0.0,-0.0,-2.22,-0.0,2.57,-2.22,0.35
2711,0.0,-0.0,-0.0,-0.0,-0.0,0.0,-0.0,0.13,-0.0,0.0,0.17,0.0,0.13,0.17,0.3
2721,-0.0,0.0,-0.0,0.0,-0.0,0.0,-0.0,0.87,0.0,-0.0,-0.76,0.0,0.87,-0.76,0.12
2731,0.0,-0.0,-0.0,-0.0,0.0,0.0,-0.0,0.25,0.0,-0.0,0.34,0.0,0.25,0.34,0.59
2741,-0.0,-0.0,0.0,-0.0,0.0,0.0,-0.0,-0.24,0.0,0.0,0.24,-0.0,-0.24,0.24,-0.0
2751,0.0,0.0,0.0,0.0,0.0,0.0,-0.0,-0.63,-0.0,0.0,0.63,-0.0,-0.63,0.63,-0.0
2761,-0.0,0.0,0.0,0.0,-0.0,0.0,-0.0,-0.55,-0.0,-0.0,0.55,0.0,-0.55,0.55,-0.0
2771,0.0,-0.0,0.0,-0.0,0.0,0.0,-0.0,0.21,-0.0,-0.0,-0.21,-0.0,0.21,-0.21,-0.0
2781,-0.0,0.0,0.0,0.0,0.0,0.0,-0.0,-0.61,-0.0,0.0,0.6,0.0,-0.61,0.6,-0.0
2791,0.0,-0.0,-0.0,0.0,-0.0,0.0,-0.0,-0.56,-0.0,0.0,0.57,-0.0,-0.56,0.57,0.02
2801,0.0,0.0,0.0,0.0,-0.0,0.0,-0.0,-0.35,-0.0,-0.0,0.34,-0.0,-0.35,0.34,-0.0
2811,-0.0,-0.0,-0.0,-0.0,-0.0,0.0,-0.0,0.19,0.0,-0.0,-0.19,0.0,0.19,-0.19,0.0
2821,-0.0,-0.0,-0.0,-0.0,0.0,0.0,-1.13,5.66,0.0,-0.0,-3.09,-0.01,4.52,-3.1,1.42
2831,-0.0,0.0,-0.0,0.0,-0.0,0.0,-6.59,-3.88,-0.0,0.0,8.66,-0.76,-10.47,7.9,-2.57
2841,-0.0,0.0,0.0,-0.0,0.0,0.0,-5.91,1.0,-0.0,0.0,3.44,-0.7,-4.91,2.74,-2.17
2851,-0.0,0.0,0.0,-0.0,-0.0,0.0,-5.52,-1.86,0.0,-0.0,5.93,-0.54,-7.38,5.38,-1.99
2861,0.0,0.0,-0.0,0.0,-0.0,0.0,-9.02,0.52,-0.0,-0.0,4.9,-1.34,-8.5,3.56,-4.94
2871,0.0,-0.0,0.0,-0.0,0.0,0.0,-13.42,-2.77,-0.0,0.0,8.88,-1.83,-16.19,7.05,-9.14
2881,-0.0,-0.0,-0.0,-0.0,-0.0,0.0,-11.85,-1.09,0.0,-0.0,8.32,-1.83,-12.94,6.49,-6.45
2891,0.0,0.0,0.0,0.0,-0.0,0.0,-11.45,0.62,0.0,0.0,7.73,-1.82,-10.82,5.91,-4.91
2901,-0.0,-0.0,0.0,0.0,0.0,0.0,-17.14,-4.82,0.0,0.0,14.18,-2.22,-21.96,11.96,-10.0
2911,0.0,0.0,-0.0,0.0,0.0,0.0,-16.22,-3.93,0.0,-0.0,11.93,-2.32,-20.14,9.61,-10.54
2921,-0.0,-0.0,-0.0,-0.0,0.0,0.0,-18.66,-2.42,0.0,0.0,11.82,-2.43,-21.07,9.39,-11.68
2931,0.0,0.0,-0.0,-0.0,-0.0,0.0,-16.04,-1.91,-0.0,-0.0,10.73,-2.11,-17.95,8.61,-9.34
2941,-0.0,0.0,-0.0,-0.0,0.0,0.0,-17.96,-2.83,0.0,0.0,11.87,-2.31,-20.79,9.56,-11.23
2951,-0.0,0.0,0.0,-0.0,-0.0,0.0,-20.02,-4.68,-0.0,0.0,14.43,-2.47,-24.7,11.96,-12.74
2961,0.0,-0.0,-0.0,0.0,-0.0,0.0,-17.54,-4.6,0.0,0.0,12.78,-2.21,-22.15,10.57,-11.57
2971,-0.0,0.0,-0.0,0.0,-0.0,0.0,-17.33,-2.92,0.0,0.0,11.16,-2.43,-20.25,8.73,-11.52
2981,0.0,-0.0,-0.0,0.0,0.0,0.0,-18.86,-0.9,-0.0,-0.0,12.12,-2.57,-19.76,9.54,-10.22
2991,-0.0,-0.0,-0.0,-0.0,0.0,0.0,-15.16,-2.84,-0.0,0.0,11.1,-2.43,-18.0,8.68,-9.32
3001,0.0,-0.0,-0.0,0.0,-0.0,0.0,-15.95,-3.34,0.0,0.0,11.62,-2.48,-19.29,9.15,-10.15
3011,0.0,-0.0,0.0,0.0,-0.0,0.0,-10.84,-5.85,0.0,-0.0,11.55,-1.88,-16.69,9.67,-7.02
3021,0.0,0.0,-0.0,0.0,0.0,0.0,-18.98,-4.12,0.0,0.0,12.2,-2.64,-23.1,9.56,-13.55
3031,-0.0,-0.0,0.0,0.0,-0.0,0.0,-17.5,-3.65,-0.0,-0.0,12.48,-2.26,-21.15,10.23,-10.92
3041,-0.0,-0.0,0.0,-0.0,0.0,0.0,-15.73,-1.84,-0.0,0.0,9.68,-2.16,-17.57,7.52,-10.05
3051,-0.0,0.0,0.0,-0.0,0.0,0.0,-0.0,-0.28,-0.0,0.0,0.35,-0.0,-0.28,0.35,0.07
3061,-0.0,0.0,-0.0,0.0,0.0,0.0,-0.0,-0.06,0.0,0.0,0.13,-0.0,-0.06,0.13,0.07
3071,-0.0,0.0,-0.0,-0.0,-0.0,0.0,-0.0,-0.53,-0.0,0.0,0.6,0.0,-0.53,0.6,0.06
3081,0.0,-0.0,-0.0,-0.0,0.0,0.0,0.0,-0.43,-0.0,0.0,0.46,0.0,-0.43,0.46,0.03
3091,0.0,-0.0,-0.0,0.0,-0.0,0.0,-0.0,-0.35,0.0,0.0,0.4,0.0,-0.35,0.4,0.05
3101,-0.0,-0.0,0.0,0.0,0.0,0.0,-0.0,-0.28,-0.0,0.0,0.3,-0.0,-0.28,0.3,0.03
3111,0.0,0.0,-0.0,-0.0,0.0,0.0,0.0,-0.41,-0.0,0.0,0.43,-0.0,-0.41,0.43,0.03
3121,0.0,0.0,0.0,0.0,0.0,0.0,-0.0,-0.27,0.0,0.0,0.27,-0.0,-0.27,0.27,-0.0
3131,-0.0,0.0,-0.0,0.0,-0.0,0.0,-0.0,-0.24,-0.0,-0.0,0.24,-0.0,-0.24,0.24,-0.0
3141,-0.0,0.0,0.0,-0.0,-0.0,0.0,0.0,0.11,0.0,0.0,-0.11,0.0,0.11,-0.11,0.0
3151,0.0,-0.0,0.0,0.0,-0.0,0.0,0.0,0.05,0.0,0.0,-0.05,0.0,0.05,-0.05,-0.0
3161,-0.0,0.0,0.0,0.0,0.0,0.0,-0.0,0.41,0.0,0.0,-0.41,-0.0,0.41,-0.41,0.0
3171,-0.0,-0.0,-0.0,-0.0,-0.0,0.0,0.0,0.4,-0.0,0.0,-0.4,0.0,0.4,-0.4,0.0
3181,-0.0,0.0,0.0,-0.0,0.0,0.0,0.0,0.1,-0.0,-0.0,-0.1,0.0,0.1,-0.1,0.0
3191,0.0,-0.0,0.0,0.0,0.0,0.0,0.0,0.15,-0.0,-0.0,-0.15,0.0,0.15,-0.15,0.0
3201,0.0,-0.0,-0.0,-0.0,-0.0,0.0,-0.0,-0.21,-0.0,0.0,0.21,-0.0,-0.21,0.21,-0.0
3211,0.0,-0.0,-0.0,-0.0,0.0,0.0,-0.0,1.47,0.0,0.0,-1.35,0.0,1.47,-1.35,0.12
3221,-0.0,0.0,-0.0,-0.0,0.0,0.0,0.0,0.13,0.0,-0.0,-0.13,0.0,0.13,-0.13,0.0
3231,0.0,0.0,0.0,0.0,0.0,0.0,0.0,-0.0,-0.0,0.0,0.0,-0.0,-0.0,0.0,0.0
3241,-0.0,0.0,0.0,0.0,-0.0,0.0,0.0,-0.11,0.0,-0.0,0.11,-0.0,-0.11,0.11,-0.0
3251,0.0,-0.0,0.0,-0.0,0.0,0.0,-0.0,0.16,0.0,0.0,-0.16,0.0,0.16,-0.16,0.0
3261,0.0,0.0,-0.0,0.0,-0.0,0.0,-16.02,-2.44,0.0,-0.0,8.95,-2.07,-18.45,6.88,-11.57
3271,0.0,-0.0,-0.0,0.0,0.0,0.0,-15.81,-2.43,0.0,-0.0,9.74,-2.17,-18.24,7.57,-10.68
3281,-0.0,-0.0,-0.0,0.0,0.0,0.0,-14.19,-2.77,0.0,-0.0,9.2,-2.03,-16.96,7.18,-9.79
3291,-0.0,0.0,-0.0,0.0,0.0,0.0,-12.89,-2.58,0.0,-0.0,10.18,-2.17,-15.47,8.01,-7.45
3301,0.0,0.0,0.0,-0.0,-0.0,0.0,-0.0,1.1,-0.0,0.0,-0.99,0.0,1.1,-0.99,0.11
3311,0.0,0.0,-0.0,0.0,-0.0,0.0,-0.0,-0.04,-0.0,-0.0,0.12,0.0,-0.04,0.12,0.08
3321,0.0,-0.0,0.0,-0.0,-0.0,0.0,-0.0,0.09,-0.0,0.0,-0.03,-0.0,0.09,-0.03,0.07
3331,0.0,0.0,0.0,0.0,-0.0,0.0,0.0,-0.09,0.0,-0.0,0.19,0.0,-0.09,0.19,0.1
3341,0.0,0.0,0.0,-0.0,-0.0,0.0,-0.0,-0.2,-0.0,-0.0,0.27,0.0,-0.2,0.27,0.07
3351,0.0,-0.0,0.0,0.0,0.0,0.0,-18.17,-4.1,0.0,0.0,12.8,-2.6,-22.26,10.2,-12.07
3361,-0.0,-0.0,-0.0,-0.0,0.0,0.0,-0.0,0.13,0.0,0.0,-0.07,-0.0,0.13,-0.07,0.05
3371,0.0,0.0,-0.0,0.0,-0.0,0.0,0.0,0.42,0.0,-0.0,-0.42,0.0,0.42,-0.42,0.0
3381,0.0,-0.0,0.0,-0.0,0.0,0.0,-0.0,0.5,0.0,0.0,-0.45,0.0,0.5,-0.45,0.05
3391,-0.0,0.0,0.0,-0.0,0.0,0.0,-15.93,-2.82,-0.0,-0.0,11.92,-2.25,-18.75,9.67,-9.08
3401,-0.0,0.0,0.0,-0.0,0.0,0.0,-0.0,0.17,0.0,0.0,-0.06,-0.0,0.17,-0.06,0.11
3411,0.0,-0.0,0.0,0.0,0.0,0.0,0.0,0.59,-0.0,-0.0,-0.5,-0.0,0.59,-0.5,0.09
3421,0.0,0.0,-0.0,-0.0,0.0,0.0,-0.0,-0.18,0.0,-0.0,0.26,0.0,-0.18,0.26,0.08
3431,0.0,0.0,0.0,-0.0,-0.0,0.0,-0.0,0.1,0.0,0.0,-0.01,0.0,0.1,-0.01,0.08
3441,-0.0,-0.0,0.0,-0.0,0.0,0.0,0.0,-0.06,0.0,0.0,0.11,-0.0,-0.06,0.11,0.05
3451,-0.0,-0.0,0.0,0.0,-0.0,0.0,-0.0,0.21,-0.0,-0.0,-0.17,-0.0,0.21,-0.17,0.05
3461,0.0,0.0,-0.0,-0.0,0.0,0.0,0.0,0.5,0.0,0.0,-0.41,-0.0,0.5,-0.41,0.09
3471,-0.0,0.0,-0.0,0.0,0.0,0.0,0.0,0.03,0.0,-0.0,0.04,0.0,0.03,0.04,0.07
3481,0.0,0.0,-0.0,-0.0,0.0,0.0,-0.0,0.12,0.0,-0.0,-0.03,-0.0,0.12,-0.03,0.08
3491,0.0,0.0,-0.0,-0.0,-0.0,0.0,-0.0,0.75,-0.0,0.0,-0.72,-0.0,0.75,-0.72,0.03
3501,-0.0,0.0,0.0,-0.0,-0.0,0.0,-0.0,0.42,0.0,-0.0,-0.4,-0.0,0.42,-0.4,0.02
3511,-0.0,0.0,-0.0,-0.0,0.0,0.0,-20.8,0.09,0.0,0.0,9.78,-2.61,-20.72,7.17,-13.54
3521,0.0,0.0,-0.0,0.0,-0.0,0.0,-0.0,0.1,-0.0,0.0,-0.1,-0.0,0.1,-0.1,0.0
3531,0.0,0.0,-0.0,0.0,0.0,0.0,0.0,0.39,0.0,-0.0,-0.39,-0.0,0.39,-0.39,0.0
3541,0.0,-0.0,-0.0,-0.0,-0.0,0.0,-0.0,0.37,0.0,-0.0,-0.37,0.0,0.37,-0.37,0.0
3551,0.0,0.0,-0.0,-0.0,-0.0,0.0,-19.78,-0.72,0.0,0.0,10.98,-2.63,-20.5,8.35,-12.15
3561,-0.0,0.0,0.0,0.0,-0.0,0.0,-17.74,-2.78,-0.0,-0.0,11.23,-2.38,-20.52,8.85,-11.67
3571,0.0,0.0,0.0,-0.0,0.0,0.0,-0.0,0.49,-0.0,0.0,-0.49,-0.0,0.49,-0.49,0.0
3581,0.0,-0.0,-0.0,0.0,-0.0,0.0,-20.3,-1.94,0.0,0.0,13.42,-2.78,-22.24,10.63,-11.61
3591,-0.0,0.0,0.0,0.0,-0.0,0.0,0.0,0.34,0.0,-0.0,-0.34,-0.0,0.34,-0.34,0.0
3601,-0.0,-0.0,-0.0,0.0,0.0,0.0,-19.06,-1.34,0.0,0.0,10.5,-2.65,-20.39,7.85,-12.54
3611,-0.0,0.0,-0.0,0.0,0.0,0.0,-20.1,-2.32,0.0,0.0,12.87,-2.66,-22.42,10.21,-12.21
3621,-0.0,-0.0,-0.0,-0.0,-0.0,0.0,-20.35,-2.97,-0.0,-0.0,12.4,-2.85,-23.31,9.55,-13.76
3631,0.0,0.0,-0.0,0.0,-0.0,0.0,-0.0,0.2,-0.0,-0.0,-0.2,-0.0,0.2,-0.2,0.0
3641,-0.0,0.0,0.0,0.0,0.0,0.0,-19.75,-5.95,-0.0,0.0,13.98,-2.58,-25.7,11.4,-14.3
3651,-0.0,0.0,0.0,0.0,0.0,0.0,-0.0,0.38,0.0,0.0,-0.38,0.0,0.38,-0.38,-0.0
3661,0.0,0.0,0.0,-0.0,0.0,0.0,0.0,0.1,0.0,-0.0,-0.1,-0.0,0.1,-0.1,0.0
3671,-0.0,-0.0,0.0,0.0,0.0,0.0,-11.6,-6.62,-0.0,0.0,13.3,-1.77,-18.22,11.53,-6.69
3681,0.0,0.0,-0.0,0.0,-0.0,0.0,0.0,0.08,-0.0,-0.0,-0.08,0.0,0.08,-0.08,0.0
3691,-0.0,-0.0,-0.0,0.0,-0.0,0.0,-12.87,-3.24,0.0,-0.0,11.6,-1.71,-16.11,9.89,-6.22
3701,-0.0,-0.0,-0.0,0.0,0.0,0.0,-0.0,0.52,-0.0,-0.0,-0.52,-0.0,0.52,-0.52,0.0
3711,-0.0,-0.0,0.0,0.0,0.0,0.0,-0.0,-0.08,0.0,-0.0,0.08,-0.0,-0.08,0.08,-0.0
3721,0.0,-0.0,0.0,0.0,0.0,0.0,0.0,0.22,0.0,-0.0,-0.22,-0.0,0.22,-0.22,0.0
3731,-0.0,0.0,-0.0,0.0,-0.0,0.0,0.0,0.28,-0.0,-0.0,-0.28,-0.0,0.28,-0.28,0.0
3741,-0.0,0.0,0.0,-0.0,0.0,0.0,-0.0,0.01,0.0,-0.0,-0.01,0.0,0.01,-0.01,-0.0
3751,0.0,-0.0,0.0,0.0,0.0,0.0,0.0,0.28,-0.0,0.0,-0.28,0.0,0.28,-0.28,0.0
3761,-0.0,0.0,-0.0,0.0,0.0,0.0,-0.0,0.54,0.0,-0.0,-0.54,0.0,0.54,-0.54,0.0
3771,0.0,-0.0,-0.0,-0.0,-0.0,0.0,-0.0,-0.09,-0.0,-0.0,0.09,0.0,-0.09,0.09,-0.0
3781,0.0,-0.0,0.0,-0.0,-0.0,0.0,-20.7,-3.78,-0.0,0.0,12.95,-2.7,-24.49,10.26,-14.23
3791,0.0,-0.0,-0.0,0.0,-0.0,0.0,-14.92,-4.5,-0.0,-0.0,12.27,-2.1,-19.42,10.17,-9.25
3801,0.0,-0.0,-0.0,-0.0,-0.0,0.0,-0.0,0.57,-0.0,0.0,-0.57,-0.0,0.57,-0.57,0.0
3811,-0.0,-0.0,-0.0,-0.0,-0.0,0.0,-18.8,-3.24,-0.0,0.0,13.07,-2.47,-22.05,10.6,-11.45
3821,-0.0,0.0,-0.0,0.0,-0.0,0.0,-0.0,-0.15,-0.0,0.0,0.15,-0.0,-0.15,0.15,-0.0
3831,0.0,0.0,0.0,0.0,-0.0,0.0,-18.04,-3.01,-0.0,0.0,13.67,-2.72,-21.05,10.95,-10.1
3841,0.0,-0.0,0.0,0.0,0.0,0.0,-19.34,-7.35,0.0,0.0,16.06,-2.85,-26.69,13.21,-13.48
3851,-0.0,0.0,0.0,-0.0,0.0,0.0,-14.88,-5.61,-0.0,-0.0,11.11,-2.05,-20.49,9.06,-11.43
3861,-0.0,-0.0,-0.0,-0.0,-0.0,0.0,-17.0,-7.03,-0.0,0.0,14.57,-2.41,-24.03,12.16,-11.87
3871,0.0,0.0,0.0,-0.0,-0.0,0.0,-0.0,0.52,0.0,-0.0,-0.52,-0.0,0.52,-0.52,0.0
3881,0.0,0.0,0.0,0.0,0.0,0.0,0.0,0.15,0.0,0.0,-0.15,-0.0,0.15,-0.15,0.0
3891,-0.0,0.0,-0.0,0.0,-0.0,0.0,-0.0,0.27,-0.0,-0.0,-0.27,0.0,0.27,-0.27,0.0
3901,-0.0,0.0,0.0,0.0,0.0,0.0,-0.0,0.78,-0.0,0.0,-0.71,-0.0,0.78,-0.71,0.07
3911,0.0,-0.0,-0.0,-0.0,0.0,0.0,-16.07,-4.25,0.0,0.0,11.74,-2.24,-20.32,9.5,-10.81
3921,-0.0,-0.0,-0.0,-0.0,-0.0,0.0,-18.72,-6.18,-0.0,-0.0,15.5,-2.56,-24.9,12.94,-11.97
3931,-0.0,-0.0,-0.0,0.0,-0.0,0.0,-19.35,-3.89,0.0,0.0,13.35,-2.66,-23.24,10.69,-12.55
3941,0.0,-0.0,-0.0,0.0,-0.0,0.0,0.0,0.22,-0.0,-0.0,-0.17,-0.0,0.22,-0.17,0.05
3951,-0.0,-0.0,0.0,-0.0,-0.0,0.0,-0.0,-0.27,0.0,-0.0,0.3,0.0,-0.27,0.3,0.03
3961,-0.0,-0.0,-0.0,-0.0,0.0,0.0,-0.0,0.35,0.0,-0.0,-0.32,0.0,0.35,-0.32,0.03
3971,-0.0,0.0,0.0,0.0,-0.0,0.0,0.0,0.35,-0.0,-0.0,-0.35,-0.0,0.35,-0.35,0.0
3981,-0.0,-0.0,0.0,-0.0,0.0,0.0,-0.0,0.3,0.0,0.0,-0.3,0.0,0.3,-0.3,0.0
3991,-0.0,0.0,-0.0,-0.0,0.0,0.0,-0.0,0.11,0.0,-0.0,-0.11,-0.0,0.11,-0.11,-0.0
4001,-0.0,0.0,0.0,0.0,-0.0,0.0,-14.04,-2.85,-0.0,0.0,11.18,-2.12,-16.88,9.06,-7.82


