GENERALIZED BORN:
Complex Energy Terms
Frame #,BOND,ANGLE,DIHED,UB,IMP,CMAP,VDWAALS,EEL,1-4 VDW,1-4 EEL,EGB,ESURF,GGAS,GSOLV,TOTAL
1,558.49,1311.3,1739.78,151.03,91.78,-38.19,-1135.77,-10088.28,548.24,8563.89,-2233.61,75.51,1702.26,-2158.1,-455.84
11,535.67,1329.55,1738.91,155.55,92.29,-57.95,-1156.68,-10125.99,555.04,8638.87,-2235.95,76.5,1705.26,-2159.44,-454.19
21,550.51,1322.21,1740.42,147.79,79.76,-57.79,-1125.64,-10063.57,541.1,8596.93,-2290.93,76.69,1731.73,-2214.24,-482.51
31,583.56,1343.77,1743.68,161.03,84.03,-51.71,-1147.11,-10119.78,540.66,8678.97,-2258.38,76.14,1817.12,-2182.24,-365.12
41,567.14,1319.18,1737.11,151.63,97.65,-61.82,-1108.98,-10020.49,546.97,8591.94,-2311.56,77.43,1820.34,-2234.13,-413.79
51,578.75,1341.09,1722.08,157.41,80.08,-61.78,-1145.53,-10046.46,545.48,8595.76,-2304.86,76.75,1766.86,-2228.11,-461.24
61,560.1,1362.65,1736.61,153.67,81.98,-51.69,-1145.97,-10019.05,555.48,8570.89,-2299.95,76.89,1804.67,-2223.06,-418.39
71,544.25,1307.65,1747.18,153.69,93.46,-56.62,-1160.8,-10073.86,572.47,8679.54,-2307.83,76.28,1806.96,-2231.55,-424.59
81,559.52,1318.01,1748.26,148.42,86.45,-62.27,-1136.2,-10128.52,556.95,8660.33,-2248.48,77.38,1750.92,-2171.09,-420.17
91,565.56,1317.4,1748.46,148.44,100.28,-64.75,-1131.49,-10064.74,569.36,8638.69,-2301.13,77.09,1827.21,-2224.04,-396.84
101,531.05,1328.21,1741.29,151.55,90.2,-61.86,-1119.53,-10084.88,546.05,8612.36,-2260.72,76.68,1734.44,-2184.04,-449.6
111,551.24,1267.57,1733.29,157.58,88.98,-52.1,-1146.43,-10155.3,569.14,8659.92,-2216.9,74.93,1673.89,-2141.98,-468.09
121,571.52,1332.92,1729.41,152.06,89.2,-50.08,-1143.41,-10055.23,555.54,8618.43,-2294.47,76.71,1800.37,-2217.76,-417.39
131,552.93,1285.85,1727.98,148.89,90.2,-60.67,-1158.31,-10064.69,551.53,8651.68,-2294.99,76.71,1725.41,-2218.28,-492.87
141,565.37,1269.37,1732.82,146.04,83.12,-72.94,-1138.8,-10064.48,551.63,8662.83,-2300.27,76.73,1734.95,-2223.54,-488.59
151,539.15,1323.73,1733.53,165.15,88.99,-39.72,-1136.76,-10106.04,562.18,8626.36,-2252.35,77.02,1756.57,-2175.34,-418.77
161,583.62,1337.09,1734.65,158.74,80.51,-61.75,-1126.89,-9999.93,558.18,8601.09,-2324.16,77.91,1865.32,-2246.24,-380.93
171,571.66,1344.29,1750.26,157.04,80.03,-41.96,-1159.27,-10096.01,546.61,8609.07,-2252.1,75.35,1761.71,-2176.75,-415.04
181,538.31,1303.26,1716.93,147.3,98.15,-53.86,-1148.88,-10174.1,547.77,8662.77,-2225.26,75.37,1637.65,-2149.89,-512.24
191,552.94,1337.83,1734.58,159.14,77.24,-60.03,-1126.87,-10042.8,528.0,8586.73,-2305.78,75.56,1746.76,-2230.22,-483.45
201,574.14,1335.91,1752.98,148.63,95.7,-54.24,-1120.12,-10096.04,541.31,8624.34,-2284.86,77.32,1802.6,-2207.54,-404.93
211,559.83,1285.89,1727.82,148.79,76.21,-57.05,-1140.23,-10101.78,564.63,8658.1,-2288.76,76.71,1722.21,-2212.05,-489.83
221,562.47,1317.34,1721.41,156.3,79.7,-54.59,-1131.33,-10114.39,542.47,8630.71,-2235.63,77.68,1710.11,-2157.95,-447.84
231,564.39,1318.0,1761.38,157.69,80.62,-64.98,-1151.88,-10082.68,566.6,8611.45,-2257.66,76.13,1760.59,-2181.54,-420.95
241,559.76,1314.11,1727.51,149.42,88.91,-62.1,-1130.26,-10083.44,559.57,8604.63,-2240.92,76.95,1728.11,-2163.97,-435.86
251,548.97,1371.94,1744.08,158.99,90.74,-64.79,-1153.36,-10046.89,550.77,8566.46,-2239.0,76.92,1766.91,-2162.07,-395.16
261,545.55,1320.62,1733.17,154.01,89.74,-61.19,-1123.6,-10159.94,574.87,8674.14,-2239.93,77.13,1747.36,-2162.8,-415.43
271,525.15,1364.05,1742.84,145.54,86.43,-72.01,-1134.7,-10033.53,553.94,8599.69,-2287.81,76.26,1777.4,-2211.55,-434.15
281,565.85,1376.6,1721.33,159.0,89.33,-71.33,-1139.84,-10134.53,558.55,8645.72,-2262.51,76.46,1770.69,-2186.04,-415.35
291,571.93,1315.35,1738.31,145.11,91.37,-54.05,-1132.49,-10085.03,552.61,8617.78,-2245.98,74.87,1760.89,-2171.11,-410.22
301,539.46,1353.86,1744.28,152.49,98.93,-61.92,-1140.21,-10103.12,550.28,8623.02,-2227.63,75.7,1757.08,-2151.92,-394.84
311,541.83,1324.19,1746.1,153.1,83.5,-55.54,-1147.02,-10137.09,571.0,8637.39,-2243.9,75.7,1717.45,-2168.2,-450.74
321,628.8,1297.98,1754.47,155.68,92.88,-56.88,-1145.23,-10120.15,565.83,8621.48,-2235.05,77.05,1794.85,-2158.01,-363.16
331,598.81,1310.18,1743.56,154.1,74.75,-53.08,-1131.51,-10112.33,557.46,8631.57,-2233.93,76.83,1773.51,-2157.1,-383.59
341,556.12,1343.6,1768.35,157.81,96.96,-70.75,-1142.07,-10062.47,555.54,8655.33,-2298.67,75.78,1858.43,-2222.89,-364.46
351,589.49,1319.08,1727.21,151.76,83.37,-59.4,-1136.34,-10079.1,538.14,8621.37,-2280.29,76.03,1755.57,-2204.26,-448.69
361,573.85,1334.88,1771.59,154.91,93.89,-57.28,-1141.33,-10092.77,553.3,8588.37,-2246.19,76.14,1779.41,-2170.05,-390.64
371,571.57,1345.55,1719.42,158.27,82.35,-58.7,-1130.91,-10085.43,555.67,8630.36,-2285.32,76.49,1788.15,-2208.82,-420.68
381,546.94,1331.21,1739.83,146.92,89.99,-64.94,-1136.18,-10011.62,568.76,8576.46,-2308.05,76.79,1787.37,-2231.26,-443.89
391,553.1,1308.66,1724.52,148.78,85.2,-63.83,-1148.32,-10115.77,564.55,8605.71,-2231.95,75.42,1662.6,-2156.54,-493.94
401,563.16,1311.83,1764.22,154.26,79.52,-56.36,-1136.81,-10138.74,568.88,8684.52,-2237.13,76.69,1794.48,-2160.44,-365.96
411,574.45,1306.7,1750.6,160.65,85.19,-66.04,-1149.81,-10081.68,546.98,8639.15,-2275.49,75.89,1766.19,-2199.61,-433.42
421,562.64,1312.56,1748.67,153.23,86.98,-58.25,-1123.11,-10098.76,557.2,8666.87,-2285.55,76.45,1808.02,-2209.11,-401.09
431,567.68,1315.58,1735.7,147.19,96.23,-48.32,-1152.53,-10011.51,557.34,8595.51,-2322.43,77.31,1802.88,-2245.12,-442.24
441,549.79,1345.72,1750.71,150.74,96.39,-71.51,-1117.79,-10131.48,543.08,8609.69,-2214.69,77.07,1725.33,-2137.62,-412.29
451,538.98,1309.46,1717.96,145.65,88.54,-69.22,-1129.17,-10032.72,560.34,8577.38,-2262.84,76.93,1707.21,-2185.91,-478.7
461,538.4,1319.13,1743.77,153.89,78.26,-48.09,-1133.71,-10164.43,563.19,8648.87,-2223.59,76.96,1699.28,-2146.63,-447.36
471,564.0,1326.17,1734.58,147.57,83.89,-73.2,-1129.13,-10146.39,566.98,8652.09,-2227.97,75.02,1726.54,-2152.94,-426.41
481,562.14,1316.41,1742.02,151.45,74.92,-57.39,-1132.74,-10057.63,542.38,8593.85,-2281.4,76.28,1735.39,-2205.12,-469.73
491,544.13,1302.75,1748.03,150.07,79.7,-63.71,-1114.21,-10039.82,580.97,8607.2,-2312.45,77.19,1795.11,-2235.26,-440.15
501,585.49,1366.49,1727.28,150.75,85.1,-58.57,-1118.81,-9998.9,551.76,8545.44,-2302.31,78.44,1836.03,-2223.87,-387.84
511,578.72,1310.53,1725.99,151.34,96.75,-38.19,-1133.93,-10044.93,541.68,8624.04,-2299.84,76.73,1812.02,-2223.11,-411.09
521,533.11,1307.98,1753.23,158.39,82.51,-54.67,-1157.91,-10055.03,567.36,8653.44,-2282.06,77.3,1788.42,-2204.75,-416.33
531,579.52,1338.43,1741.87,150.17,83.38,-63.67,-1134.62,-10034.97,541.5,8593.21,-2296.36,77.79,1794.82,-2218.57,-423.75
541,537.63,1342.85,1742.37,145.19,79.57,-67.22,-1139.98,-10032.03,539.88,8568.82,-2283.94,77.29,1717.09,-2206.65,-489.55
551,513.13,1328.79,1730.82,152.21,95.75,-58.76,-1139.1,-10207.6,574.93,8730.3,-2215.32,77.66,1720.45,-2137.66,-417.21
561,578.82,1354.1,1742.39,154.15,92.28,-51.71,-1142.53,-9972.6,542.12,8618.05,-2376.68,77.61,1915.07,-2299.07,-384.0
571,546.37,1349.37,1727.66,144.01,89.31,-66.62,-1150.32,-10111.17,546.53,8644.32,-2282.78,77.52,1719.45,-2205.26,-485.8
581,544.37,1319.56,1726.6,148.04,93.45,-55.04,-1122.12,-10062.02,557.88,8613.08,-2291.87,78.35,1763.81,-2213.51,-449.71
591,554.86,1342.2,1721.19,154.59,75.11,-54.04,-1130.39,-10071.43,551.02,8626.41,-2304.1,77.34,1769.52,-2226.76,-457.24
601,592.42,1320.75,1721.03,163.34,85.49,-51.29,-1108.86,-10077.72,555.01,8684.82,-2325.37,78.63,1885.0,-2246.74,-361.74
611,558.03,1317.38,1737.24,151.7,87.45,-50.64,-1135.82,-10099.46,570.04,8700.04,-2335.72,77.35,1835.96,-2258.37,-422.41
621,580.23,1297.19,1711.71,151.21,84.91,-50.07,-1134.12,-10103.46,555.42,8692.98,-2316.35,79.46,1785.99,-2236.9,-450.91
631,528.89,1299.45,1717.84,147.94,90.38,-71.85,-1126.05,-10151.98,561.74,8693.81,-2288.78,78.77,1690.16,-2210.01,-519.85
641,577.79,1338.53,1739.06,154.65,80.2,-60.07,-1135.36,-10067.7,550.95,8682.69,-2335.25,80.01,1860.74,-2255.25,-394.5
651,577.35,1321.28,1735.07,147.7,80.66,-64.12,-1130.44,-10055.89,551.55,8628.45,-2300.91,78.31,1791.61,-2222.6,-430.99
661,547.0,1327.14,1746.52,152.88,80.04,-55.64,-1109.67,-10112.58,556.53,8672.52,-2280.51,79.11,1804.73,-2201.4,-396.67
671,579.34,1311.06,1706.88,151.99,91.81,-62.17,-1107.44,-10034.86,553.2,8657.28,-2339.49,79.95,1847.1,-2259.54,-412.44
681,558.45,1366.86,1741.22,160.23,93.16,-52.18,-1121.5,-10077.16,560.98,8630.61,-2296.59,78.89,1860.68,-2217.71,-357.02
691,535.61,1307.21,1734.52,147.47,90.16,-56.4,-1131.94,-10142.64,562.43,8718.32,-2305.75,80.18,1764.73,-2225.58,-460.84
701,541.68,1396.54,1711.59,151.09,77.6,-53.56,-1141.97,-10054.56,556.56,8649.99,-2326.25,79.83,1834.97,-2246.42,-411.45
711,573.96,1319.67,1728.47,143.88,75.36,-54.4,-1126.85,-10071.9,552.47,8646.31,-2274.25,78.97,1786.97,-2195.28,-408.31
721,565.13,1336.79,1739.76,162.07,86.31,-56.68,-1146.24,-9981.69,543.22,8582.08,-2328.96,78.74,1830.75,-2250.21,-419.47
731,569.56,1303.98,1707.0,148.86,85.9,-54.32,-1148.51,-9999.74,565.08,8606.01,-2327.65,79.0,1783.83,-2248.66,-464.83
741,543.54,1302.89,1726.76,155.59,98.04,-54.93,-1147.04,-10047.73,553.42,8668.04,-2318.9,77.33,1798.58,-2241.57,-443.0
751,568.25,1377.94,1723.16,153.48,83.55,-53.09,-1128.47,-10063.21,547.2,8608.51,-2296.41,79.72,1817.32,-2216.68,-399.37
761,553.64,1319.46,1727.58,157.45,77.6,-50.11,-1143.26,-9982.12,555.51,8596.02,-2328.71,78.56,1811.77,-2250.15,-438.38
771,574.74,1307.63,1748.62,149.27,76.59,-64.07,-1097.24,-10078.82,581.83,8643.11,-2300.58,78.68,1841.66,-2221.91,-380.25
781,566.14,1319.1,1735.85,153.81,79.99,-60.06,-1142.9,-9992.07,564.73,8642.18,-2360.66,79.08,1866.78,-2281.58,-414.8
791,591.92,1351.66,1731.3,153.58,80.8,-55.06,-1113.26,-10072.78,547.09,8607.18,-2301.79,78.69,1822.42,-2223.1,-400.68
801,541.07,1349.69,1720.1,150.96,95.95,-43.03,-1134.58,-10059.95,561.27,8690.44,-2326.39,77.31,1871.93,-2249.09,-377.15
811,595.44,1320.11,1731.03,148.88,87.12,-52.39,-1117.87,-10106.23,558.45,8597.16,-2260.85,78.0,1761.69,-2182.84,-421.16
821,549.31,1350.34,1744.73,150.9,85.08,-61.95,-1137.25,-10050.74,549.05,8661.91,-2317.8,77.28,1841.39,-2240.51,-399.13
831,589.88,1371.42,1733.18,166.14,93.11,-64.81,-1131.37,-10068.99,543.34,8633.72,-2309.23,77.53,1865.61,-2231.69,-366.08
841,564.8,1330.34,1739.51,159.46,79.07,-55.31,-1122.61,-10065.55,547.68,8580.08,-2285.84,78.89,1757.45,-2206.95,-449.5
851,575.77,1372.8,1700.85,158.13,79.06,-55.27,-1107.03,-10043.24,550.74,8608.84,-2330.74,78.71,1840.66,-2252.02,-411.36
861,550.07,1277.01,1732.97,148.86,76.89,-48.28,-1121.06,-10041.49,564.54,8630.51,-2317.64,78.59,1770.0,-2239.04,-469.04
871,567.71,1363.62,1733.08,156.93,86.44,-51.0,-1109.06,-10016.47,559.85,8548.53,-2296.23,78.67,1839.64,-2217.56,-377.92
881,559.01,1387.91,1704.7,146.78,74.72,-58.43,-1146.1,-10005.73,544.65,8586.0,-2306.17,77.83,1793.5,-2228.34,-434.83
891,565.13,1318.79,1714.91,142.53,89.6,-50.32,-1115.01,-10031.0,561.57,8612.51,-2319.5,78.81,1808.7,-2240.7,-431.99
901,549.24,1365.65,1712.52,160.37,99.27,-54.65,-1131.59,-10083.33,552.05,8690.72,-2308.66,79.02,1860.25,-2229.65,-369.4
911,551.41,1291.99,1730.45,146.12,82.66,-51.63,-1124.6,-10081.53,544.46,8592.8,-2270.39,79.27,1682.14,-2191.12,-508.98
921,550.4,1316.21,1756.2,154.79,82.93,-44.59,-1111.53,-10208.42,555.18,8682.24,-2238.42,78.3,1733.4,-2160.12,-426.72
931,547.49,1326.79,1711.45,150.93,80.11,-46.62,-1123.88,-10094.03,549.57,8620.97,-2287.19,78.79,1722.78,-2208.4,-485.63
941,546.4,1332.23,1736.85,150.16,85.5,-38.62,-1153.46,-10154.21,548.38,8629.38,-2217.2,76.34,1682.62,-2140.86,-458.24
951,571.97,1381.37,1732.69,154.78,85.97,-51.87,-1121.65,-10089.62,569.63,8621.51,-2283.12,77.15,1854.78,-2205.97,-351.19
961,570.38,1303.04,1730.18,154.19,81.63,-56.32,-1141.73,-10103.74,540.52,8626.65,-2251.77,77.4,1704.81,-2174.37,-469.56
971,544.46,1353.41,1738.57,154.59,87.02,-48.0,-1130.45,-10149.25,561.22,8589.5,-2215.78,77.13,1701.08,-2138.65,-437.56
981,564.4,1327.47,1727.2,161.6,97.97,-62.92,-1094.75,-10064.87,550.97,8592.57,-2302.96,77.7,1799.65,-2225.26,-425.61
991,557.57,1306.73,1722.62,147.48,91.15,-51.01,-1113.86,-10080.17,559.81,8591.8,-2282.34,77.9,1732.11,-2204.44,-472.34
1001,558.83,1328.24,1724.68,151.7,106.88,-56.72,-1121.32,-10080.65,550.75,8573.96,-2259.6,75.75,1736.34,-2183.84,-447.5
1011,567.72,1302.71,1726.63,148.97,89.57,-50.65,-1132.91,-10031.04,555.92,8600.82,-2301.78,76.3,1777.76,-2225.49,-447.73
1021,546.99,1353.79,1708.0,145.52,85.77,-51.04,-1128.7,-10095.5,550.53,8621.11,-2272.28,76.53,1736.47,-2195.75,-459.28
1031,544.51,1343.49,1714.43,152.28,82.2,-51.07,-1125.21,-9981.69,559.11,8539.2,-2328.51,77.83,1777.24,-2250.68,-473.44
1041,555.81,1331.45,1735.08,165.88,83.39,-53.41,-1129.51,-10090.74,550.32,8601.69,-2261.12,76.76,1749.97,-2184.36,-434.39
1051,583.35,1319.98,1728.68,159.45,80.82,-57.01,-1136.37,-9985.98,539.67,8568.58,-2330.57,77.89,1801.17,-2252.67,-451.5
1061,556.45,1348.49,1715.21,149.42,75.8,-55.6,-1112.58,-10095.16,583.32,8628.3,-2288.38,76.14,1793.66,-2212.24,-418.58
1071,525.93,1299.46,1721.42,150.94,77.71,-59.98,-1150.69,-10039.3,574.36,8596.73,-2288.27,76.25,1696.59,-2212.02,-515.42
1081,559.43,1318.72,1756.87,151.09,95.84,-63.02,-1117.53,-10069.85,581.94,8634.15,-2297.66,76.84,1847.64,-2220.82,-373.19
1091,567.72,1341.61,1707.85,158.3,81.06,-56.87,-1134.4,-10054.48,578.98,8629.45,-2322.46,76.95,1819.21,-2245.52,-426.31
1101,555.49,1283.35,1745.01,147.37,96.16,-62.46,-1129.32,-10135.62,558.0,8658.02,-2295.6,75.84,1716.01,-2219.76,-503.75
1111,600.57,1269.47,1738.77,150.81,87.07,-52.37,-1161.21,-10048.59,561.08,8635.71,-2315.58,76.5,1781.31,-2239.08,-457.77
1121,552.71,1298.41,1728.02,148.26,81.33,-54.46,-1135.78,-10128.13,560.26,8638.53,-2263.59,76.77,1689.16,-2186.82,-497.66
1131,538.1,1317.5,1741.51,155.28,91.33,-54.92,-1140.29,-10075.36,539.64,8631.04,-2281.25,76.64,1743.83,-2204.61,-460.78
1141,563.19,1321.63,1717.44,155.19,80.26,-57.03,-1143.79,-10070.7,550.97,8599.46,-2281.28,77.06,1716.63,-2204.22,-487.59
1151,565.17,1328.99,1760.2,152.9,84.82,-58.67,-1153.08,-10096.09,550.01,8586.45,-2251.88,75.28,1720.69,-2176.6,-455.9
1161,553.16,1339.42,1772.57,156.71,86.72,-60.36,-1127.81,-10106.56,540.21,8655.23,-2280.83,77.35,1809.3,-2203.48,-394.18
1171,561.14,1308.24,1724.97,157.11,77.04,-57.74,-1127.57,-10116.65,589.66,8662.14,-2282.55,75.71,1778.35,-2206.84,-428.49
1181,552.0,1313.63,1715.44,152.36,85.4,-58.54,-1112.91,-10173.31,565.82,8689.84,-2253.5,76.44,1729.73,-2177.05,-447.33
1191,539.7,1339.27,1748.04,148.6,82.25,-48.48,-1148.51,-10073.43,542.39,8590.23,-2260.77,76.42,1720.07,-2184.35,-464.28
1201,575.09,1362.9,1735.2,159.19,77.97,-46.1,-1121.85,-10082.05,558.81,8590.54,-2273.96,76.64,1809.7,-2197.32,-387.61
1211,566.22,1334.17,1720.23,151.95,74.66,-50.73,-1156.15,-10062.05,535.84,8611.14,-2285.1,76.63,1725.29,-2208.47,-483.18
1221,551.64,1322.31,1727.15,153.28,73.83,-63.16,-1112.19,-10078.0,568.2,8560.74,-2272.7,77.83,1703.81,-2194.86,-491.05
1231,573.56,1294.45,1750.87,145.86,75.29,-62.01,-1127.54,-10132.81,559.01,8645.71,-2258.24,77.74,1722.39,-2180.5,-458.11
1241,573.39,1287.17,1731.57,149.06,87.18,-59.98,-1125.14,-10164.42,554.21,8668.55,-2235.5,78.3,1701.59,-2157.21,-455.62
1251,560.31,1304.61,1709.23,147.51,82.47,-45.17,-1116.69,-10099.3,535.59,8640.83,-2285.16,77.24,1719.39,-2207.92,-488.54
1261,569.73,1300.26,1715.44,154.42,81.62,-51.18,-1107.73,-10027.94,545.77,8595.1,-2331.71,79.32,1775.5,-2252.39,-476.89
1271,581.23,1306.59,1715.25,151.94,83.87,-46.99,-1111.64,-10094.58,570.01,8588.21,-2269.09,77.41,1743.9,-2191.68,-447.78
1281,520.44,1332.06,1717.85,151.9,88.35,-47.45,-1113.97,-10106.62,552.67,8686.11,-2284.92,76.9,1781.35,-2208.02,-426.67
1291,555.72,1297.72,1747.94,144.49,94.65,-53.75,-1129.8,-10101.7,567.29,8694.88,-2298.69,77.34,1817.45,-2221.34,-403.89
1301,537.47,1320.8,1747.43,148.0,93.05,-65.27,-1139.74,-10002.48,547.54,8556.56,-2300.49,76.78,1743.36,-2223.71,-480.35
1311,549.64,1344.25,1718.6,155.43,81.62,-52.64,-1157.8,-10027.57,552.38,8612.05,-2315.26,76.47,1775.95,-2238.79,-462.84
1321,539.3,1332.31,1726.26,155.05,90.26,-71.46,-1094.6,-10065.07,550.66,8606.85,-2306.95,78.02,1769.56,-2228.93,-459.37
1331,577.08,1313.4,1725.91,152.06,85.43,-39.77,-1097.6,-10095.19,538.72,8586.75,-2279.27,78.24,1746.79,-2201.03,-454.24
1341,527.89,1305.39,1743.12,142.81,93.4,-58.26,-1116.08,-10105.48,558.14,8632.66,-2276.06,77.47,1723.61,-2198.59,-474.99
1351,547.16,1326.42,1738.85,151.81,87.02,-66.76,-1148.35,-10121.64,560.33,8628.69,-2277.47,77.78,1703.53,-2199.69,-496.15
1361,564.66,1362.48,1733.18,157.79,90.43,-60.25,-1114.0,-10031.9,555.0,8574.87,-2313.86,77.35,1832.27,-2236.51,-404.24
1371,543.17,1335.71,1729.3,145.9,82.47,-60.66,-1136.85,-10043.48,556.27,8666.7,-2336.08,77.78,1818.54,-2258.31,-439.76
1381,559.84,1289.89,1745.28,163.26,85.61,-52.15,-1121.49,-10071.59,537.9,8659.56,-2296.3,79.59,1796.1,-2216.71,-420.61
1391,565.3,1345.4,1734.09,151.23,87.62,-58.26,-1136.01,-10023.52,548.56,8606.33,-2338.2,79.88,1820.73,-2258.31,-437.59
1401,577.92,1289.85,1750.1,143.92,87.42,-50.93,-1135.25,-10065.33,572.07,8655.02,-2308.98,78.85,1824.8,-2230.12,-405.33
1411,583.5,1289.55,1734.56,142.9,91.38,-63.67,-1122.11,-10023.11,543.78,8610.64,-2304.29,78.02,1787.41,-2226.27,-438.86
1421,580.14,1337.79,1720.85,154.87,84.53,-48.76,-1109.62,-9998.45,559.92,8582.16,-2328.19,78.32,1863.44,-2249.87,-386.43
1431,543.75,1325.84,1738.33,151.5,79.2,-66.07,-1135.25,-10076.38,562.68,8645.25,-2286.41,78.53,1768.85,-2207.87,-439.02
1441,557.78,1363.53,1742.18,154.89,84.87,-65.05,-1117.33,-10062.97,545.4,8582.03,-2280.47,78.28,1785.34,-2202.19,-416.85
1451,573.76,1316.05,1762.32,159.36,92.29,-67.33,-1137.47,-10127.02,563.2,8660.46,-2259.24,77.75,1795.61,-2181.49,-385.88
1461,567.89,1391.34,1746.54,159.23,84.39,-65.69,-1149.34,-10160.16,543.7,8642.14,-2231.99,77.83,1760.06,-2154.16,-394.1
1471,574.95,1329.25,1740.07,153.08,98.33,-76.45,-1134.86,-10136.16,563.33,8670.99,-2232.91,76.48,1782.55,-2156.43,-373.88
1481,560.3,1329.28,1734.5,153.15,70.01,-54.95,-1109.71,-10102.66,555.6,8627.65,-2265.12,79.49,1763.16,-2185.63,-422.47
1491,571.27,1322.22,1739.09,148.83,74.98,-63.25,-1129.1,-10064.91,542.11,8620.4,-2286.16,79.02,1761.63,-2207.15,-445.52
1501,578.74,1344.8,1736.01,147.04,89.08,-58.65,-1149.93,-10064.88,561.05,8593.11,-2281.24,77.12,1776.35,-2204.12,-427.77
1511,598.46,1356.6,1723.59,158.36,83.12,-50.19,-1129.94,-10061.3,552.84,8604.9,-2278.68,77.85,1836.43,-2200.83,-364.39
1521,558.6,1318.22,1736.02,147.8,84.78,-56.31,-1144.53,-10082.59,565.02,8630.44,-2277.88,76.41,1757.45,-2201.47,-444.02
1531,538.66,1373.29,1732.85,151.15,81.46,-63.68,-1140.64,-10079.24,547.95,8607.63,-2265.95,76.93,1749.43,-2189.02,-439.59
1541,582.81,1347.44,1733.37,157.15,80.59,-48.0,-1127.76,-10057.21,554.31,8572.49,-2295.21,76.61,1795.2,-2218.6,-423.41
1551,556.72,1333.62,1777.2,155.27,79.93,-73.21,-1138.77,-10112.68,565.23,8632.31,-2252.68,76.4,1775.61,-2176.28,-400.67
1561,568.03,1392.99,1730.79,156.66,80.37,-62.54,-1150.96,-10095.27,563.99,8638.86,-2297.76,76.54,1822.93,-2221.22,-398.29
1571,581.87,1307.36,1745.94,148.19,83.73,-62.25,-1153.12,-10075.33,562.91,8653.25,-2308.02,76.31,1792.56,-2231.71,-439.15
1581,592.96,1327.33,1725.09,162.2,86.23,-67.96,-1122.22,-10081.84,550.85,8644.48,-2298.48,77.39,1817.12,-2221.09,-403.97
1591,568.15,1294.14,1708.72,150.77,84.95,-41.65,-1144.5,-10131.87,541.51,8655.21,-2275.38,76.56,1685.42,-2198.81,-513.39
1601,536.38,1354.09,1759.01,156.35,81.6,-65.45,-1119.36,-10097.69,565.52,8682.8,-2285.63,77.13,1853.26,-2208.5,-355.24
1611,550.03,1335.43,1733.63,150.56,79.11,-51.6,-1117.48,-10154.19,533.94,8662.2,-2256.51,76.61,1721.62,-2179.9,-458.28
1621,564.74,1355.21,1726.15,154.62,76.94,-54.14,-1121.19,-10092.57,564.39,8639.57,-2294.38,77.68,1813.72,-2216.7,-402.98
1631,547.79,1321.43,1725.84,152.28,84.81,-60.59,-1141.81,-10151.57,558.18,8678.57,-2274.56,76.53,1714.94,-2198.03,-483.09
1641,572.87,1373.9,1726.38,153.82,71.15,-61.86,-1124.11,-10161.88,531.74,8616.28,-2273.66,76.18,1698.29,-2197.47,-499.18
1651,536.36,1340.86,1730.56,143.0,83.2,-56.5,-1136.58,-10123.88,554.38,8618.57,-2267.64,76.92,1689.96,-2190.72,-500.76
1661,558.07,1344.98,1709.62,149.14,86.72,-63.52,-1151.23,-10163.73,565.62,8702.3,-2263.54,76.7,1737.96,-2186.83,-448.87
1671,574.32,1331.07,1709.55,148.81,88.88,-70.41,-1140.29,-10199.43,560.25,8690.49,-2242.52,75.09,1693.23,-2167.43,-474.2
1681,554.87,1329.27,1714.6,148.98,81.68,-70.66,-1143.02,-10137.45,546.11,8654.51,-2285.75,76.61,1678.88,-2209.14,-530.26
1691,563.52,1322.65,1723.62,160.36,78.07,-65.94,-1135.31,-10146.27,575.11,8697.66,-2287.73,75.16,1773.48,-2212.57,-439.09
1701,584.05,1347.88,1756.46,153.7,87.35,-56.48,-1128.78,-10207.4,561.36,8688.92,-2246.65,76.99,1787.06,-2169.67,-382.6
1711,580.72,1353.06,1725.55,148.33,82.22,-69.1,-1128.94,-10166.11,543.83,8693.33,-2289.16,76.35,1762.89,-2212.81,-449.92
1721,605.88,1364.93,1753.18,157.99,84.68,-71.79,-1138.34,-10109.59,548.73,8624.81,-2292.54,74.9,1820.48,-2217.64,-397.15
1731,579.49,1317.72,1740.9,166.0,75.34,-65.84,-1124.72,-10079.86,548.87,8642.3,-2314.91,77.63,1800.21,-2237.28,-437.07
1741,587.64,1380.0,1715.51,159.99,80.59,-60.32,-1113.5,-10092.15,541.2,8615.69,-2297.82,77.91,1814.66,-2219.91,-405.25
1751,527.49,1330.02,1736.14,162.25,83.3,-71.27,-1134.18,-10093.82,569.42,8720.85,-2332.16,76.49,1830.22,-2255.67,-425.45
1761,546.97,1356.66,1741.0,155.54,88.03,-64.77,-1140.9,-10055.79,538.94,8661.85,-2330.78,77.22,1827.53,-2253.56,-426.03
1771,539.53,1281.28,1718.41,142.23,73.37,-64.61,-1147.08,-10021.57,542.73,8687.75,-2380.99,77.32,1752.03,-2303.67,-551.64
1781,549.19,1314.76,1730.94,140.44,84.22,-68.75,-1113.42,-10049.05,553.67,8682.68,-2373.75,77.77,1824.68,-2295.98,-471.3
1791,561.73,1316.68,1701.38,155.22,84.29,-56.86,-1147.57,-10134.86,546.19,8680.31,-2286.52,75.69,1706.52,-2210.83,-504.31
1801,566.48,1306.15,1748.53,154.02,84.24,-73.18,-1159.35,-10072.19,542.87,8609.81,-2273.97,77.46,1707.39,-2196.51,-489.13
1811,572.67,1326.77,1722.02,150.18,82.42,-50.13,-1104.16,-10130.14,531.09,8644.75,-2245.57,76.5,1745.48,-2169.07,-423.59
1821,567.62,1296.45,1757.24,146.66,83.22,-73.05,-1171.72,-10036.81,563.06,8640.99,-2324.25,77.76,1773.65,-2246.49,-472.83
1831,544.8,1293.04,1727.57,145.79,84.95,-61.8,-1125.39,-10068.92,575.27,8709.52,-2349.54,79.25,1824.83,-2270.29,-445.46
1841,560.41,1315.22,1756.47,154.24,81.32,-70.66,-1153.98,-10093.41,562.89,8649.86,-2271.1,76.97,1762.36,-2194.12,-431.77
1851,565.33,1364.53,1733.38,155.17,78.86,-71.93,-1124.81,-10168.07,547.27,8652.5,-2236.09,77.11,1732.23,-2158.98,-426.75
1861,558.43,1339.62,1746.71,162.0,87.75,-71.34,-1134.57,-10041.29,561.53,8651.91,-2346.05,78.17,1860.76,-2267.88,-407.13
1871,545.51,1347.49,1733.29,153.17,93.91,-62.03,-1132.47,-10066.41,559.18,8667.68,-2331.21,77.95,1839.33,-2253.26,-413.93
1881,595.23,1327.27,1732.59,153.7,93.84,-58.28,-1115.28,-10088.91,535.43,8633.94,-2306.03,78.12,1809.52,-2227.91,-418.39
1891,578.66,1335.38,1713.68,154.1,78.57,-61.73,-1147.39,-10092.48,540.37,8660.69,-2295.49,76.59,1759.85,-2218.9,-459.05
1901,570.15,1363.51,1736.07,160.41,87.67,-60.03,-1133.51,-10069.79,549.87,8629.12,-2314.5,76.99,1833.48,-2237.51,-404.03
1911,540.61,1330.48,1727.38,149.69,90.62,-80.72,-1134.24,-10140.68,555.77,8673.38,-2291.93,77.65,1712.28,-2214.29,-502.0
1921,584.5,1291.36,1718.46,153.77,89.25,-66.11,-1119.74,-10099.97,553.99,8674.54,-2303.54,77.91,1780.04,-2225.63,-445.59
1931,582.38,1340.02,1724.68,159.63,82.2,-66.14,-1133.4,-10095.85,538.68,8653.73,-2315.33,78.01,1785.95,-2237.32,-451.37
1941,612.77,1371.13,1740.22,170.22,78.75,-72.58,-1114.7,-9990.13,545.41,8573.32,-2361.85,77.72,1914.42,-2284.13,-369.71
1951,534.93,1301.46,1742.16,151.39,83.17,-46.07,-1111.1,-10182.02,567.5,8742.22,-2286.37,79.06,1783.63,-2207.31,-423.68
1961,556.28,1316.5,1733.21,152.04,89.78,-65.9,-1118.34,-10109.16,554.52,8659.76,-2303.27,78.65,1768.69,-2224.62,-455.93
1971,548.76,1311.49,1731.21,150.78,81.61,-61.47,-1129.2,-10092.13,549.72,8666.14,-2320.59,78.29,1756.91,-2242.3,-485.39
1981,572.69,1324.68,1749.79,151.64,90.0,-69.48,-1122.57,-10073.99,552.45,8601.86,-2302.88,78.87,1777.08,-2224.01,-446.93
1991,530.13,1289.85,1744.82,141.1,79.69,-71.8,-1125.16,-10086.86,585.17,8690.31,-2306.71,77.81,1777.25,-2228.91,-451.66
2001,562.14,1364.71,1764.66,156.95,90.26,-60.52,-1119.59,-10189.77,542.43,8674.21,-2234.73,78.36,1785.48,-2156.38,-370.89
2011,532.77,1309.86,1730.69,153.24,96.07,-61.65,-1131.46,-10159.46,554.27,8676.81,-2255.67,77.8,1701.14,-2177.87,-476.73
2021,569.32,1369.46,1740.35,150.76,82.21,-65.79,-1127.0,-10106.12,541.22,8646.94,-2279.67,77.28,1801.36,-2202.39,-401.03
2031,557.59,1337.01,1749.35,151.87,81.38,-77.49,-1141.42,-10094.63,556.11,8633.51,-2284.03,79.24,1753.27,-2204.79,-451.52
2041,558.12,1313.31,1719.91,148.44,82.04,-67.25,-1134.09,-10100.38,558.13,8679.8,-2311.04,78.1,1758.04,-2232.95,-474.91
2051,562.85,1394.83,1750.79,160.3,79.41,-74.73,-1112.52,-10055.8,545.34,8543.11,-2269.79,78.88,1793.57,-2190.92,-397.34
2061,560.21,1322.5,1729.92,153.19,89.59,-59.22,-1128.97,-10109.67,546.04,8649.37,-2278.43,78.87,1752.98,-2199.56,-446.58
2071,549.06,1336.12,1702.78,151.86,96.91,-62.92,-1147.23,-10035.12,544.42,8653.41,-2338.43,79.27,1789.29,-2259.16,-469.87
2081,561.16,1330.93,1741.83,150.67,86.24,-63.65,-1150.79,-10068.91,550.06,8620.45,-2272.6,78.67,1757.99,-2193.93,-435.94
2091,540.74,1314.76,1705.8,150.67,94.82,-70.35,-1145.0,-10078.54,537.54,8680.63,-2308.28,78.36,1731.08,-2229.92,-498.84
2101,567.61,1337.83,1726.57,151.17,85.78,-62.42,-1123.71,-10109.98,546.1,8622.76,-2271.92,80.58,1741.73,-2191.34,-449.6
2111,519.87,1316.45,1723.21,145.17,75.81,-59.41,-1141.02,-10095.48,553.87,8620.82,-2272.64,78.66,1659.29,-2193.98,-534.68
2121,547.31,1316.57,1732.52,149.94,80.84,-73.58,-1123.07,-10067.56,551.52,8617.34,-2299.36,78.87,1731.83,-2220.49,-488.66
2131,555.07,1269.48,1703.46,153.91,89.35,-55.19,-1124.44,-10013.12,565.57,8607.98,-2314.77,79.82,1752.06,-2234.96,-482.9
2141,542.41,1336.8,1709.98,147.7,94.97,-58.0,-1115.11,-10085.25,560.51,8660.42,-2300.31,78.55,1794.43,-2221.76,-427.33
2151,588.21,1343.53,1748.23,155.69,89.26,-64.3,-1127.77,-10069.03,547.51,8625.36,-2292.51,77.4,1836.69,-2215.11,-378.43
2161,590.67,1278.14,1706.59,150.89,84.01,-64.0,-1130.29,-10011.57,562.2,8630.15,-2333.67,78.43,1796.77,-2255.24,-458.47
2171,503.46,1279.98,1730.67,148.0,84.71,-60.56,-1133.84,-10047.51,556.54,8666.44,-2329.19,80.05,1727.89,-2249.15,-521.26
2181,559.01,1332.63,1721.73,153.86,89.98,-65.08,-1138.2,-9987.33,550.51,8592.9,-2340.04,77.71,1810.02,-2262.33,-452.31
2191,552.61,1322.86,1735.44,155.16,91.99,-53.96,-1121.65,-10061.95,546.05,8612.79,-2304.38,78.48,1779.33,-2225.89,-446.56
2201,553.51,1324.8,1726.55,154.04,96.63,-61.7,-1130.32,-10010.68,556.33,8656.51,-2373.03,78.2,1865.66,-2294.83,-429.17
2211,525.56,1313.33,1747.89,153.58,75.25,-64.93,-1144.9,-10042.61,550.42,8665.71,-2337.15,77.65,1779.29,-2259.5,-480.21
2221,510.49,1263.54,1717.36,151.29,78.74,-64.53,-1115.7,-10041.43,548.06,8708.51,-2386.65,79.24,1756.32,-2307.41,-551.09
2231,560.18,1298.91,1728.71,148.59,78.53,-63.62,-1113.15,-10110.24,554.7,8654.42,-2292.8,78.21,1737.02,-2214.59,-477.56
2241,560.02,1383.26,1723.96,160.66,99.2,-52.36,-1124.57,-10090.57,562.37,8650.71,-2312.37,77.49,1872.67,-2234.88,-362.21
2251,579.76,1332.28,1727.89,158.19,87.87,-67.0,-1125.21,-10062.69,539.01,8653.9,-2333.53,79.24,1824.0,-2254.28,-430.28
2261,516.96,1334.72,1723.04,156.14,72.65,-47.3,-1127.91,-10051.67,545.38,8646.26,-2322.73,78.08,1768.27,-2244.65,-476.39
2271,552.12,1287.42,1737.67,150.42,80.44,-60.7,-1133.02,-9983.46,548.96,8629.85,-2374.86,78.58,1809.7,-2296.28,-486.58
2281,537.6,1324.52,1740.92,150.21,75.12,-57.75,-1143.38,-10040.86,561.28,8666.21,-2338.82,80.3,1813.86,-2258.52,-444.66
2291,557.23,1325.06,1732.55,151.69,77.9,-59.52,-1132.3,-10048.94,567.35,8598.87,-2309.13,78.47,1769.89,-2230.66,-460.77
2301,598.45,1349.42,1710.43,153.13,93.88,-63.52,-1117.68,-9982.0,534.22,8588.35,-2359.23,78.81,1864.68,-2280.42,-415.74
2311,555.98,1316.87,1737.02,152.08,90.12,-62.92,-1111.57,-10097.47,566.41,8698.37,-2326.6,79.11,1844.9,-2247.49,-402.59
2321,570.09,1310.21,1759.57,145.78,88.81,-71.3,-1143.18,-10046.92,569.5,8639.22,-2333.79,78.25,1821.79,-2255.54,-433.75
2331,541.13,1370.44,1719.08,156.05,76.16,-70.82,-1127.21,-9971.36,552.36,8585.6,-2357.22,77.74,1831.41,-2279.48,-448.07
2341,612.45,1310.31,1734.8,153.94,83.88,-56.8,-1128.97,-10006.35,546.86,8595.24,-2341.87,77.14,1845.37,-2264.73,-419.36
2351,559.82,1315.25,1724.57,154.25,87.64,-64.18,-1120.42,-9959.62,546.73,8554.82,-2365.91,78.91,1798.87,-2287.0,-488.13
2361,541.09,1374.68,1729.24,151.0,88.27,-64.77,-1126.7,-9993.66,555.47,8560.8,-2337.82,78.98,1815.41,-2258.84,-443.43
2371,553.26,1348.65,1716.05,153.17,78.64,-71.39,-1122.76,-10035.88,539.08,8627.07,-2335.5,78.41,1785.87,-2257.09,-471.21
2381,560.17,1357.27,1737.73,158.69,84.53,-60.92,-1140.82,-9974.9,567.69,8620.4,-2363.65,78.06,1909.83,-2285.59,-375.76
2391,595.6,1279.99,1742.51,143.56,78.1,-50.19,-1123.48,-9947.23,554.53,8609.84,-2386.07,79.93,1883.22,-2306.14,-422.92
2401,547.93,1309.87,1738.44,144.33,83.64,-49.77,-1135.88,-9952.09,557.58,8610.61,-2395.8,79.31,1854.66,-2316.48,-461.83
2411,560.75,1288.7,1734.38,154.47,91.92,-66.98,-1141.91,-9923.13,559.85,8615.66,-2404.17,78.71,1873.7,-2325.46,-451.76
2421,563.78,1330.02,1728.97,152.68,85.78,-63.51,-1125.41,-9921.43,569.23,8617.4,-2416.5,79.74,1937.5,-2336.76,-399.26
2431,560.83,1313.63,1724.84,158.78,81.34,-61.16,-1115.56,-9941.27,562.36,8621.18,-2413.68,78.6,1904.98,-2335.08,-430.1
2441,546.83,1352.98,1740.05,158.55,82.43,-75.35,-1133.46,-9924.25,545.07,8594.1,-2422.1,77.46,1886.96,-2344.64,-457.68
2451,555.93,1298.26,1755.87,156.32,82.21,-68.9,-1125.0,-10045.69,547.95,8657.11,-2343.3,78.7,1814.05,-2264.6,-450.55
2461,582.55,1321.59,1744.17,156.06,92.54,-51.63,-1141.2,-10044.65,529.91,8633.69,-2327.0,78.06,1823.04,-2248.94,-425.9
2471,569.49,1288.31,1746.21,152.12,91.2,-62.51,-1138.14,-9980.4,551.45,8615.04,-2358.29,78.05,1832.78,-2280.24,-447.45
2481,530.36,1316.97,1719.46,148.29,96.71,-60.85,-1119.51,-10012.11,551.85,8624.95,-2361.59,78.12,1796.11,-2283.47,-487.36
2491,529.19,1327.74,1738.55,148.8,91.1,-60.01,-1119.94,-9962.84,570.8,8609.22,-2397.52,79.04,1872.62,-2318.48,-445.86
2501,541.14,1346.95,1744.04,147.94,93.96,-62.88,-1118.66,-9967.42,564.77,8607.68,-2381.05,80.07,1897.53,-2300.98,-403.45
2511,549.14,1349.54,1719.29,159.17,77.79,-66.39,-1115.6,-9968.99,568.78,8634.2,-2408.22,79.45,1906.94,-2328.77,-421.83
2521,559.47,1321.6,1740.25,146.8,75.63,-45.71,-1127.74,-9975.3,553.77,8633.81,-2358.29,79.84,1882.58,-2278.45,-395.88
2531,597.03,1347.19,1722.57,157.89,81.69,-56.98,-1132.41,-10035.47,546.8,8598.27,-2312.47,77.83,1826.58,-2234.64,-408.05
2541,544.47,1344.42,1723.18,152.82,75.27,-59.4,-1133.19,-9984.08,545.15,8663.04,-2402.26,79.04,1871.67,-2323.22,-451.55
2551,606.43,1345.76,1749.77,159.99,79.45,-56.57,-1129.01,-9907.18,526.96,8543.34,-2391.86,81.08,1918.94,-2310.79,-391.85
2561,563.53,1318.74,1737.02,156.26,81.74,-60.01,-1124.06,-10011.61,556.78,8625.23,-2347.26,79.87,1843.61,-2267.38,-423.77
2571,564.83,1283.81,1714.65,152.83,78.72,-67.46,-1136.24,-9957.78,552.98,8621.26,-2384.05,78.9,1807.6,-2305.16,-497.56
2581,551.57,1322.47,1708.9,150.93,76.55,-61.89,-1119.71,-9898.84,550.14,8565.66,-2410.38,78.83,1845.79,-2331.55,-485.76
2591,541.33,1333.33,1722.41,154.48,88.0,-53.2,-1125.86,-10059.35,540.71,8714.17,-2363.97,79.5,1856.03,-2284.47,-428.44
2601,562.89,1326.11,1724.59,150.83,84.49,-57.79,-1120.2,-10049.27,566.91,8645.34,-2339.38,79.11,1833.89,-2260.27,-426.38
2611,535.98,1366.49,1768.81,147.21,82.73,-72.05,-1135.55,-9975.24,557.3,8615.72,-2380.41,79.23,1891.42,-2301.18,-409.76
2621,590.74,1375.41,1738.77,156.52,90.54,-57.69,-1117.31,-10045.99,544.02,8664.2,-2353.52,79.14,1939.21,-2274.38,-335.18
2631,543.9,1320.04,1724.51,157.72,89.53,-60.56,-1130.74,-10081.75,575.91,8692.26,-2314.44,79.15,1830.82,-2235.29,-404.47
2641,539.5,1315.89,1748.7,148.97,91.76,-60.32,-1116.38,-10062.59,555.63,8617.72,-2310.84,78.74,1778.89,-2232.1,-453.22
2651,574.11,1331.96,1752.6,147.41,89.67,-75.2,-1130.96,-10013.57,558.25,8648.24,-2379.95,78.03,1882.52,-2301.92,-419.4
2661,557.27,1366.53,1711.44,162.69,69.52,-66.79,-1144.6,-10070.03,548.35,8654.31,-2330.36,78.15,1788.69,-2252.2,-463.52
2671,547.7,1324.0,1741.33,153.18,89.95,-52.82,-1128.51,-10023.1,555.69,8595.66,-2336.98,78.78,1803.07,-2258.2,-455.13
2681,530.66,1390.64,1752.01,153.75,83.54,-72.61,-1134.15,-9940.96,561.7,8581.11,-2402.68,79.0,1905.69,-2323.68,-418.0
2691,584.57,1363.97,1737.3,163.87,94.89,-63.43,-1114.48,-9999.31,548.64,8549.42,-2364.56,79.64,1865.44,-2284.92,-419.49
2701,578.41,1362.83,1742.54,160.63,92.49,-57.13,-1139.91,-9912.12,531.0,8530.98,-2383.23,78.35,1889.71,-2304.88,-415.17
2711,527.2,1347.86,1707.62,152.54,81.25,-53.21,-1135.84,-9943.35,556.95,8592.35,-2408.21,79.47,1833.37,-2328.74,-495.37
2721,554.4,1351.33,1728.19,155.36,91.15,-67.75,-1130.15,-9986.78,560.17,8579.8,-2366.59,78.94,1835.72,-2287.65,-451.93
2731,547.46,1337.3,1741.32,159.6,78.46,-71.76,-1143.79,-9929.82,546.41,8600.14,-2405.42,79.77,1865.31,-2325.65,-460.35
2741,566.35,1328.8,1754.16,156.89,83.19,-57.52,-1141.46,-9931.03,570.07,8593.56,-2393.91,78.91,1923.02,-2315.0,-391.98
2751,545.78,1370.17,1743.18,150.16,80.33,-68.44,-1123.75,-9917.18,552.41,8533.7,-2373.83,79.2,1866.36,-2294.63,-428.27
2761,535.94,1340.3,1732.76,160.3,92.98,-68.84,-1128.31,-10020.49,550.4,8573.65,-2301.14,78.38,1768.68,-2222.76,-454.09
2771,556.91,1387.7,1711.29,151.68,91.23,-51.07,-1118.82,-10051.03,557.72,8543.88,-2264.04,78.73,1779.48,-2185.31,-405.83
2781,563.6,1354.39,1741.97,154.19,87.86,-72.35,-1120.42,-10022.06,547.28,8562.79,-2305.1,78.9,1797.26,-2226.2,-428.94
2791,531.68,1308.3,1717.05,153.52,82.07,-62.92,-1114.57,-9999.52,563.33,8616.57,-2356.28,78.73,1795.49,-2277.55,-482.06
2801,550.09,1307.52,1728.52,160.0,86.17,-58.17,-1116.28,-9992.86,551.54,8554.22,-2327.39,77.19,1770.76,-2250.2,-479.44
2811,548.31,1291.09,1765.4,155.94,87.06,-74.21,-1109.81,-10090.84,569.28,8603.84,-2291.21,77.41,1746.06,-2213.8,-467.74
2821,535.08,1347.45,1718.02,153.5,74.11,-68.45,-1107.97,-10030.16,584.96,8608.18,-2332.9,78.96,1814.72,-2253.94,-439.22
2831,552.01,1337.93,1750.06,166.75,88.98,-62.95,-1133.16,-10040.59,545.67,8611.33,-2317.65,79.86,1816.04,-2237.79,-421.75
2841,553.87,1312.76,1743.66,149.43,99.95,-63.69,-1143.31,-9960.51,553.06,8567.28,-2348.69,77.44,1812.49,-2271.25,-458.76
2851,580.03,1324.2,1728.93,150.76,85.76,-53.66,-1120.68,-10019.63,570.85,8563.8,-2318.54,78.69,1810.36,-2239.84,-429.49
2861,549.23,1340.73,1727.4,149.59,87.39,-60.34,-1122.07,-10044.01,552.64,8577.71,-2300.52,77.84,1758.27,-2222.68,-464.41
2871,561.79,1297.05,1747.46,143.69,89.73,-49.39,-1137.49,-10052.94,578.38,8609.96,-2287.31,78.3,1788.23,-2209.01,-420.77
2881,577.32,1346.48,1727.46,156.52,85.61,-59.63,-1099.07,-10016.66,545.93,8561.43,-2317.48,77.33,1825.38,-2240.15,-414.76
2891,516.62,1316.83,1733.52,147.27,90.7,-54.16,-1122.98,-10077.28,556.04,8631.75,-2328.63,77.46,1738.31,-2251.18,-512.86
2901,529.17,1349.46,1738.44,151.98,83.87,-61.91,-1137.06,-9987.32,561.19,8571.24,-2328.94,77.95,1799.07,-2250.98,-451.91
2911,575.05,1341.77,1735.88,159.18,91.08,-60.16,-1121.25,-9966.94,546.19,8535.68,-2349.96,78.52,1836.47,-2271.44,-434.97
2921,569.17,1317.82,1737.44,149.44,81.58,-52.29,-1146.34,-9933.81,546.07,8550.52,-2353.57,77.89,1819.58,-2275.68,-456.1
2931,566.3,1291.75,1726.33,148.78,90.56,-48.26,-1115.99,-10032.7,541.44,8612.13,-2329.07,78.29,1780.34,-2250.77,-470.43
2941,568.23,1323.99,1737.01,146.36,85.17,-66.29,-1144.94,-10003.19,538.34,8620.01,-2342.26,78.92,1804.7,-2263.34,-458.64
2951,570.55,1373.64,1717.71,147.93,82.76,-60.54,-1124.4,-10048.0,554.64,8579.47,-2293.64,78.07,1793.75,-2215.56,-421.82
2961,550.66,1317.53,1714.81,156.17,67.62,-63.05,-1116.99,-10118.86,557.32,8653.74,-2272.77,77.8,1718.94,-2194.98,-476.03
2971,583.82,1346.27,1740.97,161.45,82.63,-73.33,-1128.17,-10040.39,552.21,8628.02,-2350.67,79.42,1853.47,-2271.24,-417.77
2981,555.13,1310.75,1700.18,147.02,83.49,-35.7,-1125.16,-10072.11,555.82,8625.11,-2312.55,78.01,1744.53,-2234.54,-490.01
2991,565.02,1311.55,1730.94,155.66,79.18,-55.85,-1123.88,-10056.36,549.87,8633.84,-2324.88,78.29,1789.97,-2246.59,-456.62
3001,579.48,1353.83,1732.11,162.85,84.82,-65.7,-1125.6,-10090.38,551.65,8625.24,-2287.06,77.89,1808.3,-2209.18,-400.88
3011,542.07,1307.91,1746.03,147.94,78.22,-66.04,-1135.93,-10110.6,550.52,8660.91,-2282.33,77.96,1721.02,-2204.37,-483.34
3021,531.38,1312.65,1730.01,154.94,87.93,-69.34,-1116.73,-10065.69,549.99,8636.12,-2312.72,79.33,1751.27,-2233.39,-482.11
3031,554.09,1260.98,1714.2,152.86,75.06,-59.2,-1117.59,-10041.34,559.58,8615.62,-2322.65,77.36,1714.26,-2245.3,-531.04
3041,579.92,1303.91,1727.76,153.73,91.69,-52.32,-1140.89,-9996.18,534.76,8594.66,-2330.89,78.68,1797.05,-2252.21,-455.16
3051,561.35,1347.23,1743.28,147.25,105.61,-75.28,-1125.95,-10070.66,555.93,8637.84,-2309.52,77.59,1826.6,-2231.94,-405.34
3061,581.39,1345.97,1715.06,151.99,93.54,-56.45,-1125.04,-10026.28,553.62,8616.04,-2351.52,78.13,1849.85,-2273.39,-423.54
3071,589.08,1337.22,1739.87,156.02,86.04,-68.76,-1136.93,-10030.15,532.85,8597.04,-2318.65,78.23,1802.28,-2240.41,-438.14
3081,557.6,1344.73,1710.67,145.22,76.69,-59.18,-1131.17,-10030.22,550.43,8570.46,-2289.83,78.19,1735.23,-2211.64,-476.41
3091,567.26,1310.34,1750.34,149.29,82.22,-75.85,-1111.72,-10082.01,552.95,8648.66,-2319.27,76.47,1791.49,-2242.81,-451.32
3101,569.32,1329.34,1724.65,155.79,85.82,-62.86,-1108.55,-9973.91,543.61,8577.41,-2366.58,78.96,1840.61,-2287.62,-447.01
3111,601.2,1367.36,1741.29,163.85,75.15,-56.3,-1140.46,-10073.57,537.59,8596.74,-2267.69,75.96,1812.84,-2191.73,-378.89
3121,583.22,1385.64,1719.82,160.69,85.78,-61.84,-1145.93,-9994.5,548.96,8588.31,-2326.39,76.55,1870.15,-2249.84,-379.69
3131,579.33,1361.4,1741.73,149.37,86.11,-63.04,-1123.29,-10026.42,546.33,8559.1,-2308.8,76.14,1810.62,-2232.66,-422.04
3141,581.01,1340.39,1719.47,159.12,79.93,-44.03,-1141.69,-10140.99,550.97,8654.25,-2246.22,76.51,1758.43,-2169.71,-411.29
3151,558.23,1366.83,1712.05,162.73,94.79,-67.91,-1122.98,-10075.55,558.5,8640.84,-2282.33,76.99,1827.53,-2205.33,-377.81
3161,550.43,1329.81,1720.93,153.37,89.67,-56.46,-1140.53,-10016.31,538.26,8619.42,-2330.16,77.59,1788.6,-2252.57,-463.97
3171,545.57,1277.67,1704.25,145.44,81.76,-57.63,-1120.64,-10068.36,562.86,8633.97,-2296.86,78.04,1704.89,-2218.81,-513.92
3181,568.63,1292.01,1748.71,147.6,94.42,-66.39,-1154.99,-10018.15,566.98,8637.42,-2315.74,77.22,1816.24,-2238.52,-422.28
3191,588.59,1323.09,1730.41,157.96,82.36,-55.63,-1120.46,-10036.56,550.89,8608.64,-2322.82,79.18,1829.29,-2243.64,-414.35
3201,570.29,1320.78,1729.67,154.65,81.24,-54.64,-1146.58,-10157.55,560.22,8630.5,-2229.44,78.31,1688.58,-2151.13,-462.55
3211,575.5,1319.68,1704.56,159.55,75.54,-55.96,-1113.06,-10112.31,549.62,8654.25,-2287.92,78.93,1757.38,-2208.98,-451.61
3221,572.53,1329.59,1728.44,156.87,86.97,-69.98,-1123.61,-10070.06,560.05,8555.79,-2276.0,76.19,1726.6,-2199.81,-473.21
3231,583.84,1285.49,1748.67,146.76,93.46,-52.33,-1148.47,-10099.85,542.55,8699.32,-2294.49,78.54,1799.46,-2215.95,-416.5
3241,559.81,1299.41,1760.2,154.75,88.95,-63.06,-1153.5,-10068.92,578.66,8634.05,-2281.37,77.26,1790.34,-2204.11,-413.77
3251,617.36,1329.55,1730.92,169.19,82.06,-61.38,-1133.9,-10065.11,528.62,8645.59,-2306.54,77.31,1842.91,-2229.24,-386.33
3261,574.69,1326.33,1712.06,156.29,83.95,-57.05,-1123.65,-10042.86,542.27,8576.04,-2281.68,76.84,1748.06,-2204.84,-456.78
3271,512.81,1312.92,1699.01,148.66,80.2,-57.18,-1142.58,-10116.45,550.5,8647.49,-2273.99,76.85,1635.37,-2197.14,-561.77
3281,545.94,1318.08,1736.46,149.63,84.01,-51.72,-1159.95,-10130.78,570.68,8666.09,-2265.93,76.91,1728.44,-2189.02,-460.58
3291,567.61,1295.01,1736.44,155.38,97.89,-49.67,-1137.49,-10091.85,550.85,8660.34,-2307.14,78.36,1784.49,-2228.78,-444.28
3301,555.0,1364.44,1734.72,155.38,88.7,-63.47,-1147.91,-10030.96,553.63,8625.34,-2357.22,75.88,1834.86,-2281.34,-446.48
3311,575.35,1280.37,1727.08,151.38,88.44,-65.8,-1121.22,-10227.21,562.7,8699.06,-2232.48,75.93,1670.15,-2156.55,-486.4
3321,567.8,1307.11,1732.11,150.61,89.35,-63.64,-1139.92,-10113.31,570.06,8691.04,-2279.44,78.1,1791.21,-2201.34,-410.14
3331,551.14,1357.05,1728.41,147.71,79.61,-69.43,-1140.61,-10165.65,565.18,8615.25,-2213.55,76.17,1668.66,-2137.38,-468.72
3341,525.45,1333.49,1717.06,157.31,93.71,-61.43,-1133.46,-10138.4,569.26,8663.75,-2255.1,77.08,1726.74,-2178.02,-451.28
3351,566.98,1338.71,1711.89,156.16,79.5,-59.86,-1141.2,-10100.5,562.12,8585.69,-2234.82,77.39,1699.49,-2157.43,-457.94
3361,525.24,1346.29,1735.56,144.54,91.24,-74.99,-1147.3,-10162.79,560.96,8653.11,-2237.02,75.91,1671.86,-2161.11,-489.25
3371,576.98,1380.79,1752.53,162.08,82.06,-63.23,-1133.05,-10115.69,543.19,8655.58,-2292.75,78.32,1841.23,-2214.43,-373.19
3381,576.86,1282.71,1736.09,150.08,84.6,-46.73,-1125.53,-10133.4,547.83,8592.58,-2212.94,76.46,1665.09,-2136.48,-471.39
3391,555.99,1327.64,1766.35,147.13,79.13,-59.97,-1139.6,-10039.48,559.06,8581.94,-2284.98,77.98,1778.18,-2207.0,-428.82
3401,557.95,1306.75,1749.38,152.61,82.17,-71.76,-1152.38,-10103.0,564.37,8636.18,-2263.99,75.9,1722.28,-2188.09,-465.81
3411,555.18,1354.94,1759.09,150.61,85.35,-67.31,-1161.83,-10098.91,544.76,8633.2,-2287.17,76.85,1755.08,-2210.32,-455.24
3421,548.13,1338.4,1740.31,155.43,89.54,-38.19,-1174.69,-10084.31,550.11,8603.77,-2262.94,76.23,1728.51,-2186.71,-458.2
3431,569.75,1270.33,1745.96,153.33,93.69,-57.65,-1141.74,-10055.95,574.02,8715.46,-2357.22,76.27,1867.2,-2280.95,-413.75
3441,573.9,1300.47,1733.18,147.37,89.01,-57.67,-1116.97,-10010.52,558.78,8649.44,-2353.85,77.62,1867.0,-2276.24,-409.24
3451,568.86,1354.34,1751.19,167.65,85.84,-68.73,-1152.8,-10078.4,536.48,8621.95,-2285.29,76.48,1786.38,-2208.81,-422.43
3461,548.61,1330.13,1736.15,145.94,88.72,-45.22,-1152.6,-10050.63,543.89,8638.34,-2301.82,76.89,1783.34,-2224.93,-441.59
3471,544.89,1310.78,1732.37,146.86,81.12,-48.66,-1127.14,-10007.37,583.9,8592.65,-2309.84,78.96,1809.4,-2230.88,-421.48
3481,536.64,1275.47,1742.52,153.68,77.51,-62.49,-1150.11,-10068.61,558.24,8640.5,-2274.06,78.19,1703.36,-2195.87,-492.52
3491,512.15,1358.03,1749.77,161.16,92.21,-52.88,-1149.26,-10022.48,559.21,8569.93,-2298.13,78.45,1777.85,-2219.68,-441.83
3501,555.62,1300.08,1757.26,158.29,84.43,-64.4,-1148.22,-9992.56,547.3,8572.66,-2325.98,78.16,1770.45,-2247.82,-477.37
3511,582.49,1318.97,1742.07,152.57,92.38,-63.99,-1116.39,-10063.34,534.79,8642.12,-2313.97,78.61,1821.67,-2235.35,-413.69
3521,549.38,1333.34,1739.13,158.76,82.72,-57.08,-1125.96,-10021.18,557.77,8604.5,-2338.32,79.22,1821.39,-2259.11,-437.71
3531,519.93,1319.77,1709.98,143.35,90.03,-62.77,-1108.29,-10039.88,555.93,8696.44,-2357.21,78.85,1824.5,-2278.36,-453.86
3541,539.0,1290.6,1721.34,145.1,83.68,-57.09,-1130.43,-10068.21,546.41,8639.17,-2305.85,77.79,1709.57,-2228.05,-518.49
3551,578.75,1319.11,1732.77,160.18,83.07,-40.69,-1123.5,-9957.29,564.19,8577.83,-2375.53,78.35,1894.43,-2297.18,-402.75
3561,552.91,1316.87,1728.64,159.08,87.08,-51.41,-1113.9,-10086.81,555.25,8623.45,-2283.47,77.93,1771.17,-2205.54,-434.37
3571,544.71,1314.26,1724.89,143.89,88.21,-64.7,-1121.23,-10018.6,549.1,8567.01,-2333.64,77.77,1727.53,-2255.87,-528.34
3581,536.56,1340.04,1727.68,152.62,89.71,-47.83,-1133.54,-10144.25,558.8,8681.87,-2277.67,76.65,1761.66,-2201.02,-439.36
3591,547.6,1305.79,1735.46,144.02,83.81,-59.48,-1110.7,-10027.46,555.59,8625.85,-2357.84,77.52,1800.49,-2280.32,-479.83
3601,558.27,1335.93,1721.81,159.64,86.06,-54.36,-1152.12,-10033.67,549.52,8574.68,-2290.06,76.91,1745.77,-2213.15,-467.38
3611,572.61,1348.42,1750.61,155.23,84.99,-72.86,-1123.7,-10102.66,547.94,8637.19,-2278.86,77.73,1797.77,-2201.12,-403.35
3621,558.76,1290.4,1744.46,150.3,78.57,-52.93,-1108.68,-10116.99,571.62,8659.56,-2277.27,77.46,1775.07,-2199.81,-424.74
3631,531.12,1294.06,1732.69,157.1,80.46,-50.2,-1114.86,-10244.0,551.87,8670.6,-2191.23,76.87,1608.84,-2114.36,-505.52
3641,585.26,1271.34,1717.7,148.75,83.03,-57.41,-1127.15,-10142.4,540.2,8645.86,-2234.42,78.3,1665.17,-2156.12,-490.95
3651,544.03,1314.0,1715.65,159.18,85.92,-70.87,-1119.36,-10058.23,557.1,8605.02,-2300.23,78.22,1732.44,-2222.02,-489.58
3661,564.62,1370.35,1740.94,156.61,82.63,-74.82,-1124.4,-10042.11,561.02,8594.36,-2305.91,76.2,1829.2,-2229.71,-400.52
3671,566.5,1339.66,1707.54,158.25,75.24,-69.69,-1121.86,-10060.2,537.73,8649.72,-2334.01,78.06,1782.89,-2255.95,-473.05
3681,556.97,1320.54,1738.27,155.54,94.87,-72.8,-1116.19,-10055.75,560.75,8596.03,-2313.95,76.59,1778.24,-2237.35,-459.11
3691,564.51,1320.42,1741.93,153.47,97.83,-72.39,-1155.99,-10065.63,559.82,8647.56,-2325.38,77.67,1791.53,-2247.72,-456.19
3701,567.1,1313.75,1741.89,150.57,80.41,-67.04,-1149.78,-10042.42,551.4,8664.57,-2349.92,77.6,1810.46,-2272.32,-461.86
3711,539.5,1289.68,1739.81,143.9,88.03,-60.84,-1120.55,-10095.98,576.28,8676.35,-2319.06,77.49,1776.18,-2241.57,-465.39
3721,560.06,1342.22,1753.66,155.1,78.21,-69.78,-1149.09,-10061.64,545.35,8631.22,-2302.77,77.49,1785.31,-2225.29,-439.98
3731,555.81,1280.34,1743.16,148.48,76.04,-54.32,-1142.12,-9963.8,549.75,8621.05,-2402.36,79.29,1814.41,-2323.08,-508.67
3741,551.42,1364.58,1752.31,152.74,89.01,-65.59,-1114.13,-10022.26,566.76,8578.12,-2331.16,78.22,1852.96,-2252.95,-399.99
3751,553.34,1324.65,1746.24,157.88,88.69,-63.99,-1142.67,-10070.21,565.61,8634.7,-2331.5,78.29,1794.24,-2253.2,-458.97
3761,549.11,1370.78,1734.27,151.16,92.81,-76.23,-1097.2,-10028.7,567.04,8611.54,-2361.0,78.39,1874.6,-2282.61,-408.02
3771,597.72,1324.56,1732.57,152.98,80.35,-59.31,-1149.22,-9958.02,554.81,8630.14,-2409.96,77.75,1906.59,-2332.21,-425.63
3781,540.54,1290.03,1749.5,143.71,84.16,-56.84,-1135.21,-10059.19,555.66,8634.91,-2338.86,78.86,1747.28,-2260.0,-512.72
3791,533.73,1344.54,1710.77,154.05,88.55,-53.09,-1136.42,-9946.79,556.69,8630.46,-2420.67,77.66,1882.47,-2343.0,-460.53
3801,598.01,1298.31,1750.61,147.06,89.07,-80.85,-1140.6,-9879.71,561.4,8624.94,-2458.8,76.68,1968.23,-2382.12,-413.89
3811,566.26,1288.47,1735.7,166.54,90.79,-61.44,-1102.47,-10004.85,547.6,8648.37,-2374.15,77.89,1874.98,-2296.26,-421.28
3821,529.07,1359.62,1737.44,148.79,81.43,-53.01,-1133.84,-9969.23,553.83,8575.09,-2348.91,78.57,1829.2,-2270.33,-441.13
3831,569.21,1311.71,1746.67,153.83,89.23,-70.87,-1139.55,-10014.4,564.04,8650.86,-2339.56,76.5,1860.71,-2263.06,-402.35
3841,556.21,1321.94,1706.44,150.67,78.71,-47.85,-1136.47,-9985.66,553.73,8637.61,-2395.73,78.78,1835.32,-2316.95,-481.63
3851,565.47,1376.48,1729.22,160.6,85.7,-64.7,-1142.04,-9948.97,547.63,8559.86,-2362.72,78.75,1869.24,-2283.97,-414.73
3861,548.96,1355.05,1710.47,158.72,89.04,-70.48,-1128.09,-9891.78,557.42,8572.06,-2423.96,79.83,1901.38,-2344.13,-442.75
3871,571.72,1331.32,1704.24,150.82,91.08,-60.44,-1145.28,-9873.37,539.09,8584.11,-2439.77,79.4,1893.29,-2360.37,-467.09
3881,551.02,1376.06,1736.99,159.01,81.78,-59.07,-1128.98,-10041.48,560.9,8674.3,-2363.29,78.85,1910.53,-2284.44,-373.91
3891,570.75,1330.51,1734.23,150.55,83.23,-65.56,-1111.31,-9937.49,545.78,8596.71,-2412.25,80.2,1897.4,-2332.05,-434.65
3901,561.86,1305.34,1723.71,161.21,90.58,-51.64,-1123.45,-10001.0,556.14,8620.66,-2373.97,79.13,1843.41,-2294.84,-451.43
3911,560.94,1323.35,1719.32,145.19,83.82,-47.85,-1128.34,-9912.72,555.75,8605.59,-2416.44,79.16,1905.06,-2337.28,-432.23
3921,540.02,1296.94,1749.94,159.31,87.58,-53.62,-1142.88,-9989.33,551.02,8623.63,-2331.33,78.09,1822.62,-2253.24,-430.62
3931,570.52,1309.48,1745.1,153.11,89.37,-57.61,-1154.02,-9956.4,554.36,8629.46,-2402.19,77.7,1883.36,-2324.49,-441.13
3941,555.59,1322.72,1726.12,142.35,71.84,-66.59,-1123.8,-9964.71,543.7,8602.19,-2377.68,78.54,1809.42,-2299.14,-489.72
3951,577.26,1319.71,1713.95,150.31,86.28,-63.77,-1156.12,-9958.07,568.59,8641.17,-2390.2,79.58,1879.32,-2310.62,-431.3
3961,556.3,1315.53,1736.63,151.31,85.9,-50.24,-1133.6,-9903.24,544.79,8617.73,-2431.51,77.73,1921.11,-2353.78,-432.67
3971,587.69,1356.69,1731.07,150.27,98.0,-64.41,-1190.32,-9822.82,538.35,8564.85,-2452.6,77.55,1949.37,-2375.05,-425.69
3981,561.45,1321.23,1739.82,153.98,96.32,-63.48,-1146.73,-9861.59,550.34,8584.94,-2433.11,78.41,1936.27,-2354.7,-418.43
3991,523.44,1289.48,1730.35,148.51,92.07,-58.49,-1120.46,-9930.84,556.27,8605.73,-2416.82,78.98,1836.04,-2337.85,-501.81
4001,549.24,1365.25,1721.87,160.75,80.2,-46.71,-1152.29,-9819.51,551.62,8543.97,-2452.41,78.88,1954.41,-2373.53,-419.13

Receptor Energy Terms
Frame #,BOND,ANGLE,DIHED,UB,IMP,CMAP,VDWAALS,EEL,1-4 VDW,1-4 EEL,EGB,ESURF,GGAS,GSOLV,TOTAL
1,550.71,1296.55,1686.36,145.94,91.11,-38.19,-1123.6,-10107.95,528.89,8612.11,-2228.01,73.87,1641.92,-2154.14,-512.21
11,528.96,1313.29,1691.14,151.91,90.65,-57.95,-1149.18,-10149.07,536.2,8692.79,-2227.45,74.62,1648.76,-2152.83,-504.07
21,540.41,1302.89,1690.86,143.71,79.49,-57.79,-1114.86,-10087.29,525.11,8649.07,-2281.08,74.75,1671.59,-2206.33,-534.73
31,571.41,1320.47,1695.73,155.5,83.7,-51.71,-1138.97,-10140.43,524.54,8730.38,-2251.92,74.31,1750.64,-2177.62,-426.98
41,554.18,1301.82,1687.34,147.24,95.56,-61.82,-1100.27,-10042.54,531.45,8642.06,-2301.4,75.5,1755.02,-2225.9,-470.88
51,568.35,1319.44,1672.49,153.34,79.9,-61.78,-1135.32,-10069.34,527.89,8648.33,-2295.73,74.97,1703.3,-2220.76,-517.46
61,551.29,1343.94,1686.77,150.36,81.65,-51.69,-1136.64,-10040.77,539.44,8621.92,-2292.69,75.11,1746.28,-2217.58,-471.3
71,534.45,1293.5,1699.28,150.64,93.42,-56.62,-1150.54,-10095.35,556.27,8728.12,-2298.44,74.58,1753.18,-2223.86,-470.68
81,549.53,1296.69,1698.09,143.2,84.73,-62.27,-1126.14,-10150.42,540.93,8711.62,-2240.01,75.53,1685.96,-2164.48,-478.53
91,556.59,1302.3,1698.93,145.0,100.08,-64.75,-1121.73,-10084.95,552.81,8688.04,-2292.0,75.29,1772.31,-2216.71,-444.4
101,517.17,1311.25,1691.41,147.52,90.19,-61.86,-1110.24,-10107.38,531.63,8665.16,-2253.03,74.9,1674.84,-2178.13,-503.29
111,543.72,1244.01,1680.58,153.31,88.57,-52.1,-1135.3,-10173.84,549.81,8708.67,-2210.05,73.08,1607.43,-2136.97,-529.54
121,564.2,1313.01,1678.94,148.2,87.3,-50.08,-1133.15,-10072.57,538.57,8669.42,-2293.21,74.99,1743.85,-2218.22,-474.37
131,540.97,1262.7,1677.73,143.79,89.62,-60.67,-1150.29,-10080.07,535.48,8700.83,-2288.83,74.79,1660.09,-2214.04,-553.95
141,555.86,1251.38,1685.57,142.11,82.47,-72.94,-1128.21,-10085.73,534.9,8713.46,-2292.18,74.7,1678.88,-2217.48,-538.6
151,531.96,1297.26,1683.13,158.96,88.73,-39.72,-1128.25,-10126.22,544.63,8676.35,-2244.2,75.07,1686.83,-2169.13,-482.31
161,573.78,1313.77,1684.02,152.98,80.5,-61.75,-1116.24,-10020.47,542.86,8649.54,-2316.79,75.97,1799.0,-2240.81,-441.82
171,559.37,1327.12,1697.3,152.88,79.96,-41.96,-1150.51,-10116.37,531.18,8661.43,-2246.6,73.57,1700.4,-2173.03,-472.63
181,530.02,1287.38,1669.79,142.89,98.1,-53.86,-1141.9,-10198.22,530.57,8713.63,-2213.84,73.44,1578.4,-2140.39,-561.99
191,546.69,1320.37,1682.98,154.99,77.12,-60.03,-1117.8,-10061.61,509.71,8635.74,-2298.35,73.53,1688.17,-2224.81,-536.65
201,563.27,1316.23,1702.69,144.87,94.72,-54.24,-1109.7,-10117.5,527.44,8674.5,-2276.58,75.32,1742.27,-2201.26,-458.99
211,549.64,1267.69,1679.16,144.56,75.96,-57.05,-1130.56,-10121.79,551.33,8708.26,-2281.26,74.91,1667.19,-2206.35,-539.17
221,554.73,1298.61,1672.94,152.95,78.62,-54.59,-1122.72,-10134.9,522.6,8680.55,-2228.29,75.86,1648.79,-2152.42,-503.63
231,557.17,1303.24,1708.2,153.52,80.32,-64.98,-1142.39,-10102.46,548.49,8661.41,-2250.33,74.22,1702.54,-2176.11,-473.57
241,548.71,1296.65,1679.17,145.17,88.65,-62.1,-1124.22,-10100.32,542.29,8654.98,-2235.37,74.86,1668.99,-2160.51,-491.52
251,540.21,1351.99,1696.69,154.3,90.68,-64.79,-1145.17,-10065.68,533.74,8614.71,-2231.82,74.97,1706.68,-2156.85,-450.18
261,536.32,1299.78,1682.59,149.31,88.67,-61.19,-1116.25,-10178.09,555.1,8724.62,-2233.84,75.11,1680.87,-2158.74,-477.87
271,518.79,1344.99,1694.07,141.51,85.96,-72.01,-1127.07,-10050.45,536.47,8650.27,-2281.94,74.18,1722.56,-2207.76,-485.21
281,557.35,1357.54,1674.25,153.05,88.39,-71.33,-1134.54,-10154.85,539.95,8696.97,-2253.84,74.32,1706.79,-2179.52,-472.73
291,565.14,1294.34,1689.06,141.34,91.06,-54.05,-1129.23,-10104.59,533.58,8666.92,-2237.05,72.72,1693.56,-2164.33,-470.77
301,530.46,1335.13,1694.43,148.51,98.7,-61.92,-1132.83,-10119.08,533.57,8673.37,-2225.46,73.94,1700.34,-2151.52,-451.18
311,533.87,1303.88,1697.35,148.36,83.4,-55.54,-1135.85,-10156.98,551.71,8686.07,-2235.76,73.91,1656.27,-2161.86,-505.58
321,618.15,1282.85,1703.35,152.29,90.84,-56.88,-1136.68,-10143.73,548.17,8671.85,-2223.84,75.06,1730.21,-2148.78,-418.57
331,591.68,1295.15,1693.55,150.46,74.34,-53.08,-1124.31,-10132.8,539.47,8680.96,-2225.66,74.7,1715.4,-2150.96,-435.56
341,545.32,1321.29,1719.16,152.96,96.4,-70.75,-1133.9,-10082.61,537.06,8703.68,-2291.44,73.87,1788.62,-2217.57,-428.95
351,579.09,1297.68,1676.07,147.6,83.32,-59.4,-1127.61,-10104.16,521.67,8670.59,-2268.56,74.01,1684.84,-2194.56,-509.72
361,559.97,1314.58,1724.97,149.82,93.88,-57.28,-1129.93,-10115.45,537.41,8639.6,-2236.67,74.38,1717.57,-2162.29,-444.73
371,562.01,1328.61,1670.68,152.76,82.09,-58.7,-1126.97,-10111.74,536.01,8680.88,-2270.81,74.17,1715.64,-2196.64,-481.0
381,539.96,1311.38,1690.44,143.18,89.36,-64.94,-1126.13,-10035.61,550.19,8625.96,-2297.63,74.83,1723.79,-2222.8,-499.01
391,544.24,1284.52,1673.26,143.97,85.17,-63.83,-1137.63,-10140.08,548.87,8655.63,-2222.15,73.49,1594.12,-2148.66,-554.53
401,551.65,1297.81,1716.86,150.0,79.26,-56.36,-1128.56,-10157.46,554.23,8732.68,-2228.55,74.87,1740.1,-2153.68,-413.58
411,569.13,1288.78,1699.57,156.11,84.68,-66.04,-1142.93,-10106.08,530.74,8690.41,-2265.57,74.05,1704.36,-2191.51,-487.15
421,549.81,1298.27,1701.15,150.05,84.35,-58.25,-1115.34,-10119.34,543.12,8718.48,-2278.62,74.65,1752.3,-2203.96,-451.67
431,559.02,1295.81,1687.61,142.23,96.17,-48.32,-1144.94,-10033.38,542.4,8649.33,-2314.79,75.39,1745.94,-2239.4,-493.45
441,543.43,1325.41,1700.57,147.23,94.85,-71.51,-1108.57,-10153.37,527.78,8660.94,-2206.19,75.34,1666.77,-2130.85,-464.08
451,527.17,1294.01,1668.83,139.75,88.5,-69.22,-1120.3,-10054.04,541.13,8625.47,-2253.44,75.02,1641.31,-2178.42,-537.12
461,527.17,1303.91,1695.53,150.73,78.24,-48.09,-1123.52,-10184.4,548.41,8697.41,-2213.97,75.05,1645.4,-2138.92,-493.52
471,557.49,1309.23,1686.37,144.15,83.71,-73.2,-1119.43,-10167.04,548.43,8703.36,-2220.73,73.18,1673.07,-2147.56,-474.49
481,553.73,1297.15,1690.37,147.87,74.77,-57.39,-1122.59,-10079.49,526.94,8646.97,-2272.88,74.54,1678.32,-2198.33,-520.01
491,538.72,1287.2,1696.66,146.19,79.02,-63.71,-1103.92,-10058.15,563.26,8655.16,-2305.02,75.34,1740.44,-2229.69,-489.25
501,577.59,1342.57,1673.4,146.53,84.72,-58.57,-1110.51,-10019.4,533.65,8598.49,-2294.53,76.45,1768.48,-2218.08,-449.6
511,564.13,1292.75,1679.84,146.22,95.34,-38.19,-1124.06,-10065.98,525.35,8671.43,-2291.72,74.93,1746.83,-2216.79,-469.96
521,526.86,1286.72,1703.9,152.86,82.41,-54.67,-1147.87,-10074.21,546.25,8702.16,-2275.73,75.56,1724.43,-2200.18,-475.75
531,571.27,1319.44,1692.98,145.79,82.79,-63.67,-1126.8,-10059.62,523.91,8643.1,-2283.87,75.54,1729.2,-2208.33,-479.13
541,533.91,1323.25,1695.44,141.12,79.55,-67.22,-1131.51,-10057.5,522.27,8620.56,-2272.54,75.27,1659.87,-2197.26,-537.4
551,501.94,1310.25,1681.93,148.3,95.11,-58.76,-1130.14,-10230.52,560.17,8779.14,-2203.98,75.75,1657.44,-2128.23,-470.79
561,567.12,1334.66,1691.74,150.19,92.1,-51.71,-1133.51,-9996.99,524.68,8666.76,-2363.18,75.63,1845.05,-2287.55,-442.5
571,533.09,1333.56,1675.73,139.98,87.5,-66.62,-1140.98,-10132.23,531.4,8693.79,-2273.29,75.44,1655.22,-2197.85,-542.63
581,536.22,1303.75,1676.68,144.93,93.32,-55.04,-1112.29,-10087.47,543.15,8663.14,-2281.08,76.5,1706.39,-2204.58,-498.2
591,536.64,1321.29,1673.0,150.68,74.84,-54.04,-1122.94,-10098.26,537.26,8680.33,-2290.75,74.95,1698.8,-2215.81,-517.01
601,580.32,1301.98,1669.39,158.88,85.45,-51.29,-1098.09,-10099.31,541.38,8735.42,-2316.84,76.69,1824.13,-2240.14,-416.02
611,550.24,1297.83,1685.64,147.42,86.95,-50.64,-1128.58,-10122.58,553.84,8752.59,-2328.11,75.5,1772.72,-2252.61,-479.89
621,569.76,1279.96,1662.16,147.41,84.41,-50.07,-1124.04,-10123.03,538.19,8742.16,-2308.26,77.45,1726.92,-2230.82,-503.9
631,522.02,1276.26,1667.72,144.52,89.51,-71.85,-1118.64,-10170.53,545.03,8744.57,-2281.72,76.81,1628.6,-2204.91,-576.31
641,571.76,1322.48,1684.14,150.89,80.11,-60.07,-1125.85,-10090.35,534.18,8731.88,-2326.02,77.91,1799.19,-2248.1,-448.92
651,562.14,1299.99,1684.39,143.5,80.4,-64.12,-1119.86,-10078.8,535.01,8680.17,-2292.04,76.44,1722.83,-2215.6,-492.77
661,535.43,1308.82,1695.86,147.04,79.48,-55.64,-1102.13,-10140.7,542.03,8724.88,-2267.52,77.2,1735.08,-2190.32,-455.24
671,568.37,1290.38,1657.45,145.53,91.65,-62.17,-1097.84,-10061.59,539.86,8709.15,-2328.05,78.11,1780.8,-2249.94,-469.14
681,548.28,1345.69,1691.09,155.17,91.54,-52.18,-1113.83,-10102.44,545.22,8682.69,-2284.66,76.66,1791.23,-2208.0,-416.78
691,528.91,1290.24,1683.05,144.66,89.61,-56.4,-1125.31,-10165.46,544.74,8769.63,-2295.24,77.99,1703.66,-2217.26,-513.59
701,535.79,1380.18,1662.05,146.11,77.22,-53.56,-1134.8,-10076.2,540.63,8698.84,-2316.77,77.57,1776.27,-2239.21,-462.93
711,566.93,1300.32,1679.91,139.85,75.08,-54.4,-1116.16,-10091.19,535.72,8696.15,-2268.44,77.03,1732.2,-2191.41,-459.21
721,550.05,1315.23,1689.7,158.08,86.05,-56.68,-1133.76,-9999.14,530.29,8633.1,-2325.55,77.02,1772.91,-2248.52,-475.62
731,554.82,1283.33,1657.6,143.2,85.71,-54.32,-1139.26,-10023.93,549.09,8656.12,-2315.49,77.1,1712.37,-2238.38,-526.02
741,529.62,1285.91,1674.98,150.79,97.87,-54.93,-1139.56,-10067.84,537.34,8718.97,-2313.06,75.42,1733.15,-2237.63,-504.48
751,561.41,1359.55,1674.0,148.71,83.16,-53.09,-1117.07,-10087.03,530.52,8656.57,-2285.78,78.04,1756.74,-2207.74,-451.0
761,547.4,1303.33,1677.63,153.12,77.56,-50.11,-1133.66,-10006.02,536.25,8646.42,-2321.99,77.07,1751.93,-2244.92,-492.99
771,561.35,1290.16,1700.57,144.68,76.17,-64.07,-1084.83,-10094.03,566.61,8692.91,-2301.17,77.08,1789.51,-2224.09,-434.58
781,559.26,1303.13,1688.65,149.98,79.93,-60.06,-1134.71,-10012.19,544.47,8692.05,-2355.28,77.19,1810.5,-2278.08,-467.59
791,581.15,1333.29,1683.78,148.35,77.69,-55.06,-1101.82,-10088.04,530.07,8657.43,-2300.87,77.23,1766.86,-2223.64,-456.78
801,529.71,1334.12,1671.67,147.37,95.15,-43.03,-1125.54,-10080.5,547.03,8741.26,-2320.94,75.44,1817.23,-2245.5,-428.27
811,587.4,1304.41,1680.38,146.34,86.88,-52.39,-1106.26,-10125.34,543.06,8649.76,-2258.12,76.29,1714.23,-2181.83,-467.6
821,541.0,1333.81,1696.37,147.37,83.69,-61.95,-1128.48,-10070.3,531.61,8712.21,-2314.16,75.51,1785.32,-2238.65,-453.32
831,578.86,1351.01,1682.81,160.77,91.83,-64.81,-1124.6,-10087.72,525.62,8687.95,-2307.97,75.67,1801.73,-2232.3,-430.57
841,555.92,1313.97,1683.08,153.49,79.04,-55.31,-1110.56,-10080.53,530.97,8626.83,-2285.46,77.1,1696.89,-2208.36,-511.47
851,567.53,1351.42,1652.77,154.49,77.9,-55.27,-1096.49,-10064.33,530.95,8651.89,-2322.34,76.93,1770.86,-2245.4,-474.54
861,543.59,1261.1,1680.12,145.37,76.84,-48.28,-1110.1,-10064.48,548.43,8680.85,-2309.63,76.9,1713.43,-2232.73,-519.3
871,559.09,1347.3,1681.31,152.92,85.5,-51.0,-1095.36,-10032.19,542.11,8600.57,-2300.25,77.24,1790.25,-2223.01,-432.76
881,549.21,1368.75,1655.66,143.57,72.66,-58.43,-1133.77,-10021.48,529.42,8634.54,-2305.98,76.21,1740.13,-2229.76,-489.63
891,551.67,1301.96,1664.32,138.33,88.61,-50.32,-1102.65,-10046.08,546.04,8663.44,-2321.32,77.27,1755.33,-2244.05,-488.72
901,538.37,1341.5,1660.31,154.63,99.12,-54.65,-1120.9,-10103.14,536.7,8741.64,-2304.56,77.31,1793.57,-2227.25,-433.68
911,542.77,1271.93,1680.25,141.8,79.89,-51.63,-1115.14,-10098.31,527.88,8641.73,-2268.84,77.53,1621.17,-2191.31,-570.14
921,544.78,1297.58,1705.8,149.99,80.8,-44.59,-1102.47,-10221.9,540.06,8734.2,-2239.27,76.66,1684.25,-2162.61,-478.36
931,537.85,1310.31,1662.7,147.87,80.07,-46.62,-1113.04,-10112.46,535.25,8671.73,-2284.53,76.98,1673.66,-2207.55,-533.89
941,535.42,1312.21,1687.78,146.52,84.43,-38.62,-1143.57,-10174.15,532.83,8679.0,-2211.45,74.32,1621.84,-2137.12,-515.28
951,565.61,1364.47,1682.72,150.87,85.71,-51.87,-1112.78,-10109.06,554.35,8674.58,-2281.08,75.42,1804.59,-2205.66,-401.07
961,555.33,1280.02,1677.9,150.31,81.35,-56.32,-1130.19,-10123.12,525.67,8678.54,-2247.6,75.7,1639.48,-2171.9,-532.42
971,535.33,1336.55,1689.37,149.76,87.0,-48.0,-1120.22,-10169.48,542.36,8640.31,-2210.77,75.46,1642.98,-2135.31,-492.33
981,556.6,1309.99,1678.36,157.67,97.22,-62.92,-1081.6,-10084.69,535.7,8640.51,-2299.49,76.47,1746.83,-2223.02,-476.19
991,542.82,1292.04,1673.49,143.54,90.69,-51.01,-1099.17,-10103.92,545.77,8640.98,-2276.6,76.63,1675.23,-2199.97,-524.74
1001,546.7,1312.27,1677.02,148.62,106.61,-56.72,-1106.1,-10106.93,536.28,8624.19,-2249.43,74.35,1681.94,-2175.08,-493.14
1011,557.13,1286.63,1677.55,146.29,88.97,-50.65,-1117.56,-10053.97,538.82,8652.34,-2297.83,75.12,1725.55,-2222.71,-497.16
1021,538.89,1334.59,1656.65,142.54,85.39,-51.04,-1114.51,-10114.48,536.14,8673.84,-2271.72,75.24,1688.0,-2196.47,-508.47
1031,533.47,1325.56,1663.48,146.83,81.75,-51.07,-1111.25,-10001.86,542.69,8587.41,-2325.84,76.6,1717.02,-2249.23,-532.21
1041,547.81,1313.18,1681.43,161.31,83.0,-53.41,-1115.18,-10110.85,533.28,8650.83,-2259.39,75.56,1691.41,-2183.83,-492.42
1051,576.12,1303.37,1679.96,155.15,80.31,-57.01,-1119.42,-10003.09,523.85,8619.08,-2333.2,76.6,1758.31,-2256.6,-498.29
1061,545.27,1326.83,1664.22,145.03,75.41,-55.6,-1096.13,-10112.66,566.55,8679.61,-2290.5,74.84,1738.52,-2215.67,-477.14
1071,514.88,1280.52,1669.95,147.54,77.57,-59.98,-1136.26,-10057.4,558.68,8649.25,-2290.88,75.12,1644.74,-2215.76,-571.02
1081,553.34,1303.47,1706.62,147.18,94.52,-63.02,-1102.28,-10084.84,561.61,8682.78,-2299.24,75.63,1799.37,-2223.61,-424.24
1091,559.2,1323.02,1660.54,153.54,81.04,-56.87,-1122.02,-10074.67,561.1,8680.26,-2319.68,75.55,1765.14,-2244.13,-478.99
1101,547.06,1266.53,1694.67,144.54,94.61,-62.46,-1112.97,-10158.06,542.73,8710.13,-2293.91,74.72,1666.78,-2219.19,-552.41
1111,591.36,1257.75,1688.89,147.1,86.49,-52.37,-1143.3,-10062.4,544.35,8683.36,-2320.03,75.37,1741.23,-2244.65,-503.42
1121,541.75,1277.7,1677.4,143.83,80.42,-54.46,-1116.74,-10143.49,546.48,8688.69,-2267.61,75.48,1641.57,-2192.13,-550.56
1131,528.71,1301.52,1690.49,150.54,88.58,-54.92,-1122.68,-10091.55,524.62,8680.88,-2284.63,75.35,1696.2,-2209.27,-513.07
1141,556.11,1300.6,1667.93,151.84,79.44,-57.03,-1131.96,-10086.24,531.93,8647.72,-2281.12,75.53,1660.35,-2205.59,-545.24
1151,555.92,1310.45,1709.89,149.14,84.71,-58.67,-1137.32,-10112.65,532.52,8635.5,-2252.63,73.85,1669.5,-2178.78,-509.28
1161,543.85,1321.87,1720.94,153.27,86.44,-60.36,-1109.58,-10119.28,523.14,8702.21,-2285.95,76.09,1762.49,-2209.87,-447.38
1171,553.64,1286.82,1676.68,154.37,76.2,-57.74,-1108.48,-10132.05,571.44,8712.41,-2289.63,74.53,1733.31,-2215.1,-481.79
1181,541.97,1293.91,1663.73,146.94,84.79,-58.54,-1097.73,-10189.11,547.4,8740.57,-2255.5,75.2,1673.92,-2180.3,-506.38
1191,531.25,1320.75,1698.61,143.91,81.29,-48.48,-1133.77,-10092.58,523.62,8641.15,-2259.26,74.92,1665.75,-2184.33,-518.58
1201,565.34,1342.12,1683.48,154.42,77.94,-46.1,-1103.87,-10103.22,542.29,8640.16,-2269.96,75.36,1752.57,-2194.6,-442.03
1211,553.69,1316.02,1670.01,148.43,74.35,-50.73,-1143.95,-10074.06,520.2,8663.6,-2293.05,75.39,1677.56,-2217.66,-540.09
1221,542.72,1305.25,1676.86,149.65,73.69,-63.16,-1097.06,-10097.69,552.12,8615.51,-2274.63,76.53,1657.9,-2198.1,-540.2
1231,564.53,1277.7,1699.47,142.66,75.03,-62.01,-1113.39,-10153.28,540.04,8695.94,-2254.0,76.29,1666.69,-2177.71,-511.02
1241,566.3,1270.58,1682.72,146.19,87.07,-59.98,-1113.07,-10185.61,539.35,8715.47,-2228.5,76.84,1649.02,-2151.66,-502.64
1251,552.29,1290.45,1657.76,143.52,81.88,-45.17,-1106.43,-10125.79,515.76,8689.96,-2275.0,75.75,1654.24,-2199.25,-545.01
1261,558.64,1280.94,1666.56,149.14,79.12,-51.18,-1096.16,-10053.72,528.86,8646.0,-2323.01,77.85,1708.18,-2245.17,-536.98
1271,573.17,1291.11,1667.59,147.54,82.44,-46.99,-1101.43,-10120.79,553.15,8638.27,-2258.78,75.73,1684.07,-2183.05,-498.98
1281,514.75,1317.09,1666.56,148.56,87.14,-47.45,-1105.62,-10132.48,533.92,8734.69,-2273.29,74.99,1717.15,-2198.29,-481.14
1291,548.37,1279.81,1697.48,141.36,94.09,-53.75,-1119.92,-10128.8,550.09,8743.36,-2285.22,75.46,1752.1,-2209.76,-457.67
1301,529.6,1299.41,1697.26,143.27,92.49,-65.27,-1129.27,-10030.28,528.69,8606.35,-2287.96,75.02,1672.26,-2212.94,-540.68
1311,538.85,1327.04,1669.76,151.9,80.88,-52.64,-1146.24,-10053.62,537.59,8660.76,-2304.92,74.9,1714.28,-2230.02,-515.74
1321,529.26,1319.02,1672.05,151.74,89.22,-71.46,-1085.49,-10092.67,534.4,8656.78,-2295.39,76.35,1702.83,-2219.04,-516.21
1331,572.01,1296.52,1678.52,147.27,84.44,-39.77,-1089.16,-10122.56,520.17,8639.45,-2268.71,76.61,1686.89,-2192.1,-505.22
1341,519.19,1293.34,1694.73,139.45,91.9,-58.26,-1105.74,-10132.2,540.0,8684.02,-2266.87,75.91,1666.45,-2190.96,-524.51
1351,537.23,1301.13,1686.66,147.01,85.62,-66.76,-1136.14,-10148.57,544.94,8679.72,-2264.96,76.17,1630.84,-2188.78,-557.94
1361,554.62,1344.93,1684.57,153.76,89.3,-60.25,-1102.95,-10060.41,538.8,8629.51,-2305.07,76.13,1771.88,-2228.94,-457.07
1371,535.02,1320.46,1679.56,142.29,80.79,-60.66,-1126.04,-10070.24,540.78,8717.83,-2326.77,76.48,1759.79,-2250.29,-490.5
1381,550.49,1266.64,1693.43,157.88,85.22,-52.15,-1110.99,-10098.53,518.79,8711.62,-2284.84,78.11,1722.41,-2206.73,-484.32
1391,553.63,1326.7,1682.34,146.85,87.45,-58.26,-1122.47,-10050.02,529.83,8653.3,-2326.88,78.65,1749.35,-2248.23,-498.88
1401,568.21,1272.79,1702.99,139.58,87.01,-50.93,-1122.8,-10097.15,555.61,8706.24,-2295.71,77.62,1761.55,-2218.08,-456.54
1411,576.62,1272.5,1677.67,140.1,91.08,-63.67,-1114.32,-10048.76,527.3,8662.65,-2293.59,76.19,1721.17,-2217.4,-496.23
1421,565.17,1321.78,1665.74,151.95,83.03,-48.76,-1100.07,-10026.86,543.58,8634.13,-2317.98,76.87,1789.71,-2241.1,-451.4
1431,531.94,1301.12,1685.85,146.93,73.53,-66.07,-1124.89,-10103.41,549.55,8694.68,-2275.68,77.01,1689.23,-2198.68,-509.45
1441,550.67,1347.83,1690.86,150.39,83.6,-65.05,-1104.28,-10088.22,528.0,8630.7,-2270.61,76.8,1724.5,-2193.81,-469.31
1451,566.97,1293.43,1709.86,154.5,91.99,-67.33,-1125.84,-10149.45,542.7,8710.87,-2250.74,76.09,1727.71,-2174.64,-446.93
1461,560.44,1373.14,1690.69,155.79,83.66,-65.69,-1138.77,-10181.39,528.31,8692.86,-2226.55,76.19,1699.04,-2150.36,-451.32
1471,566.96,1309.44,1690.37,147.51,97.77,-76.45,-1122.51,-10156.51,543.32,8721.39,-2230.47,75.02,1721.31,-2155.45,-434.15
1481,554.61,1311.06,1682.51,148.96,68.97,-54.95,-1095.36,-10123.73,536.62,8675.78,-2259.79,77.96,1704.49,-2181.83,-477.35
1491,564.03,1305.31,1688.34,145.37,73.63,-63.25,-1114.09,-10084.72,526.42,8668.03,-2283.97,77.66,1709.08,-2206.31,-497.23
1501,572.14,1325.64,1682.95,141.55,88.0,-58.65,-1136.3,-10082.0,544.47,8644.13,-2281.98,75.74,1721.93,-2206.23,-484.3
1511,584.1,1336.73,1671.25,153.78,83.02,-50.19,-1113.8,-10081.36,538.0,8655.11,-2276.95,76.55,1776.63,-2200.4,-423.77
1521,545.66,1303.12,1686.65,143.21,83.23,-56.31,-1128.9,-10101.57,549.76,8683.24,-2277.97,75.18,1708.09,-2202.79,-494.71
1531,529.8,1357.26,1682.59,147.39,81.24,-63.68,-1125.61,-10100.39,531.52,8658.84,-2264.61,75.62,1698.97,-2188.99,-490.03
1541,574.66,1330.39,1682.73,153.99,79.75,-48.0,-1112.11,-10076.51,538.45,8623.26,-2296.13,75.35,1746.61,-2220.78,-474.17
1551,549.23,1317.0,1725.3,151.65,76.85,-73.21,-1123.95,-10132.64,545.78,8682.44,-2250.22,75.17,1718.45,-2175.05,-456.6
1561,559.34,1374.38,1679.98,152.21,79.87,-62.54,-1135.2,-10115.54,548.68,8688.94,-2295.72,75.33,1770.12,-2220.39,-450.27
1571,570.24,1286.55,1696.18,144.27,82.94,-62.25,-1137.1,-10097.66,545.03,8706.13,-2305.64,75.06,1734.33,-2230.58,-496.25
1581,585.14,1308.59,1675.36,157.78,85.69,-67.96,-1106.47,-10101.01,532.98,8691.33,-2297.17,76.22,1761.42,-2220.95,-459.53
1591,560.27,1276.22,1655.9,146.08,84.07,-41.65,-1127.11,-10151.68,524.53,8708.14,-2274.7,75.28,1634.76,-2199.42,-564.66
1601,531.65,1339.09,1706.44,153.17,80.27,-65.45,-1105.03,-10118.65,548.08,8732.44,-2282.78,75.65,1802.01,-2207.13,-405.11
1611,537.51,1313.01,1680.89,145.19,78.67,-51.6,-1100.63,-10177.73,519.31,8715.79,-2252.54,75.34,1660.4,-2177.2,-516.81
1621,558.13,1337.79,1676.8,150.96,76.65,-54.14,-1106.37,-10110.63,547.62,8688.81,-2294.22,76.33,1765.63,-2217.88,-452.25
1631,538.49,1304.38,1676.46,148.6,83.96,-60.59,-1128.35,-10168.63,543.18,8729.72,-2277.35,75.25,1667.23,-2202.1,-534.87
1641,558.86,1354.35,1676.37,148.84,70.45,-61.86,-1110.74,-10180.94,515.84,8665.86,-2273.18,74.97,1637.02,-2198.21,-561.19
1651,530.97,1323.67,1679.1,140.7,83.02,-56.5,-1119.03,-10139.7,536.73,8669.13,-2271.69,75.74,1648.08,-2195.95,-547.87
1661,550.72,1326.01,1657.16,144.94,86.19,-63.52,-1133.05,-10180.76,547.58,8751.69,-2266.02,75.55,1686.95,-2190.46,-503.51
1671,559.47,1316.08,1661.67,144.4,88.54,-70.41,-1128.65,-10216.31,545.78,8740.52,-2242.67,73.61,1641.09,-2169.06,-527.97
1681,547.13,1306.6,1665.92,144.63,81.53,-70.66,-1131.45,-10160.88,529.66,8708.06,-2281.83,75.34,1620.54,-2206.49,-585.95
1691,547.24,1303.23,1674.68,155.89,78.01,-65.94,-1121.85,-10167.7,559.85,8746.98,-2283.75,73.67,1710.39,-2210.07,-499.69
1701,572.96,1330.52,1699.49,148.24,87.32,-56.48,-1116.39,-10229.47,543.91,8735.7,-2240.37,75.44,1715.81,-2164.93,-449.12
1711,572.93,1336.93,1674.72,144.02,82.07,-69.1,-1121.78,-10196.34,526.23,8746.18,-2278.17,74.62,1695.84,-2203.55,-507.71
1721,594.27,1342.91,1705.56,153.52,83.77,-71.79,-1124.05,-10132.75,533.64,8672.52,-2284.45,73.53,1757.59,-2210.92,-453.32
1731,571.7,1299.3,1693.23,161.37,75.28,-65.84,-1110.74,-10104.34,530.08,8692.64,-2308.56,76.13,1742.69,-2232.44,-489.74
1741,576.78,1366.24,1668.01,156.48,80.12,-60.32,-1101.03,-10122.43,526.28,8665.99,-2285.66,76.46,1756.12,-2209.2,-453.08
1751,516.92,1307.8,1685.91,157.92,83.3,-71.27,-1121.93,-10119.09,553.74,8770.52,-2322.21,74.78,1763.81,-2247.43,-483.63
1761,539.63,1331.01,1692.21,150.72,88.02,-64.77,-1127.36,-10074.0,521.78,8712.31,-2329.43,75.53,1769.55,-2253.9,-484.34
1771,526.14,1267.79,1668.41,140.21,72.8,-64.61,-1133.37,-10040.21,527.69,8737.37,-2379.18,75.62,1702.22,-2303.55,-601.33
1781,540.16,1294.88,1678.84,136.49,84.06,-68.75,-1099.6,-10074.7,540.45,8732.21,-2365.01,76.24,1764.06,-2288.77,-524.71
1791,555.51,1298.88,1652.44,149.94,83.45,-56.86,-1133.73,-10152.13,528.17,8729.01,-2285.74,74.08,1654.67,-2211.66,-556.99
1801,556.47,1286.61,1697.63,150.07,84.23,-73.18,-1146.71,-10093.7,525.25,8660.47,-2269.19,75.74,1647.15,-2193.45,-546.31
1811,561.13,1308.29,1669.21,146.68,81.81,-50.13,-1091.34,-10148.74,516.41,8693.34,-2243.2,74.73,1686.66,-2168.47,-481.8
1821,557.35,1280.15,1706.07,143.76,82.64,-73.05,-1161.06,-10060.04,546.26,8693.03,-2318.19,76.0,1715.1,-2242.18,-527.08
1831,535.44,1277.09,1677.6,142.92,84.81,-61.8,-1114.24,-10095.87,558.71,8761.75,-2340.36,77.47,1766.42,-2262.89,-496.47
1841,549.65,1299.63,1706.27,149.47,81.08,-70.66,-1141.65,-10111.66,545.21,8698.86,-2269.01,75.42,1706.2,-2193.59,-487.39
1851,555.18,1349.45,1681.81,152.61,78.67,-71.93,-1112.5,-10193.5,529.83,8702.61,-2226.07,75.39,1672.23,-2150.68,-478.44
1861,553.07,1315.68,1697.8,155.92,87.56,-71.34,-1121.85,-10067.32,543.13,8699.95,-2336.81,76.7,1792.59,-2260.11,-467.53
1871,537.83,1326.1,1685.4,148.17,92.46,-62.03,-1120.43,-10095.53,545.2,8719.82,-2320.66,76.46,1776.98,-2244.2,-467.23
1881,586.92,1314.34,1682.18,150.97,93.62,-58.28,-1102.67,-10114.26,516.63,8683.87,-2298.01,76.66,1753.33,-2221.35,-468.01
1891,566.25,1319.88,1662.07,150.6,78.42,-61.73,-1133.93,-10119.75,523.72,8709.31,-2284.65,74.95,1694.83,-2209.69,-514.87
1901,561.62,1348.04,1684.6,157.47,87.59,-60.03,-1120.56,-10095.42,533.2,8680.61,-2306.43,75.31,1777.11,-2231.13,-454.02
1911,528.42,1311.98,1678.41,145.52,90.45,-80.72,-1123.92,-10167.93,538.17,8723.56,-2282.54,76.12,1643.95,-2206.43,-562.48
1921,574.14,1273.18,1668.49,149.16,88.29,-66.11,-1105.46,-10124.95,539.45,8723.47,-2295.13,76.26,1719.66,-2218.88,-499.22
1931,574.08,1321.32,1673.97,155.66,81.73,-66.14,-1121.39,-10124.91,522.45,8704.57,-2304.68,76.35,1721.35,-2228.33,-506.99
1941,601.83,1348.4,1688.21,166.32,77.9,-72.58,-1102.33,-10017.66,528.05,8626.42,-2353.13,76.23,1844.56,-2276.9,-432.34
1951,529.41,1288.45,1694.65,148.32,82.88,-46.07,-1102.14,-10207.72,549.84,8792.24,-2277.52,77.32,1729.86,-2200.2,-470.34
1961,547.0,1299.22,1684.19,147.51,89.65,-65.9,-1104.45,-10141.86,539.53,8711.61,-2288.85,77.0,1706.49,-2211.85,-505.35
1971,538.42,1299.16,1681.03,148.22,80.49,-61.47,-1117.84,-10119.66,532.46,8716.0,-2310.47,76.7,1696.82,-2233.76,-536.94
1981,560.1,1306.2,1701.55,147.94,89.38,-69.48,-1112.2,-10099.74,536.5,8655.71,-2294.78,76.99,1715.97,-2217.79,-501.81
1991,517.57,1265.3,1692.63,137.47,79.36,-71.8,-1115.56,-10116.44,565.58,8744.39,-2294.53,76.02,1698.5,-2218.51,-520.01
2001,556.87,1343.54,1717.27,151.35,88.52,-60.52,-1110.03,-10213.0,522.94,8724.7,-2229.31,76.71,1721.63,-2152.6,-430.97
2011,523.78,1291.52,1682.99,148.88,95.57,-61.65,-1116.51,-10183.5,538.1,8728.26,-2249.26,76.3,1647.45,-2172.96,-525.51
2021,557.78,1349.49,1689.63,147.1,81.44,-65.79,-1115.32,-10126.15,525.97,8697.76,-2275.31,75.53,1741.89,-2199.79,-457.89
2031,546.32,1319.98,1700.41,147.79,80.67,-77.49,-1128.5,-10121.69,541.64,8681.95,-2272.78,77.64,1691.07,-2195.14,-504.06
2041,552.0,1299.45,1672.56,146.54,81.96,-67.25,-1122.29,-10128.78,539.69,8729.66,-2299.32,76.43,1703.54,-2222.89,-519.35
2051,557.27,1371.74,1700.41,157.0,79.12,-74.73,-1101.17,-10082.24,528.57,8594.23,-2261.65,77.4,1730.2,-2184.25,-454.05
2061,554.1,1304.11,1677.53,149.14,88.78,-59.22,-1117.16,-10136.21,528.37,8699.71,-2271.0,77.47,1689.17,-2193.53,-504.36
2071,539.17,1317.52,1646.61,147.24,96.46,-62.92,-1133.32,-10058.49,529.11,8705.07,-2331.88,77.66,1726.45,-2254.22,-527.77
2081,557.04,1314.47,1687.52,147.63,86.2,-63.65,-1138.02,-10091.49,529.26,8670.34,-2268.39,77.12,1699.3,-2191.27,-491.98
2091,531.62,1297.81,1654.94,146.48,94.45,-70.35,-1130.3,-10104.44,518.38,8728.89,-2299.12,76.88,1667.47,-2222.23,-554.77
2101,557.7,1319.94,1677.67,146.31,85.76,-62.42,-1110.44,-10133.43,530.25,8673.63,-2265.01,78.97,1684.98,-2186.04,-501.06
2111,507.9,1297.91,1670.96,141.89,75.72,-59.41,-1130.46,-10113.78,541.1,8673.9,-2270.98,76.91,1605.74,-2194.08,-588.33
2121,537.27,1295.12,1682.98,146.74,80.12,-73.58,-1113.05,-10094.83,536.13,8671.15,-2289.67,77.2,1668.07,-2212.47,-544.4
2131,547.14,1253.49,1656.1,150.25,89.29,-55.19,-1110.37,-10038.0,547.52,8657.67,-2309.31,78.51,1697.89,-2230.8,-532.91
2141,532.96,1315.01,1659.91,142.63,94.94,-58.0,-1101.36,-10108.74,545.08,8709.3,-2292.22,76.94,1731.72,-2215.28,-483.56
2151,580.1,1324.25,1697.9,150.66,88.95,-64.3,-1115.34,-10094.2,530.88,8672.36,-2282.01,75.84,1771.27,-2206.17,-434.91
2161,581.77,1261.14,1656.67,146.91,83.94,-64.0,-1116.91,-10041.07,544.18,8679.79,-2322.57,76.89,1732.42,-2245.68,-513.26
2171,494.74,1260.89,1682.02,144.47,84.09,-60.56,-1122.07,-10069.51,540.28,8720.47,-2324.63,78.41,1674.81,-2246.21,-571.4
2181,551.53,1315.04,1671.25,149.47,87.4,-65.08,-1124.73,-10008.68,533.69,8640.35,-2334.2,76.0,1750.24,-2258.2,-507.96
2191,545.36,1306.1,1685.22,150.72,91.92,-53.96,-1109.25,-10082.65,529.17,8663.15,-2301.21,76.81,1725.78,-2224.41,-498.63
2201,542.8,1309.22,1676.12,148.92,96.14,-61.7,-1117.74,-10028.3,540.68,8706.32,-2373.13,76.63,1812.45,-2296.5,-484.05
2211,516.06,1294.87,1699.67,150.46,75.01,-64.93,-1134.48,-10060.59,532.23,8718.03,-2337.01,75.87,1726.32,-2261.14,-534.82
2221,499.18,1247.0,1667.1,146.77,78.63,-64.53,-1102.13,-10062.52,532.5,8759.3,-2381.46,77.46,1701.31,-2304.01,-602.69
2231,551.42,1280.93,1680.48,144.35,78.43,-63.62,-1098.48,-10135.15,538.96,8704.0,-2285.61,76.73,1681.33,-2208.89,-527.56
2241,546.57,1367.6,1675.78,157.13,95.29,-52.36,-1114.1,-10115.2,547.97,8701.71,-2304.15,75.77,1810.39,-2228.38,-417.99
2251,568.5,1318.87,1680.01,154.08,83.79,-67.0,-1113.51,-10080.08,521.35,8702.37,-2331.32,77.51,1768.4,-2253.81,-485.41
2261,508.34,1309.26,1671.77,150.75,72.3,-47.3,-1116.27,-10074.09,530.61,8697.1,-2316.23,76.3,1702.47,-2239.93,-537.46
2271,545.49,1269.57,1688.16,146.34,79.97,-60.7,-1119.42,-10003.64,531.13,8680.34,-2371.5,76.84,1757.25,-2294.67,-537.42
2281,527.35,1306.74,1691.81,146.31,75.03,-57.75,-1131.62,-10061.74,546.41,8716.98,-2335.51,78.66,1759.52,-2256.85,-497.34
2291,549.19,1305.72,1681.2,148.16,77.72,-59.52,-1118.71,-10069.49,553.62,8651.57,-2305.86,76.71,1719.46,-2229.15,-509.69
2301,590.33,1330.21,1660.1,149.67,92.94,-63.52,-1102.41,-10006.55,518.4,8638.88,-2353.37,77.39,1808.05,-2275.98,-467.93
2311,546.88,1295.6,1689.0,148.15,86.88,-62.92,-1097.72,-10120.68,549.7,8748.91,-2321.2,77.69,1783.82,-2243.51,-459.69
2321,560.54,1292.07,1709.89,141.84,88.1,-71.3,-1131.02,-10064.11,553.0,8691.12,-2334.34,76.58,1770.11,-2257.76,-487.65
2331,533.71,1352.0,1665.92,151.38,75.3,-70.82,-1111.85,-9992.0,535.98,8633.26,-2353.88,76.23,1772.88,-2277.65,-504.77
2341,605.58,1294.38,1684.1,150.06,82.63,-56.8,-1116.2,-10027.09,528.69,8646.49,-2338.58,75.52,1791.84,-2263.06,-471.21
2351,550.31,1294.81,1671.89,150.18,86.55,-64.18,-1110.28,-9977.94,532.79,8604.28,-2362.75,77.01,1738.4,-2285.74,-547.34
2361,534.11,1355.43,1673.75,147.75,88.06,-64.77,-1112.97,-10017.07,539.65,8610.8,-2332.44,77.34,1754.74,-2255.1,-500.36
2371,541.49,1333.3,1667.16,149.82,78.07,-71.39,-1110.53,-10054.76,524.58,8675.69,-2331.45,76.58,1733.43,-2254.87,-521.44
2381,550.55,1342.95,1686.26,155.17,84.15,-60.92,-1128.24,-9995.02,552.65,8670.09,-2359.23,76.22,1857.64,-2283.01,-425.37
2391,584.25,1261.43,1690.97,139.73,77.44,-50.19,-1110.56,-9968.85,540.17,8661.65,-2381.09,78.14,1826.04,-2302.96,-476.91
2401,535.58,1295.78,1684.64,141.18,82.8,-49.77,-1123.85,-9970.38,540.97,8659.82,-2393.38,77.5,1796.78,-2315.88,-519.1
2411,548.82,1270.82,1682.4,148.99,91.08,-66.98,-1130.24,-9946.08,544.47,8668.26,-2399.26,76.88,1811.52,-2322.38,-510.87
2421,555.62,1313.87,1673.83,149.67,84.5,-63.51,-1112.95,-9941.48,552.87,8667.72,-2413.8,78.03,1880.12,-2335.77,-455.65
2431,550.68,1298.64,1673.37,153.12,79.98,-61.16,-1104.79,-9961.13,547.04,8670.94,-2412.79,77.19,1846.7,-2335.61,-488.91
2441,537.6,1334.58,1686.94,154.69,81.8,-75.35,-1119.85,-9943.87,528.72,8645.78,-2420.71,75.76,1831.05,-2344.95,-513.9
2451,544.01,1280.5,1704.53,152.2,81.59,-68.9,-1111.56,-10064.4,533.73,8705.9,-2341.72,76.91,1757.6,-2264.81,-507.21
2461,570.24,1304.55,1690.36,151.71,92.43,-51.63,-1129.43,-10063.13,516.83,8684.35,-2326.43,76.26,1766.28,-2250.17,-483.9
2471,562.93,1266.19,1697.26,148.19,90.87,-62.51,-1127.26,-10004.02,531.62,8667.73,-2352.91,76.35,1771.01,-2276.56,-505.56
2481,522.67,1298.88,1668.13,143.51,95.81,-60.85,-1108.77,-10029.72,535.15,8677.18,-2362.59,76.48,1742.0,-2286.11,-544.11
2491,521.06,1310.59,1688.87,143.7,89.44,-60.01,-1110.02,-9982.47,552.1,8660.75,-2393.16,77.04,1814.0,-2316.13,-502.13
2501,530.1,1328.69,1695.38,143.99,93.42,-62.88,-1107.13,-9991.18,546.94,8657.4,-2373.85,78.34,1834.74,-2295.51,-460.77
2511,541.83,1332.97,1670.34,154.97,76.91,-66.39,-1106.37,-10000.39,548.08,8686.51,-2396.31,77.96,1838.47,-2318.35,-479.88
2521,548.79,1305.14,1691.18,143.05,75.31,-45.71,-1116.2,-9994.47,538.53,8684.52,-2356.19,78.03,1830.14,-2278.15,-448.02
2531,585.2,1328.21,1674.08,152.81,81.05,-56.98,-1120.24,-10053.87,530.43,8647.98,-2310.86,76.06,1768.67,-2234.81,-466.14
2541,535.49,1325.13,1670.68,149.16,74.9,-59.4,-1121.96,-10007.82,527.52,8715.05,-2394.69,77.19,1808.74,-2317.5,-508.76
2551,598.89,1328.24,1698.76,156.65,79.0,-56.57,-1116.6,-9924.71,510.81,8592.79,-2390.35,79.26,1867.26,-2311.09,-443.84
2561,556.04,1301.19,1683.05,152.6,81.63,-60.01,-1111.15,-10031.42,539.77,8676.45,-2343.58,78.01,1788.15,-2265.57,-477.42
2571,556.46,1268.56,1666.06,149.35,77.79,-67.46,-1125.81,-9976.46,536.44,8669.11,-2379.26,76.85,1754.04,-2302.41,-548.37
2581,540.52,1307.64,1659.09,147.17,75.19,-61.89,-1105.77,-9921.59,534.33,8613.35,-2404.07,77.32,1788.04,-2326.75,-538.71
2591,529.5,1313.53,1673.32,149.76,87.93,-53.2,-1115.01,-10083.18,526.28,8766.38,-2359.35,77.97,1795.31,-2281.38,-486.07
2601,552.75,1306.18,1675.08,146.41,83.17,-57.79,-1108.36,-10073.51,551.24,8696.39,-2333.46,77.53,1771.57,-2255.93,-484.36
2611,526.24,1349.93,1717.91,143.47,82.03,-72.05,-1124.64,-9996.45,540.11,8670.01,-2378.13,77.55,1836.59,-2300.58,-463.99
2621,582.47,1356.28,1689.95,153.16,89.46,-57.69,-1105.49,-10068.76,527.14,8714.12,-2349.16,77.41,1880.65,-2271.75,-391.1
2631,533.08,1302.26,1674.82,152.43,88.96,-60.56,-1117.48,-10099.66,560.46,8741.71,-2313.16,77.38,1776.02,-2235.78,-459.76
2641,533.39,1298.66,1699.7,145.15,91.19,-60.32,-1102.38,-10084.68,537.43,8669.72,-2306.99,77.11,1727.86,-2229.87,-502.01
2651,563.7,1313.32,1700.73,143.62,88.52,-75.2,-1121.44,-10032.83,543.3,8698.55,-2377.16,76.2,1822.25,-2300.96,-478.71
2661,551.14,1354.26,1663.07,158.66,69.07,-66.79,-1131.28,-10088.27,531.09,8703.2,-2328.76,76.59,1744.18,-2252.18,-508.0
2671,542.37,1299.48,1692.53,148.26,89.78,-52.82,-1118.19,-10044.14,538.04,8647.49,-2332.41,77.04,1742.79,-2255.37,-512.58
2681,523.89,1370.08,1702.72,149.18,83.33,-72.61,-1122.88,-9967.0,545.41,8633.32,-2393.97,77.16,1845.43,-2316.81,-471.38
2691,577.72,1345.76,1687.06,159.46,93.63,-63.43,-1103.6,-10023.07,532.82,8601.7,-2358.11,77.75,1808.04,-2280.37,-472.33
2701,570.45,1344.48,1686.33,156.83,92.07,-57.13,-1129.21,-9931.83,513.69,8581.8,-2379.68,76.42,1827.47,-2303.26,-475.79
2711,516.13,1326.02,1658.36,147.8,79.9,-53.21,-1123.45,-9959.6,540.04,8641.39,-2408.57,77.96,1773.37,-2330.61,-557.23
2721,544.03,1331.08,1679.68,151.49,90.09,-67.75,-1117.9,-10004.65,544.12,8627.49,-2362.84,77.3,1777.69,-2285.54,-507.85
2731,537.03,1320.3,1690.3,154.15,77.84,-71.76,-1132.07,-9948.45,529.84,8645.55,-2401.65,78.02,1802.72,-2323.63,-520.91
2741,560.57,1312.68,1702.57,152.37,82.63,-57.52,-1129.21,-9953.19,552.06,8644.29,-2389.39,77.2,1867.26,-2312.19,-444.93
2751,534.51,1353.72,1694.89,146.59,79.75,-68.44,-1112.28,-9938.27,537.01,8586.63,-2370.79,77.52,1814.12,-2293.27,-479.16
2761,530.85,1322.7,1683.4,156.54,91.61,-68.84,-1121.96,-10039.82,532.74,8626.1,-2301.0,76.73,1713.31,-2224.27,-510.96
2771,547.88,1365.97,1661.43,147.12,90.53,-51.07,-1106.65,-10072.8,542.2,8596.25,-2260.68,77.15,1720.88,-2183.53,-462.65
2781,556.16,1339.86,1691.56,150.32,87.13,-72.35,-1108.88,-10041.39,528.15,8611.0,-2301.15,77.17,1741.55,-2223.98,-482.43
2791,522.81,1287.24,1666.38,148.45,81.5,-62.92,-1100.98,-10021.34,548.55,8668.28,-2355.1,77.43,1737.95,-2277.67,-539.72
2801,542.17,1289.71,1674.65,155.21,86.06,-58.17,-1103.36,-10012.6,535.53,8604.33,-2324.34,75.47,1713.53,-2248.87,-535.34
2811,537.98,1269.65,1716.18,151.16,86.36,-74.21,-1098.19,-10118.43,553.66,8656.55,-2281.5,75.86,1680.72,-2205.64,-524.92
2821,522.53,1326.02,1670.28,150.16,74.0,-68.45,-1094.22,-10058.16,571.12,8658.14,-2322.54,77.53,1751.4,-2245.01,-493.6
2831,544.88,1321.88,1701.93,162.79,88.45,-62.95,-1121.3,-10055.32,528.49,8659.14,-2320.56,78.34,1768.0,-2242.22,-474.23
2841,546.68,1294.03,1693.18,146.32,99.26,-63.69,-1132.4,-9983.66,536.64,8619.17,-2345.43,76.0,1755.53,-2269.43,-513.9
2851,571.87,1306.47,1677.13,146.77,85.61,-53.66,-1112.67,-10040.72,554.09,8612.75,-2310.11,76.39,1747.63,-2233.72,-486.08
2861,538.66,1320.7,1677.57,146.37,85.73,-60.34,-1112.71,-10066.9,535.49,8631.79,-2294.4,75.94,1696.35,-2218.45,-522.1
2871,552.03,1280.04,1691.96,139.38,89.07,-49.39,-1124.55,-10074.24,560.06,8659.9,-2283.97,76.71,1724.27,-2207.26,-482.99
2881,564.52,1323.84,1675.18,151.27,83.8,-59.63,-1088.13,-10037.28,530.82,8612.23,-2313.28,75.46,1756.61,-2237.82,-481.21
2891,509.71,1298.83,1680.68,143.28,90.68,-54.16,-1111.57,-10095.22,541.41,8681.44,-2327.1,75.68,1685.08,-2251.41,-566.34
2901,518.72,1325.87,1691.41,147.54,83.42,-61.91,-1123.31,-10006.46,547.4,8622.29,-2327.66,76.34,1744.95,-2251.32,-506.36
2911,567.25,1325.01,1687.67,154.65,89.21,-60.16,-1107.3,-9988.65,526.45,8583.43,-2344.32,76.84,1777.56,-2267.48,-489.92
2921,559.91,1296.36,1686.86,144.62,81.05,-52.29,-1131.53,-9954.89,529.53,8602.97,-2350.25,76.2,1762.59,-2274.05,-511.46
2931,555.43,1277.29,1678.28,144.61,89.05,-48.26,-1102.44,-10049.78,526.62,8660.84,-2328.69,76.53,1731.64,-2252.16,-520.52
2941,558.69,1308.44,1686.22,142.15,84.72,-66.29,-1135.78,-10017.06,520.33,8668.97,-2344.75,77.2,1750.39,-2267.54,-517.15
2951,560.72,1352.71,1668.61,143.77,82.5,-60.54,-1111.44,-10070.23,536.56,8629.45,-2287.31,76.48,1732.1,-2210.82,-478.72
2961,539.96,1303.71,1668.49,153.05,67.24,-63.05,-1104.32,-10141.72,539.82,8702.72,-2266.62,76.12,1665.91,-2190.5,-524.59
2971,570.49,1329.2,1692.82,157.52,81.84,-73.33,-1113.78,-10062.69,535.78,8677.32,-2346.73,78.21,1795.17,-2268.52,-473.36
2981,548.06,1291.87,1651.87,143.72,83.25,-35.7,-1112.32,-10094.7,539.57,8674.69,-2307.83,76.64,1690.33,-2231.19,-540.86
2991,555.59,1291.74,1680.8,151.38,79.06,-55.85,-1110.75,-10078.87,530.48,8683.46,-2319.3,76.64,1727.03,-2242.66,-515.64
3001,570.26,1334.71,1683.59,159.27,84.76,-65.7,-1111.94,-10115.38,535.0,8675.64,-2280.93,76.44,1750.22,-2204.49,-454.27
3011,529.66,1286.73,1695.07,140.3,77.26,-66.04,-1121.03,-10133.78,533.32,8711.12,-2278.13,77.17,1652.6,-2200.96,-548.36
3021,524.63,1291.87,1681.9,151.46,87.18,-69.34,-1105.98,-10084.64,531.26,8686.07,-2310.13,77.65,1694.41,-2232.48,-538.08
3031,545.33,1242.43,1660.06,147.3,74.81,-59.2,-1105.41,-10060.1,542.23,8666.79,-2320.66,75.62,1654.24,-2245.04,-590.8
3041,570.38,1286.02,1676.77,150.3,91.33,-52.32,-1128.88,-10024.37,518.79,8645.05,-2320.87,77.13,1733.06,-2243.74,-510.69
3051,550.35,1330.37,1694.6,141.85,105.24,-75.28,-1109.65,-10091.92,539.26,8689.15,-2309.08,76.72,1773.98,-2232.36,-458.38
3061,573.13,1328.33,1664.72,147.63,92.19,-56.45,-1109.2,-10045.81,537.54,8665.33,-2349.87,77.06,1797.42,-2272.81,-475.39
3071,583.32,1321.6,1690.37,152.41,85.65,-68.76,-1119.94,-10045.3,513.54,8645.31,-2322.81,77.33,1758.22,-2245.48,-487.26
3081,548.59,1326.34,1660.52,141.34,76.64,-59.18,-1115.43,-10044.82,531.67,8618.34,-2293.5,77.06,1684.01,-2216.45,-532.44
3091,557.1,1294.33,1701.28,145.86,81.62,-75.85,-1096.15,-10101.32,537.87,8699.66,-2318.5,75.47,1744.4,-2243.03,-498.63
3101,559.26,1311.08,1674.12,152.07,85.68,-62.86,-1101.47,-9998.19,527.69,8629.06,-2365.6,77.86,1776.43,-2287.74,-511.32
3111,593.13,1351.0,1690.26,160.77,75.01,-56.3,-1123.48,-10094.8,521.8,8650.19,-2268.27,75.12,1767.58,-2193.15,-425.57
3121,574.55,1367.76,1671.64,157.22,85.51,-61.84,-1132.8,-10013.83,531.5,8639.48,-2326.22,75.55,1819.19,-2250.67,-431.49
3131,570.4,1345.66,1690.79,144.37,86.0,-63.04,-1104.12,-10046.08,529.21,8609.05,-2307.94,75.4,1762.26,-2232.54,-470.28
3141,572.82,1325.12,1669.99,155.08,79.57,-44.03,-1124.23,-10156.79,534.99,8702.46,-2248.94,75.72,1714.99,-2173.23,-458.23
3151,549.24,1343.6,1664.95,157.67,93.99,-67.91,-1110.87,-10104.72,538.35,8689.7,-2272.86,75.42,1754.0,-2197.43,-443.43
3161,538.55,1306.98,1671.4,147.48,89.54,-56.46,-1125.7,-10044.52,520.14,8669.19,-2322.66,76.32,1716.62,-2246.35,-529.73
3171,537.4,1256.4,1654.7,139.39,80.77,-57.63,-1108.41,-10102.1,544.25,8688.08,-2284.32,76.73,1632.85,-2207.59,-574.74
3181,559.99,1272.1,1698.12,142.75,94.35,-66.39,-1141.47,-10049.6,547.85,8689.68,-2306.47,75.94,1747.38,-2230.53,-483.15
3191,577.23,1306.36,1682.4,153.04,80.09,-55.63,-1111.38,-10057.93,534.14,8658.66,-2316.41,77.2,1766.97,-2239.21,-472.24
3201,558.35,1304.36,1680.56,150.15,79.42,-54.64,-1135.44,-10175.81,543.79,8680.61,-2226.11,76.32,1631.36,-2149.79,-518.44
3211,563.08,1303.61,1654.13,155.87,75.16,-55.96,-1103.62,-10131.8,535.25,8706.91,-2283.99,76.85,1702.64,-2207.14,-504.51
3221,560.36,1312.81,1678.31,154.07,86.9,-69.98,-1111.27,-10093.67,545.06,8609.17,-2271.29,74.78,1671.76,-2196.5,-524.75
3231,576.13,1267.79,1698.83,141.97,92.33,-52.33,-1138.29,-10117.1,524.33,8748.93,-2292.35,76.46,1742.59,-2215.89,-473.31
3241,553.52,1283.77,1707.3,151.38,88.66,-63.06,-1144.65,-10087.41,561.24,8683.17,-2277.63,75.27,1733.91,-2202.36,-468.45
3251,608.16,1309.38,1681.77,164.97,81.68,-61.38,-1122.43,-10087.05,512.91,8697.49,-2301.48,75.68,1785.52,-2225.8,-440.28
3261,564.63,1309.77,1660.12,153.21,83.03,-57.05,-1112.87,-10064.86,526.16,8629.27,-2279.45,75.27,1691.4,-2204.18,-512.78
3271,504.72,1299.68,1649.37,145.3,78.05,-57.18,-1128.44,-10137.83,533.19,8696.08,-2269.07,75.19,1582.95,-2193.88,-610.93
3281,536.57,1300.37,1682.75,145.31,83.89,-51.72,-1145.29,-10154.4,555.77,8717.2,-2258.83,75.25,1670.45,-2183.58,-513.13
3291,557.72,1273.23,1686.79,150.7,97.57,-49.67,-1124.42,-10108.41,534.05,8707.17,-2306.4,76.72,1724.73,-2229.68,-504.95
3301,545.64,1346.48,1685.13,151.69,88.19,-63.47,-1135.72,-10047.0,536.75,8673.24,-2357.96,74.21,1780.94,-2283.75,-502.81
3311,565.23,1261.58,1673.88,146.84,88.42,-65.8,-1108.16,-10251.23,548.36,8747.6,-2225.07,74.43,1606.7,-2150.64,-543.94
3321,555.54,1288.55,1682.82,145.87,88.24,-63.64,-1125.78,-10132.87,553.79,8741.07,-2278.57,76.52,1733.58,-2202.05,-468.47
3331,543.08,1338.86,1676.85,143.34,78.85,-69.43,-1128.21,-10183.09,548.66,8666.07,-2213.75,74.39,1614.98,-2139.36,-524.38
3341,515.26,1314.22,1666.14,153.42,93.02,-61.43,-1118.87,-10163.85,553.85,8716.08,-2247.16,75.59,1667.83,-2171.58,-503.75
3351,559.03,1321.92,1663.55,152.3,78.77,-59.86,-1128.55,-10127.81,541.68,8633.93,-2224.36,75.82,1634.94,-2148.54,-513.59
3361,515.42,1328.71,1684.28,140.92,91.15,-74.99,-1134.94,-10179.54,546.94,8700.31,-2234.81,74.25,1618.24,-2160.56,-542.31
3371,566.21,1359.64,1699.83,156.28,80.56,-63.23,-1120.98,-10137.53,525.32,8706.98,-2289.21,76.56,1773.06,-2212.65,-439.59
3381,568.52,1269.16,1687.68,146.07,84.59,-46.73,-1110.36,-10156.61,531.24,8640.61,-2207.32,75.02,1614.17,-2132.29,-518.12
3391,547.14,1311.21,1716.77,143.29,78.53,-59.97,-1128.58,-10067.63,541.47,8632.68,-2274.22,76.44,1714.91,-2197.79,-482.88
3401,549.46,1284.07,1699.81,147.39,81.98,-71.76,-1140.12,-10131.15,547.25,8687.87,-2255.1,74.31,1654.79,-2180.8,-526.01
3411,543.33,1338.32,1707.4,145.1,85.06,-67.31,-1148.9,-10117.21,531.05,8683.0,-2284.93,75.12,1699.85,-2209.81,-509.96
3421,539.44,1323.09,1689.8,151.69,87.48,-38.19,-1160.22,-10103.31,535.87,8653.01,-2260.27,74.63,1678.66,-2185.64,-506.98
3431,554.69,1248.81,1696.0,149.34,93.02,-57.65,-1128.41,-10076.28,558.39,8766.17,-2352.56,74.65,1804.09,-2277.91,-473.82
3441,565.55,1285.52,1680.58,143.19,88.31,-57.67,-1105.38,-10036.88,543.27,8698.45,-2342.99,75.8,1804.94,-2267.19,-462.25
3451,559.35,1333.6,1703.56,160.95,84.16,-68.73,-1142.18,-10100.55,520.8,8672.69,-2280.3,74.86,1723.64,-2205.43,-481.79
3461,536.1,1312.14,1688.1,142.58,88.51,-45.22,-1141.58,-10076.07,529.04,8691.38,-2293.85,75.1,1725.0,-2218.75,-493.75
3471,538.09,1296.2,1682.08,143.27,79.81,-48.66,-1115.82,-10028.1,568.18,8642.05,-2306.34,77.3,1757.1,-2229.04,-471.94
3481,527.7,1257.83,1691.3,147.9,77.48,-62.49,-1137.01,-10086.43,541.95,8690.84,-2274.2,76.57,1649.07,-2197.64,-548.57
3491,506.01,1341.95,1699.96,157.05,92.1,-52.88,-1137.28,-10043.96,543.15,8620.19,-2293.9,76.89,1726.3,-2217.01,-490.72
3501,547.65,1278.99,1706.0,153.42,84.07,-64.4,-1134.49,-10012.22,531.62,8624.82,-2323.55,76.52,1715.45,-2247.03,-531.57
3511,567.36,1305.91,1692.13,149.45,92.26,-63.99,-1105.98,-10083.0,521.1,8690.65,-2311.42,77.15,1765.9,-2234.26,-468.36
3521,535.83,1313.87,1688.91,153.71,82.27,-57.08,-1115.69,-10039.06,542.76,8655.0,-2337.0,77.39,1760.52,-2259.6,-499.08
3531,509.02,1300.79,1660.96,139.16,89.55,-62.77,-1098.41,-10061.39,541.96,8748.57,-2351.63,76.98,1767.42,-2274.65,-507.23
3541,531.15,1274.36,1669.77,141.36,82.85,-57.09,-1120.41,-10085.76,530.17,8688.39,-2302.89,75.91,1654.8,-2226.99,-572.19
3551,569.97,1301.81,1681.49,155.47,82.86,-40.69,-1110.6,-9977.04,548.47,8626.9,-2373.1,76.65,1838.64,-2296.44,-457.8
3561,544.04,1301.61,1678.36,154.11,86.74,-51.41,-1101.3,-10106.23,538.93,8674.05,-2281.92,76.28,1718.9,-2205.64,-486.74
3571,541.35,1297.32,1676.64,139.79,86.89,-64.7,-1109.87,-10039.0,529.46,8619.61,-2331.31,76.0,1677.48,-2255.32,-577.83
3581,529.53,1317.86,1678.94,147.26,88.5,-47.83,-1120.55,-10162.99,541.39,8730.86,-2275.38,75.15,1702.95,-2200.23,-497.28
3591,538.88,1286.45,1684.74,140.07,83.29,-59.48,-1097.71,-10050.66,539.16,8678.54,-2352.65,75.91,1743.27,-2276.74,-533.48
3601,550.72,1317.36,1673.6,154.94,85.92,-54.36,-1142.52,-10056.54,532.03,8625.91,-2284.6,75.23,1687.06,-2209.36,-522.3
3611,562.43,1330.34,1700.41,151.04,84.73,-72.86,-1111.79,-10122.5,531.39,8688.52,-2276.63,76.34,1741.72,-2200.29,-458.57
3621,545.87,1275.75,1693.29,146.12,78.56,-52.93,-1096.27,-10138.58,554.97,8707.35,-2271.34,75.78,1714.12,-2195.55,-481.43
3631,520.28,1272.22,1682.32,151.57,80.23,-50.2,-1104.38,-10266.48,536.68,8719.37,-2185.55,75.27,1541.61,-2110.28,-568.67
3641,575.99,1257.33,1667.93,144.14,82.93,-57.41,-1116.22,-10164.93,523.1,8697.74,-2232.38,76.91,1610.6,-2155.47,-544.87
3651,537.32,1294.36,1664.88,155.04,84.73,-70.87,-1103.32,-10077.76,541.85,8654.27,-2300.88,77.05,1680.5,-2223.84,-543.34
3661,553.13,1352.37,1688.75,153.5,82.4,-74.82,-1108.74,-10061.6,545.95,8642.55,-2303.42,74.83,1773.48,-2228.59,-455.11
3671,554.13,1323.92,1659.32,153.81,74.47,-69.69,-1109.53,-10082.56,522.81,8699.98,-2329.09,76.44,1726.66,-2252.65,-525.99
3681,550.27,1300.58,1687.13,152.05,94.08,-72.8,-1103.24,-10076.61,543.63,8646.73,-2311.18,75.09,1721.82,-2236.1,-514.28
3691,556.73,1304.25,1691.75,149.84,96.28,-72.39,-1142.5,-10087.1,542.95,8700.07,-2323.59,76.25,1739.89,-2247.34,-507.45
3701,553.43,1296.53,1692.34,146.6,80.0,-67.04,-1135.48,-10062.31,537.74,8715.86,-2348.66,76.14,1757.66,-2272.52,-514.86
3711,528.96,1269.58,1687.6,139.68,84.77,-60.84,-1109.13,-10117.35,560.12,8728.56,-2316.04,76.04,1711.94,-2240.0,-528.06
3721,552.25,1326.31,1700.72,150.7,78.12,-69.78,-1136.03,-10083.92,530.41,8681.52,-2297.86,75.95,1730.29,-2221.91,-491.62
3731,545.53,1256.03,1691.07,143.03,75.16,-54.32,-1127.25,-9983.88,532.99,8674.07,-2401.0,77.88,1752.42,-2323.12,-570.7
3741,545.1,1343.03,1700.6,148.65,87.9,-65.59,-1106.15,-10045.73,547.84,8631.89,-2327.31,76.84,1787.54,-2250.47,-462.93
3751,536.09,1309.55,1697.33,153.01,87.21,-63.99,-1129.41,-10091.21,550.95,8684.18,-2328.21,76.79,1733.72,-2251.41,-517.7
3761,543.71,1345.4,1684.55,146.92,90.78,-76.23,-1085.76,-10050.73,551.15,8664.57,-2358.93,76.98,1814.35,-2281.95,-467.6
3771,585.24,1306.42,1681.08,148.15,78.75,-59.31,-1134.07,-9979.79,537.61,8682.63,-2407.46,76.3,1846.71,-2331.17,-484.45
3781,530.59,1270.17,1696.24,140.09,83.71,-56.84,-1121.16,-10078.6,540.11,8685.58,-2335.54,77.25,1689.9,-2258.3,-568.39
3791,528.68,1325.48,1661.45,149.83,87.98,-53.09,-1123.86,-9967.98,541.05,8680.67,-2418.63,76.25,1830.2,-2342.38,-512.19
3801,593.76,1281.32,1701.44,143.95,88.98,-80.85,-1124.55,-9900.62,545.3,8676.17,-2457.01,75.38,1924.89,-2381.63,-456.74
3811,560.5,1272.29,1685.07,161.89,89.58,-61.44,-1085.04,-10023.8,529.57,8694.91,-2373.2,76.7,1823.54,-2296.49,-472.95
3821,516.27,1339.87,1687.37,145.32,81.11,-53.01,-1121.81,-9986.32,541.43,8624.64,-2351.05,77.27,1774.86,-2273.78,-498.92
3831,560.19,1292.76,1698.01,149.5,89.21,-70.87,-1127.73,-10033.92,549.23,8702.27,-2338.23,75.09,1808.64,-2263.14,-454.49
3841,545.41,1305.99,1655.34,147.58,78.19,-47.85,-1119.68,-10007.16,540.2,8687.74,-2393.56,77.68,1785.77,-2315.88,-530.11
3851,556.52,1357.56,1677.02,157.01,85.67,-64.7,-1128.88,-9974.58,531.32,8614.6,-2358.75,77.37,1811.55,-2281.38,-469.83
3861,542.35,1332.71,1660.62,154.38,88.16,-70.48,-1113.06,-9910.04,540.09,8620.57,-2422.48,78.44,1845.31,-2344.05,-498.74
3871,564.09,1316.77,1655.26,146.62,88.69,-60.44,-1130.35,-9898.78,523.69,8635.58,-2433.99,78.05,1841.12,-2355.94,-514.82
3881,541.36,1355.45,1686.3,155.02,81.53,-59.07,-1114.16,-10062.46,545.67,8726.97,-2361.7,77.51,1856.61,-2284.19,-427.58
3891,560.49,1312.55,1683.44,147.48,82.78,-65.56,-1097.66,-9957.47,530.54,8648.88,-2411.76,78.83,1845.46,-2332.92,-487.46
3901,548.13,1287.23,1672.73,155.75,89.78,-51.64,-1109.65,-10021.46,538.14,8671.57,-2373.22,77.7,1780.59,-2295.52,-514.93
3911,555.89,1302.64,1666.94,141.57,82.74,-47.85,-1115.57,-9934.67,536.13,8656.35,-2412.25,77.55,1844.15,-2334.7,-490.55
3921,528.73,1280.93,1698.15,156.09,86.75,-53.62,-1128.44,-10012.1,534.64,8673.21,-2327.01,76.64,1764.33,-2250.36,-486.03
3931,555.16,1289.55,1694.59,149.03,88.15,-57.61,-1141.14,-9977.01,538.55,8678.77,-2397.74,76.23,1818.03,-2321.51,-503.47
3941,546.56,1304.31,1675.16,137.99,71.78,-66.59,-1111.25,-9987.58,529.88,8651.91,-2371.77,76.89,1752.18,-2294.89,-542.71
3951,568.63,1302.87,1664.63,147.95,85.63,-63.77,-1141.19,-9978.75,549.92,8691.32,-2390.7,78.24,1827.24,-2312.46,-485.22
3961,548.44,1302.74,1687.44,146.97,85.43,-50.24,-1121.14,-9925.66,528.61,8669.37,-2427.12,76.08,1871.95,-2351.04,-479.1
3971,577.79,1340.53,1677.26,146.19,97.2,-64.41,-1176.04,-9842.42,522.54,8613.71,-2448.5,75.96,1892.33,-2372.54,-480.2
3981,555.16,1301.81,1690.65,150.38,95.92,-63.48,-1131.87,-9883.17,535.06,8636.11,-2428.52,77.09,1886.57,-2351.43,-464.87
3991,512.38,1275.54,1679.32,145.18,90.22,-58.49,-1105.42,-9953.15,540.93,8655.49,-2412.94,77.47,1781.99,-2335.47,-553.48
4001,542.42,1347.96,1670.94,154.56,79.9,-46.71,-1138.4,-9840.63,533.21,8593.37,-2447.88,77.37,1896.64,-2370.51,-473.87

Ligand Energy Terms
Frame #,BOND,ANGLE,DIHED,UB,IMP,CMAP,VDWAALS,EEL,1-4 VDW,1-4 EEL,EGB,ESURF,GGAS,GSOLV,TOTAL
1,7.79,14.75,53.42,5.09,0.67,0.0,-3.24,27.02,19.36,-48.22,-18.86,2.71,76.63,-16.15,60.47
11,6.71,16.27,47.76,3.64,1.64,0.0,-1.21,28.2,18.83,-53.92,-17.71,2.7,67.92,-15.01,52.91
21,10.09,19.32,49.56,4.09,0.27,0.0,-4.29,28.26,15.99,-52.14,-18.68,2.74,71.16,-15.94,55.22
31,12.16,23.3,47.95,5.53,0.32,0.0,-1.91,28.05,16.11,-51.41,-18.36,2.72,80.1,-15.64,64.47
41,12.96,17.36,49.77,4.39,2.09,0.0,-2.86,26.84,15.52,-50.11,-19.02,2.74,75.96,-16.28,59.68
51,10.4,21.65,49.58,4.07,0.17,0.0,-4.0,27.08,17.59,-52.57,-18.09,2.73,73.97,-15.36,58.61
61,8.8,18.71,49.84,3.31,0.33,0.0,-2.04,27.71,16.04,-51.03,-18.14,2.71,71.67,-15.43,56.24
71,9.8,14.15,47.89,3.05,0.04,0.0,-3.22,26.01,16.19,-48.58,-18.9,2.73,65.34,-16.17,49.18
81,9.98,21.32,50.17,5.22,1.71,0.0,-2.76,26.83,16.02,-51.29,-19.29,2.75,77.2,-16.53,60.66
91,8.97,15.09,49.53,3.44,0.2,0.0,-3.23,26.26,16.56,-49.34,-18.74,2.73,67.47,-16.01,51.46
101,13.88,16.97,49.88,4.03,0.01,0.0,-1.19,28.11,14.42,-52.79,-18.57,2.75,73.31,-15.82,57.49
111,7.52,23.57,52.71,4.26,0.41,0.0,-4.0,26.88,19.33,-48.75,-19.67,2.74,81.93,-16.93,65.0
121,7.32,19.91,50.47,3.87,1.9,0.0,-1.74,28.02,16.97,-50.99,-17.71,2.72,75.72,-14.99,60.73
131,11.97,23.16,50.25,5.1,0.58,0.0,-4.3,25.58,16.05,-49.15,-18.81,2.77,79.23,-16.05,63.18
141,9.51,17.98,47.25,3.93,0.65,0.0,-5.26,26.56,16.73,-50.64,-17.78,2.73,66.71,-15.05,51.66
151,7.2,26.47,50.4,6.19,0.26,0.0,-3.07,26.6,17.55,-49.98,-18.42,2.72,81.61,-15.69,65.92
161,9.84,23.32,50.63,5.76,0.01,0.0,-4.4,26.17,15.32,-48.46,-18.94,2.74,78.19,-16.19,62.0
171,12.29,17.17,52.95,4.16,0.06,0.0,-2.49,28.62,15.43,-52.36,-18.81,2.75,75.84,-16.05,59.78
181,8.29,15.88,47.14,4.41,0.06,0.0,-1.76,26.85,17.2,-50.86,-18.44,2.72,67.2,-15.72,51.49
191,6.25,17.46,51.61,4.15,0.12,0.0,-3.91,26.99,18.29,-49.01,-19.31,2.72,71.95,-16.59,55.36
201,10.87,19.68,50.29,3.76,0.98,0.0,-4.66,27.85,13.87,-50.17,-18.96,2.74,72.49,-16.22,56.27
211,10.19,18.2,48.66,4.24,0.25,0.0,-4.05,27.17,13.3,-50.16,-18.93,2.74,67.81,-16.19,51.62
221,7.74,18.73,48.47,3.36,1.08,0.0,-3.03,27.49,19.87,-49.85,-18.12,2.73,73.87,-15.39,58.48
231,7.22,14.76,53.18,4.16,0.29,0.0,-4.15,27.65,18.11,-49.97,-18.72,2.74,71.26,-15.98,55.28
241,11.05,17.45,48.34,4.26,0.26,0.0,-1.48,26.17,17.28,-50.35,-18.1,2.74,72.98,-15.36,57.62
251,8.76,19.95,47.39,4.69,0.06,0.0,-2.66,26.81,17.03,-48.25,-18.85,2.75,73.78,-16.1,57.68
261,9.22,20.84,50.58,4.7,1.07,0.0,-2.4,26.8,19.76,-50.48,-18.08,2.71,80.1,-15.36,64.74
271,6.35,19.05,48.77,4.03,0.47,0.0,-3.93,27.1,17.46,-50.59,-18.92,2.75,68.72,-16.17,52.55
281,8.5,19.06,47.08,5.95,0.94,0.0,-3.29,26.81,18.6,-51.25,-18.63,2.73,72.39,-15.9,56.49
291,6.79,21.02,49.25,3.77,0.3,0.0,-0.52,26.13,19.03,-49.14,-18.04,2.73,76.63,-15.31,61.33
301,9.0,18.73,49.85,3.98,0.24,0.0,-1.1,26.79,16.71,-50.35,-18.45,2.74,73.85,-15.71,58.14
311,7.96,20.31,48.75,4.74,0.1,0.0,-3.23,26.34,19.29,-48.68,-18.53,2.75,75.57,-15.77,59.8
321,10.64,15.13,51.12,3.38,2.03,0.0,-2.98,26.98,17.67,-50.37,-17.91,2.74,73.61,-15.17,58.44
331,7.13,15.03,50.01,3.64,0.41,0.0,-2.37,26.39,18.0,-49.39,-18.47,2.75,68.85,-15.72,53.13
341,10.79,22.3,49.19,4.86,0.56,0.0,-2.87,26.26,18.48,-48.35,-18.73,2.74,81.23,-15.98,65.25
351,10.4,21.4,51.14,4.16,0.05,0.0,-4.55,26.63,16.47,-49.22,-18.66,2.73,76.47,-15.93,60.54
361,13.88,20.3,46.62,5.1,0.02,0.0,-4.64,28.21,15.89,-51.23,-19.18,2.72,74.13,-16.45,57.67
371,9.56,16.94,48.74,5.51,0.26,0.0,-0.48,26.56,19.65,-50.52,-18.57,2.74,76.22,-15.83,60.39
381,6.99,19.83,49.39,3.74,0.63,0.0,-4.11,26.83,18.57,-49.5,-18.53,2.7,72.36,-15.83,56.53
391,8.86,24.14,51.26,4.81,0.03,0.0,-3.92,27.87,15.68,-49.92,-18.87,2.73,78.8,-16.13,62.67
401,11.51,14.02,47.36,4.25,0.27,0.0,-2.85,25.22,14.65,-48.17,-19.08,2.77,66.27,-16.31,49.97
411,5.32,17.92,51.03,4.54,0.51,0.0,-0.2,29.62,16.24,-51.26,-18.79,2.71,73.71,-16.08,57.63
421,12.83,14.28,47.52,3.18,2.63,0.0,-1.1,28.19,14.08,-51.6,-19.14,2.75,70.0,-16.39,53.61
431,8.66,19.77,48.09,4.96,0.06,0.0,-1.08,28.35,14.94,-53.82,-18.31,2.74,69.93,-15.57,54.36
441,6.36,20.3,50.14,3.52,1.54,0.0,-1.72,27.34,15.29,-51.26,-18.5,2.72,71.52,-15.78,55.74
451,11.81,15.45,49.13,5.9,0.04,0.0,-2.56,26.24,19.21,-48.09,-18.22,2.71,77.13,-15.51,61.62
461,11.23,15.23,48.24,3.16,0.02,0.0,-4.03,26.1,14.78,-48.54,-19.15,2.76,66.17,-16.4,49.77
471,6.51,16.94,48.21,3.42,0.17,0.0,-3.17,27.84,18.54,-51.27,-18.15,2.71,67.18,-15.44,51.75
481,8.41,19.26,51.65,3.58,0.15,0.0,-3.57,29.02,15.44,-53.12,-19.39,2.72,70.82,-16.68,54.14
491,5.42,15.55,51.37,3.89,0.68,0.0,-3.11,25.06,17.7,-47.95,-18.47,2.74,68.59,-15.73,52.86
501,7.9,23.92,53.88,4.22,0.38,0.0,-3.24,28.12,18.11,-53.05,-18.57,2.74,80.23,-15.83,64.39
511,14.59,17.78,46.16,5.13,1.41,0.0,-2.72,26.34,16.33,-47.39,-18.15,2.73,77.63,-15.41,62.22
521,6.25,21.26,49.32,5.53,0.1,0.0,-3.13,26.6,21.11,-48.72,-18.19,2.72,78.32,-15.47,62.85
531,8.25,18.99,48.89,4.37,0.59,0.0,-3.58,26.79,17.58,-49.9,-18.87,2.73,71.98,-16.14,55.85
541,3.72,19.61,46.93,4.08,0.02,0.0,-3.44,28.23,17.62,-51.75,-18.85,2.73,65.02,-16.13,48.9
551,11.19,18.54,48.89,3.91,0.64,0.0,-3.01,27.15,14.75,-48.85,-18.84,2.77,73.21,-16.08,57.13
561,11.7,19.44,50.66,3.96,0.17,0.0,-3.71,25.33,17.44,-48.72,-18.55,2.73,76.27,-15.82,60.45
571,13.28,15.81,51.94,4.03,1.82,0.0,-4.34,26.98,15.13,-49.47,-19.29,2.76,75.18,-16.53,58.65
581,8.15,15.82,49.92,3.12,0.13,0.0,-3.49,27.44,14.73,-50.06,-18.47,2.74,65.74,-15.72,50.02
591,18.21,20.91,48.19,3.91,0.27,0.0,-3.91,28.67,13.76,-53.91,-19.17,2.75,76.1,-16.42,59.69
601,12.1,18.77,51.63,4.46,0.05,0.0,-3.89,27.89,13.63,-50.6,-18.91,2.73,74.05,-16.18,57.86
611,7.8,19.55,51.6,4.28,0.49,0.0,-0.37,27.41,16.2,-52.55,-18.08,2.74,74.4,-15.34,59.06
621,10.47,17.23,49.55,3.79,0.49,0.0,-4.04,26.95,17.23,-49.18,-18.72,2.75,72.5,-15.97,56.53
631,6.87,23.19,50.12,3.41,0.87,0.0,-1.16,26.37,16.71,-50.76,-18.77,2.76,75.62,-16.01,59.61
641,6.03,16.05,54.92,3.76,0.09,0.0,-4.16,26.55,16.77,-49.19,-18.86,2.74,70.81,-16.12,54.68
651,15.21,21.29,50.68,4.2,0.27,0.0,-4.71,26.88,16.54,-51.72,-18.02,2.74,78.63,-15.28,63.35
661,11.57,18.32,50.66,5.83,0.55,0.0,-0.97,28.16,14.5,-52.37,-18.97,2.72,76.27,-16.25,60.02
671,10.97,20.68,49.43,6.46,0.16,0.0,-3.49,28.1,13.34,-51.87,-19.08,2.76,73.78,-16.32,57.45
681,10.17,21.17,50.14,5.06,1.63,0.0,-3.08,28.45,15.76,-52.08,-18.63,2.76,77.2,-15.87,61.33
691,6.7,16.97,51.47,2.81,0.55,0.0,-1.69,26.14,17.69,-51.31,-17.54,2.74,69.33,-14.8,54.53
701,5.89,16.36,49.54,4.98,0.38,0.0,-3.09,25.82,15.93,-48.85,-18.09,2.74,66.96,-15.35,51.61
711,7.04,19.34,48.56,4.03,0.28,0.0,-4.08,27.12,16.75,-49.83,-18.86,2.74,69.2,-16.12,53.08
721,15.09,21.56,50.06,4.0,0.26,0.0,-4.51,26.78,12.93,-51.02,-18.8,2.74,75.14,-16.06,59.09
731,14.74,20.65,49.4,5.66,0.19,0.0,-3.4,25.92,15.98,-50.11,-18.5,2.75,79.04,-15.75,63.29
741,13.92,16.98,51.78,4.8,0.18,0.0,-1.83,28.09,16.08,-50.93,-19.03,2.73,79.06,-16.3,62.77
751,6.84,18.39,49.16,4.78,0.39,0.0,-4.23,26.42,16.68,-48.06,-19.16,2.73,70.36,-16.43,53.93
761,6.24,16.13,49.95,4.33,0.04,0.0,-3.84,27.95,19.26,-50.41,-18.54,2.73,69.65,-15.82,53.84
771,13.39,17.47,48.05,4.6,0.42,0.0,-4.16,26.96,15.21,-49.81,-18.76,2.75,72.14,-16.0,56.14
781,6.88,15.98,47.2,3.83,0.05,0.0,-1.66,26.09,20.26,-49.86,-18.12,2.75,68.77,-15.37,53.4
791,10.76,18.36,47.52,5.23,3.11,0.0,-3.45,26.7,17.01,-50.25,-18.36,2.72,74.99,-15.64,59.35
801,11.36,15.58,48.44,3.59,0.8,0.0,-2.82,27.8,14.24,-50.82,-18.49,2.71,68.18,-15.78,52.4
811,8.04,15.7,50.65,2.54,0.24,0.0,-3.12,28.29,15.38,-52.6,-19.02,2.74,65.13,-16.28,48.85
821,8.31,16.53,48.36,3.54,1.39,0.0,-1.08,26.66,17.44,-50.3,-18.2,2.73,70.85,-15.47,55.38
831,11.02,20.41,50.37,5.37,1.27,0.0,0.39,29.21,17.72,-54.23,-18.33,2.71,81.54,-15.63,65.91
841,8.88,16.37,56.43,5.97,0.03,0.0,-5.53,27.64,16.71,-46.76,-20.24,2.73,79.75,-17.51,62.23
851,8.24,21.38,48.08,3.65,1.16,0.0,-4.78,23.35,19.79,-43.05,-18.21,2.72,77.81,-15.5,62.32
861,6.48,15.91,52.85,3.48,0.04,0.0,-3.83,27.19,16.11,-50.34,-19.5,2.72,67.91,-16.78,51.13
871,8.62,16.32,51.77,4.0,0.95,0.0,-4.06,27.93,17.74,-52.04,-17.59,2.69,71.24,-14.9,56.34
881,9.8,19.16,49.03,3.21,2.06,0.0,-3.68,26.72,15.22,-48.54,-18.56,2.73,72.99,-15.82,57.17
891,13.46,16.82,50.59,4.2,0.99,0.0,-3.57,26.79,15.53,-50.93,-18.15,2.75,73.88,-15.4,58.48
901,10.87,24.15,52.21,5.74,0.15,0.0,-3.89,28.21,15.36,-50.92,-19.17,2.75,81.87,-16.41,65.46
911,8.64,20.06,50.2,4.31,2.78,0.0,-2.5,26.75,16.58,-48.93,-18.66,2.73,77.89,-15.93,61.96
921,5.62,18.63,50.4,4.8,2.12,0.0,-2.77,27.94,15.12,-51.97,-18.44,2.75,69.9,-15.68,54.22
931,9.63,16.48,48.75,3.06,0.05,0.0,-4.19,28.09,14.31,-50.76,-18.78,2.72,65.43,-16.06,49.37
941,10.99,20.02,49.07,3.64,1.07,0.0,-3.87,27.04,15.56,-49.61,-19.22,2.74,73.9,-16.48,57.42
951,6.37,16.9,49.97,3.91,0.26,0.0,-1.78,29.64,15.27,-53.07,-18.77,2.72,67.48,-16.05,51.42
961,15.05,23.03,52.29,3.88,0.28,0.0,-3.5,27.29,14.85,-51.88,-19.04,2.76,81.28,-16.28,65.0
971,9.13,16.86,49.2,4.83,0.03,0.0,-1.67,26.34,18.86,-50.81,-18.32,2.74,72.76,-15.58,57.19
981,7.8,17.48,48.84,3.93,0.75,0.0,-3.08,26.3,15.27,-47.93,-19.03,2.76,69.36,-16.28,53.09
991,14.75,14.69,49.14,3.93,0.46,0.0,-4.23,26.27,14.04,-49.18,-19.12,2.75,69.87,-16.37,53.5
1001,12.12,15.98,47.66,3.07,0.27,0.0,-4.39,27.47,14.47,-50.23,-18.89,2.73,66.41,-16.16,50.25
1011,10.59,16.08,49.08,2.68,0.6,0.0,-3.32,27.12,17.11,-51.52,-18.17,2.74,68.42,-15.43,52.99
1021,8.1,19.2,51.35,2.98,0.38,0.0,-1.36,27.37,14.4,-52.73,-18.83,2.75,69.69,-16.09,53.6
1031,11.04,17.93,50.94,5.46,0.45,0.0,-2.86,25.42,16.42,-48.21,-18.71,2.74,76.59,-15.97,60.62
1041,8.0,18.27,53.65,4.57,0.39,0.0,-2.31,27.43,17.04,-49.13,-18.71,2.73,77.91,-15.98,61.93
1051,7.23,16.62,48.72,4.3,0.52,0.0,-3.19,27.19,15.82,-50.5,-18.84,2.74,66.7,-16.1,50.6
1061,11.18,21.67,50.99,4.39,0.39,0.0,-2.19,28.27,16.78,-51.32,-19.0,2.74,80.16,-16.26,63.91
1071,11.06,18.93,51.47,3.41,0.15,0.0,-1.33,27.89,15.68,-52.51,-18.38,2.74,74.74,-15.64,59.09
1081,6.09,15.25,50.25,3.91,1.32,0.0,-1.37,25.09,20.33,-48.63,-18.36,2.72,72.24,-15.64,56.61
1091,8.52,18.58,47.3,4.76,0.02,0.0,-0.95,27.64,17.89,-50.81,-18.71,2.72,72.96,-15.98,56.97
1101,8.43,16.82,50.34,2.83,1.55,0.0,-3.55,28.16,15.27,-52.11,-18.26,2.7,67.75,-15.56,52.19
1111,9.22,11.72,49.88,3.71,0.58,0.0,-3.47,25.39,16.73,-47.65,-18.49,2.73,66.1,-15.77,50.33
1121,10.96,20.72,50.63,4.43,0.91,0.0,-4.51,27.11,13.78,-50.16,-19.25,2.74,73.87,-16.51,57.36
1131,9.39,15.98,51.02,4.74,2.75,0.0,-4.5,27.96,15.02,-49.85,-18.43,2.74,72.52,-15.7,56.82
1141,7.08,21.04,49.5,3.34,0.82,0.0,-0.9,25.42,19.04,-48.26,-17.87,2.73,77.08,-15.14,61.94
1151,9.25,18.53,50.32,3.76,0.11,0.0,-2.51,26.79,17.49,-49.05,-18.57,2.72,74.68,-15.85,58.83
1161,9.31,17.56,51.63,3.44,0.28,0.0,-3.51,26.03,17.07,-46.98,-18.97,2.74,74.84,-16.23,58.61
1171,7.5,21.42,48.29,2.74,0.85,0.0,-3.32,27.47,18.22,-50.27,-18.14,2.72,72.88,-15.43,57.45
1181,10.03,19.73,51.71,5.42,0.62,0.0,-2.07,26.27,18.42,-50.73,-18.33,2.72,79.4,-15.61,63.79
1191,8.45,18.53,49.43,4.69,0.96,0.0,-3.42,26.79,18.77,-50.92,-17.76,2.73,73.27,-15.03,58.24
1201,9.74,20.78,51.73,4.77,0.04,0.0,-4.63,26.85,16.52,-49.62,-19.05,2.76,76.17,-16.29,59.88
1211,12.53,18.15,50.23,3.52,0.31,0.0,1.2,27.61,15.64,-52.46,-18.25,2.73,76.73,-15.51,61.21
1221,8.92,17.06,50.29,3.63,0.15,0.0,-1.82,29.11,16.07,-54.77,-18.52,2.74,68.64,-15.78,52.86
1231,9.03,16.75,51.4,3.2,0.26,0.0,-3.17,25.99,18.97,-50.23,-18.18,2.73,72.2,-15.45,56.75
1241,7.09,16.58,48.85,2.87,0.11,0.0,-1.72,25.39,14.86,-46.92,-18.64,2.75,67.12,-15.9,51.22
1251,8.02,14.15,51.46,3.98,0.59,0.0,-3.05,27.21,19.84,-49.13,-18.48,2.74,73.08,-15.74,57.34
1261,11.1,19.32,48.88,5.28,2.51,0.0,-3.98,27.22,16.91,-50.9,-18.23,2.77,76.34,-15.47,60.88
1271,8.05,15.48,47.66,4.4,1.43,0.0,-2.96,27.05,16.86,-50.05,-18.59,2.73,67.92,-15.86,52.06
1281,5.69,14.97,51.29,3.34,1.21,0.0,-2.45,26.15,18.75,-48.58,-18.6,2.74,70.38,-15.86,54.52
1291,7.35,17.91,50.46,3.12,0.57,0.0,-4.05,25.76,17.2,-48.48,-18.6,2.74,69.84,-15.85,53.98
1301,7.88,21.39,50.17,4.73,0.57,0.0,-3.57,26.39,18.85,-49.79,-18.74,2.75,76.61,-15.99,60.61
1311,10.79,17.21,48.83,3.52,0.74,0.0,-2.65,25.05,14.79,-48.71,-17.42,2.75,69.58,-14.66,54.92
1321,10.04,13.29,54.21,3.31,1.03,0.0,-1.36,27.63,16.26,-49.93,-19.51,2.75,74.5,-16.76,57.74
1331,5.07,16.88,47.39,4.79,0.99,0.0,-1.67,28.37,18.55,-52.7,-18.35,2.71,67.67,-15.63,52.04
1341,8.7,12.05,48.39,3.36,1.5,0.0,-2.05,28.0,18.14,-51.35,-18.12,2.72,66.74,-15.4,51.34
1351,9.93,25.29,52.18,4.8,1.4,0.0,-3.61,26.35,15.39,-51.03,-18.57,2.75,80.71,-15.82,64.89
1361,10.04,17.55,48.61,4.03,1.13,0.0,-1.11,28.77,16.21,-54.65,-17.85,2.72,70.58,-15.13,55.45
1371,8.15,15.25,49.75,3.61,1.68,0.0,-0.53,27.09,15.49,-51.13,-18.26,2.74,69.36,-15.52,53.85
1381,9.35,23.25,51.85,5.38,0.38,0.0,-2.51,27.76,19.1,-52.06,-18.13,2.74,82.51,-15.39,67.11
1391,11.67,18.7,51.75,4.37,0.17,0.0,-3.43,25.51,18.73,-46.97,-18.29,2.74,80.49,-15.55,64.94
1401,9.71,17.06,47.11,4.34,0.41,0.0,-3.47,27.79,16.46,-51.23,-18.62,2.75,68.19,-15.87,52.32
1411,6.88,17.05,56.88,2.8,0.29,0.0,-1.15,26.87,16.48,-52.01,-18.35,2.75,74.1,-15.6,58.5
1421,14.97,16.01,55.1,2.92,1.5,0.0,-0.87,26.92,16.34,-51.97,-17.35,2.74,80.92,-14.61,66.31
1431,11.81,24.72,52.48,4.58,5.67,0.0,-3.69,26.76,13.13,-49.43,-19.2,2.75,86.03,-16.44,69.59
1441,7.11,15.7,51.32,4.5,1.27,0.0,-4.67,26.64,17.4,-48.67,-18.71,2.75,70.6,-15.96,54.64
1451,6.79,22.62,52.46,4.85,0.29,0.0,-3.33,25.42,20.5,-50.41,-17.82,2.75,79.2,-15.07,64.12
1461,7.45,18.2,55.85,3.44,0.74,0.0,-2.3,27.69,15.39,-50.72,-18.58,2.73,75.74,-15.85,59.89
1471,7.99,19.82,49.7,5.57,0.56,0.0,-2.56,26.98,20.01,-50.4,-17.56,2.71,77.67,-14.85,62.82
1481,5.69,18.22,51.99,4.19,1.04,0.0,-5.26,28.24,18.97,-48.14,-20.02,2.77,74.95,-17.25,57.69
1491,7.24,16.9,50.74,3.45,1.35,0.0,-4.83,26.97,15.69,-47.64,-18.99,2.75,69.88,-16.25,53.63
1501,6.6,19.16,53.06,5.48,1.08,0.0,-4.7,29.17,16.58,-51.03,-19.5,2.72,75.4,-16.78,58.62
1511,14.35,19.87,52.34,4.58,0.1,0.0,-4.18,27.27,14.84,-50.21,-19.32,2.76,78.96,-16.56,62.4
1521,12.94,15.1,49.37,4.59,1.55,0.0,-2.36,26.85,15.25,-52.8,-18.48,2.74,70.5,-15.74,54.76
1531,8.86,16.02,50.26,3.75,0.22,0.0,-3.05,29.03,16.44,-51.2,-18.23,2.71,70.32,-15.52,54.8
1541,8.15,17.05,50.64,3.16,0.84,0.0,-4.16,28.32,15.86,-50.77,-19.15,2.75,69.09,-16.4,52.68
1551,7.49,16.62,51.9,3.62,3.08,0.0,-4.02,26.85,19.45,-50.13,-18.51,2.71,74.85,-15.8,59.05
1561,8.69,18.61,50.82,4.45,0.5,0.0,-3.65,26.8,15.31,-50.07,-18.52,2.72,71.45,-15.8,55.65
1571,11.63,20.81,49.76,3.93,0.79,0.0,-2.91,28.77,17.88,-52.88,-18.15,2.73,77.78,-15.42,62.37
1581,7.82,18.74,49.73,4.42,0.54,0.0,-3.31,25.36,17.88,-46.84,-18.84,2.75,74.33,-16.09,58.24
1591,7.88,17.92,52.82,4.69,0.89,0.0,-3.09,28.95,16.99,-52.94,-18.83,2.73,74.11,-16.1,58.01
1601,4.74,14.99,52.57,3.19,1.33,0.0,-3.27,28.34,17.44,-49.64,-18.72,2.74,69.69,-15.99,53.7
1611,12.52,22.42,52.74,5.37,0.44,0.0,-3.67,28.92,14.64,-53.59,-18.77,2.74,79.78,-16.03,63.75
1621,6.61,17.41,49.35,3.66,0.29,0.0,-2.73,27.14,16.77,-49.25,-18.49,2.73,69.25,-15.76,53.49
1631,9.3,17.06,49.39,3.68,0.84,0.0,-0.94,27.41,15.0,-51.16,-18.39,2.75,70.59,-15.64,54.96
1641,14.01,19.56,50.01,4.98,0.7,0.0,-2.97,26.39,15.9,-49.58,-18.75,2.77,79.0,-15.98,63.02
1651,5.39,17.18,51.46,2.3,0.18,0.0,-3.56,27.69,17.66,-50.56,-18.99,2.73,67.74,-16.26,51.48
1661,7.35,18.97,52.47,4.2,0.53,0.0,-4.03,28.54,18.04,-49.39,-19.44,2.7,76.67,-16.73,59.94
1671,14.84,14.99,47.88,4.41,0.34,0.0,-1.3,26.47,14.47,-50.03,-18.99,2.74,72.07,-16.25,55.83
1681,7.74,22.67,48.68,4.35,0.15,0.0,-0.79,26.81,16.45,-53.55,-17.52,2.72,72.51,-14.8,57.71
1691,16.28,19.41,48.95,4.47,0.06,0.0,-3.01,26.34,15.26,-49.32,-18.6,2.73,78.44,-15.87,62.57
1701,11.09,17.36,56.97,5.46,0.02,0.0,-2.45,26.38,17.45,-46.78,-18.82,2.74,85.51,-16.08,69.43
1711,7.79,16.13,50.83,4.31,0.16,0.0,-1.18,28.75,17.61,-52.85,-18.28,2.72,71.55,-15.57,55.98
1721,11.61,22.02,47.63,4.47,0.91,0.0,-3.58,25.11,15.08,-47.71,-19.32,2.76,75.55,-16.56,58.98
1731,7.79,18.42,47.66,4.63,0.06,0.0,-3.42,27.07,18.79,-50.34,-18.14,2.73,70.68,-15.41,55.27
1741,10.86,13.77,47.5,3.51,0.47,0.0,-3.28,27.45,14.92,-50.29,-18.21,2.72,64.91,-15.49,49.42
1751,10.58,22.23,50.23,4.33,0.0,0.0,-3.86,26.57,15.68,-49.67,-19.02,2.75,76.09,-16.28,59.81
1761,7.34,25.64,48.79,4.83,0.0,0.0,-4.22,28.28,17.17,-50.46,-19.38,2.74,77.37,-16.64,60.73
1771,13.39,13.49,50.0,2.02,0.57,0.0,-3.97,26.87,15.04,-49.63,-18.23,2.75,67.79,-15.48,52.3
1781,9.03,19.88,52.09,3.95,0.16,0.0,-3.5,27.42,13.21,-49.53,-18.95,2.75,72.71,-16.2,56.51
1791,6.22,17.8,48.95,5.28,0.84,0.0,-5.11,27.4,18.02,-48.69,-18.82,2.73,70.7,-16.09,54.61
1801,10.01,19.54,50.9,3.96,0.01,0.0,-3.83,28.26,17.62,-50.65,-18.85,2.74,75.81,-16.11,59.69
1811,11.54,18.48,52.81,3.5,0.62,0.0,-4.07,27.2,14.68,-48.59,-18.84,2.74,76.16,-16.09,60.07
1821,10.27,16.3,51.17,2.9,0.58,0.0,-2.16,29.43,16.81,-52.04,-18.87,2.71,73.25,-16.16,57.09
1831,9.36,15.94,49.97,2.87,0.14,0.0,-2.7,27.5,16.56,-52.24,-17.41,2.71,67.4,-14.71,52.69
1841,10.75,15.59,50.2,4.77,0.24,0.0,-3.93,26.73,17.67,-49.0,-18.79,2.74,73.04,-16.05,56.99
1851,10.15,15.08,51.57,2.57,0.19,0.0,-4.22,26.76,17.45,-50.11,-18.57,2.74,69.43,-15.83,53.6
1861,5.37,23.95,48.91,6.08,0.2,0.0,-2.67,25.03,18.4,-48.04,-18.22,2.73,77.22,-15.48,61.74
1871,7.68,21.4,47.9,4.99,1.45,0.0,-1.88,28.08,13.98,-52.14,-18.54,2.73,71.46,-15.81,55.65
1881,8.31,12.93,50.4,2.73,0.22,0.0,-1.05,26.25,18.8,-49.93,-18.09,2.74,68.66,-15.35,53.31
1891,12.41,15.5,51.62,3.5,0.15,0.0,-3.78,27.33,16.66,-48.61,-19.08,2.75,74.77,-16.33,58.44
1901,8.54,15.47,51.47,2.94,0.08,0.0,-3.82,27.92,16.68,-51.49,-18.71,2.75,67.78,-15.97,51.82
1911,12.19,18.49,48.97,4.17,0.17,0.0,-0.7,26.81,17.6,-50.18,-18.31,2.75,77.52,-15.56,61.95
1921,10.36,18.19,49.96,4.61,0.96,0.0,-4.47,26.68,14.53,-48.94,-18.73,2.75,71.88,-15.97,55.91
1931,8.3,18.7,50.72,3.97,0.47,0.0,-3.5,27.3,16.23,-50.84,-18.81,2.74,71.36,-16.07,55.29
1941,10.95,22.73,52.01,3.9,0.85,0.0,-2.89,27.29,17.36,-53.1,-17.56,2.72,79.11,-14.84,64.27
1951,5.52,13.01,47.5,3.07,0.28,0.0,-0.77,27.54,17.67,-50.02,-18.72,2.76,63.81,-15.97,47.84
1961,9.28,17.29,49.02,4.53,0.13,0.0,-4.07,27.86,14.99,-51.85,-19.05,2.75,67.17,-16.31,50.87
1971,10.34,12.33,50.18,2.56,1.12,0.0,-1.78,27.3,17.26,-49.86,-18.57,2.71,69.45,-15.85,53.6
1981,12.59,18.48,48.24,3.7,0.62,0.0,-1.82,27.54,15.95,-53.84,-17.88,2.74,71.44,-15.15,56.29
1991,12.56,24.55,52.19,3.63,0.32,0.0,-1.64,29.05,19.59,-54.08,-18.67,2.71,86.18,-15.95,70.23
2001,5.27,21.17,47.4,5.6,1.74,0.0,-0.89,26.6,19.49,-50.49,-17.33,2.72,75.89,-14.61,61.29
2011,8.99,18.33,47.71,4.36,0.5,0.0,-4.21,27.33,16.17,-51.46,-19.08,2.76,67.72,-16.33,51.39
2021,11.55,19.98,50.71,3.67,0.77,0.0,-3.34,27.42,15.25,-50.82,-19.29,2.77,75.19,-16.52,58.66
2031,11.27,17.03,48.93,4.08,0.71,0.0,-4.0,25.58,14.47,-48.44,-18.18,2.73,69.63,-15.45,54.18
2041,6.12,13.86,47.36,1.89,0.08,0.0,-3.0,27.1,18.45,-49.86,-18.37,2.71,62.0,-15.66,46.34
2051,5.57,23.08,50.39,3.3,0.29,0.0,-1.23,27.05,16.77,-51.12,-18.28,2.73,74.11,-15.55,58.56
2061,6.11,18.39,52.38,4.06,0.81,0.0,-0.62,27.69,17.66,-50.34,-17.58,2.71,76.14,-14.87,61.27
2071,9.89,18.6,56.18,4.62,0.45,0.0,-4.77,29.16,15.31,-51.66,-19.81,2.72,77.78,-17.09,60.7
2081,4.12,16.46,54.32,3.03,0.04,0.0,-3.88,28.25,20.8,-49.89,-18.42,2.72,73.25,-15.7,57.55
2091,9.12,16.95,50.86,4.19,0.37,0.0,-4.76,26.0,19.16,-48.25,-18.11,2.73,73.65,-15.38,58.26
2101,9.9,17.89,48.9,4.87,0.02,0.0,-4.01,27.51,15.86,-50.87,-19.13,2.75,70.07,-16.38,53.69
2111,11.97,18.54,52.24,3.28,0.08,0.0,-2.6,29.15,12.77,-53.08,-19.34,2.76,72.36,-16.58,55.78
2121,10.03,21.44,49.54,3.21,0.72,0.0,-1.16,28.2,15.39,-53.81,-18.33,2.72,73.57,-15.61,57.96
2131,7.93,15.99,47.37,3.66,0.06,0.0,-3.14,26.52,18.04,-49.7,-18.42,2.74,66.73,-15.68,51.05
2141,9.45,21.79,50.07,5.07,0.04,0.0,-4.23,27.1,15.43,-48.88,-19.7,2.74,75.84,-16.96,58.88
2151,8.11,19.28,50.33,5.03,0.32,0.0,-2.54,25.03,16.62,-47.0,-19.08,2.76,75.17,-16.32,58.85
2161,8.9,17.0,49.92,3.99,0.07,0.0,-3.45,27.01,18.01,-49.64,-17.95,2.73,71.81,-15.22,56.59
2171,8.73,19.09,48.65,3.53,0.62,0.0,-2.21,27.46,16.26,-54.03,-18.36,2.72,68.1,-15.63,52.46
2181,7.48,17.59,50.48,4.4,2.58,0.0,-4.81,25.83,16.82,-47.45,-18.34,2.73,72.93,-15.61,57.31
2191,7.24,16.77,50.23,4.43,0.07,0.0,-2.34,28.01,16.88,-50.37,-18.93,2.74,70.93,-16.19,54.74
2201,10.71,15.58,50.43,5.13,0.49,0.0,-2.74,26.43,15.66,-49.81,-18.58,2.75,71.87,-15.83,56.04
2211,9.5,18.47,48.22,3.13,0.24,0.0,-2.22,28.09,18.19,-52.32,-17.88,2.72,71.29,-15.17,56.12
2221,11.31,16.53,50.25,4.52,0.11,0.0,-4.0,27.21,15.56,-50.79,-19.14,2.76,70.7,-16.39,54.32
2231,8.77,17.97,48.23,4.24,0.09,0.0,-4.12,27.35,15.73,-49.58,-18.4,2.73,68.69,-15.67,53.02
2241,13.45,15.66,48.18,3.52,3.91,0.0,-1.94,26.47,14.4,-51.0,-18.27,2.73,72.65,-15.54,57.11
2251,11.26,13.41,47.88,4.11,4.08,0.0,-2.71,25.66,17.66,-48.47,-18.1,2.72,72.87,-15.39,57.48
2261,8.62,25.46,51.27,5.39,0.34,0.0,-3.6,27.38,14.77,-50.84,-19.15,2.75,78.8,-16.4,62.41
2271,6.63,17.85,49.51,4.08,0.46,0.0,-5.05,27.42,17.83,-50.49,-18.54,2.73,68.24,-15.82,52.43
2281,10.25,17.78,49.1,3.9,0.09,0.0,-2.03,27.76,14.87,-50.78,-18.54,2.73,70.96,-15.81,55.14
2291,8.04,19.34,51.35,3.53,0.18,0.0,-4.55,28.98,13.73,-52.71,-19.43,2.75,67.9,-16.68,51.21
2301,8.13,19.21,50.32,3.46,0.94,0.0,-4.72,27.78,15.82,-50.54,-19.0,2.72,70.4,-16.28,54.12
2311,9.1,21.27,48.02,3.93,3.24,0.0,-3.32,27.12,16.71,-50.55,-18.6,2.72,75.51,-15.88,59.63
2321,9.55,18.14,49.69,3.94,0.71,0.0,-3.53,27.5,16.5,-51.9,-18.62,2.73,70.6,-15.88,54.72
2331,7.43,18.45,53.16,4.66,0.86,0.0,-4.85,27.4,16.38,-47.67,-19.2,2.73,75.81,-16.47,59.34
2341,6.87,15.94,50.7,3.88,1.26,0.0,-3.77,27.8,18.17,-51.25,-18.67,2.72,69.6,-15.95,53.64
2351,9.51,20.44,52.68,4.07,1.09,0.0,-2.14,27.49,13.94,-49.46,-19.18,2.74,77.62,-16.44,61.18
2361,6.98,19.25,55.49,3.24,0.21,0.0,-4.45,27.34,15.82,-50.0,-18.97,2.74,73.88,-16.23,57.65
2371,11.77,15.35,48.88,3.34,0.57,0.0,-3.64,26.07,14.51,-48.62,-19.21,2.77,68.23,-16.44,51.8
2381,9.62,14.31,51.47,3.52,0.38,0.0,-4.07,26.92,15.04,-49.69,-18.6,2.74,67.5,-15.86,51.64
2391,11.35,18.56,51.53,3.83,0.67,0.0,-5.29,28.61,14.35,-51.81,-19.6,2.72,71.8,-16.88,54.92
2401,12.35,14.09,53.8,3.15,0.83,0.0,-3.86,26.78,16.61,-49.21,-18.68,2.74,74.54,-15.94,58.6
2411,11.93,17.88,51.98,5.48,0.84,0.0,-2.87,28.85,15.38,-52.6,-18.57,2.73,76.88,-15.85,61.03
2421,8.17,16.16,55.14,3.02,1.28,0.0,-3.99,29.02,16.36,-50.32,-19.43,2.72,74.82,-16.72,58.11
2431,10.15,14.99,51.47,5.66,1.36,0.0,-2.55,26.8,15.32,-49.75,-18.55,2.74,73.46,-15.82,57.64
2441,9.23,18.4,53.11,3.86,0.63,0.0,-3.78,28.78,16.36,-51.68,-18.54,2.7,74.92,-15.83,59.09
2451,11.92,17.76,51.34,4.11,0.62,0.0,-4.92,28.07,14.22,-48.79,-19.21,2.74,74.34,-16.47,57.87
2461,12.31,17.04,53.81,4.36,0.11,0.0,-2.64,28.58,13.07,-50.66,-18.6,2.71,75.99,-15.89,60.09
2471,6.56,22.13,48.95,3.93,0.32,0.0,-1.44,27.91,19.83,-52.7,-17.98,2.73,75.5,-15.25,60.25
2481,7.69,18.09,51.33,4.77,0.9,0.0,-2.19,27.98,16.69,-52.23,-17.89,2.72,73.03,-15.16,57.87
2491,8.13,17.14,49.68,5.1,1.66,0.0,-3.04,27.97,18.71,-51.53,-18.75,2.72,73.83,-16.03,57.81
2501,11.04,18.25,48.66,3.94,0.54,0.0,-3.55,26.74,17.83,-49.72,-18.44,2.73,73.75,-15.71,58.05
2511,7.31,16.57,48.95,4.2,0.89,0.0,0.66,26.98,20.7,-52.32,-17.37,2.72,73.95,-14.65,59.3
2521,10.67,16.46,49.07,3.75,0.33,0.0,-3.14,28.74,15.24,-50.72,-19.07,2.73,70.4,-16.35,54.06
2531,11.83,18.97,48.49,5.08,0.64,0.0,-3.69,28.61,16.38,-49.71,-19.15,2.7,76.61,-16.45,60.16
2541,8.98,19.3,52.51,3.66,0.37,0.0,-2.92,27.65,17.62,-52.01,-18.32,2.72,75.15,-15.6,59.55
2551,7.53,17.52,51.0,3.34,0.46,0.0,-4.43,27.54,16.15,-49.45,-18.83,2.75,69.66,-16.08,53.59
2561,7.49,17.55,53.97,3.66,0.11,0.0,-4.34,28.48,17.01,-51.22,-19.45,2.74,72.7,-16.71,55.99
2571,8.37,15.25,48.59,3.48,0.93,0.0,-3.39,25.8,16.55,-47.85,-18.74,2.75,67.71,-15.99,51.72
2581,11.04,14.83,49.81,3.76,1.37,0.0,-3.19,25.63,15.81,-47.69,-18.2,2.74,71.37,-15.46,55.91
2591,11.83,19.8,49.1,4.72,0.07,0.0,-2.48,27.93,14.43,-52.21,-18.51,2.74,73.18,-15.76,57.41
2601,10.14,19.93,49.51,4.41,1.32,0.0,-1.79,27.32,15.67,-51.05,-18.25,2.73,75.45,-15.52,59.93
2611,9.74,16.56,50.9,3.74,0.7,0.0,-2.19,29.14,17.19,-54.29,-17.98,2.71,71.48,-15.27,56.21
2621,8.28,19.13,48.82,3.36,1.07,0.0,-2.7,29.79,16.88,-49.92,-19.61,2.71,74.71,-16.89,57.82
2631,10.82,17.78,49.69,5.3,0.57,0.0,-4.68,26.49,15.46,-49.45,-18.53,2.74,71.97,-15.8,56.18
2641,6.11,17.23,49.0,3.81,0.57,0.0,-4.46,28.69,18.2,-51.99,-18.68,2.71,67.15,-15.97,51.18
2651,10.41,18.64,51.88,3.8,1.16,0.0,-0.72,27.0,14.95,-50.31,-18.99,2.76,76.81,-16.23,60.58
2661,6.12,12.27,48.36,4.02,0.45,0.0,-3.28,25.9,17.26,-48.9,-18.8,2.74,62.23,-16.06,46.17
2671,5.34,24.51,48.8,4.92,0.17,0.0,-2.66,28.32,17.65,-51.83,-18.63,2.72,75.21,-15.91,59.3
2681,6.77,20.56,49.29,4.57,0.22,0.0,-3.84,28.61,16.29,-52.21,-19.02,2.72,70.24,-16.31,53.94
2691,6.85,18.21,50.25,4.41,1.26,0.0,-3.65,29.8,15.82,-52.28,-19.37,2.73,70.67,-16.64,54.03
2701,7.96,18.35,56.21,3.8,0.41,0.0,-3.72,28.72,17.31,-50.81,-19.0,2.74,78.23,-16.26,61.97
2711,11.06,21.84,49.27,4.74,1.36,0.0,-2.63,26.42,16.92,-49.04,-18.43,2.75,79.93,-15.69,64.25
2721,10.37,20.25,48.51,3.87,1.06,0.0,-2.03,24.83,16.05,-47.7,-19.13,2.75,75.22,-16.37,58.84
2731,10.44,17.0,51.02,5.45,0.62,0.0,-3.27,25.69,16.56,-45.41,-18.71,2.78,78.1,-15.92,62.18
2741,5.79,16.12,51.58,4.53,0.57,0.0,-3.62,28.49,18.0,-50.73,-18.79,2.73,70.72,-16.06,54.67
2751,11.26,16.45,48.29,3.57,0.58,0.0,-2.49,28.19,15.4,-52.93,-19.18,2.75,68.33,-16.43,51.9
2761,5.1,17.6,49.37,3.76,1.36,0.0,-2.09,29.01,17.66,-52.45,-18.4,2.72,69.3,-15.68,53.63
2771,9.03,21.73,49.86,4.56,0.7,0.0,-2.4,28.14,15.52,-52.37,-18.18,2.71,74.75,-15.47,59.29
2781,7.44,14.53,50.42,3.87,0.73,0.0,-3.0,26.34,19.13,-48.21,-18.68,2.73,71.25,-15.95,55.3
2791,8.87,21.06,50.67,5.07,0.57,0.0,-2.87,28.49,14.79,-51.71,-18.79,2.75,74.94,-16.04,58.9
2801,7.92,17.81,53.88,4.79,0.12,0.0,-4.63,28.71,16.01,-50.11,-19.34,2.73,74.49,-16.61,57.87
2811,10.34,21.45,49.22,4.78,0.7,0.0,-1.84,27.86,15.62,-52.71,-18.19,2.74,75.4,-15.45,59.95
2821,12.56,21.43,47.74,3.34,0.1,0.0,-3.44,27.17,13.84,-49.95,-18.91,2.75,72.78,-16.17,56.62
2831,7.13,16.05,48.12,3.97,0.53,0.0,-4.4,26.91,17.18,-47.81,-18.63,2.73,67.67,-15.9,51.78
2841,7.19,18.73,50.48,3.11,0.69,0.0,-1.2,27.26,16.42,-51.89,-18.01,2.73,70.79,-15.27,55.51
2851,8.16,17.73,51.8,3.99,0.15,0.0,-3.29,25.72,16.76,-48.94,-18.03,2.76,72.08,-15.27,56.81
2861,10.57,20.04,49.83,3.22,1.66,0.0,-2.6,29.32,17.16,-54.08,-18.93,2.73,75.11,-16.2,58.91
2871,9.76,17.02,55.5,4.31,0.66,0.0,-4.18,29.72,18.32,-49.95,-19.3,2.71,81.15,-16.59,64.57
2881,12.8,22.64,52.28,5.24,1.81,0.0,-4.17,27.62,15.12,-50.79,-18.7,2.73,82.54,-15.97,66.57
2891,6.91,18.0,52.85,3.99,0.03,0.0,-4.12,28.39,14.63,-49.69,-19.18,2.74,70.99,-16.44,54.55
2901,10.45,23.6,47.03,4.44,0.45,0.0,-4.43,28.44,13.8,-51.04,-18.82,2.73,72.73,-16.09,56.64
2911,7.8,16.75,48.22,4.53,1.87,0.0,-4.72,26.41,19.74,-47.75,-18.74,2.7,72.85,-16.04,56.81
2921,9.26,21.46,50.58,4.81,0.53,0.0,-5.23,28.58,16.53,-52.44,-19.33,2.74,74.08,-16.59,57.5
2931,10.86,14.46,48.05,4.17,1.51,0.0,-4.29,26.99,14.82,-48.71,-18.25,2.74,67.87,-15.51,52.36
2941,9.54,15.55,50.79,4.2,0.45,0.0,-0.52,26.71,18.01,-48.96,-18.19,2.7,75.79,-15.49,60.3
2951,9.83,20.93,49.1,4.16,0.26,0.0,-3.56,26.28,18.09,-49.98,-19.1,2.76,75.1,-16.34,58.76
2961,10.69,13.82,46.32,3.12,0.37,0.0,-3.38,26.84,17.5,-48.98,-18.65,2.73,66.3,-15.92,50.39
2971,13.33,17.07,48.15,3.93,0.79,0.0,-2.52,25.57,16.42,-49.3,-17.88,2.73,73.44,-15.15,58.29
2981,7.07,18.88,48.3,3.3,0.24,0.0,-2.67,26.04,16.25,-49.58,-18.08,2.74,67.82,-15.34,52.48
2991,9.43,19.82,50.14,4.28,0.12,0.0,-3.5,27.25,19.39,-49.62,-18.46,2.74,77.3,-15.72,61.58
3001,9.22,19.11,48.51,3.58,0.05,0.0,-3.25,27.47,16.65,-50.39,-17.98,2.74,70.96,-15.24,55.72
3011,12.41,21.19,50.96,7.64,0.96,0.0,-1.93,26.89,17.19,-50.21,-19.09,2.73,85.1,-16.35,68.75
3021,6.75,20.78,48.12,3.48,0.75,0.0,-1.9,26.44,18.73,-49.95,-18.57,2.76,73.2,-15.81,57.39
3031,8.76,18.55,54.14,5.56,0.25,0.0,-2.99,27.12,17.35,-51.17,-18.27,2.71,77.57,-15.56,62.01
3041,9.55,17.9,50.99,3.44,0.37,0.0,-2.55,26.98,15.97,-50.39,-17.97,2.72,72.24,-15.24,57.0
3051,11.0,16.86,48.68,5.4,0.37,0.0,-2.42,28.01,16.67,-51.31,-19.17,2.74,73.25,-16.44,56.81
3061,8.26,17.64,50.34,4.36,1.36,0.0,-3.75,26.52,16.09,-49.29,-18.94,2.74,71.52,-16.2,55.32
3071,5.76,15.61,49.49,3.61,0.39,0.0,-3.79,26.49,19.31,-48.27,-18.51,2.73,68.59,-15.78,52.81
3081,9.02,18.38,50.14,3.89,0.05,0.0,-4.02,25.51,18.76,-47.88,-18.52,2.73,73.85,-15.79,58.06
3091,10.16,16.02,49.06,3.43,0.6,0.0,-3.11,27.29,15.08,-51.0,-18.75,2.76,67.51,-15.99,51.52
3101,10.06,18.26,50.53,3.72,0.14,0.0,0.78,28.14,15.92,-51.65,-18.12,2.74,75.89,-15.37,60.52
3111,8.07,16.36,51.03,3.07,0.14,0.0,-3.21,29.54,15.79,-53.45,-18.88,2.75,67.34,-16.14,51.21
3121,8.67,17.89,48.17,3.47,0.26,0.0,-0.94,27.91,17.45,-51.16,-18.16,2.74,71.73,-15.42,56.31
3131,8.92,15.74,50.94,4.99,0.11,0.0,-4.05,26.71,17.11,-49.95,-18.89,2.74,70.53,-16.16,54.37
3141,8.19,15.27,49.48,4.04,0.35,0.0,-4.45,26.23,15.98,-48.21,-18.84,2.72,66.88,-16.12,50.76
3151,8.99,23.23,47.1,5.06,0.8,0.0,-3.16,26.37,20.15,-48.86,-17.96,2.73,79.67,-15.23,64.44
3161,11.88,22.82,49.53,5.89,0.13,0.0,-3.98,27.46,18.12,-49.78,-18.65,2.71,82.08,-15.94,66.14
3171,8.17,21.27,49.55,6.06,0.99,0.0,-2.34,28.06,18.6,-54.11,-17.37,2.67,76.25,-14.7,61.56
3181,8.64,19.91,50.58,4.86,0.07,0.0,-1.99,28.28,19.14,-52.26,-17.81,2.7,77.22,-15.11,62.11
3191,11.36,16.73,48.01,4.92,2.27,0.0,-2.18,26.61,16.76,-50.02,-18.66,2.73,74.45,-15.93,58.52
3201,11.94,16.42,49.1,4.5,1.82,0.0,-4.26,27.43,16.43,-50.12,-19.2,2.75,73.27,-16.44,56.83
3211,12.42,16.07,50.43,3.68,0.38,0.0,-3.39,27.92,14.37,-52.66,-18.54,2.76,69.22,-15.78,53.43
3221,12.18,16.78,50.13,2.79,0.07,0.0,-3.14,29.25,14.99,-53.38,-19.16,2.74,69.68,-16.43,53.25
3231,7.72,17.7,49.84,4.79,1.14,0.0,-3.57,26.71,18.23,-49.6,-18.12,2.73,72.94,-15.39,57.55
3241,6.28,15.64,52.9,3.37,0.29,0.0,-2.89,26.66,17.42,-49.12,-18.46,2.73,70.56,-15.73,54.83
3251,9.2,20.17,49.15,4.21,0.39,0.0,-0.85,27.77,15.71,-51.9,-18.98,2.75,73.84,-16.23,57.61
3261,10.07,16.56,51.94,3.08,0.92,0.0,-0.43,29.4,16.11,-53.23,-18.38,2.72,74.41,-15.65,58.76
3271,8.08,13.23,49.64,3.36,2.15,0.0,-4.78,27.11,17.31,-48.59,-18.44,2.72,67.51,-15.72,51.79
3281,9.37,17.71,53.72,4.32,0.12,0.0,-4.91,28.9,14.91,-51.11,-20.47,2.74,73.04,-17.73,55.31
3291,9.89,21.78,49.65,4.67,0.32,0.0,-3.31,25.9,16.79,-46.83,-19.42,2.75,78.86,-16.66,62.2
3301,9.35,17.95,49.59,3.7,0.5,0.0,-3.15,26.85,16.88,-47.9,-18.23,2.72,73.77,-15.51,58.26
3311,10.13,18.79,53.2,4.54,0.02,0.0,-3.59,27.34,14.34,-48.54,-19.11,2.73,76.23,-16.38,59.85
3321,12.26,18.56,49.29,4.74,1.11,0.0,-4.1,27.63,16.27,-50.03,-18.47,2.72,75.73,-15.75,59.99
3331,8.07,18.19,51.56,4.37,0.77,0.0,-4.26,28.15,16.52,-50.82,-18.61,2.72,72.54,-15.89,56.65
3341,10.19,19.27,50.92,3.9,0.69,0.0,-4.28,27.78,15.41,-52.33,-19.14,2.74,71.55,-16.4,55.16
3351,7.95,16.79,48.35,3.86,0.73,0.0,-4.32,26.12,20.44,-48.23,-18.18,2.74,71.67,-15.45,56.22
3361,9.82,17.58,51.28,3.62,0.09,0.0,-3.63,26.12,14.03,-47.2,-19.55,2.76,71.72,-16.79,54.93
3371,10.78,21.15,52.71,5.8,1.5,0.0,-3.62,29.0,17.87,-51.41,-18.5,2.7,83.78,-15.81,67.97
3381,8.34,13.55,48.42,4.01,0.01,0.0,-3.81,26.07,16.59,-48.03,-18.62,2.74,65.15,-15.88,49.27
3391,8.86,16.43,49.57,3.84,0.6,0.0,-2.18,28.01,17.59,-50.74,-18.06,2.73,71.98,-15.34,56.65
3401,8.49,22.69,49.57,5.22,0.19,0.0,-2.59,27.54,17.13,-51.69,-18.69,2.75,76.55,-15.94,60.61
3411,11.85,16.62,51.69,5.51,0.29,0.0,-3.88,27.35,13.71,-49.8,-18.98,2.75,73.34,-16.23,57.11
3421,8.69,15.31,50.51,3.74,2.06,0.0,-4.69,26.69,14.24,-49.23,-18.97,2.73,67.32,-16.24,51.08
3431,15.06,21.52,49.95,3.99,0.67,0.0,-4.44,27.52,15.63,-50.71,-19.72,2.75,79.2,-16.97,62.23
3441,8.35,14.96,52.6,4.18,0.69,0.0,-3.91,27.42,15.51,-49.01,-19.22,2.74,70.8,-16.48,54.32
3451,9.52,20.74,47.63,6.7,1.68,0.0,-1.46,26.97,15.67,-50.75,-18.75,2.74,76.71,-16.0,60.7
3461,12.51,17.99,48.05,3.36,0.21,0.0,-3.99,28.5,14.85,-53.04,-18.26,2.74,68.43,-15.52,52.91
3471,6.8,14.58,50.29,3.59,1.31,0.0,-2.08,27.44,15.72,-49.4,-19.08,2.74,68.25,-16.34,51.91
3481,8.94,17.64,51.22,5.78,0.03,0.0,-4.21,28.16,16.29,-50.34,-19.13,2.72,73.52,-16.42,57.1
3491,6.14,16.08,49.8,4.11,0.11,0.0,-3.14,27.16,16.07,-50.26,-18.85,2.73,66.07,-16.12,49.95
3501,7.97,21.08,51.26,4.87,0.36,0.0,-4.77,29.11,15.67,-52.15,-19.39,2.7,73.42,-16.69,56.73
3511,15.14,13.06,49.94,3.11,0.13,0.0,-1.48,26.84,13.68,-48.53,-19.47,2.74,71.89,-16.74,55.15
3521,13.55,19.47,50.22,5.06,0.45,0.0,-2.16,27.73,15.01,-50.5,-18.55,2.75,78.82,-15.8,63.01
3531,10.92,18.98,49.02,4.2,0.49,0.0,-2.32,28.02,13.97,-52.12,-19.02,2.75,71.14,-16.27,54.87
3541,7.85,16.24,51.56,3.74,0.83,0.0,-2.48,25.72,16.25,-49.22,-18.87,2.75,70.49,-16.12,54.36
3551,8.78,17.31,51.28,4.71,0.21,0.0,-4.86,28.11,15.72,-49.07,-19.46,2.73,72.19,-16.72,55.47
3561,8.87,15.26,50.27,4.98,0.33,0.0,-2.45,27.29,16.32,-50.6,-18.25,2.74,70.28,-15.51,54.77
3571,3.36,16.94,48.25,4.1,1.33,0.0,-2.92,27.98,19.64,-52.6,-18.27,2.73,66.08,-15.53,50.55
3581,7.03,22.18,48.74,5.36,1.21,0.0,-3.26,25.41,17.4,-48.99,-18.81,2.75,75.09,-16.06,59.03
3591,8.72,19.35,50.72,3.95,0.52,0.0,-4.23,29.66,16.43,-52.69,-19.33,2.74,72.44,-16.59,55.84
3601,7.55,18.57,48.21,4.7,0.15,0.0,-1.09,26.79,17.49,-51.23,-18.23,2.74,71.14,-15.49,55.65
3611,10.18,18.08,50.2,4.19,0.26,0.0,-2.13,27.23,16.55,-51.33,-18.69,2.73,73.23,-15.96,57.26
3621,12.9,14.65,51.17,4.19,0.01,0.0,-3.68,25.94,16.64,-47.79,-18.89,2.73,74.03,-16.16,57.87
3631,10.84,21.84,50.38,5.53,0.23,0.0,-2.33,27.1,15.19,-48.77,-19.66,2.75,79.99,-16.91,63.09
3641,9.27,14.01,49.77,4.61,0.1,0.0,-0.76,29.12,17.1,-51.88,-18.39,2.74,71.33,-15.65,55.69
3651,6.71,19.64,50.77,4.14,1.18,0.0,-4.07,27.4,15.25,-49.24,-19.19,2.75,71.79,-16.44,55.34
3661,11.49,17.98,52.19,3.11,0.22,0.0,-4.57,27.59,15.07,-48.19,-19.68,2.73,74.9,-16.95,57.95
3671,12.37,15.74,48.21,4.45,0.77,0.0,-3.88,27.29,14.92,-50.26,-18.36,2.73,69.61,-15.63,53.98
3681,6.71,19.96,51.14,3.48,0.79,0.0,-2.59,27.09,17.12,-50.71,-18.07,2.73,73.0,-15.34,57.65
3691,7.79,16.17,50.18,3.63,1.55,0.0,-3.52,28.2,16.87,-52.5,-18.35,2.73,68.34,-15.62,52.72
3701,13.68,17.23,49.55,3.97,0.41,0.0,-2.89,28.35,13.66,-51.28,-19.55,2.74,72.67,-16.81,55.86
3711,10.54,20.1,52.21,4.22,3.26,0.0,-1.18,27.8,16.16,-52.2,-18.26,2.75,80.91,-15.52,65.39
3721,7.81,15.92,52.94,4.4,0.09,0.0,-3.03,27.19,14.94,-50.3,-18.66,2.74,69.97,-15.92,54.04
3731,10.27,24.31,52.09,5.45,0.89,0.0,-4.46,28.76,16.77,-53.01,-18.47,2.72,81.07,-15.75,65.32
3741,6.32,21.55,51.71,4.09,1.11,0.0,0.71,29.66,18.93,-53.78,-18.17,2.69,80.29,-15.47,64.81
3751,17.25,15.09,48.91,4.87,1.49,0.0,-3.04,28.02,14.66,-49.49,-18.94,2.73,77.77,-16.21,61.55
3761,5.41,25.38,49.72,4.25,2.04,0.0,-1.78,28.66,15.9,-53.03,-18.46,2.71,76.53,-15.75,60.79
3771,12.49,18.13,51.5,4.82,1.6,0.0,-4.72,28.36,17.19,-52.49,-19.45,2.73,76.89,-16.73,60.16
3781,9.95,19.86,53.26,3.62,0.44,0.0,-4.81,27.53,15.56,-50.67,-19.63,2.76,74.73,-16.87,57.87
3791,5.05,19.07,49.32,4.22,0.56,0.0,-1.58,27.24,15.64,-50.2,-18.39,2.74,69.3,-15.65,53.66
3801,4.25,16.99,49.17,3.11,0.08,0.0,-3.8,28.28,16.11,-51.23,-19.4,2.74,62.97,-16.66,46.31
3811,5.76,16.18,50.63,4.66,1.21,0.0,-4.71,25.72,18.03,-46.54,-19.2,2.74,70.93,-16.45,54.48
3821,12.8,19.75,50.07,3.48,0.32,0.0,-1.7,28.02,12.4,-49.55,-19.17,2.78,75.59,-16.4,59.19
3831,9.02,18.95,48.67,4.32,0.01,0.0,-0.67,27.66,14.81,-51.41,-18.68,2.74,71.37,-15.93,55.43
3841,10.79,15.95,51.09,3.09,0.53,0.0,-4.76,28.83,13.53,-50.13,-19.62,2.74,68.91,-16.88,52.03
3851,8.94,18.92,52.2,3.59,0.03,0.0,-2.53,30.94,16.31,-54.74,-19.59,2.73,73.66,-16.86,56.8
3861,6.61,22.34,49.85,4.34,0.88,0.0,-4.06,25.6,17.33,-48.51,-18.57,2.74,74.38,-15.83,58.55
3871,7.63,14.55,48.98,4.2,2.39,0.0,-3.44,29.4,15.4,-51.47,-19.02,2.75,67.64,-16.28,51.37
3881,9.66,20.61,50.69,3.99,0.25,0.0,-4.21,29.19,15.22,-52.67,-18.9,2.72,72.73,-16.18,56.55
3891,10.26,17.96,50.79,3.08,0.45,0.0,-4.21,28.61,15.25,-52.17,-19.44,2.74,70.01,-16.7,53.31
3901,13.73,18.1,50.97,5.45,0.81,0.0,-3.37,28.81,18.0,-50.91,-18.36,2.71,81.59,-15.65,65.94
3911,5.06,20.71,52.38,3.63,1.08,0.0,-2.9,27.92,19.62,-50.75,-18.84,2.74,76.74,-16.09,60.65
3921,11.29,16.01,51.79,3.23,0.83,0.0,-3.72,28.81,16.39,-49.58,-19.29,2.72,75.04,-16.57,58.48
3931,15.37,19.93,50.51,4.08,1.22,0.0,-1.95,26.07,15.81,-49.31,-18.23,2.74,81.72,-15.49,66.23
3941,9.03,18.41,50.96,4.36,0.07,0.0,-3.12,26.94,13.81,-49.72,-18.88,2.74,70.75,-16.14,54.6
3951,8.63,16.84,49.32,2.36,0.66,0.0,-4.07,27.89,18.68,-50.15,-18.98,2.73,70.15,-16.25,53.9
3961,7.86,12.78,49.2,4.34,0.47,0.0,-3.18,28.84,16.18,-51.63,-18.66,2.74,64.85,-15.92,48.93
3971,9.9,16.16,53.81,4.09,0.79,0.0,-4.83,26.37,15.8,-48.85,-19.6,2.77,73.24,-16.83,56.41
3981,6.29,19.43,49.17,3.6,0.4,0.0,-3.64,28.26,15.27,-51.17,-19.2,2.74,67.61,-16.46,51.15
3991,11.06,13.94,51.03,3.33,1.84,0.0,-4.63,27.91,15.34,-49.76,-19.32,2.75,70.06,-16.57,53.48
4001,6.82,17.28,50.93,6.19,0.3,0.0,-4.73,27.23,18.41,-49.4,-19.46,2.75,73.04,-16.71,56.33

Delta Energy Terms
Frame #,BOND,ANGLE,DIHED,UB,IMP,CMAP,VDWAALS,EEL,1-4 VDW,1-4 EEL,EGB,ESURF,GGAS,GSOLV,TOTAL
1,-0.0,-0.0,0.0,0.0,0.0,0.0,-8.94,-7.35,-0.0,-0.0,13.27,-1.07,-16.29,12.19,-4.1
11,-0.0,0.0,-0.0,0.0,0.0,0.0,-6.3,-5.12,0.0,-0.0,9.22,-0.83,-11.42,8.4,-3.02
21,0.0,0.0,0.0,-0.0,-0.0,0.0,-6.48,-4.55,-0.0,-0.0,8.83,-0.8,-11.03,8.02,-3.01
31,0.0,-0.0,0.0,-0.0,-0.0,0.0,-6.23,-7.4,-0.0,0.0,11.9,-0.88,-13.63,11.02,-2.61
41,0.0,0.0,0.0,-0.0,0.0,0.0,-5.85,-4.78,0.0,-0.0,8.86,-0.81,-10.63,8.05,-2.59
51,0.0,0.0,-0.0,-0.0,-0.0,0.0,-6.21,-4.2,-0.0,-0.0,8.96,-0.95,-10.41,8.01,-2.39
61,0.0,0.0,-0.0,-0.0,-0.0,0.0,-7.29,-5.98,0.0,-0.0,10.88,-0.94,-13.27,9.95,-3.33
71,0.0,0.0,0.0,-0.0,-0.0,0.0,-7.04,-4.53,0.0,0.0,9.51,-1.03,-11.57,8.48,-3.09
81,-0.0,0.0,0.0,-0.0,0.0,0.0,-7.3,-4.93,0.0,0.0,10.82,-0.89,-12.23,9.92,-2.3
91,0.0,0.0,-0.0,0.0,-0.0,0.0,-6.53,-6.05,-0.0,-0.0,9.62,-0.93,-12.58,8.68,-3.9
101,-0.0,0.0,-0.0,0.0,-0.0,0.0,-8.1,-5.61,0.0,-0.0,10.89,-0.98,-13.71,9.91,-3.8
111,-0.0,0.0,0.0,0.0,0.0,0.0,-7.13,-8.34,-0.0,0.0,12.81,-0.89,-15.47,11.92,-3.55
121,0.0,0.0,0.0,0.0,-0.0,0.0,-8.51,-10.69,-0.0,0.0,16.45,-1.0,-19.2,15.45,-3.75
131,-0.0,-0.0,-0.0,0.0,-0.0,0.0,-3.72,-10.2,0.0,0.0,12.66,-0.84,-13.92,11.82,-2.1
141,0.0,-0.0,0.0,0.0,0.0,0.0,-5.33,-5.3,0.0,-0.0,9.69,-0.7,-10.63,8.99,-1.65
151,0.0,0.0,-0.0,0.0,0.0,0.0,-5.45,-6.42,-0.0,0.0,10.27,-0.77,-11.87,9.49,-2.38
161,0.0,-0.0,0.0,-0.0,0.0,0.0,-6.25,-5.63,-0.0,-0.0,11.57,-0.8,-11.87,10.77,-1.11
171,0.0,-0.0,-0.0,0.0,0.0,0.0,-6.26,-8.26,-0.0,0.0,13.31,-0.98,-14.53,12.33,-2.2
181,0.0,0.0,0.0,-0.0,0.0,0.0,-5.22,-2.73,0.0,0.0,7.02,-0.8,-7.95,6.22,-1.73
191,-0.0,-0.0,0.0,0.0,-0.0,0.0,-5.16,-8.19,-0.0,-0.0,11.88,-0.7,-13.35,11.19,-2.16
201,-0.0,-0.0,-0.0,0.0,0.0,0.0,-5.76,-6.39,-0.0,0.0,10.67,-0.73,-12.15,9.94,-2.21
211,0.0,0.0,-0.0,-0.0,0.0,0.0,-5.62,-7.16,0.0,-0.0,11.43,-0.94,-12.78,10.5,-2.29
221,-0.0,0.0,-0.0,-0.0,-0.0,0.0,-5.58,-6.98,-0.0,0.0,10.78,-0.91,-12.56,9.87,-2.7
231,-0.0,-0.0,-0.0,0.0,-0.0,0.0,-5.33,-7.87,0.0,0.0,11.39,-0.83,-13.21,10.56,-2.65
241,-0.0,0.0,-0.0,-0.0,0.0,0.0,-4.57,-9.29,-0.0,0.0,12.55,-0.65,-13.86,11.9,-1.96
251,-0.0,-0.0,0.0,0.0,0.0,0.0,-5.53,-8.01,0.0,0.0,11.67,-0.79,-13.55,10.88,-2.67
261,0.0,0.0,0.0,-0.0,0.0,0.0,-4.95,-8.65,-0.0,-0.0,11.99,-0.69,-13.6,11.3,-2.3
271,0.0,0.0,0.0,0.0,-0.0,0.0,-3.7,-10.19,0.0,-0.0,13.05,-0.67,-13.88,12.38,-1.5
281,0.0,-0.0,-0.0,0.0,0.0,0.0,-2.0,-6.49,-0.0,-0.0,9.97,-0.59,-8.49,9.38,0.89
291,0.0,0.0,0.0,0.0,-0.0,0.0,-2.74,-6.57,0.0,0.0,9.1,-0.57,-9.31,8.53,-0.78
301,-0.0,0.0,0.0,-0.0,-0.0,0.0,-6.28,-10.83,0.0,-0.0,16.29,-0.97,-17.11,15.31,-1.8
311,-0.0,-0.0,-0.0,-0.0,-0.0,0.0,-7.94,-6.45,-0.0,0.0,10.39,-0.96,-14.39,9.43,-4.95
321,0.0,-0.0,-0.0,0.0,-0.0,0.0,-5.57,-3.4,-0.0,0.0,6.69,-0.75,-8.97,5.94,-3.02
331,0.0,0.0,0.0,-0.0,0.0,0.0,-4.82,-5.92,-0.0,-0.0,10.2,-0.62,-10.74,9.58,-1.16
341,-0.0,-0.0,-0.0,-0.0,0.0,0.0,-5.3,-6.12,-0.0,-0.0,11.5,-0.84,-11.42,10.66,-0.76
351,0.0,-0.0,0.0,0.0,-0.0,0.0,-4.17,-1.56,-0.0,0.0,6.93,-0.71,-5.74,6.23,0.49
361,-0.0,-0.0,0.0,0.0,0.0,0.0,-6.76,-5.52,0.0,0.0,9.65,-0.96,-12.28,8.69,-3.59
371,0.0,-0.0,-0.0,0.0,-0.0,0.0,-3.47,-0.25,0.0,0.0,4.06,-0.42,-3.72,3.64,-0.08
381,-0.0,-0.0,-0.0,0.0,-0.0,0.0,-5.94,-2.83,0.0,-0.0,8.11,-0.74,-8.77,7.37,-1.41
391,0.0,0.0,0.0,0.0,-0.0,0.0,-6.77,-3.56,-0.0,0.0,9.06,-0.81,-10.33,8.25,-2.08
401,-0.0,-0.0,-0.0,-0.0,0.0,0.0,-5.39,-6.5,-0.0,0.0,10.49,-0.94,-11.89,9.55,-2.35
411,0.0,0.0,-0.0,0.0,-0.0,0.0,-6.67,-5.22,0.0,0.0,8.86,-0.87,-11.89,7.99,-3.9
421,-0.0,0.0,-0.0,-0.0,0.0,0.0,-6.66,-7.61,0.0,-0.0,12.2,-0.96,-14.27,11.24,-3.03
431,0.0,0.0,0.0,-0.0,-0.0,0.0,-6.51,-6.49,-0.0,-0.0,10.67,-0.82,-13.0,9.85,-3.15
441,0.0,0.0,0.0,0.0,-0.0,0.0,-7.5,-5.46,0.0,0.0,10.0,-0.98,-12.96,9.01,-3.94
451,-0.0,-0.0,0.0,0.0,-0.0,0.0,-6.31,-4.92,-0.0,-0.0,8.82,-0.8,-11.22,8.02,-3.2
461,-0.0,0.0,0.0,0.0,-0.0,0.0,-6.16,-6.13,0.0,-0.0,9.53,-0.85,-12.29,8.68,-3.61
471,0.0,0.0,-0.0,-0.0,0.0,0.0,-6.52,-7.19,-0.0,0.0,10.91,-0.87,-13.72,10.05,-3.67
481,0.0,-0.0,-0.0,0.0,-0.0,0.0,-6.58,-7.16,-0.0,-0.0,10.87,-0.98,-13.74,9.88,-3.86
491,-0.0,-0.0,-0.0,-0.0,0.0,0.0,-7.18,-6.74,-0.0,0.0,11.05,-0.89,-13.92,10.16,-3.76
501,-0.0,-0.0,-0.0,-0.0,0.0,0.0,-5.06,-7.62,-0.0,0.0,10.8,-0.75,-12.68,10.04,-2.64
511,-0.0,0.0,-0.0,-0.0,-0.0,0.0,-7.15,-5.3,-0.0,0.0,10.03,-0.93,-12.44,9.1,-3.35
521,0.0,0.0,-0.0,0.0,-0.0,0.0,-6.91,-7.41,0.0,0.0,11.87,-0.98,-14.32,10.89,-3.43
531,0.0,0.0,0.0,-0.0,0.0,0.0,-4.23,-2.13,-0.0,-0.0,6.38,-0.48,-6.37,5.9,-0.47
541,-0.0,-0.0,-0.0,-0.0,0.0,0.0,-5.03,-2.76,0.0,-0.0,7.45,-0.71,-7.8,6.74,-1.05
551,0.0,0.0,-0.0,-0.0,0.0,0.0,-5.96,-4.24,0.0,-0.0,7.5,-0.86,-10.19,6.64,-3.55
561,0.0,0.0,-0.0,-0.0,0.0,0.0,-5.3,-0.95,0.0,0.0,5.05,-0.75,-6.25,4.3,-1.95
571,-0.0,-0.0,0.0,-0.0,0.0,0.0,-5.01,-5.93,-0.0,-0.0,9.8,-0.68,-10.94,9.12,-1.82
581,0.0,-0.0,-0.0,0.0,0.0,0.0,-6.34,-1.98,0.0,0.0,7.68,-0.89,-8.32,6.79,-1.53
591,-0.0,0.0,-0.0,-0.0,0.0,0.0,-3.54,-1.85,-0.0,-0.0,5.82,-0.36,-5.38,5.46,0.08
601,-0.0,-0.0,-0.0,-0.0,-0.0,0.0,-6.87,-6.3,0.0,0.0,10.38,-0.79,-13.17,9.59,-3.58
611,-0.0,0.0,-0.0,-0.0,0.0,0.0,-6.88,-4.29,-0.0,0.0,10.47,-0.89,-11.17,9.58,-1.58
621,0.0,-0.0,-0.0,0.0,-0.0,0.0,-6.04,-7.38,-0.0,0.0,10.63,-0.74,-13.42,9.89,-3.53
631,-0.0,-0.0,0.0,0.0,0.0,0.0,-6.24,-7.82,0.0,0.0,11.7,-0.79,-14.06,10.91,-3.15
641,0.0,0.0,-0.0,0.0,0.0,0.0,-5.35,-3.9,-0.0,-0.0,9.62,-0.64,-9.25,8.98,-0.27
651,-0.0,0.0,-0.0,-0.0,0.0,0.0,-5.87,-3.98,0.0,-0.0,9.15,-0.87,-9.85,8.28,-1.57
661,0.0,-0.0,-0.0,-0.0,-0.0,0.0,-6.57,-0.04,-0.0,0.0,5.98,-0.81,-6.61,5.17,-1.45
671,0.0,0.0,0.0,0.0,0.0,0.0,-6.11,-1.37,-0.0,0.0,7.64,-0.92,-7.47,6.72,-0.76
681,-0.0,-0.0,0.0,0.0,0.0,0.0,-4.59,-3.16,-0.0,-0.0,6.7,-0.53,-7.75,6.17,-1.58
691,-0.0,0.0,0.0,0.0,-0.0,0.0,-4.94,-3.32,0.0,0.0,7.03,-0.56,-8.26,6.47,-1.79
701,0.0,-0.0,-0.0,-0.0,0.0,0.0,-4.08,-4.18,-0.0,0.0,8.62,-0.48,-8.26,8.14,-0.12
711,-0.0,0.0,-0.0,0.0,-0.0,0.0,-6.61,-7.82,-0.0,0.0,13.05,-0.8,-14.43,12.25,-2.18
721,-0.0,-0.0,-0.0,0.0,0.0,0.0,-7.97,-9.33,-0.0,0.0,15.39,-1.02,-17.31,14.37,-2.94
731,-0.0,0.0,0.0,-0.0,0.0,0.0,-5.85,-1.72,-0.0,0.0,6.34,-0.86,-7.57,5.47,-2.1
741,-0.0,-0.0,-0.0,-0.0,0.0,0.0,-5.66,-7.98,0.0,0.0,13.18,-0.82,-13.64,12.36,-1.28
751,0.0,0.0,-0.0,0.0,0.0,0.0,-7.17,-2.61,-0.0,0.0,8.54,-1.05,-9.78,7.49,-2.29
761,0.0,-0.0,-0.0,0.0,-0.0,0.0,-5.76,-4.06,0.0,0.0,11.82,-1.23,-9.82,10.58,0.77
771,0.0,0.0,-0.0,0.0,0.0,0.0,-8.24,-11.75,0.0,-0.0,19.35,-1.16,-19.99,18.19,-1.81
781,0.0,0.0,-0.0,0.0,0.0,0.0,-6.52,-5.97,0.0,-0.0,12.74,-0.87,-12.49,11.87,-0.61
791,0.0,0.0,0.0,0.0,-0.0,0.0,-7.99,-11.44,-0.0,0.0,17.45,-1.26,-19.43,16.19,-3.24
801,0.0,0.0,0.0,0.0,0.0,0.0,-6.21,-7.26,-0.0,0.0,13.03,-0.84,-13.47,12.19,-1.28
811,0.0,-0.0,0.0,0.0,-0.0,0.0,-8.49,-9.18,-0.0,-0.0,16.3,-1.03,-17.67,15.27,-2.41
821,-0.0,-0.0,-0.0,0.0,-0.0,0.0,-7.69,-7.1,-0.0,-0.0,14.56,-0.96,-14.78,13.6,-1.19
831,0.0,0.0,-0.0,-0.0,-0.0,0.0,-7.17,-10.49,-0.0,0.0,17.08,-0.85,-17.66,16.23,-1.43
841,-0.0,-0.0,-0.0,0.0,0.0,0.0,-6.52,-12.66,0.0,-0.0,19.86,-0.94,-19.18,18.92,-0.26
851,0.0,0.0,0.0,0.0,-0.0,0.0,-5.76,-2.26,0.0,-0.0,9.81,-0.94,-8.02,8.88,0.86
861,0.0,-0.0,-0.0,0.0,-0.0,0.0,-7.14,-4.2,-0.0,0.0,11.49,-1.03,-11.34,10.46,-0.87
871,0.0,0.0,0.0,-0.0,-0.0,0.0,-9.64,-12.21,0.0,0.0,21.6,-1.26,-21.84,20.34,-1.5
881,0.0,0.0,0.0,-0.0,0.0,0.0,-8.65,-10.96,0.0,-0.0,18.37,-1.12,-19.62,17.25,-2.37
891,0.0,0.0,0.0,0.0,0.0,0.0,-8.8,-11.71,0.0,0.0,19.96,-1.21,-20.51,18.75,-1.76
901,-0.0,0.0,0.0,-0.0,0.0,0.0,-6.79,-8.4,-0.0,0.0,15.06,-1.05,-15.19,14.01,-1.18
911,-0.0,0.0,0.0,-0.0,-0.0,0.0,-6.95,-9.97,-0.0,0.0,17.12,-0.99,-16.92,16.12,-0.8
921,0.0,0.0,-0.0,-0.0,0.0,0.0,-6.29,-14.47,0.0,-0.0,19.28,-1.11,-20.76,18.18,-2.58
931,0.0,-0.0,0.0,-0.0,0.0,0.0,-6.65,-9.66,0.0,-0.0,16.12,-0.92,-16.31,15.2,-1.1
941,-0.0,0.0,0.0,0.0,0.0,0.0,-6.03,-7.1,0.0,-0.0,13.47,-0.72,-13.13,12.75,-0.38
951,-0.0,-0.0,0.0,-0.0,0.0,0.0,-7.09,-10.19,0.0,-0.0,16.73,-0.99,-17.28,15.74,-1.54
961,-0.0,-0.0,0.0,0.0,0.0,0.0,-8.04,-7.91,0.0,-0.0,14.87,-1.07,-15.95,13.8,-2.15
971,-0.0,0.0,-0.0,0.0,0.0,0.0,-8.55,-6.11,0.0,-0.0,13.31,-1.07,-14.66,12.24,-2.42
981,-0.0,-0.0,0.0,-0.0,-0.0,0.0,-10.07,-6.48,0.0,-0.0,15.56,-1.53,-16.55,14.04,-2.51
991,-0.0,-0.0,-0.0,0.0,-0.0,0.0,-10.47,-2.52,0.0,-0.0,13.38,-1.48,-12.98,11.9,-1.09
1001,0.0,-0.0,-0.0,0.0,-0.0,0.0,-10.83,-1.18,-0.0,0.0,8.72,-1.33,-12.01,7.4,-4.61
1011,-0.0,-0.0,-0.0,0.0,-0.0,0.0,-12.03,-4.19,-0.0,0.0,14.22,-1.57,-16.22,12.66,-3.56
1021,-0.0,0.0,-0.0,0.0,0.0,0.0,-12.83,-8.39,0.0,-0.0,18.27,-1.46,-21.22,16.81,-4.41
1031,0.0,0.0,0.0,0.0,0.0,0.0,-11.1,-5.26,0.0,0.0,16.03,-1.51,-16.36,14.52,-1.84
1041,-0.0,0.0,-0.0,-0.0,-0.0,0.0,-12.02,-7.33,-0.0,-0.0,16.98,-1.53,-19.35,15.45,-3.9
1051,-0.0,-0.0,0.0,0.0,-0.0,0.0,-13.76,-10.07,0.0,0.0,21.47,-1.45,-23.83,20.02,-3.81
1061,-0.0,0.0,-0.0,0.0,-0.0,0.0,-14.25,-10.77,0.0,-0.0,21.13,-1.44,-25.02,19.68,-5.34
1071,0.0,-0.0,-0.0,-0.0,-0.0,0.0,-13.1,-9.79,-0.0,0.0,20.99,-1.6,-22.88,19.39,-3.49
1081,-0.0,-0.0,-0.0,-0.0,-0.0,0.0,-13.88,-10.1,-0.0,-0.0,19.94,-1.52,-23.98,18.42,-5.55
1091,-0.0,-0.0,0.0,0.0,0.0,0.0,-11.43,-7.45,0.0,-0.0,15.92,-1.32,-18.89,14.6,-4.29
1101,-0.0,0.0,0.0,0.0,-0.0,0.0,-12.8,-5.72,0.0,-0.0,16.57,-1.57,-18.52,14.99,-3.52
1111,0.0,-0.0,-0.0,-0.0,-0.0,0.0,-14.44,-11.57,0.0,0.0,22.94,-1.6,-26.02,21.34,-4.68
1121,-0.0,-0.0,-0.0,-0.0,0.0,0.0,-14.52,-11.75,-0.0,0.0,23.27,-1.45,-26.28,21.82,-4.46
1131,-0.0,-0.0,0.0,0.0,-0.0,0.0,-13.12,-11.77,-0.0,-0.0,21.81,-1.45,-24.89,20.36,-4.53
1141,0.0,0.0,0.0,0.0,0.0,0.0,-10.92,-9.87,-0.0,-0.0,17.71,-1.21,-20.79,16.51,-4.28
1151,0.0,0.0,0.0,0.0,-0.0,0.0,-13.25,-10.23,0.0,0.0,19.33,-1.29,-23.49,18.04,-5.45
1161,-0.0,0.0,-0.0,-0.0,-0.0,0.0,-14.72,-13.31,0.0,0.0,24.09,-1.48,-28.03,22.62,-5.41
1171,-0.0,0.0,-0.0,-0.0,0.0,0.0,-15.76,-12.07,-0.0,0.0,25.22,-1.54,-27.83,23.69,-4.15
1181,-0.0,0.0,-0.0,0.0,-0.0,0.0,-13.11,-10.47,0.0,-0.0,20.33,-1.48,-23.59,18.85,-4.73
1191,0.0,0.0,0.0,0.0,0.0,0.0,-11.31,-7.64,-0.0,-0.0,16.25,-1.23,-18.96,15.02,-3.94
1201,-0.0,0.0,0.0,-0.0,0.0,0.0,-13.35,-5.68,0.0,0.0,15.05,-1.48,-19.03,13.58,-5.46
1211,0.0,0.0,-0.0,0.0,0.0,0.0,-13.41,-15.59,0.0,-0.0,26.2,-1.5,-29.0,24.7,-4.3
1221,-0.0,0.0,-0.0,-0.0,-0.0,0.0,-13.31,-9.41,0.0,0.0,20.45,-1.44,-22.72,19.02,-3.71
1231,-0.0,0.0,-0.0,0.0,0.0,0.0,-10.98,-5.52,0.0,-0.0,13.94,-1.27,-16.5,12.66,-3.84
1241,0.0,-0.0,-0.0,0.0,-0.0,0.0,-10.35,-4.21,0.0,0.0,11.64,-1.29,-14.55,10.35,-4.2
1251,-0.0,0.0,-0.0,0.0,-0.0,0.0,-7.21,-0.72,-0.0,0.0,8.32,-1.25,-7.94,7.07,-0.87
1261,-0.0,-0.0,-0.0,-0.0,0.0,0.0,-7.59,-1.43,-0.0,-0.0,9.53,-1.29,-9.02,8.24,-0.78
1271,-0.0,0.0,-0.0,0.0,-0.0,0.0,-7.26,-0.84,-0.0,0.0,8.28,-1.05,-8.09,7.23,-0.86
1281,0.0,-0.0,0.0,-0.0,-0.0,0.0,-5.89,-0.29,0.0,0.0,6.97,-0.83,-6.19,6.14,-0.05
1291,-0.0,0.0,-0.0,-0.0,-0.0,0.0,-5.83,1.35,0.0,0.0,5.13,-0.86,-4.48,4.27,-0.21
1301,0.0,0.0,-0.0,-0.0,0.0,0.0,-6.9,1.4,-0.0,0.0,6.21,-0.99,-5.5,5.23,-0.27
1311,-0.0,0.0,-0.0,0.0,-0.0,0.0,-8.91,1.0,-0.0,0.0,7.07,-1.18,-7.91,5.89,-2.02
1321,0.0,-0.0,0.0,0.0,-0.0,0.0,-7.74,-0.02,0.0,-0.0,7.95,-1.08,-7.77,6.87,-0.9
1331,0.0,-0.0,0.0,-0.0,-0.0,0.0,-6.77,-1.0,0.0,0.0,7.79,-1.09,-7.77,6.7,-1.06
1341,-0.0,-0.0,-0.0,0.0,0.0,0.0,-8.3,-1.28,0.0,0.0,8.92,-1.16,-9.58,7.76,-1.81
1351,0.0,0.0,0.0,0.0,0.0,0.0,-8.6,0.58,0.0,0.0,6.06,-1.15,-8.02,4.92,-3.1
1361,-0.0,0.0,0.0,-0.0,-0.0,0.0,-9.94,-0.25,0.0,0.0,9.06,-1.49,-10.19,7.56,-2.63
1371,-0.0,-0.0,-0.0,0.0,-0.0,0.0,-10.27,-0.33,-0.0,0.0,8.94,-1.44,-10.6,7.5,-3.11
1381,0.0,-0.0,0.0,-0.0,-0.0,0.0,-7.99,-0.83,0.0,-0.0,6.68,-1.26,-8.82,5.42,-3.4
1391,-0.0,0.0,0.0,0.0,-0.0,0.0,-10.11,0.99,0.0,0.0,6.98,-1.5,-9.12,5.48,-3.65
1401,-0.0,0.0,0.0,0.0,0.0,0.0,-8.98,4.03,0.0,0.0,5.35,-1.52,-4.94,3.83,-1.11
1411,-0.0,-0.0,-0.0,-0.0,0.0,0.0,-6.64,-1.22,-0.0,0.0,7.65,-0.93,-7.86,6.73,-1.13
1421,-0.0,0.0,-0.0,-0.0,0.0,0.0,-8.68,1.49,0.0,0.0,7.14,-1.29,-7.19,5.84,-1.35
1431,0.0,0.0,-0.0,0.0,-0.0,0.0,-6.68,0.27,-0.0,0.0,8.47,-1.23,-6.41,7.25,0.84
1441,-0.0,-0.0,-0.0,-0.0,-0.0,0.0,-8.38,-1.38,-0.0,0.0,8.85,-1.27,-9.76,7.58,-2.18
1451,0.0,0.0,0.0,-0.0,0.0,0.0,-8.31,-2.99,0.0,0.0,9.32,-1.1,-11.3,8.23,-3.07
1461,-0.0,-0.0,-0.0,0.0,-0.0,0.0,-8.27,-6.45,-0.0,0.0,13.14,-1.1,-14.72,12.05,-2.67
1471,-0.0,0.0,0.0,-0.0,-0.0,0.0,-9.79,-6.63,0.0,0.0,15.13,-1.25,-16.42,13.88,-2.55
1481,-0.0,-0.0,0.0,-0.0,-0.0,0.0,-9.09,-7.17,0.0,0.0,14.7,-1.24,-16.27,13.46,-2.81
1491,-0.0,0.0,0.0,-0.0,-0.0,0.0,-10.18,-7.16,0.0,0.0,16.8,-1.39,-17.33,15.41,-1.93
1501,-0.0,-0.0,0.0,0.0,-0.0,0.0,-8.93,-12.05,-0.0,-0.0,20.24,-1.34,-20.98,18.89,-2.09
1511,0.0,-0.0,0.0,0.0,0.0,0.0,-11.95,-7.21,0.0,0.0,17.59,-1.46,-19.16,16.14,-3.02
1521,-0.0,-0.0,-0.0,-0.0,0.0,0.0,-13.27,-7.87,-0.0,-0.0,18.57,-1.51,-21.13,17.06,-4.07
1531,-0.0,-0.0,-0.0,0.0,0.0,0.0,-11.98,-7.87,0.0,-0.0,16.88,-1.39,-19.85,15.49,-4.36
1541,0.0,0.0,-0.0,-0.0,0.0,0.0,-11.49,-9.01,-0.0,0.0,20.06,-1.48,-20.5,18.58,-1.92
1551,0.0,-0.0,-0.0,-0.0,-0.0,0.0,-10.8,-6.9,0.0,0.0,16.05,-1.48,-17.69,14.57,-3.12
1561,-0.0,-0.0,-0.0,-0.0,-0.0,0.0,-12.11,-6.53,-0.0,-0.0,16.48,-1.52,-18.63,14.96,-3.67
1571,0.0,-0.0,0.0,-0.0,0.0,0.0,-13.11,-6.44,0.0,0.0,15.77,-1.49,-19.56,14.28,-5.27
1581,0.0,-0.0,-0.0,0.0,0.0,0.0,-12.44,-6.19,0.0,0.0,17.52,-1.58,-18.63,15.95,-2.68
1591,0.0,-0.0,0.0,0.0,0.0,0.0,-14.3,-9.14,0.0,-0.0,18.15,-1.44,-23.45,16.71,-6.73
1601,0.0,0.0,-0.0,-0.0,-0.0,0.0,-11.06,-7.38,-0.0,-0.0,15.87,-1.26,-18.44,14.61,-3.83
1611,0.0,0.0,0.0,0.0,-0.0,0.0,-13.17,-5.39,0.0,-0.0,14.81,-1.47,-18.56,13.33,-5.23
1621,-0.0,0.0,0.0,0.0,0.0,0.0,-12.09,-9.07,-0.0,0.0,18.32,-1.38,-21.16,16.94,-4.22
1631,0.0,0.0,-0.0,-0.0,-0.0,0.0,-12.52,-10.35,0.0,0.0,21.18,-1.47,-22.87,19.71,-3.17
1641,-0.0,0.0,-0.0,-0.0,0.0,0.0,-10.4,-7.33,0.0,0.0,18.27,-1.56,-17.73,16.71,-1.02
1651,-0.0,0.0,0.0,-0.0,0.0,0.0,-14.0,-11.87,0.0,0.0,23.04,-1.54,-25.86,21.49,-4.37
1661,0.0,0.0,-0.0,-0.0,0.0,0.0,-14.16,-11.51,0.0,-0.0,21.91,-1.55,-25.67,20.36,-5.3
1671,0.0,0.0,0.0,-0.0,0.0,0.0,-10.34,-9.59,-0.0,-0.0,19.14,-1.26,-19.93,17.88,-2.05
1681,-0.0,-0.0,0.0,0.0,-0.0,0.0,-10.78,-3.38,-0.0,0.0,13.6,-1.45,-14.16,12.15,-2.02
1691,0.0,0.0,0.0,-0.0,0.0,0.0,-10.44,-4.91,-0.0,0.0,14.62,-1.25,-15.35,13.37,-1.97
1701,-0.0,-0.0,-0.0,-0.0,-0.0,0.0,-9.94,-4.31,-0.0,0.0,12.53,-1.19,-14.25,11.34,-2.91
1711,0.0,0.0,-0.0,-0.0,0.0,0.0,-5.98,1.48,0.0,-0.0,7.3,-0.99,-4.5,6.3,1.81
1721,0.0,-0.0,-0.0,0.0,-0.0,0.0,-10.71,-1.95,-0.0,-0.0,11.23,-1.39,-12.66,9.84,-2.81
1731,-0.0,-0.0,-0.0,-0.0,-0.0,0.0,-10.56,-2.6,-0.0,0.0,11.8,-1.23,-13.16,10.57,-2.59
1741,-0.0,-0.0,-0.0,0.0,-0.0,0.0,-9.2,2.84,-0.0,0.0,6.05,-1.27,-6.36,4.78,-1.59
1751,0.0,0.0,-0.0,0.0,0.0,0.0,-8.39,-1.3,0.0,0.0,9.08,-1.03,-9.68,8.04,-1.64
1761,0.0,0.0,-0.0,0.0,-0.0,0.0,-9.32,-10.07,-0.0,0.0,18.03,-1.05,-19.39,16.98,-2.42
1771,0.0,0.0,0.0,0.0,-0.0,0.0,-9.74,-8.23,0.0,-0.0,16.41,-1.05,-17.97,15.36,-2.61
1781,-0.0,-0.0,0.0,-0.0,0.0,0.0,-10.32,-1.78,-0.0,-0.0,10.21,-1.22,-12.09,8.99,-3.1
1791,0.0,0.0,0.0,-0.0,-0.0,0.0,-8.72,-10.13,0.0,0.0,18.03,-1.12,-18.86,16.92,-1.94
1801,-0.0,-0.0,0.0,0.0,-0.0,0.0,-8.81,-6.75,0.0,0.0,14.07,-1.02,-15.56,13.05,-2.51
1811,-0.0,-0.0,0.0,0.0,-0.0,0.0,-8.75,-8.6,-0.0,0.0,16.46,-0.97,-17.35,15.49,-1.86
1821,0.0,0.0,0.0,-0.0,0.0,0.0,-8.5,-6.2,-0.0,0.0,12.81,-0.95,-14.7,11.86,-2.84
1831,-0.0,0.0,0.0,0.0,-0.0,0.0,-8.44,-0.55,-0.0,0.0,8.23,-0.93,-8.99,7.3,-1.69
1841,0.0,-0.0,0.0,-0.0,-0.0,0.0,-8.4,-8.48,-0.0,0.0,16.71,-1.2,-16.88,15.51,-1.37
1851,-0.0,0.0,0.0,0.0,-0.0,0.0,-8.1,-1.33,-0.0,-0.0,8.55,-1.02,-9.43,7.53,-1.9
1861,-0.0,-0.0,0.0,0.0,0.0,0.0,-10.05,1.0,0.0,-0.0,8.97,-1.26,-9.05,7.71,-1.34
1871,0.0,-0.0,-0.0,0.0,0.0,0.0,-10.15,1.04,0.0,0.0,7.98,-1.23,-9.11,6.75,-2.36
1881,0.0,-0.0,-0.0,-0.0,-0.0,0.0,-11.57,-0.9,-0.0,-0.0,10.07,-1.28,-12.47,8.79,-3.68
1891,-0.0,0.0,0.0,0.0,-0.0,0.0,-9.68,-0.06,-0.0,0.0,8.24,-1.12,-9.74,7.12,-2.62
1901,-0.0,-0.0,-0.0,-0.0,0.0,0.0,-9.12,-2.29,-0.0,0.0,10.64,-1.06,-11.41,9.58,-1.83
1911,0.0,0.0,-0.0,-0.0,0.0,0.0,-9.62,0.44,0.0,0.0,8.93,-1.22,-9.18,7.7,-1.48
1921,0.0,0.0,0.0,0.0,-0.0,0.0,-9.8,-1.7,0.0,0.0,10.32,-1.1,-11.5,9.22,-2.29
1931,0.0,0.0,0.0,-0.0,-0.0,0.0,-8.51,1.76,0.0,0.0,8.17,-1.08,-6.75,7.09,0.34
1941,0.0,0.0,0.0,0.0,-0.0,0.0,-9.48,0.24,-0.0,0.0,8.84,-1.23,-9.24,7.61,-1.63
1951,0.0,0.0,0.0,-0.0,-0.0,0.0,-8.2,-1.84,0.0,0.0,9.87,-1.02,-10.04,8.85,-1.19
1961,-0.0,-0.0,-0.0,-0.0,0.0,0.0,-9.82,4.84,-0.0,0.0,4.63,-1.1,-4.98,3.54,-1.44
1971,0.0,-0.0,-0.0,0.0,0.0,0.0,-9.59,0.24,0.0,0.0,8.44,-1.13,-9.36,7.31,-2.04
1981,0.0,0.0,-0.0,0.0,-0.0,0.0,-8.55,-1.79,0.0,0.0,9.79,-0.87,-10.33,8.92,-1.41
1991,-0.0,0.0,0.0,-0.0,-0.0,0.0,-7.96,0.53,0.0,0.0,6.48,-0.93,-7.43,5.56,-1.88
2001,-0.0,-0.0,0.0,0.0,-0.0,0.0,-8.67,-3.38,-0.0,-0.0,11.9,-1.07,-12.04,10.83,-1.22
2011,0.0,-0.0,-0.0,0.0,0.0,0.0,-10.74,-3.29,-0.0,0.0,12.68,-1.26,-14.04,11.42,-2.62
2021,-0.0,-0.0,0.0,-0.0,0.0,0.0,-8.33,-7.39,0.0,-0.0,14.94,-1.02,-15.72,13.92,-1.8
2031,0.0,0.0,-0.0,0.0,-0.0,0.0,-8.92,1.48,0.0,-0.0,6.93,-1.13,-7.44,5.8,-1.64
2041,-0.0,0.0,0.0,-0.0,-0.0,0.0,-8.81,1.3,0.0,0.0,6.64,-1.04,-7.5,5.6,-1.9
2051,0.0,-0.0,-0.0,0.0,-0.0,0.0,-10.12,-0.61,0.0,0.0,10.13,-1.25,-10.73,8.88,-1.85
2061,0.0,0.0,-0.0,0.0,0.0,0.0,-11.19,-1.15,-0.0,-0.0,10.15,-1.31,-12.33,8.84,-3.49
2071,0.0,-0.0,-0.0,0.0,-0.0,0.0,-9.14,-5.8,0.0,-0.0,13.25,-1.12,-14.94,12.14,-2.8
2081,-0.0,-0.0,0.0,-0.0,0.0,0.0,-8.89,-5.67,-0.0,0.0,14.21,-1.16,-14.56,13.05,-1.52
2091,0.0,0.0,-0.0,0.0,-0.0,0.0,-9.94,-0.1,0.0,0.0,8.95,-1.25,-10.04,7.7,-2.33
2101,-0.0,-0.0,-0.0,0.0,0.0,0.0,-9.26,-4.05,0.0,-0.0,12.22,-1.14,-13.31,11.09,-2.23
2111,-0.0,-0.0,0.0,-0.0,0.0,0.0,-7.96,-10.85,-0.0,0.0,17.68,-1.0,-18.81,16.68,-2.13
2121,-0.0,0.0,0.0,-0.0,-0.0,0.0,-8.87,-0.93,0.0,0.0,8.64,-1.05,-9.8,7.59,-2.21
2131,0.0,0.0,0.0,0.0,0.0,0.0,-10.93,-1.63,-0.0,0.0,12.95,-1.43,-12.56,11.52,-1.04
2141,0.0,-0.0,0.0,-0.0,-0.0,0.0,-9.52,-3.6,-0.0,-0.0,11.62,-1.14,-13.13,10.48,-2.65
2151,0.0,-0.0,-0.0,-0.0,0.0,0.0,-9.89,0.14,0.0,0.0,8.58,-1.2,-9.75,7.38,-2.37
2161,0.0,0.0,0.0,-0.0,0.0,0.0,-9.94,2.48,0.0,0.0,6.85,-1.19,-7.46,5.66,-1.79
2171,0.0,0.0,0.0,-0.0,0.0,0.0,-9.56,-5.46,-0.0,0.0,13.79,-1.09,-15.02,12.69,-2.32
2181,0.0,0.0,0.0,0.0,-0.0,0.0,-8.66,-4.49,0.0,-0.0,12.51,-1.02,-13.15,11.49,-1.66
2191,0.0,0.0,0.0,-0.0,0.0,0.0,-10.06,-7.31,-0.0,0.0,15.77,-1.07,-17.37,14.7,-2.67
2201,-0.0,0.0,0.0,0.0,-0.0,0.0,-9.84,-8.82,0.0,0.0,18.68,-1.18,-18.66,17.49,-1.16
2211,0.0,0.0,-0.0,-0.0,0.0,0.0,-8.2,-10.12,-0.0,0.0,17.74,-0.94,-18.31,16.8,-1.51
2221,0.0,0.0,-0.0,0.0,0.0,0.0,-9.57,-6.13,0.0,-0.0,13.96,-0.98,-15.69,12.98,-2.71
2231,0.0,-0.0,-0.0,0.0,-0.0,0.0,-10.56,-2.44,0.0,-0.0,11.22,-1.24,-13.0,9.97,-3.02
2241,-0.0,0.0,-0.0,0.0,-0.0,0.0,-8.53,-1.83,-0.0,0.0,10.05,-1.01,-10.36,9.04,-1.33
2251,0.0,0.0,-0.0,0.0,0.0,0.0,-8.99,-8.27,-0.0,-0.0,15.89,-0.98,-17.26,14.91,-2.35
2261,-0.0,-0.0,0.0,-0.0,0.0,0.0,-8.04,-4.96,-0.0,-0.0,12.65,-0.98,-13.0,11.68,-1.33
2271,0.0,0.0,0.0,-0.0,-0.0,0.0,-8.55,-7.24,0.0,-0.0,15.19,-0.98,-15.79,14.21,-1.59
2281,0.0,0.0,-0.0,0.0,-0.0,0.0,-9.73,-6.88,-0.0,-0.0,15.23,-1.09,-16.61,14.14,-2.47
2291,0.0,-0.0,-0.0,0.0,-0.0,0.0,-9.04,-8.43,0.0,0.0,16.16,-0.99,-17.46,15.17,-2.29
2301,-0.0,-0.0,-0.0,-0.0,0.0,0.0,-10.54,-3.23,0.0,0.0,13.13,-1.3,-13.77,11.84,-1.93
2311,0.0,0.0,-0.0,0.0,-0.0,0.0,-10.53,-3.9,0.0,0.0,13.2,-1.3,-14.43,11.9,-2.53
2321,0.0,-0.0,0.0,0.0,-0.0,0.0,-8.62,-10.3,0.0,0.0,19.16,-1.06,-18.92,18.1,-0.82
2331,-0.0,0.0,0.0,-0.0,-0.0,0.0,-10.51,-6.76,0.0,0.0,15.87,-1.23,-17.28,14.64,-2.63
2341,0.0,-0.0,0.0,-0.0,0.0,0.0,-9.0,-7.06,-0.0,0.0,15.37,-1.09,-16.07,14.28,-1.79
2351,-0.0,0.0,-0.0,-0.0,0.0,0.0,-7.99,-9.17,-0.0,-0.0,16.02,-0.84,-17.16,15.18,-1.98
2361,0.0,0.0,-0.0,0.0,0.0,0.0,-9.27,-3.93,-0.0,-0.0,13.58,-1.09,-13.2,12.49,-0.71
2371,-0.0,0.0,-0.0,0.0,0.0,0.0,-8.59,-7.2,-0.0,-0.0,15.15,-0.94,-15.79,14.21,-1.57
2381,0.0,0.0,0.0,0.0,0.0,0.0,-8.51,-6.81,-0.0,0.0,14.18,-0.9,-15.32,13.28,-2.03
2391,0.0,0.0,-0.0,0.0,0.0,0.0,-7.63,-6.99,-0.0,0.0,14.63,-0.93,-14.63,13.7,-0.93
2401,-0.0,0.0,0.0,-0.0,-0.0,0.0,-8.17,-8.49,-0.0,-0.0,16.26,-0.93,-16.66,15.33,-1.33
2411,-0.0,-0.0,0.0,-0.0,0.0,0.0,-8.8,-5.9,-0.0,-0.0,13.67,-0.9,-14.69,12.77,-1.92
2421,0.0,-0.0,-0.0,-0.0,0.0,0.0,-8.47,-8.97,0.0,0.0,16.73,-1.01,-17.44,15.73,-1.72
2431,0.0,-0.0,0.0,-0.0,-0.0,0.0,-8.22,-6.95,0.0,0.0,17.67,-1.33,-15.18,16.34,1.17
2441,-0.0,-0.0,-0.0,0.0,-0.0,0.0,-9.84,-9.17,0.0,0.0,17.14,-1.01,-19.0,16.14,-2.87
2451,0.0,-0.0,0.0,-0.0,0.0,0.0,-8.52,-9.36,-0.0,0.0,17.63,-0.95,-17.88,16.68,-1.21
2461,0.0,-0.0,0.0,0.0,-0.0,0.0,-9.13,-10.1,0.0,0.0,18.04,-0.91,-19.23,17.13,-2.1
2471,0.0,0.0,0.0,-0.0,-0.0,0.0,-9.44,-4.29,0.0,-0.0,12.6,-1.02,-13.73,11.58,-2.15
2481,-0.0,0.0,0.0,0.0,0.0,0.0,-8.55,-10.37,-0.0,0.0,18.89,-1.09,-18.93,17.8,-1.12
2491,0.0,0.0,0.0,-0.0,0.0,0.0,-6.88,-8.34,0.0,0.0,14.39,-0.71,-15.21,13.68,-1.54
2501,0.0,0.0,-0.0,-0.0,-0.0,0.0,-7.98,-2.99,0.0,0.0,11.24,-1.0,-10.96,10.24,-0.73
2511,-0.0,-0.0,0.0,-0.0,-0.0,0.0,-9.89,4.42,0.0,-0.0,5.45,-1.23,-5.47,4.23,-1.25
2521,0.0,0.0,0.0,0.0,0.0,0.0,-8.4,-9.56,0.0,0.0,16.97,-0.92,-17.96,16.05,-1.92
2531,-0.0,-0.0,-0.0,-0.0,-0.0,0.0,-8.48,-10.21,-0.0,-0.0,17.55,-0.93,-18.7,16.62,-2.08
2541,0.0,0.0,-0.0,-0.0,-0.0,0.0,-8.31,-3.91,-0.0,-0.0,10.74,-0.87,-12.22,9.87,-2.34
2551,-0.0,-0.0,-0.0,-0.0,-0.0,0.0,-7.98,-10.0,-0.0,-0.0,17.32,-0.94,-17.98,16.38,-1.6
2561,-0.0,-0.0,0.0,-0.0,0.0,0.0,-8.57,-8.67,-0.0,0.0,15.77,-0.87,-17.24,14.9,-2.34
2571,0.0,0.0,0.0,-0.0,-0.0,0.0,-7.03,-7.11,0.0,0.0,13.94,-0.7,-14.15,13.24,-0.9
2581,-0.0,-0.0,-0.0,0.0,0.0,0.0,-10.75,-2.88,-0.0,0.0,11.88,-1.23,-13.63,10.66,-2.97
2591,-0.0,-0.0,-0.0,0.0,0.0,0.0,-8.36,-4.1,0.0,-0.0,13.89,-1.21,-12.46,12.68,0.22
2601,-0.0,0.0,-0.0,0.0,0.0,0.0,-10.04,-3.08,-0.0,0.0,12.33,-1.15,-13.13,11.18,-1.95
2611,0.0,-0.0,-0.0,-0.0,-0.0,0.0,-8.72,-7.93,-0.0,-0.0,15.7,-1.04,-16.65,14.66,-1.98
2621,0.0,0.0,0.0,-0.0,-0.0,0.0,-9.12,-7.03,-0.0,0.0,15.24,-0.99,-16.15,14.25,-1.9
2631,0.0,-0.0,0.0,0.0,-0.0,0.0,-8.59,-8.58,-0.0,-0.0,17.25,-0.96,-17.17,16.29,-0.89
2641,0.0,-0.0,0.0,-0.0,0.0,0.0,-9.53,-6.59,-0.0,-0.0,14.82,-1.08,-16.13,13.74,-2.39
2651,-0.0,0.0,-0.0,-0.0,0.0,0.0,-8.8,-7.74,-0.0,-0.0,16.2,-0.93,-16.54,15.27,-1.27
2661,0.0,-0.0,-0.0,-0.0,-0.0,0.0,-10.05,-7.67,-0.0,0.0,17.21,-1.18,-17.72,16.03,-1.69
2671,0.0,0.0,0.0,0.0,0.0,0.0,-7.66,-7.27,-0.0,0.0,14.07,-0.98,-14.93,13.08,-1.85
2681,0.0,-0.0,-0.0,-0.0,-0.0,0.0,-7.42,-2.57,0.0,0.0,10.31,-0.88,-9.99,9.43,-0.56
2691,0.0,0.0,0.0,-0.0,0.0,0.0,-7.23,-6.04,0.0,-0.0,12.92,-0.84,-13.27,12.08,-1.19
2701,0.0,-0.0,0.0,0.0,0.0,0.0,-6.99,-9.01,-0.0,0.0,15.46,-0.81,-16.0,14.65,-1.35
2711,0.0,0.0,-0.0,-0.0,0.0,0.0,-9.76,-10.17,-0.0,-0.0,18.8,-1.24,-19.94,17.55,-2.38
2721,0.0,-0.0,-0.0,0.0,-0.0,0.0,-10.22,-6.96,-0.0,0.0,15.38,-1.12,-17.18,14.26,-2.92
2731,-0.0,-0.0,0.0,0.0,-0.0,0.0,-8.45,-7.07,0.0,0.0,14.94,-1.03,-15.52,13.9,-1.62
2741,0.0,0.0,-0.0,0.0,-0.0,0.0,-8.63,-6.33,-0.0,-0.0,14.27,-1.02,-14.96,13.25,-1.71
2751,-0.0,0.0,-0.0,-0.0,-0.0,0.0,-8.98,-7.1,-0.0,0.0,16.15,-1.07,-16.08,15.08,-1.01
2761,-0.0,-0.0,0.0,0.0,-0.0,0.0,-4.26,-9.68,-0.0,-0.0,18.26,-1.07,-13.94,17.19,3.24
2771,0.0,0.0,-0.0,0.0,0.0,0.0,-9.77,-6.37,0.0,0.0,14.82,-1.14,-16.15,13.69,-2.46
2781,0.0,-0.0,-0.0,-0.0,0.0,0.0,-8.53,-7.01,-0.0,0.0,14.72,-0.99,-15.54,13.73,-1.81
2791,-0.0,0.0,-0.0,0.0,0.0,0.0,-10.72,-6.68,-0.0,0.0,17.61,-1.45,-17.4,16.16,-1.24
2801,0.0,0.0,-0.0,0.0,-0.0,0.0,-8.3,-8.97,-0.0,0.0,16.3,-1.01,-17.26,15.29,-1.98
2811,0.0,0.0,-0.0,0.0,0.0,0.0,-9.78,-0.28,-0.0,0.0,8.48,-1.19,-10.06,7.29,-2.77
2821,0.0,-0.0,-0.0,-0.0,-0.0,0.0,-10.3,0.83,0.0,-0.0,8.55,-1.32,-9.47,7.23,-2.24
2831,0.0,-0.0,0.0,-0.0,-0.0,0.0,-7.46,-12.18,-0.0,-0.0,21.55,-1.21,-19.63,20.34,0.7
2841,0.0,0.0,-0.0,-0.0,-0.0,0.0,-9.71,-4.12,-0.0,0.0,14.75,-1.3,-13.83,13.46,-0.37
2851,-0.0,-0.0,-0.0,0.0,0.0,0.0,-4.72,-4.63,0.0,-0.0,9.6,-0.46,-9.35,9.14,-0.21
2861,0.0,-0.0,0.0,0.0,0.0,0.0,-6.76,-6.43,0.0,-0.0,12.8,-0.83,-13.19,11.97,-1.22
2871,0.0,-0.0,-0.0,-0.0,-0.0,0.0,-8.77,-8.42,-0.0,0.0,15.95,-1.11,-17.19,14.84,-2.35
2881,0.0,-0.0,0.0,-0.0,-0.0,0.0,-6.77,-6.99,0.0,-0.0,14.51,-0.86,-13.76,13.64,-0.12
2891,-0.0,-0.0,-0.0,0.0,-0.0,0.0,-7.29,-10.46,0.0,-0.0,17.65,-0.97,-17.75,16.68,-1.07
2901,0.0,-0.0,-0.0,0.0,0.0,0.0,-9.32,-9.3,-0.0,0.0,17.55,-1.12,-18.61,16.43,-2.18
2911,-0.0,0.0,0.0,0.0,-0.0,0.0,-9.23,-4.7,-0.0,0.0,13.09,-1.02,-13.93,12.07,-1.86
2921,-0.0,-0.0,0.0,0.0,-0.0,0.0,-9.58,-7.51,0.0,-0.0,16.01,-1.05,-17.09,14.96,-2.13
2931,0.0,-0.0,-0.0,-0.0,0.0,0.0,-9.26,-9.91,0.0,-0.0,17.87,-0.97,-19.17,16.9,-2.27
2941,0.0,0.0,0.0,-0.0,-0.0,0.0,-8.64,-12.84,-0.0,0.0,20.68,-0.98,-21.48,19.69,-1.78
2951,0.0,0.0,0.0,-0.0,-0.0,0.0,-9.4,-4.06,0.0,-0.0,12.77,-1.18,-13.46,11.6,-1.86
2961,0.0,-0.0,0.0,0.0,-0.0,0.0,-9.29,-3.97,0.0,0.0,12.5,-1.06,-13.27,11.44,-1.83
2971,-0.0,0.0,0.0,-0.0,-0.0,0.0,-11.87,-3.26,-0.0,-0.0,13.95,-1.52,-15.13,12.43,-2.7
2981,0.0,0.0,0.0,-0.0,0.0,0.0,-10.17,-3.45,0.0,-0.0,13.36,-1.37,-13.62,11.99,-1.63
2991,0.0,-0.0,-0.0,-0.0,-0.0,0.0,-9.63,-4.73,0.0,-0.0,12.88,-1.08,-14.36,11.8,-2.56
3001,-0.0,0.0,0.0,-0.0,-0.0,0.0,-10.41,-2.47,-0.0,-0.0,11.84,-1.29,-12.88,10.55,-2.33
3011,-0.0,-0.0,-0.0,0.0,0.0,0.0,-12.97,-3.71,-0.0,0.0,14.89,-1.94,-16.68,12.95,-3.73
3021,-0.0,0.0,-0.0,-0.0,0.0,0.0,-8.85,-7.48,0.0,0.0,15.98,-1.07,-16.33,14.9,-1.43
3031,0.0,0.0,0.0,-0.0,-0.0,0.0,-9.19,-8.36,0.0,-0.0,16.28,-0.98,-17.55,15.3,-2.25
3041,0.0,-0.0,0.0,0.0,-0.0,0.0,-9.46,1.21,-0.0,0.0,7.94,-1.17,-8.25,6.77,-1.47
3051,0.0,-0.0,-0.0,-0.0,0.0,0.0,-13.88,-6.75,-0.0,-0.0,18.73,-1.87,-20.63,16.86,-3.77
3061,0.0,0.0,-0.0,-0.0,-0.0,0.0,-12.09,-7.0,-0.0,-0.0,17.29,-1.67,-19.09,15.62,-3.47
3071,-0.0,0.0,-0.0,-0.0,0.0,0.0,-13.21,-11.33,-0.0,0.0,22.67,-1.82,-24.54,20.85,-3.69
3081,-0.0,-0.0,0.0,0.0,-0.0,0.0,-11.71,-10.91,0.0,-0.0,22.19,-1.6,-22.63,20.6,-2.03
3091,-0.0,0.0,0.0,0.0,-0.0,0.0,-12.45,-7.98,0.0,-0.0,17.97,-1.76,-20.43,16.21,-4.22
3101,-0.0,0.0,0.0,-0.0,-0.0,0.0,-7.85,-3.85,0.0,-0.0,17.14,-1.64,-11.71,15.5,3.79
3111,0.0,-0.0,0.0,-0.0,0.0,0.0,-13.77,-8.31,0.0,0.0,19.47,-1.91,-22.08,17.56,-4.52
3121,0.0,0.0,-0.0,0.0,-0.0,0.0,-12.18,-8.58,-0.0,-0.0,18.0,-1.74,-20.77,16.26,-4.51
3131,-0.0,0.0,0.0,-0.0,0.0,0.0,-15.12,-7.05,0.0,-0.0,18.03,-2.0,-22.17,16.04,-6.13
3141,-0.0,0.0,-0.0,0.0,0.0,0.0,-13.02,-10.43,-0.0,0.0,21.56,-1.93,-23.45,19.63,-3.82
3151,0.0,-0.0,-0.0,-0.0,-0.0,0.0,-8.95,2.8,-0.0,0.0,8.49,-1.16,-6.14,7.33,1.19
3161,0.0,0.0,-0.0,0.0,0.0,0.0,-10.86,0.76,0.0,0.0,11.15,-1.44,-10.1,9.71,-0.39
3171,0.0,0.0,0.0,0.0,0.0,0.0,-9.89,5.68,0.0,0.0,4.83,-1.36,-4.21,3.47,-0.74
3181,-0.0,0.0,-0.0,0.0,0.0,0.0,-11.54,3.18,-0.0,0.0,8.54,-1.42,-8.36,7.12,-1.24
3191,-0.0,0.0,0.0,-0.0,-0.0,0.0,-6.89,-5.24,-0.0,-0.0,12.25,-0.75,-12.13,11.5,-0.63
3201,0.0,-0.0,-0.0,0.0,-0.0,0.0,-6.89,-9.17,-0.0,-0.0,15.87,-0.76,-16.05,15.11,-0.94
3211,0.0,0.0,-0.0,-0.0,0.0,0.0,-6.04,-8.43,0.0,-0.0,14.62,-0.68,-14.47,13.94,-0.53
3221,-0.0,-0.0,0.0,-0.0,-0.0,0.0,-9.2,-5.64,-0.0,-0.0,14.45,-1.33,-14.84,13.12,-1.71
3231,0.0,-0.0,-0.0,0.0,0.0,0.0,-6.61,-9.46,-0.0,-0.0,15.98,-0.65,-16.07,15.32,-0.75
3241,0.0,0.0,-0.0,0.0,-0.0,0.0,-5.95,-8.17,-0.0,-0.0,14.72,-0.74,-14.12,13.98,-0.15
3251,0.0,0.0,-0.0,-0.0,-0.0,0.0,-10.62,-5.83,0.0,0.0,13.91,-1.12,-16.45,12.79,-3.66
3261,0.0,-0.0,0.0,-0.0,0.0,0.0,-10.35,-7.4,-0.0,-0.0,16.15,-1.16,-17.75,14.99,-2.76
3271,0.0,-0.0,0.0,0.0,0.0,0.0,-9.36,-5.73,-0.0,-0.0,13.52,-1.06,-15.08,12.45,-2.63
3281,0.0,-0.0,-0.0,-0.0,-0.0,0.0,-9.76,-5.28,-0.0,0.0,13.37,-1.09,-15.04,12.28,-2.76
3291,-0.0,-0.0,-0.0,-0.0,0.0,0.0,-9.75,-9.34,-0.0,-0.0,18.68,-1.12,-19.09,17.56,-1.53
3301,-0.0,-0.0,-0.0,0.0,-0.0,0.0,-9.04,-10.81,-0.0,0.0,18.97,-1.06,-19.85,17.91,-1.94
3311,-0.0,-0.0,0.0,-0.0,0.0,0.0,-9.46,-3.32,-0.0,-0.0,11.7,-1.23,-12.78,10.47,-2.31
3321,-0.0,-0.0,-0.0,0.0,0.0,0.0,-10.04,-8.06,-0.0,0.0,17.6,-1.15,-18.11,16.45,-1.65
3331,0.0,0.0,-0.0,0.0,-0.0,0.0,-8.14,-10.71,0.0,0.0,18.82,-0.94,-18.86,17.87,-0.98
3341,0.0,-0.0,0.0,0.0,-0.0,0.0,-10.31,-2.33,0.0,0.0,11.21,-1.26,-12.64,9.95,-2.69
3351,0.0,0.0,0.0,0.0,0.0,0.0,-8.33,1.2,0.0,0.0,7.72,-1.17,-7.13,6.55,-0.57
3361,-0.0,0.0,-0.0,-0.0,0.0,0.0,-8.73,-9.37,-0.0,0.0,17.34,-1.1,-18.1,16.24,-1.86
3371,-0.0,-0.0,0.0,0.0,0.0,0.0,-8.45,-7.15,0.0,0.0,14.96,-0.93,-15.61,14.03,-1.58
3381,-0.0,-0.0,0.0,0.0,0.0,0.0,-11.37,-2.86,-0.0,0.0,13.0,-1.3,-14.23,11.69,-2.53
3391,-0.0,0.0,-0.0,-0.0,0.0,0.0,-8.84,0.14,-0.0,-0.0,7.31,-1.19,-8.71,6.12,-2.59
3401,-0.0,-0.0,0.0,0.0,-0.0,0.0,-9.68,0.62,-0.0,0.0,9.81,-1.16,-9.06,8.65,-0.41
3411,-0.0,0.0,-0.0,0.0,0.0,0.0,-9.05,-9.06,0.0,-0.0,16.74,-1.02,-18.11,15.72,-2.39
3421,-0.0,-0.0,0.0,-0.0,0.0,0.0,-9.77,-7.69,-0.0,0.0,16.3,-1.13,-17.47,15.17,-2.3
3431,-0.0,-0.0,-0.0,0.0,-0.0,0.0,-8.89,-7.19,-0.0,-0.0,15.07,-1.13,-16.09,13.94,-2.15
3441,-0.0,-0.0,0.0,0.0,0.0,0.0,-7.69,-1.06,-0.0,-0.0,8.36,-0.93,-8.74,7.43,-1.31
3451,-0.0,0.0,0.0,-0.0,-0.0,0.0,-9.15,-4.82,-0.0,0.0,13.76,-1.13,-13.97,12.63,-1.34
3461,0.0,0.0,-0.0,0.0,-0.0,0.0,-7.03,-3.06,0.0,-0.0,10.28,-0.95,-10.09,9.33,-0.76
3471,0.0,-0.0,-0.0,-0.0,-0.0,0.0,-9.24,-6.72,-0.0,-0.0,15.59,-1.08,-15.96,14.5,-1.45
3481,0.0,-0.0,0.0,-0.0,0.0,0.0,-8.89,-10.34,0.0,-0.0,19.28,-1.09,-19.23,18.18,-1.05
3491,0.0,-0.0,0.0,0.0,-0.0,0.0,-8.84,-5.67,0.0,0.0,14.62,-1.17,-14.52,13.46,-1.06
3501,-0.0,-0.0,0.0,0.0,0.0,0.0,-8.97,-9.46,-0.0,0.0,16.96,-1.06,-18.42,15.9,-2.52
3511,0.0,-0.0,-0.0,0.0,0.0,0.0,-8.93,-7.19,0.0,0.0,16.92,-1.28,-16.12,15.64,-0.47
3521,-0.0,0.0,0.0,0.0,0.0,0.0,-8.11,-9.84,-0.0,0.0,17.23,-0.93,-17.95,16.3,-1.65
3531,0.0,0.0,0.0,0.0,-0.0,0.0,-7.56,-6.5,0.0,0.0,13.44,-0.88,-14.06,12.56,-1.5
3541,0.0,0.0,0.0,-0.0,-0.0,0.0,-7.54,-8.17,-0.0,0.0,15.92,-0.87,-15.72,15.05,-0.66
3551,0.0,0.0,-0.0,-0.0,0.0,0.0,-8.04,-8.36,0.0,-0.0,17.02,-1.03,-16.4,15.99,-0.41
3561,0.0,0.0,-0.0,0.0,-0.0,0.0,-10.14,-7.86,-0.0,-0.0,16.7,-1.09,-18.01,15.61,-2.4
3571,0.0,0.0,0.0,0.0,0.0,0.0,-8.45,-7.58,-0.0,-0.0,15.94,-0.96,-16.03,14.98,-1.05
3581,-0.0,0.0,-0.0,-0.0,-0.0,0.0,-9.72,-6.67,-0.0,-0.0,16.52,-1.25,-16.39,15.27,-1.12
3591,-0.0,0.0,0.0,-0.0,0.0,0.0,-8.76,-6.46,0.0,-0.0,14.14,-1.13,-15.22,13.02,-2.2
3601,0.0,-0.0,-0.0,-0.0,-0.0,0.0,-8.51,-3.92,0.0,-0.0,12.77,-1.07,-12.43,11.71,-0.73
3611,-0.0,-0.0,0.0,0.0,-0.0,0.0,-9.79,-7.39,-0.0,0.0,16.46,-1.33,-17.18,15.13,-2.05
3621,-0.0,0.0,-0.0,0.0,-0.0,0.0,-8.74,-4.34,0.0,0.0,12.95,-1.05,-13.08,11.9,-1.18
3631,0.0,0.0,0.0,0.0,-0.0,0.0,-8.14,-4.62,0.0,0.0,13.98,-1.16,-12.76,12.82,0.06
3641,0.0,-0.0,-0.0,-0.0,-0.0,0.0,-10.18,-6.59,0.0,-0.0,16.34,-1.35,-16.76,14.99,-1.77
3651,0.0,-0.0,0.0,0.0,0.0,0.0,-11.98,-7.87,0.0,-0.0,19.85,-1.58,-19.85,18.27,-1.58
3661,0.0,0.0,0.0,-0.0,0.0,0.0,-11.08,-8.1,-0.0,-0.0,17.19,-1.37,-19.18,15.82,-3.36
3671,-0.0,0.0,0.0,0.0,0.0,0.0,-8.45,-4.93,-0.0,-0.0,13.44,-1.11,-13.38,12.34,-1.05
3681,0.0,0.0,0.0,-0.0,0.0,0.0,-10.36,-6.22,-0.0,0.0,15.31,-1.22,-16.58,14.09,-2.49
3691,0.0,-0.0,0.0,-0.0,0.0,0.0,-9.97,-6.73,-0.0,0.0,16.55,-1.32,-16.7,15.24,-1.46
3701,0.0,0.0,0.0,0.0,-0.0,0.0,-11.4,-8.47,0.0,0.0,18.3,-1.29,-19.87,17.01,-2.86
3711,0.0,0.0,-0.0,-0.0,0.0,0.0,-10.25,-6.43,0.0,0.0,15.25,-1.29,-16.67,13.95,-2.72
3721,-0.0,0.0,0.0,0.0,-0.0,0.0,-10.03,-4.91,-0.0,0.0,13.75,-1.2,-14.95,12.54,-2.41
3731,-0.0,-0.0,-0.0,-0.0,-0.0,0.0,-10.41,-8.67,-0.0,-0.0,17.1,-1.31,-19.08,15.79,-3.29
3741,0.0,0.0,0.0,0.0,-0.0,0.0,-8.68,-6.19,-0.0,-0.0,14.31,-1.31,-14.87,13.0,-1.87
3751,-0.0,-0.0,0.0,0.0,-0.0,0.0,-10.22,-7.02,-0.0,-0.0,15.65,-1.23,-17.24,14.42,-2.82
3761,0.0,-0.0,-0.0,0.0,0.0,0.0,-9.65,-6.64,-0.0,-0.0,16.38,-1.3,-16.29,15.09,-1.2
3771,-0.0,0.0,-0.0,-0.0,0.0,0.0,-10.42,-6.59,-0.0,-0.0,16.96,-1.28,-17.02,15.68,-1.34
3781,0.0,0.0,-0.0,-0.0,-0.0,0.0,-9.24,-8.12,-0.0,0.0,16.31,-1.15,-17.36,15.17,-2.2
3791,0.0,-0.0,0.0,-0.0,-0.0,0.0,-10.97,-6.06,0.0,-0.0,16.35,-1.32,-17.03,15.03,-2.0
3801,0.0,-0.0,0.0,0.0,0.0,0.0,-12.25,-7.38,0.0,-0.0,17.61,-1.43,-19.62,16.17,-3.45
3811,-0.0,0.0,0.0,-0.0,0.0,0.0,-12.73,-6.77,-0.0,-0.0,18.25,-1.56,-19.49,16.69,-2.81
3821,0.0,0.0,0.0,0.0,0.0,0.0,-10.33,-10.92,-0.0,-0.0,21.32,-1.47,-21.25,19.85,-1.4
3831,0.0,0.0,0.0,0.0,-0.0,0.0,-11.16,-8.14,0.0,0.0,17.34,-1.34,-19.3,16.01,-3.29
3841,-0.0,0.0,-0.0,-0.0,-0.0,0.0,-12.03,-7.33,-0.0,-0.0,17.45,-1.65,-19.36,15.81,-3.56
3851,0.0,-0.0,-0.0,0.0,0.0,0.0,-10.63,-5.33,0.0,0.0,15.61,-1.35,-15.96,14.26,-1.7
3861,-0.0,-0.0,0.0,-0.0,0.0,0.0,-10.97,-7.34,0.0,0.0,17.08,-1.34,-18.31,15.74,-2.56
3871,-0.0,-0.0,-0.0,0.0,-0.0,0.0,-11.48,-3.99,-0.0,0.0,13.24,-1.4,-15.47,11.84,-3.63
3881,0.0,-0.0,0.0,0.0,0.0,0.0,-10.6,-8.21,-0.0,0.0,17.31,-1.38,-18.81,15.93,-2.89
3891,0.0,-0.0,-0.0,0.0,0.0,0.0,-9.44,-8.64,-0.0,-0.0,18.94,-1.37,-18.07,17.57,-0.51
3901,-0.0,0.0,0.0,0.0,0.0,0.0,-10.42,-8.35,0.0,0.0,17.61,-1.28,-18.77,16.33,-2.44
3911,0.0,0.0,0.0,-0.0,0.0,0.0,-9.87,-5.97,0.0,0.0,14.65,-1.14,-15.84,13.51,-2.33
3921,-0.0,0.0,-0.0,0.0,0.0,0.0,-10.73,-6.03,-0.0,0.0,14.97,-1.28,-16.76,13.69,-3.07
3931,0.0,-0.0,-0.0,0.0,0.0,0.0,-10.93,-5.46,0.0,0.0,13.78,-1.27,-16.39,12.5,-3.88
3941,0.0,0.0,0.0,0.0,0.0,0.0,-9.43,-4.08,-0.0,-0.0,12.97,-1.09,-13.51,11.89,-1.62
3951,0.0,0.0,-0.0,-0.0,0.0,0.0,-10.86,-7.21,0.0,-0.0,19.48,-1.39,-18.07,18.09,0.02
3961,-0.0,0.0,-0.0,0.0,0.0,0.0,-9.28,-6.41,-0.0,0.0,14.28,-1.09,-15.69,13.19,-2.5
3971,-0.0,0.0,0.0,0.0,-0.0,0.0,-9.44,-6.77,-0.0,-0.0,15.5,-1.19,-16.21,14.32,-1.89
3981,0.0,0.0,0.0,-0.0,0.0,0.0,-11.22,-6.69,0.0,0.0,14.61,-1.41,-17.91,13.2,-4.71
3991,-0.0,-0.0,-0.0,-0.0,-0.0,0.0,-10.41,-5.6,-0.0,-0.0,15.44,-1.24,-16.01,14.2,-1.81
4001,-0.0,-0.0,-0.0,0.0,-0.0,0.0,-9.16,-6.11,0.0,0.0,14.93,-1.24,-15.27,13.69,-1.58


