GENERALIZED BORN:
Complex Energy Terms
Frame #,BOND,ANGLE,DIHED,UB,IMP,CMAP,VDWAALS,EEL,1-4 VDW,1-4 EEL,EGB,ESURF,GGAS,GSOLV,TOTAL
1,509.91,1229.52,1532.41,134.62,77.65,-49.26,-986.94,-9229.83,505.99,7728.61,-1847.07,74.78,1452.66,-1772.3,-319.63
11,493.62,1205.83,1554.2,132.7,77.23,-64.48,-990.96,-9301.52,514.91,7775.28,-1793.17,72.37,1396.82,-1720.8,-323.98
21,531.44,1212.67,1544.94,134.66,74.39,-46.69,-999.34,-9308.66,504.52,7792.9,-1807.93,73.03,1440.82,-1734.9,-294.08
31,525.91,1221.52,1560.95,143.75,77.96,-55.51,-986.57,-9345.0,501.26,7714.65,-1732.35,71.78,1358.93,-1660.57,-301.64
41,479.29,1179.23,1552.51,138.38,80.77,-68.54,-988.4,-9357.69,518.61,7787.75,-1776.98,72.33,1321.91,-1704.66,-382.75
51,528.84,1173.47,1554.35,135.82,79.92,-66.47,-994.29,-9218.26,502.15,7717.81,-1836.72,71.68,1413.33,-1765.03,-351.7
61,526.2,1194.09,1534.54,141.36,80.4,-60.98,-984.54,-9204.7,509.58,7738.45,-1869.74,73.04,1474.42,-1796.7,-322.28
71,526.41,1199.53,1561.43,137.26,78.76,-64.81,-978.35,-9252.69,503.49,7782.77,-1842.59,73.39,1493.79,-1769.2,-275.41
81,498.57,1220.02,1543.7,138.54,76.47,-67.63,-1003.55,-9241.97,497.32,7715.75,-1814.58,71.27,1377.21,-1743.31,-366.1
91,535.62,1181.92,1537.47,133.43,75.31,-50.42,-985.09,-9223.5,487.07,7710.78,-1836.05,72.36,1402.58,-1763.69,-361.11
101,495.55,1220.98,1546.41,139.71,79.07,-60.68,-970.19,-9290.55,502.47,7727.12,-1783.83,71.19,1389.89,-1712.64,-322.75
111,503.07,1196.52,1556.1,138.7,76.0,-68.04,-1014.16,-9241.61,503.57,7740.61,-1815.23,71.76,1390.76,-1743.47,-352.71
121,490.96,1241.22,1553.04,133.62,73.84,-82.01,-1020.56,-9229.85,486.54,7697.07,-1805.89,72.56,1343.87,-1733.33,-389.46
131,508.53,1144.08,1546.42,136.99,73.37,-55.43,-1012.45,-9305.5,508.17,7827.27,-1803.82,72.9,1371.44,-1730.92,-359.48
141,518.59,1247.27,1558.23,141.01,67.58,-63.56,-981.42,-9291.69,504.89,7803.46,-1839.46,73.85,1504.37,-1765.61,-261.24
151,508.7,1209.4,1536.82,133.62,79.53,-66.27,-978.49,-9302.34,495.35,7756.37,-1801.59,72.71,1372.68,-1728.88,-356.19
161,538.96,1193.87,1575.17,135.31,83.06,-57.17,-1004.3,-9255.83,502.77,7757.33,-1812.59,72.46,1469.18,-1740.13,-270.95
171,474.27,1190.59,1545.25,136.97,82.51,-67.29,-1027.17,-9317.7,492.81,7793.63,-1798.17,71.95,1303.87,-1726.22,-422.35
181,490.19,1210.92,1560.28,145.02,75.68,-51.69,-999.94,-9314.2,507.52,7798.02,-1792.89,71.56,1421.79,-1721.33,-299.53
191,517.13,1225.4,1541.06,130.29,77.53,-65.86,-988.19,-9264.62,503.87,7704.01,-1799.95,72.74,1380.62,-1727.2,-346.59
201,497.77,1237.0,1543.71,131.25,77.18,-61.05,-977.41,-9271.26,488.75,7777.97,-1840.43,72.71,1443.91,-1767.71,-323.8
211,501.7,1210.32,1554.87,134.32,77.31,-55.53,-981.7,-9271.15,503.32,7769.93,-1843.58,73.73,1443.39,-1769.85,-326.47
221,542.3,1191.43,1550.16,136.42,87.15,-63.28,-982.49,-9282.7,516.72,7759.44,-1822.23,73.09,1455.13,-1749.14,-294.01
231,481.79,1226.84,1532.5,140.96,74.12,-63.94,-991.93,-9321.16,511.94,7805.68,-1823.18,72.99,1396.81,-1750.19,-353.38
241,522.57,1155.53,1541.84,136.69,72.37,-64.19,-993.01,-9248.4,522.82,7775.93,-1838.13,72.92,1422.17,-1765.21,-343.04
251,481.41,1180.06,1533.7,131.47,80.76,-60.53,-982.54,-9269.16,519.35,7774.07,-1824.98,73.77,1388.6,-1751.21,-362.62
261,468.89,1165.87,1565.19,137.39,78.84,-60.94,-1006.63,-9216.58,534.57,7787.89,-1860.97,72.55,1454.49,-1788.42,-333.92
271,513.3,1201.39,1550.54,147.4,74.57,-71.24,-982.15,-9281.32,519.5,7766.04,-1833.39,73.05,1438.02,-1760.34,-322.32
281,525.58,1204.89,1547.87,137.22,75.89,-59.49,-988.83,-9186.53,496.94,7717.48,-1859.37,73.55,1471.03,-1785.82,-314.79
291,536.46,1193.91,1549.94,134.74,75.6,-80.78,-987.67,-9220.24,497.55,7715.74,-1840.54,73.76,1415.26,-1766.78,-351.52
301,530.45,1250.79,1560.77,137.5,70.5,-68.79,-1000.91,-9172.1,508.1,7766.94,-1885.19,74.17,1583.26,-1811.03,-227.77
311,513.37,1181.7,1550.5,135.14,69.7,-62.33,-1002.49,-9173.43,498.27,7709.73,-1866.3,73.21,1420.14,-1793.09,-372.95
321,532.38,1206.54,1560.15,140.66,88.83,-60.67,-999.99,-9159.05,499.21,7700.84,-1881.24,72.28,1508.89,-1808.96,-300.07
331,524.68,1232.57,1553.98,140.12,70.34,-66.99,-1005.94,-9170.44,505.28,7760.43,-1876.3,72.77,1544.04,-1803.53,-259.49
341,526.88,1185.83,1566.18,135.52,90.02,-72.2,-983.47,-9280.92,498.24,7772.11,-1825.54,72.87,1438.18,-1752.66,-314.48
351,516.71,1224.19,1563.73,133.76,77.68,-71.18,-1006.61,-9148.22,498.37,7693.41,-1874.34,72.78,1481.85,-1801.57,-319.72
361,513.06,1213.23,1549.94,132.87,70.78,-64.55,-1009.48,-9117.74,499.23,7712.58,-1916.38,73.41,1499.91,-1842.97,-343.06
371,524.84,1231.13,1535.42,137.27,82.34,-61.88,-1020.37,-9215.52,498.26,7730.49,-1848.71,71.63,1441.96,-1777.08,-335.11
381,509.12,1220.31,1565.05,136.74,74.25,-69.68,-990.34,-9181.51,498.86,7713.1,-1852.66,72.98,1475.91,-1779.68,-303.77
391,525.17,1180.89,1559.63,130.98,79.5,-71.5,-984.2,-9188.65,512.68,7723.68,-1868.78,71.51,1468.19,-1797.26,-329.07
401,509.56,1261.44,1536.26,135.17,85.26,-65.29,-1015.26,-9265.55,504.15,7678.85,-1761.56,70.91,1364.59,-1690.65,-326.06
411,507.94,1172.53,1525.25,133.17,65.77,-54.98,-982.87,-9261.1,526.56,7738.25,-1807.87,72.79,1370.5,-1735.08,-364.58
421,494.32,1194.01,1538.92,135.19,76.74,-63.39,-1026.28,-9234.59,509.5,7772.51,-1850.66,72.0,1396.93,-1778.66,-381.73
431,505.67,1227.8,1549.64,130.73,89.0,-63.74,-985.99,-9237.94,503.6,7744.77,-1833.42,72.6,1463.53,-1760.82,-297.29
441,545.2,1213.61,1553.12,148.08,60.83,-70.35,-997.53,-9264.97,501.7,7706.85,-1788.16,72.38,1396.53,-1715.78,-319.26
451,488.09,1199.37,1569.07,130.69,76.3,-69.73,-984.37,-9232.85,502.27,7752.2,-1846.92,73.06,1431.03,-1773.85,-342.82
461,526.97,1166.9,1575.51,137.38,81.74,-66.29,-987.95,-9206.3,522.05,7718.86,-1840.96,71.28,1468.87,-1769.68,-300.81
471,463.52,1239.9,1564.25,137.66,74.24,-59.68,-1016.55,-9214.94,527.07,7758.53,-1852.79,73.1,1473.98,-1779.69,-305.71
481,505.13,1222.09,1532.77,136.18,73.19,-75.37,-995.16,-9196.09,493.73,7709.28,-1850.03,71.91,1405.72,-1778.11,-372.39
491,449.74,1264.33,1548.08,136.52,75.16,-64.16,-1014.13,-9248.57,516.43,7746.3,-1821.4,74.15,1409.71,-1747.25,-337.54
501,479.15,1213.86,1535.47,129.27,79.25,-61.08,-987.49,-9298.04,507.34,7776.03,-1832.89,72.25,1373.75,-1760.64,-386.89
511,487.09,1194.7,1552.8,134.94,66.05,-66.15,-1020.16,-9229.01,498.34,7718.47,-1836.88,72.57,1337.08,-1764.31,-427.23
521,528.82,1190.06,1551.44,138.97,78.38,-63.22,-995.98,-9241.7,501.82,7760.74,-1841.37,71.15,1449.33,-1770.22,-320.89
531,506.29,1192.82,1544.96,137.65,72.77,-63.68,-987.47,-9298.53,508.86,7780.2,-1829.56,72.35,1393.86,-1757.2,-363.34
541,500.12,1233.71,1565.37,140.29,74.27,-62.58,-1002.25,-9226.63,511.9,7725.71,-1829.68,72.26,1459.91,-1757.42,-297.51
551,497.61,1243.18,1544.93,133.19,73.47,-62.8,-1001.37,-9140.57,511.53,7662.31,-1872.09,73.71,1461.49,-1798.38,-336.89
561,534.82,1156.23,1534.6,128.32,72.35,-60.96,-999.83,-9250.44,497.03,7706.85,-1801.8,73.0,1318.97,-1728.79,-409.83
571,492.66,1221.15,1549.09,135.08,69.51,-80.76,-1003.38,-9247.46,498.69,7747.48,-1823.82,73.29,1382.06,-1750.53,-368.47
581,513.33,1231.96,1537.94,140.84,83.03,-62.64,-1015.71,-9234.76,489.25,7721.78,-1804.24,72.28,1405.03,-1731.96,-326.93
591,499.48,1225.03,1551.81,142.77,77.47,-69.6,-992.25,-9196.43,517.35,7705.21,-1838.23,73.66,1460.84,-1764.57,-303.73
601,514.55,1187.58,1532.36,134.93,83.94,-61.98,-1017.54,-9189.66,518.29,7740.55,-1864.78,72.94,1443.02,-1791.84,-348.82
611,510.85,1198.24,1528.53,134.57,68.35,-50.76,-1012.86,-9197.84,509.49,7749.38,-1850.29,74.53,1437.95,-1775.77,-337.81
621,486.83,1227.52,1540.09,142.23,74.6,-65.14,-1019.79,-9248.06,530.6,7750.02,-1831.96,72.29,1418.89,-1759.67,-340.78
631,547.82,1197.58,1553.38,142.79,77.02,-54.87,-1014.83,-9254.79,520.63,7746.99,-1818.52,72.56,1461.72,-1745.96,-284.23
641,513.18,1231.31,1536.11,137.25,83.16,-54.03,-998.5,-9304.39,512.43,7755.54,-1787.9,72.2,1412.07,-1715.7,-303.63
651,497.29,1220.47,1568.08,132.44,73.89,-76.61,-1027.64,-9268.51,519.36,7718.61,-1780.46,72.18,1357.39,-1708.28,-350.88
661,514.61,1184.03,1532.26,134.73,78.78,-61.22,-972.65,-9304.0,500.72,7759.86,-1788.89,72.8,1367.11,-1716.09,-348.98
671,491.69,1168.51,1542.03,133.43,79.07,-69.99,-981.05,-9236.22,513.15,7758.71,-1844.6,72.93,1399.32,-1771.67,-372.35
681,510.45,1245.25,1526.53,139.54,68.48,-49.99,-998.32,-9215.17,519.17,7689.82,-1823.44,71.66,1435.77,-1751.79,-316.02
691,514.98,1230.79,1536.0,138.47,73.73,-64.39,-994.2,-9266.32,509.28,7730.98,-1812.85,74.62,1409.33,-1738.23,-328.9
701,535.16,1198.55,1539.87,137.19,79.97,-46.79,-1005.38,-9309.22,490.69,7751.42,-1796.46,72.02,1371.48,-1724.43,-352.96
711,490.1,1159.86,1544.61,128.0,71.97,-70.91,-995.95,-9307.28,533.39,7839.93,-1830.51,71.66,1393.7,-1758.85,-365.15
721,497.67,1168.47,1545.08,131.17,73.9,-49.27,-984.01,-9278.76,512.51,7755.76,-1817.28,72.44,1372.51,-1744.84,-372.34
731,521.81,1152.02,1531.14,130.5,79.12,-58.64,-1002.09,-9212.89,506.1,7803.65,-1893.55,74.96,1450.72,-1818.59,-367.87
741,512.37,1208.96,1545.31,128.32,69.55,-58.05,-989.55,-9214.56,509.8,7710.19,-1840.05,73.78,1422.33,-1766.27,-343.94
751,531.76,1212.58,1525.76,137.79,81.89,-66.9,-977.46,-9261.31,506.29,7842.31,-1902.27,73.88,1532.71,-1828.39,-295.68
761,485.62,1211.71,1552.52,130.08,81.38,-64.95,-991.46,-9314.11,512.12,7761.64,-1797.26,73.36,1364.56,-1723.9,-359.34
771,523.29,1149.78,1531.27,127.07,70.04,-68.58,-994.17,-9154.41,512.6,7792.93,-1930.04,73.04,1489.82,-1857.01,-367.19
781,495.52,1187.19,1545.06,138.99,74.8,-65.53,-993.29,-9241.34,529.82,7795.03,-1885.32,73.64,1466.26,-1811.68,-345.43
791,537.69,1202.75,1541.15,136.24,75.22,-64.4,-978.34,-9105.28,497.37,7678.33,-1924.15,74.89,1520.72,-1849.26,-328.54
801,525.18,1200.85,1534.25,137.49,95.08,-71.03,-967.19,-9223.9,528.82,7819.25,-1917.03,74.47,1578.8,-1842.57,-263.77
811,548.12,1189.83,1545.42,127.83,73.71,-58.98,-980.95,-9186.09,522.42,7766.18,-1926.23,74.17,1547.49,-1852.07,-304.58
821,497.29,1159.01,1519.78,132.76,72.83,-66.17,-1016.84,-9242.85,498.72,7830.82,-1884.36,72.28,1385.34,-1812.08,-426.75
831,506.75,1230.27,1524.77,136.05,68.94,-77.52,-1022.9,-9279.3,499.91,7819.84,-1848.66,72.49,1406.8,-1776.18,-369.38
841,489.78,1230.68,1543.92,136.97,70.18,-75.4,-997.52,-9334.92,503.33,7825.85,-1826.81,73.3,1392.86,-1753.51,-360.64
851,458.3,1207.08,1518.93,141.02,78.76,-62.21,-982.36,-9298.59,509.28,7859.08,-1891.67,73.61,1429.29,-1818.06,-388.77
861,524.16,1207.92,1545.31,137.27,63.83,-63.46,-1001.38,-9244.0,510.35,7837.83,-1911.08,72.34,1517.85,-1838.74,-320.89
871,512.19,1192.35,1535.33,139.23,72.54,-54.22,-991.0,-9281.58,512.3,7792.23,-1851.82,72.62,1429.38,-1779.21,-349.83
881,485.2,1246.21,1540.41,126.95,71.06,-60.3,-1009.47,-9287.57,512.04,7801.52,-1854.62,72.35,1426.06,-1782.27,-356.21
891,506.51,1194.92,1517.22,135.42,68.82,-56.7,-998.07,-9350.41,517.25,7833.33,-1834.06,72.45,1368.28,-1761.6,-393.32
901,497.87,1235.91,1552.89,140.75,76.92,-67.29,-1001.11,-9215.87,513.28,7768.71,-1879.88,73.84,1502.07,-1806.04,-303.96
911,479.13,1175.24,1554.34,131.03,74.24,-58.22,-996.21,-9349.98,508.32,7864.81,-1813.41,73.65,1382.71,-1739.76,-357.05
921,493.68,1162.51,1551.36,128.49,69.03,-63.92,-984.96,-9275.67,524.11,7864.68,-1904.98,73.56,1469.31,-1831.42,-362.11
931,522.54,1194.57,1576.97,132.05,74.97,-67.34,-993.98,-9278.74,512.12,7787.19,-1836.14,71.81,1460.34,-1764.33,-303.99
941,496.27,1199.26,1551.1,136.33,77.72,-72.43,-966.21,-9313.11,504.83,7762.41,-1810.3,72.66,1376.17,-1737.64,-361.47
951,514.3,1198.95,1530.35,145.07,79.9,-56.63,-996.24,-9220.53,508.4,7774.08,-1864.06,71.9,1477.65,-1792.15,-314.5
961,507.86,1168.7,1551.98,129.49,78.96,-73.5,-983.23,-9283.19,531.35,7828.82,-1833.09,71.02,1457.23,-1762.07,-304.84
971,475.61,1190.87,1550.57,142.38,82.11,-71.39,-983.86,-9320.08,510.44,7809.55,-1829.98,72.87,1386.2,-1757.12,-370.92
981,506.12,1180.6,1546.24,134.7,76.48,-70.4,-1017.05,-9308.21,498.24,7776.12,-1788.15,72.31,1322.84,-1715.84,-393.0
991,527.34,1176.04,1549.0,135.96,79.16,-65.29,-992.5,-9285.71,499.95,7788.63,-1837.56,72.08,1412.59,-1765.49,-352.9
1001,490.13,1202.65,1563.74,127.39,73.18,-61.08,-1000.0,-9237.95,503.02,7731.18,-1825.88,72.68,1392.27,-1753.2,-360.93
1011,538.59,1219.87,1562.58,140.15,82.45,-62.23,-1007.97,-9311.45,500.38,7784.97,-1801.69,72.43,1447.34,-1729.27,-281.93
1021,502.96,1228.52,1533.02,135.17,78.2,-72.95,-997.34,-9234.74,490.98,7738.16,-1837.01,72.25,1401.97,-1764.76,-362.79
1031,526.21,1223.74,1538.69,148.99,75.57,-63.21,-981.39,-9205.49,506.02,7747.72,-1882.66,73.34,1516.84,-1809.31,-292.47
1041,516.68,1213.22,1553.2,137.92,81.83,-52.72,-994.46,-9322.6,510.42,7803.9,-1803.56,72.79,1447.39,-1730.77,-283.38
1051,501.25,1183.84,1556.55,140.43,75.62,-72.85,-1008.66,-9359.3,515.38,7820.15,-1775.29,71.2,1352.39,-1704.09,-351.69
1061,524.23,1198.65,1533.64,133.68,77.03,-60.85,-1015.51,-9310.62,505.17,7752.45,-1768.88,72.34,1337.87,-1696.54,-358.67
1071,527.39,1199.32,1550.69,137.61,80.57,-54.76,-1004.34,-9314.12,510.6,7814.31,-1829.06,71.1,1447.27,-1757.95,-310.68
1081,517.62,1198.75,1565.31,139.54,70.01,-63.41,-1011.26,-9304.78,502.88,7794.74,-1797.3,71.15,1409.39,-1726.15,-316.76
1091,522.21,1194.52,1569.46,144.34,77.61,-78.29,-1012.67,-9316.54,508.87,7764.91,-1776.9,71.12,1374.42,-1705.78,-331.36
1101,518.99,1204.31,1537.85,135.78,80.85,-58.85,-991.97,-9324.73,521.37,7797.34,-1799.64,71.96,1420.94,-1727.69,-306.75
1111,520.71,1229.03,1549.39,138.79,73.98,-50.19,-992.84,-9228.38,509.34,7770.87,-1870.31,72.39,1520.69,-1797.93,-277.24
1121,520.31,1198.06,1536.09,142.35,72.91,-50.96,-1020.8,-9331.23,493.33,7794.34,-1805.54,71.64,1354.4,-1733.9,-379.51
1131,529.39,1188.68,1555.66,139.55,79.03,-65.96,-1012.1,-9285.71,505.81,7814.22,-1854.49,71.16,1448.57,-1783.33,-334.76
1141,523.8,1203.47,1554.51,134.3,70.56,-67.13,-1011.36,-9361.68,505.51,7822.4,-1786.08,70.89,1374.38,-1715.19,-340.81
1151,532.11,1233.2,1539.52,139.09,71.5,-67.69,-1015.73,-9282.21,504.49,7756.52,-1809.36,72.14,1410.8,-1737.23,-326.43
1161,497.83,1172.43,1552.58,120.49,65.96,-48.48,-994.22,-9315.19,516.47,7805.56,-1815.21,72.66,1373.44,-1742.55,-369.11
1171,515.82,1230.49,1570.99,134.99,85.01,-63.45,-1010.26,-9246.89,510.75,7782.0,-1860.92,71.13,1509.44,-1789.8,-280.36
1181,515.44,1196.15,1558.03,139.0,74.82,-60.48,-1009.76,-9245.83,496.07,7779.22,-1866.64,72.54,1442.67,-1794.11,-351.44
1191,511.01,1213.68,1552.2,129.38,71.14,-71.29,-1000.45,-9303.9,504.21,7796.84,-1807.45,71.23,1402.83,-1736.22,-333.39
1201,534.97,1160.69,1560.23,138.53,74.05,-69.69,-1011.04,-9319.18,499.97,7794.5,-1802.49,71.84,1363.02,-1730.65,-367.63
1211,495.25,1148.94,1549.7,129.42,74.96,-67.77,-1001.6,-9293.16,515.3,7834.55,-1855.11,71.29,1385.58,-1783.82,-398.24
1221,506.67,1200.59,1561.43,139.78,73.96,-69.11,-987.3,-9302.12,507.79,7798.76,-1817.07,72.76,1430.44,-1744.3,-313.86
1231,506.86,1216.05,1545.49,131.54,76.17,-51.44,-999.58,-9275.26,503.87,7799.4,-1850.75,72.61,1453.09,-1778.14,-325.05
1241,524.35,1218.95,1553.73,135.44,72.65,-61.48,-990.07,-9280.17,501.25,7801.46,-1857.01,72.92,1476.11,-1784.09,-307.99
1251,544.61,1202.96,1537.08,136.99,85.86,-60.8,-999.9,-9283.06,499.62,7836.2,-1877.64,73.15,1499.57,-1804.5,-304.93
1261,493.71,1194.72,1551.29,133.3,70.24,-50.76,-992.48,-9271.79,512.81,7849.0,-1898.05,73.56,1490.05,-1824.49,-334.44
1271,536.17,1218.04,1541.08,142.72,80.68,-52.47,-1005.09,-9299.15,496.48,7787.43,-1817.88,71.79,1445.9,-1746.09,-300.19
1281,534.87,1171.79,1546.1,134.48,76.08,-70.81,-1003.12,-9288.93,517.23,7813.07,-1842.67,70.38,1430.76,-1772.29,-341.52
1291,498.88,1185.57,1550.12,136.41,81.3,-49.96,-991.34,-9326.45,503.82,7853.2,-1838.5,72.61,1441.54,-1765.88,-324.34
1301,530.12,1177.14,1548.57,135.83,70.34,-58.26,-1022.79,-9237.93,495.85,7824.03,-1881.24,71.65,1462.9,-1809.6,-346.7
1311,503.82,1158.78,1532.28,131.51,72.6,-61.45,-1013.71,-9312.82,501.72,7805.18,-1822.43,72.67,1317.89,-1749.75,-431.86
1321,503.31,1207.49,1531.89,145.5,63.87,-58.26,-1009.22,-9218.2,515.02,7773.78,-1877.16,73.24,1455.18,-1803.92,-348.74
1331,510.27,1238.05,1550.07,136.11,74.46,-67.95,-1011.66,-9252.06,503.86,7779.33,-1849.12,72.41,1460.49,-1776.71,-316.22
1341,535.6,1184.37,1570.64,130.23,78.45,-54.34,-978.48,-9204.17,496.48,7786.23,-1887.65,73.26,1545.03,-1814.39,-269.37
1351,547.31,1174.31,1560.15,133.81,78.25,-69.94,-995.41,-9283.78,509.41,7772.29,-1833.77,71.31,1426.4,-1762.47,-336.06
1361,519.18,1174.01,1537.24,133.82,71.55,-69.29,-996.23,-9308.86,514.72,7861.26,-1871.05,72.37,1437.4,-1798.68,-361.29
1371,513.49,1159.07,1550.28,139.15,84.11,-52.98,-989.43,-9326.07,506.04,7858.18,-1833.65,72.66,1441.84,-1760.99,-319.15
1381,483.34,1206.27,1553.65,130.57,83.41,-40.55,-1001.5,-9175.62,512.45,7767.28,-1892.96,72.36,1519.29,-1820.61,-301.32
1391,562.79,1162.2,1570.57,133.98,83.13,-67.16,-1003.37,-9208.96,511.91,7805.53,-1894.53,74.55,1550.61,-1819.98,-269.36
1401,534.02,1180.42,1552.8,126.87,71.16,-63.5,-1005.83,-9261.67,490.46,7787.62,-1838.02,73.16,1412.34,-1764.86,-352.52
1411,485.47,1200.85,1551.01,134.99,83.48,-61.31,-1018.99,-9282.17,527.88,7887.7,-1889.33,72.7,1508.91,-1816.64,-307.72
1421,495.73,1205.62,1558.17,138.43,76.71,-67.72,-997.26,-9215.71,515.86,7766.12,-1886.04,71.78,1475.96,-1814.26,-338.3
1431,477.25,1169.49,1563.32,140.85,76.26,-71.57,-1009.04,-9228.89,520.14,7817.58,-1885.27,73.0,1455.37,-1812.27,-356.89
1441,521.88,1191.2,1536.64,141.14,78.02,-73.25,-991.02,-9224.56,493.51,7763.24,-1854.15,72.65,1436.79,-1781.5,-344.71
1451,504.19,1188.67,1543.52,140.18,76.41,-62.7,-1014.34,-9332.98,517.36,7818.23,-1797.8,72.61,1378.54,-1725.2,-346.65
1461,518.86,1214.38,1540.85,134.3,73.14,-70.71,-964.0,-9216.46,506.84,7703.54,-1833.29,72.75,1440.74,-1760.54,-319.8
1471,509.86,1196.09,1570.55,139.34,81.71,-61.27,-1002.61,-9290.91,504.88,7783.48,-1816.34,73.05,1431.13,-1743.29,-312.16
1481,499.93,1193.82,1556.38,133.74,85.1,-62.3,-986.46,-9203.55,505.36,7743.39,-1860.14,72.53,1465.43,-1787.61,-322.18
1491,484.6,1193.53,1540.9,134.93,76.78,-53.56,-1003.72,-9201.84,505.59,7748.44,-1846.52,73.82,1425.65,-1772.7,-347.05
1501,532.88,1184.0,1539.34,128.2,68.55,-60.86,-1022.74,-9197.25,517.88,7714.79,-1814.89,72.15,1404.78,-1742.74,-337.95
1511,514.27,1209.21,1541.29,136.73,75.95,-61.27,-1006.21,-9243.09,502.15,7754.01,-1848.9,73.06,1423.03,-1775.85,-352.82
1521,504.5,1181.21,1543.34,134.16,81.27,-57.55,-1029.2,-9273.22,506.28,7809.3,-1835.56,71.57,1400.1,-1763.99,-363.89
1531,506.48,1197.36,1541.65,136.3,74.42,-50.16,-996.53,-9296.05,518.91,7753.77,-1804.42,71.09,1386.14,-1733.34,-347.2
1541,498.42,1195.8,1549.69,134.41,83.18,-67.08,-999.74,-9290.22,505.48,7768.9,-1791.49,72.58,1378.85,-1718.92,-340.06
1551,508.96,1188.81,1546.07,136.94,85.39,-64.37,-1009.16,-9297.73,503.35,7825.64,-1825.44,71.5,1423.89,-1753.94,-330.05
1561,511.25,1194.7,1542.84,136.29,90.57,-57.24,-982.33,-9256.76,508.17,7745.68,-1836.84,71.43,1433.18,-1765.41,-332.23
1571,514.35,1184.59,1541.2,139.78,65.9,-51.7,-976.84,-9347.63,512.08,7809.28,-1817.25,70.55,1391.03,-1746.7,-355.67
1581,524.56,1204.51,1545.97,138.86,62.89,-55.68,-994.3,-9273.52,506.08,7739.91,-1799.05,71.87,1399.28,-1727.18,-327.9
1591,523.47,1169.41,1537.29,134.9,85.55,-61.01,-1011.54,-9311.15,498.11,7799.2,-1783.55,70.58,1364.23,-1712.97,-348.74
1601,533.9,1237.39,1554.56,127.98,75.56,-66.52,-1001.88,-9203.85,525.21,7769.93,-1871.58,72.51,1552.29,-1799.07,-246.78
1611,525.41,1199.54,1536.95,144.83,82.39,-55.77,-1009.92,-9132.9,494.96,7716.21,-1902.82,73.34,1501.71,-1829.48,-327.77
1621,497.24,1189.63,1547.87,131.15,80.36,-61.89,-1004.86,-9151.43,515.12,7765.47,-1936.33,71.75,1508.64,-1864.57,-355.93
1631,523.02,1165.67,1558.86,133.57,72.29,-62.86,-991.29,-9201.3,506.5,7818.47,-1917.56,72.83,1522.93,-1844.73,-321.8
1641,500.89,1181.79,1544.06,128.84,72.96,-64.17,-994.45,-9262.65,502.58,7821.66,-1885.1,72.21,1431.51,-1812.89,-381.38
1651,520.31,1220.28,1542.88,136.9,78.27,-64.72,-1000.76,-9201.64,498.66,7765.82,-1881.61,71.77,1496.0,-1809.84,-313.83
1661,521.7,1180.27,1556.78,137.03,78.73,-58.75,-991.29,-9312.75,501.85,7778.24,-1801.09,71.62,1391.81,-1729.47,-337.66
1671,532.68,1184.43,1541.9,136.81,71.14,-67.46,-1000.59,-9343.09,501.39,7843.58,-1807.73,71.85,1400.78,-1735.88,-335.09
1681,503.98,1222.05,1536.56,146.89,85.53,-55.28,-996.1,-9243.8,501.79,7759.83,-1846.87,72.15,1461.45,-1774.71,-313.26
1691,513.9,1205.97,1524.9,130.36,79.91,-67.37,-985.76,-9256.76,507.32,7789.53,-1841.42,71.98,1442.0,-1769.43,-327.44
1701,504.63,1236.72,1514.39,143.82,64.04,-58.45,-1020.57,-9350.36,498.46,7809.44,-1788.66,71.1,1342.12,-1717.56,-375.43
1711,490.92,1182.75,1570.29,141.79,78.14,-66.8,-1000.07,-9323.06,514.78,7794.09,-1803.29,72.46,1382.82,-1730.84,-348.01
1721,475.35,1138.61,1554.84,130.1,77.0,-56.97,-1003.98,-9337.92,516.63,7839.3,-1820.48,72.44,1332.97,-1748.04,-415.08
1731,527.18,1190.21,1537.91,125.29,79.19,-49.41,-997.86,-9335.36,507.39,7818.85,-1800.91,71.52,1403.38,-1729.39,-326.01
1741,504.23,1168.53,1540.19,132.05,81.65,-62.77,-988.61,-9299.04,528.75,7767.46,-1813.73,72.0,1372.44,-1741.74,-369.3
1751,481.21,1178.54,1562.72,134.55,75.79,-67.22,-1012.72,-9276.27,522.42,7792.73,-1822.14,71.02,1391.74,-1751.12,-359.38
1761,506.5,1175.58,1545.68,130.18,75.98,-63.9,-990.29,-9244.17,509.94,7735.3,-1840.16,72.76,1380.8,-1767.4,-386.61
1771,558.72,1221.8,1552.54,142.16,77.29,-69.02,-1013.32,-9217.1,494.5,7716.02,-1853.48,70.4,1463.59,-1783.08,-319.49
1781,502.33,1189.33,1558.31,137.12,78.51,-60.85,-977.64,-9300.78,514.33,7801.4,-1835.61,73.61,1442.04,-1762.0,-319.96
1791,504.89,1233.09,1516.01,134.36,68.2,-58.61,-999.32,-9288.03,508.24,7783.67,-1825.86,73.81,1402.5,-1752.05,-349.55
1801,520.46,1215.47,1539.1,137.16,67.71,-51.47,-1020.87,-9359.42,511.8,7770.21,-1748.67,71.06,1330.16,-1677.61,-347.45
1811,495.75,1177.69,1574.63,132.24,84.92,-63.36,-1004.03,-9397.97,513.81,7804.63,-1745.69,70.47,1318.29,-1675.22,-356.93
1821,478.26,1195.25,1542.98,134.35,68.29,-52.27,-1008.59,-9344.06,527.48,7799.24,-1776.65,70.19,1340.94,-1706.47,-365.52
1831,544.1,1180.2,1547.01,138.24,82.59,-64.84,-984.2,-9327.07,519.34,7783.68,-1785.03,71.86,1419.06,-1713.17,-294.1
1841,521.65,1214.5,1546.13,135.03,68.33,-60.24,-1005.43,-9243.17,510.94,7743.86,-1846.48,71.67,1431.61,-1774.81,-343.2
1851,516.93,1184.41,1526.35,134.84,79.36,-59.02,-1012.76,-9192.83,499.01,7721.35,-1861.65,72.35,1397.63,-1789.31,-391.68
1861,510.14,1213.13,1554.54,133.0,68.99,-66.41,-1004.12,-9241.04,509.15,7745.54,-1825.32,72.21,1422.92,-1753.11,-330.2
1871,481.82,1225.46,1538.36,141.3,73.52,-64.54,-1006.16,-9402.35,512.18,7840.66,-1766.17,70.96,1340.24,-1695.21,-354.97
1881,510.98,1212.79,1560.25,133.29,79.58,-70.28,-990.95,-9269.44,511.74,7744.46,-1819.77,73.15,1422.42,-1746.62,-324.2
1891,501.83,1220.29,1542.96,135.45,70.4,-56.72,-992.43,-9366.73,498.7,7791.05,-1754.68,72.25,1344.8,-1682.43,-337.63
1901,514.03,1194.23,1544.66,139.73,76.46,-60.72,-975.43,-9335.28,512.83,7819.31,-1816.49,72.23,1429.82,-1744.26,-314.44
1911,513.02,1180.13,1555.01,146.71,84.58,-56.69,-996.52,-9417.74,513.23,7858.59,-1761.24,71.16,1380.32,-1690.08,-309.76
1921,516.8,1194.54,1531.9,136.71,80.94,-63.77,-1006.36,-9388.64,504.89,7810.45,-1758.87,70.36,1317.45,-1688.51,-371.06
1931,512.55,1168.88,1530.63,128.09,66.13,-56.79,-997.58,-9330.79,525.9,7776.29,-1765.12,69.52,1323.31,-1695.6,-372.29
1941,484.44,1197.8,1542.93,129.44,72.18,-56.39,-1006.09,-9325.02,522.81,7810.64,-1802.0,71.86,1372.73,-1730.14,-357.41
1951,521.13,1211.37,1561.5,139.8,79.9,-62.05,-978.53,-9303.3,509.1,7752.62,-1806.78,71.81,1431.53,-1734.98,-303.45
1961,494.14,1173.09,1551.08,130.98,80.84,-48.15,-987.75,-9347.11,515.97,7820.98,-1792.19,72.74,1384.08,-1719.45,-335.38
1971,518.68,1204.13,1530.03,126.35,82.6,-57.79,-976.24,-9371.3,510.08,7768.24,-1770.51,71.69,1334.78,-1698.82,-364.04
1981,491.49,1216.96,1553.89,139.05,82.88,-68.17,-997.37,-9290.17,513.91,7832.2,-1859.62,71.84,1474.68,-1787.78,-313.1
1991,508.47,1186.37,1556.8,137.04,79.66,-66.14,-994.37,-9274.18,518.79,7804.5,-1863.08,73.62,1456.95,-1789.46,-332.51
2001,508.14,1190.51,1525.12,135.47,75.09,-47.23,-1002.54,-9241.31,505.73,7805.37,-1865.49,73.44,1454.34,-1792.05,-337.72
2011,536.65,1192.0,1518.4,136.73,70.33,-55.44,-1011.52,-9220.17,510.2,7785.58,-1873.27,72.64,1462.77,-1800.63,-337.85
2021,515.52,1165.69,1528.92,130.9,70.75,-50.59,-991.15,-9216.47,530.86,7796.07,-1904.77,72.25,1480.5,-1832.52,-352.02
2031,523.94,1184.7,1572.96,143.84,91.98,-62.93,-1000.62,-9182.9,502.87,7770.04,-1913.28,73.98,1543.87,-1839.3,-295.43
2041,511.57,1189.59,1545.43,133.67,76.73,-61.35,-995.12,-9223.03,499.41,7772.66,-1905.08,72.78,1449.56,-1832.3,-382.74
2051,500.81,1187.89,1501.93,143.81,65.02,-51.72,-990.12,-9189.23,517.33,7799.17,-1923.04,72.96,1484.88,-1850.08,-365.2
2061,535.62,1211.04,1552.22,145.47,68.4,-47.81,-991.17,-9184.47,506.28,7778.67,-1915.15,72.71,1574.25,-1842.45,-268.2
2071,499.16,1251.1,1510.57,143.97,82.69,-78.11,-990.14,-9226.12,513.93,7770.29,-1899.96,72.07,1477.35,-1827.89,-350.54
2081,516.47,1160.47,1533.7,137.15,83.87,-58.7,-992.71,-9305.52,519.89,7798.48,-1837.79,72.28,1393.1,-1765.51,-372.4
2091,534.28,1187.51,1532.76,136.26,76.57,-53.94,-1007.07,-9294.41,504.93,7831.77,-1857.73,73.14,1448.67,-1784.59,-335.92
2101,514.12,1243.94,1537.03,133.2,75.0,-65.89,-1019.6,-9310.52,516.79,7775.21,-1792.19,71.55,1399.27,-1720.64,-321.37
2111,527.74,1241.67,1536.88,137.47,76.45,-69.89,-1017.55,-9254.64,524.17,7757.15,-1833.31,72.69,1459.46,-1760.62,-301.16
2121,513.09,1220.95,1559.76,137.85,87.55,-69.07,-1014.74,-9320.68,534.55,7863.69,-1857.54,72.23,1512.95,-1785.31,-272.36
2131,515.59,1205.31,1528.98,138.05,87.72,-63.77,-991.44,-9346.48,523.92,7816.69,-1801.48,72.1,1414.57,-1729.39,-314.81
2141,524.98,1188.33,1534.84,147.69,72.01,-63.31,-1017.21,-9292.04,503.59,7808.94,-1850.43,71.38,1407.83,-1779.05,-371.22
2151,512.0,1204.1,1539.98,139.81,71.87,-72.82,-989.26,-9237.37,522.49,7740.77,-1849.47,72.61,1431.57,-1776.86,-345.29
2161,530.99,1194.76,1547.25,142.83,72.17,-59.6,-1015.91,-9344.44,498.16,7847.38,-1803.91,71.4,1413.6,-1732.51,-318.91
2171,525.31,1183.3,1570.07,132.76,83.21,-63.66,-1016.54,-9316.6,510.3,7805.83,-1796.26,72.2,1413.99,-1724.06,-310.07
2181,513.29,1205.22,1541.5,137.26,79.94,-67.23,-1013.34,-9277.95,503.09,7774.07,-1823.66,71.52,1395.85,-1752.14,-356.29
2191,523.58,1246.92,1555.89,148.07,78.76,-60.8,-984.61,-9306.51,518.2,7770.85,-1798.17,73.15,1490.35,-1725.02,-234.67
2201,532.31,1224.39,1547.28,149.78,68.76,-47.31,-1003.57,-9258.5,509.68,7816.74,-1845.97,72.11,1539.57,-1773.85,-234.28
2211,521.31,1188.43,1555.72,146.29,93.37,-65.62,-996.33,-9315.68,506.52,7782.16,-1804.43,71.96,1416.18,-1732.47,-316.29
2221,504.54,1198.22,1549.22,137.6,62.69,-63.54,-1005.39,-9265.56,516.77,7797.89,-1844.86,72.59,1432.45,-1772.28,-339.82
2231,503.31,1194.4,1560.89,133.61,81.79,-57.33,-1003.89,-9261.7,509.81,7745.86,-1815.91,72.11,1406.74,-1743.8,-337.06
2241,511.64,1216.13,1532.72,130.28,83.5,-58.59,-985.09,-9273.62,523.0,7739.14,-1826.26,71.71,1419.11,-1754.55,-335.45
2251,528.86,1176.6,1555.14,139.17,71.79,-60.42,-1006.22,-9224.55,514.07,7728.86,-1839.06,70.73,1423.3,-1768.32,-345.02
2261,528.88,1195.54,1525.08,139.21,85.57,-69.86,-1018.97,-9271.41,501.5,7780.33,-1825.13,71.45,1395.86,-1753.68,-357.82
2271,525.38,1190.53,1554.26,142.37,87.63,-69.94,-1020.28,-9359.28,510.42,7799.73,-1771.0,71.6,1360.83,-1699.4,-338.57
2281,497.44,1183.84,1530.05,134.17,77.78,-57.27,-1019.54,-9403.3,517.87,7837.3,-1755.79,70.28,1298.34,-1685.51,-387.17
2291,475.71,1151.86,1553.74,134.52,72.17,-58.1,-1009.78,-9365.05,512.14,7805.66,-1763.97,70.58,1272.85,-1693.4,-420.54
2301,511.4,1210.48,1536.46,133.67,80.5,-52.02,-1006.6,-9389.47,514.1,7801.03,-1749.14,70.48,1339.55,-1678.66,-339.11
2311,514.17,1196.65,1551.86,135.02,77.27,-59.55,-999.46,-9365.78,507.22,7797.34,-1767.5,71.82,1354.75,-1695.68,-340.93
2321,518.57,1173.71,1532.93,131.94,69.62,-49.94,-1009.54,-9265.52,502.04,7711.69,-1810.65,71.39,1315.5,-1739.26,-423.77
2331,509.34,1228.31,1539.85,133.88,63.94,-76.66,-1000.56,-9323.6,500.94,7804.78,-1805.93,72.62,1380.21,-1733.31,-353.11
2341,495.59,1211.03,1558.54,139.61,78.25,-72.51,-991.34,-9389.08,525.95,7829.4,-1755.96,70.29,1385.45,-1685.67,-300.22
2351,488.96,1186.44,1521.49,134.47,86.32,-57.84,-988.56,-9362.33,514.78,7838.9,-1788.42,71.04,1362.64,-1717.38,-354.74
2361,502.02,1141.2,1550.98,127.66,77.0,-52.2,-994.39,-9329.24,510.49,7813.68,-1806.75,71.99,1347.22,-1734.76,-387.54
2371,489.29,1165.47,1528.55,125.71,65.1,-55.99,-1029.58,-9296.0,500.05,7812.06,-1819.38,71.81,1304.66,-1747.57,-442.91
2381,517.01,1189.66,1555.23,140.62,88.3,-55.03,-1007.22,-9354.6,514.71,7805.36,-1797.47,71.43,1394.04,-1726.04,-331.99
2391,551.28,1175.3,1535.31,134.14,81.34,-68.89,-996.87,-9408.52,507.81,7821.09,-1761.5,70.79,1332.0,-1690.71,-358.72
2401,508.04,1195.74,1564.56,136.0,79.4,-52.64,-999.52,-9458.61,524.07,7843.95,-1722.14,71.01,1341.0,-1651.14,-310.14
2411,519.41,1193.25,1529.14,132.68,79.31,-60.13,-1005.57,-9451.82,499.57,7815.31,-1718.18,70.97,1251.16,-1647.21,-396.05
2421,491.19,1181.32,1547.32,130.2,71.82,-73.01,-989.54,-9449.58,513.93,7799.65,-1683.81,71.12,1223.32,-1612.68,-389.36
2431,504.44,1183.12,1545.14,131.98,70.53,-61.22,-995.36,-9434.74,511.43,7787.83,-1710.75,71.63,1243.16,-1639.12,-395.96
2441,493.73,1193.49,1554.64,134.47,76.99,-61.23,-1009.44,-9421.43,504.06,7814.12,-1741.79,72.53,1279.4,-1669.26,-389.86
2451,512.41,1200.31,1561.65,137.16,78.15,-64.87,-1007.02,-9423.03,513.26,7833.09,-1749.5,71.65,1341.11,-1677.85,-336.73
2461,494.13,1229.01,1550.82,135.04,72.09,-62.92,-984.41,-9364.73,517.23,7777.6,-1768.32,71.35,1363.85,-1696.97,-333.12
2471,501.25,1198.57,1514.61,143.77,81.8,-56.2,-1007.62,-9364.11,503.09,7768.73,-1762.21,72.36,1283.91,-1689.85,-405.95
2481,511.1,1205.54,1531.72,142.11,70.19,-52.81,-1006.71,-9388.77,527.08,7816.29,-1734.17,72.05,1355.73,-1662.12,-306.39
2491,506.11,1206.99,1531.25,138.43,75.48,-43.61,-997.96,-9343.7,514.5,7771.49,-1764.43,73.12,1358.98,-1691.31,-332.32
2501,502.41,1171.89,1526.71,135.11,83.39,-54.7,-982.39,-9326.96,518.8,7768.86,-1772.89,73.2,1343.11,-1699.68,-356.58
2511,524.52,1173.21,1541.52,134.82,76.78,-59.31,-983.32,-9328.27,501.79,7799.2,-1793.17,74.49,1380.93,-1718.68,-337.75
2521,517.09,1188.1,1557.18,135.72,86.05,-58.01,-981.1,-9339.55,505.07,7749.76,-1766.49,74.03,1360.31,-1692.46,-332.15
2531,522.68,1215.73,1533.58,133.39,74.19,-67.15,-974.52,-9328.33,508.47,7816.52,-1822.99,75.49,1434.56,-1747.51,-312.95
2541,515.61,1198.08,1544.96,131.21,91.95,-56.53,-965.34,-9383.53,510.97,7829.17,-1789.32,74.79,1416.55,-1714.53,-297.98
2551,520.4,1200.45,1535.6,130.63,70.62,-58.22,-979.48,-9352.69,502.58,7791.49,-1790.72,75.2,1361.38,-1715.52,-354.15
2561,471.73,1203.15,1528.46,137.19,72.51,-63.75,-978.16,-9361.38,530.51,7821.08,-1786.27,73.77,1361.36,-1712.5,-351.14
2571,526.2,1185.34,1538.42,137.99,76.53,-68.88,-991.02,-9372.08,509.98,7810.89,-1777.34,72.14,1353.38,-1705.21,-351.83
2581,506.46,1201.72,1520.2,136.15,77.26,-58.61,-988.66,-9327.17,508.39,7813.53,-1812.62,73.84,1389.29,-1738.78,-349.49
2591,483.91,1229.63,1538.19,137.44,74.65,-65.77,-980.03,-9314.52,529.27,7724.39,-1750.76,72.86,1357.17,-1677.9,-320.74
2601,530.69,1188.86,1559.26,136.6,83.52,-51.63,-965.02,-9274.72,492.38,7718.91,-1821.65,74.34,1418.85,-1747.31,-328.46
2611,521.33,1247.74,1530.7,139.41,77.01,-59.77,-983.99,-9287.05,500.34,7794.53,-1825.62,74.69,1480.25,-1750.93,-270.68
2621,516.18,1190.64,1560.1,127.3,82.06,-63.34,-990.41,-9275.81,485.87,7761.09,-1824.91,72.38,1393.68,-1752.53,-358.84
2631,492.41,1206.57,1533.18,136.48,77.57,-58.23,-983.69,-9321.34,534.19,7809.33,-1821.59,73.21,1426.47,-1748.38,-321.91
2641,507.64,1197.54,1555.08,127.14,68.53,-71.49,-982.53,-9342.07,523.05,7826.13,-1815.81,74.43,1409.02,-1741.38,-332.36
2651,534.17,1186.3,1515.31,135.02,71.84,-69.97,-969.99,-9381.42,509.05,7851.6,-1804.67,74.76,1381.89,-1729.91,-348.01
2661,532.83,1212.74,1536.63,137.08,76.82,-66.01,-975.31,-9297.62,500.89,7806.25,-1836.87,74.24,1464.29,-1762.63,-298.34
2671,540.88,1171.44,1556.98,138.47,71.24,-66.74,-989.48,-9346.13,497.69,7811.12,-1794.16,74.78,1385.47,-1719.37,-333.91
2681,514.13,1201.44,1549.87,140.44,79.94,-55.12,-983.47,-9374.57,504.82,7842.31,-1806.0,74.05,1419.79,-1731.95,-312.16
2691,521.47,1188.06,1557.78,135.96,80.6,-67.77,-997.56,-9366.55,511.09,7802.0,-1783.6,74.24,1365.08,-1709.36,-344.28
2701,519.24,1210.58,1537.6,136.28,73.79,-66.31,-992.78,-9270.42,506.12,7788.58,-1850.53,74.74,1442.67,-1775.8,-333.12
2711,538.11,1208.69,1545.24,141.56,70.65,-55.77,-1002.54,-9272.67,495.09,7718.18,-1814.89,73.38,1386.54,-1741.51,-354.97
2721,514.65,1187.83,1530.37,137.78,75.15,-72.69,-1004.62,-9334.93,513.83,7777.82,-1780.82,73.4,1325.19,-1707.42,-382.23
2731,514.69,1224.55,1521.82,138.96,74.18,-76.86,-970.47,-9304.08,520.42,7753.51,-1802.54,75.11,1396.72,-1727.43,-330.7
2741,523.06,1190.15,1582.29,140.6,69.5,-60.06,-994.99,-9298.87,523.3,7760.35,-1814.55,74.56,1435.32,-1739.99,-304.67
2751,501.01,1210.34,1555.43,134.62,79.38,-76.22,-989.74,-9190.33,514.57,7754.61,-1879.92,76.14,1493.67,-1803.78,-310.11
2761,495.61,1198.69,1531.25,142.26,66.09,-66.91,-970.82,-9238.41,499.71,7747.59,-1842.27,74.69,1405.08,-1767.57,-362.49
2771,492.0,1185.62,1551.39,133.71,76.71,-56.78,-995.04,-9294.56,524.07,7774.6,-1813.79,74.77,1391.73,-1739.01,-347.29
2781,514.27,1223.79,1537.07,140.88,72.72,-51.49,-995.35,-9268.08,510.29,7732.02,-1810.48,74.95,1416.11,-1735.53,-319.42
2791,525.65,1214.24,1539.99,135.4,78.58,-51.78,-982.63,-9248.43,501.95,7769.21,-1843.09,76.39,1482.2,-1766.7,-284.5
2801,548.37,1179.71,1536.8,132.01,67.06,-58.23,-980.48,-9304.0,502.68,7824.21,-1833.34,75.12,1448.15,-1758.22,-310.07
2811,503.44,1229.92,1561.86,131.25,75.72,-73.09,-983.68,-9290.67,501.75,7755.71,-1795.72,75.47,1412.22,-1720.25,-308.04
2821,499.57,1235.45,1525.52,138.5,83.56,-63.35,-995.11,-9180.28,505.49,7730.43,-1879.9,73.63,1479.78,-1806.27,-326.49
2831,508.77,1206.43,1529.08,141.82,70.19,-70.25,-997.72,-9251.39,509.89,7746.99,-1805.95,74.53,1393.81,-1731.42,-337.61
2841,504.9,1211.27,1550.17,139.72,76.41,-72.93,-990.47,-9320.48,520.38,7795.3,-1812.01,74.09,1414.25,-1737.92,-323.67
2851,500.65,1193.36,1547.2,135.53,73.85,-70.63,-983.58,-9198.49,511.02,7773.64,-1885.59,75.27,1482.57,-1810.32,-327.75
2861,520.95,1238.85,1565.03,139.25,74.29,-72.81,-964.14,-9243.17,508.11,7741.89,-1841.42,75.52,1508.24,-1765.9,-257.66
2871,521.8,1180.19,1531.16,136.54,78.31,-58.51,-1004.87,-9250.24,490.26,7749.92,-1840.48,75.79,1374.55,-1764.7,-390.14
2881,498.91,1219.42,1527.21,137.48,84.23,-48.24,-993.89,-9145.48,518.11,7719.68,-1892.42,74.99,1517.43,-1817.43,-300.0
2891,519.45,1197.25,1533.58,136.71,65.98,-55.93,-979.97,-9279.72,500.16,7781.26,-1818.25,75.44,1418.77,-1742.82,-324.05
2901,516.76,1217.6,1542.14,138.2,79.04,-61.85,-980.06,-9301.18,502.42,7787.68,-1803.17,73.95,1440.74,-1729.22,-288.48
2911,546.8,1181.17,1552.41,130.94,81.74,-66.25,-981.46,-9262.2,498.32,7774.29,-1817.44,74.74,1455.76,-1742.69,-286.93
2921,519.1,1188.23,1562.72,138.84,76.68,-63.46,-979.77,-9236.86,525.99,7775.31,-1853.26,74.29,1506.78,-1778.96,-272.18
2931,524.86,1179.58,1546.11,140.13,67.51,-69.64,-979.35,-9253.51,485.97,7805.51,-1876.13,74.92,1447.17,-1801.21,-354.03
2941,499.13,1219.23,1543.96,136.91,76.56,-66.13,-991.67,-9274.86,516.15,7778.74,-1836.42,74.63,1438.02,-1761.79,-323.77
2951,535.0,1128.68,1562.62,138.36,75.64,-72.53,-985.78,-9203.3,505.18,7784.34,-1888.09,75.68,1468.21,-1812.41,-344.2
2961,546.89,1178.65,1550.19,139.74,78.23,-65.36,-996.0,-9164.53,500.7,7774.24,-1914.04,74.73,1542.75,-1839.31,-296.56
2971,548.83,1232.91,1544.62,144.11,89.04,-56.88,-978.84,-9235.32,502.19,7791.34,-1901.02,75.36,1582.0,-1825.66,-243.66
2981,492.0,1207.55,1532.25,139.7,71.53,-61.3,-996.9,-9149.29,520.2,7749.03,-1923.3,74.46,1504.77,-1848.84,-344.07
2991,524.02,1257.81,1555.34,137.23,65.53,-67.82,-996.04,-9180.86,492.19,7704.87,-1871.77,74.8,1492.27,-1796.97,-304.7
3001,530.49,1191.7,1559.32,149.65,90.84,-54.23,-1003.82,-9238.58,505.96,7705.27,-1823.21,73.69,1436.6,-1749.53,-312.93
3011,477.52,1198.57,1525.77,138.08,69.38,-51.86,-982.14,-9236.18,510.42,7790.83,-1885.71,73.01,1440.39,-1812.7,-372.31
3021,500.34,1218.41,1533.96,136.7,71.36,-60.79,-982.18,-9301.54,492.38,7784.41,-1838.74,73.91,1393.03,-1764.83,-371.8
3031,506.69,1205.17,1528.63,130.7,84.91,-60.99,-985.51,-9212.93,504.36,7782.04,-1896.08,75.18,1483.07,-1820.9,-337.83
3041,517.85,1193.55,1533.91,136.95,75.86,-57.81,-997.48,-9306.91,520.64,7821.99,-1805.43,74.27,1438.55,-1731.16,-292.62
3051,494.28,1155.28,1542.13,130.32,80.26,-61.54,-967.49,-9300.66,514.02,7769.5,-1813.53,74.71,1356.11,-1738.82,-382.71
3061,535.78,1154.63,1528.61,132.79,75.57,-82.94,-987.47,-9273.34,489.65,7730.26,-1811.61,73.64,1303.53,-1737.97,-434.43
3071,511.18,1202.13,1549.59,132.87,74.33,-63.93,-984.12,-9274.85,513.97,7754.23,-1821.54,74.23,1415.4,-1747.31,-331.91
3081,530.11,1182.57,1532.82,123.11,85.46,-63.01,-990.95,-9265.74,486.59,7731.6,-1799.85,74.23,1352.56,-1725.62,-373.07
3091,508.54,1163.65,1521.26,134.85,70.96,-63.14,-983.78,-9249.9,498.76,7721.72,-1827.91,75.26,1322.92,-1752.65,-429.73
3101,520.88,1187.9,1551.71,127.62,87.57,-57.9,-981.7,-9264.85,509.87,7754.33,-1815.59,74.52,1435.44,-1741.07,-305.62
3111,530.08,1235.1,1529.33,138.55,81.36,-68.76,-1009.69,-9194.83,514.28,7778.19,-1864.21,74.27,1533.61,-1789.94,-256.34
3121,547.7,1194.04,1551.44,136.51,80.66,-55.76,-984.77,-9289.96,497.36,7758.43,-1812.45,75.28,1435.65,-1737.17,-301.51
3131,497.93,1203.33,1541.28,132.53,79.55,-64.04,-974.22,-9309.86,514.87,7818.87,-1813.82,73.95,1440.24,-1739.87,-299.63
3141,533.04,1170.29,1563.87,136.38,80.3,-54.0,-996.15,-9290.03,503.9,7769.47,-1801.64,74.53,1417.09,-1727.11,-310.02
3151,512.08,1174.01,1541.85,125.8,79.03,-63.92,-1005.44,-9292.76,504.5,7771.93,-1807.49,73.7,1347.08,-1733.79,-386.72
3161,519.25,1217.28,1543.86,137.86,82.18,-60.64,-995.14,-9247.73,497.22,7730.74,-1815.22,73.45,1424.89,-1741.76,-316.88
3171,520.76,1142.99,1556.62,137.62,73.38,-66.51,-984.74,-9351.35,522.65,7804.46,-1781.77,73.16,1355.88,-1708.61,-352.74
3181,498.02,1169.23,1557.21,133.37,83.22,-84.31,-986.87,-9320.73,507.21,7779.98,-1788.97,74.31,1336.33,-1714.66,-378.33
3191,523.96,1192.13,1545.24,135.7,76.0,-57.7,-991.05,-9283.97,510.67,7778.85,-1819.53,73.45,1429.82,-1746.07,-316.25
3201,522.2,1197.69,1533.63,136.72,75.24,-76.46,-1002.1,-9366.64,513.01,7817.59,-1783.42,72.88,1350.86,-1710.54,-359.68
3211,527.64,1190.31,1550.79,139.01,83.54,-56.49,-1009.4,-9375.7,489.67,7812.52,-1759.38,73.44,1351.89,-1685.94,-334.05
3221,526.96,1222.01,1538.89,138.4,74.7,-64.55,-1007.04,-9230.28,499.36,7773.6,-1862.53,73.12,1472.06,-1789.41,-317.35
3231,516.38,1127.29,1548.71,130.57,74.92,-53.76,-1004.89,-9358.26,512.05,7778.07,-1768.5,72.83,1271.07,-1695.67,-424.6
3241,493.43,1173.32,1553.54,126.18,89.51,-69.3,-1003.12,-9354.28,529.55,7827.4,-1811.46,72.8,1366.23,-1738.67,-372.44
3251,540.45,1228.02,1554.73,142.55,78.97,-78.22,-988.08,-9321.32,508.29,7739.94,-1771.46,73.14,1405.31,-1698.31,-293.0
3261,506.44,1190.87,1547.36,141.18,79.02,-55.71,-1003.03,-9381.58,518.76,7783.76,-1750.59,73.35,1327.07,-1677.24,-350.16
3271,479.6,1210.83,1556.37,137.73,76.89,-58.06,-985.86,-9308.35,513.6,7745.81,-1792.0,74.67,1368.54,-1717.33,-348.79
3281,480.15,1184.01,1529.26,128.17,79.16,-64.77,-959.63,-9345.16,522.32,7803.1,-1800.5,74.18,1356.61,-1726.32,-369.7
3291,500.39,1198.49,1541.0,141.49,77.28,-67.23,-997.12,-9268.51,535.05,7758.76,-1807.23,74.09,1419.6,-1733.14,-313.53
3301,517.74,1167.89,1555.39,135.02,78.37,-70.05,-976.57,-9363.48,509.42,7798.42,-1791.58,75.44,1352.14,-1716.14,-364.01
3311,511.51,1217.47,1544.12,135.79,75.91,-73.19,-975.47,-9354.49,499.79,7804.47,-1791.91,73.2,1385.91,-1718.71,-332.79
3321,506.29,1183.09,1546.78,132.37,83.69,-59.48,-971.87,-9345.04,496.41,7747.43,-1764.62,73.79,1319.67,-1690.83,-371.16
3331,512.72,1195.87,1555.75,130.54,75.98,-59.48,-971.19,-9438.56,532.31,7810.43,-1729.12,72.92,1344.37,-1656.2,-311.83
3341,523.13,1169.11,1535.76,133.06,77.18,-67.7,-994.86,-9301.62,520.73,7736.75,-1788.31,72.46,1331.53,-1715.85,-384.32
3351,498.38,1191.42,1545.68,139.58,81.08,-59.92,-1019.95,-9320.99,516.15,7774.52,-1766.51,72.85,1345.94,-1693.66,-347.72
3361,510.08,1218.43,1556.77,140.49,71.24,-77.93,-999.21,-9277.89,516.64,7712.3,-1775.77,73.43,1370.92,-1702.34,-331.42
3371,516.89,1202.55,1554.43,145.13,88.52,-59.75,-993.2,-9317.04,512.32,7774.97,-1782.93,73.58,1424.84,-1709.35,-284.52
3381,528.26,1190.35,1536.75,136.18,70.58,-62.32,-986.4,-9283.72,507.45,7744.82,-1801.02,74.38,1381.94,-1726.64,-344.69
3391,514.8,1206.41,1540.65,143.39,77.19,-71.93,-955.25,-9295.7,509.93,7712.35,-1790.21,74.03,1381.83,-1716.17,-334.35
3401,523.88,1230.92,1559.41,133.61,76.79,-73.35,-1019.23,-9287.14,493.03,7783.9,-1807.57,73.4,1421.83,-1734.18,-312.35
3411,530.2,1227.33,1509.51,138.57,77.32,-67.04,-992.73,-9291.53,498.7,7764.32,-1812.46,73.71,1394.65,-1738.75,-344.09
3421,510.28,1197.67,1555.92,137.19,66.77,-52.14,-974.58,-9327.32,522.65,7784.3,-1801.5,74.44,1420.73,-1727.06,-306.33
3431,513.23,1207.54,1537.71,137.22,66.9,-62.17,-981.0,-9372.88,502.73,7755.6,-1727.01,74.14,1304.87,-1652.86,-347.99
3441,484.16,1261.65,1527.9,141.2,80.15,-68.15,-988.42,-9297.57,495.66,7765.18,-1778.38,73.26,1401.75,-1705.12,-303.37
3451,548.45,1229.07,1551.13,148.35,79.13,-62.12,-1004.97,-9346.92,502.72,7729.63,-1724.55,72.51,1374.47,-1652.04,-277.56
3461,498.44,1208.5,1539.22,137.17,67.76,-52.04,-998.43,-9317.69,501.66,7746.99,-1760.48,72.84,1331.56,-1687.64,-356.07
3471,501.39,1169.55,1533.86,134.1,84.1,-62.48,-980.61,-9367.17,508.51,7792.34,-1740.7,73.44,1313.59,-1667.26,-353.66
3481,522.87,1208.34,1556.69,136.87,83.22,-72.19,-995.26,-9238.48,502.34,7719.5,-1808.3,75.06,1423.9,-1733.23,-309.34
3491,510.42,1197.73,1539.64,131.75,81.67,-56.05,-997.87,-9303.86,523.76,7752.94,-1805.69,73.22,1380.13,-1732.47,-352.34
3501,496.72,1227.32,1557.94,139.66,73.71,-62.27,-987.33,-9374.59,506.5,7747.06,-1722.06,72.64,1324.72,-1649.42,-324.7
3511,515.4,1211.12,1516.68,135.44,78.43,-50.34,-985.5,-9376.02,524.34,7797.69,-1752.73,72.83,1367.25,-1679.9,-312.65
3521,497.01,1210.53,1540.54,135.65,72.52,-40.7,-986.31,-9389.19,512.52,7756.17,-1720.42,73.47,1308.75,-1646.95,-338.2
3531,504.71,1192.0,1549.93,142.93,69.74,-51.94,-978.26,-9424.44,520.68,7795.38,-1716.09,73.56,1320.74,-1642.54,-321.8
3541,534.55,1209.52,1544.28,135.57,68.29,-47.13,-1010.56,-9390.33,513.25,7804.55,-1740.01,71.98,1361.98,-1668.03,-306.05
3551,502.17,1210.2,1521.31,140.71,78.95,-51.71,-978.01,-9442.7,508.21,7772.62,-1710.29,73.09,1261.73,-1637.2,-375.47
3561,506.86,1243.21,1544.59,131.59,81.46,-70.56,-997.06,-9404.77,507.31,7815.86,-1731.31,73.36,1358.49,-1657.95,-299.46
3571,532.35,1241.51,1561.05,147.32,74.45,-66.38,-999.62,-9305.79,499.74,7722.81,-1752.84,73.47,1407.45,-1679.37,-271.91
3581,519.66,1233.4,1536.53,141.62,75.6,-66.04,-1005.54,-9363.89,507.14,7787.89,-1759.69,73.02,1366.38,-1686.67,-320.29
3591,499.73,1212.84,1549.78,135.16,82.22,-62.29,-985.05,-9427.24,514.84,7825.82,-1725.8,73.27,1345.81,-1652.53,-306.72
3601,491.68,1198.59,1531.39,133.41,63.05,-52.59,-988.17,-9366.81,515.06,7825.12,-1772.53,74.42,1350.72,-1698.12,-347.4
3611,515.55,1230.14,1542.77,138.55,74.7,-64.76,-991.42,-9310.93,510.51,7797.51,-1814.19,74.55,1442.6,-1739.64,-297.04
3621,523.01,1200.03,1559.21,125.49,86.97,-75.08,-997.09,-9283.02,486.05,7798.71,-1803.39,73.4,1424.28,-1729.99,-305.72
3631,543.07,1229.35,1505.9,142.38,72.51,-63.91,-985.36,-9363.09,493.97,7800.82,-1794.42,74.26,1375.64,-1720.16,-344.52
3641,523.22,1196.47,1551.39,146.33,82.15,-72.08,-985.57,-9330.73,492.59,7843.19,-1813.86,74.76,1446.95,-1739.1,-292.15
3651,469.23,1180.85,1539.84,128.27,81.28,-66.64,-992.49,-9321.82,518.61,7840.01,-1824.69,75.59,1377.14,-1749.1,-371.95
3661,512.06,1206.74,1547.78,135.6,68.14,-68.78,-980.24,-9321.41,517.67,7794.05,-1795.83,72.09,1411.61,-1723.74,-312.13
3671,500.53,1192.7,1527.33,136.11,64.28,-61.08,-998.38,-9350.05,496.25,7788.28,-1766.8,74.23,1295.97,-1692.57,-396.6
3681,523.25,1207.06,1553.57,138.48,75.14,-60.41,-1010.37,-9329.6,510.37,7790.19,-1797.52,73.88,1397.66,-1723.64,-325.98
3691,484.58,1168.69,1544.79,132.81,73.09,-61.7,-980.07,-9367.08,511.6,7839.73,-1791.59,74.11,1346.44,-1717.48,-371.04
3701,531.18,1237.41,1519.81,145.74,76.39,-70.51,-990.51,-9328.05,497.71,7793.74,-1807.85,73.4,1412.9,-1734.45,-321.55
3711,538.06,1198.06,1544.05,130.47,77.1,-49.37,-1003.21,-9325.54,526.57,7827.31,-1808.75,72.57,1463.5,-1736.18,-272.69
3721,526.96,1167.49,1524.74,130.58,71.83,-58.26,-1016.12,-9247.51,498.86,7812.06,-1846.44,72.56,1410.63,-1773.87,-363.24
3731,510.43,1225.03,1537.45,139.46,75.66,-63.94,-991.77,-9293.7,483.32,7787.56,-1844.65,74.03,1409.51,-1770.63,-361.12
3741,510.53,1176.42,1539.77,127.1,75.04,-52.23,-987.97,-9293.3,515.63,7825.0,-1830.88,73.74,1435.98,-1757.14,-321.16
3751,495.83,1199.98,1542.99,130.55,76.2,-54.61,-1025.21,-9314.6,514.48,7811.26,-1808.75,73.1,1376.88,-1735.65,-358.77
3761,501.62,1202.27,1553.54,132.67,71.31,-52.62,-977.69,-9321.52,516.16,7758.64,-1783.28,73.15,1384.38,-1710.13,-325.75
3771,507.29,1188.54,1538.55,140.49,71.23,-60.31,-963.11,-9349.89,524.94,7762.32,-1784.13,73.43,1360.07,-1710.71,-350.64
3781,533.7,1145.16,1552.98,135.09,85.31,-66.92,-1000.56,-9302.92,490.51,7750.48,-1782.89,72.79,1322.84,-1710.1,-387.27
3791,509.93,1197.88,1561.08,129.79,72.91,-57.61,-994.26,-9331.94,519.14,7759.07,-1771.22,72.8,1366.01,-1698.42,-332.42
3801,491.7,1204.66,1552.26,129.56,79.68,-65.08,-980.94,-9375.57,509.46,7786.11,-1746.28,71.83,1331.86,-1674.45,-342.59
3811,499.16,1226.94,1559.72,141.88,82.59,-59.25,-1001.18,-9316.32,508.55,7777.69,-1789.5,74.21,1419.78,-1715.29,-295.52
3821,504.69,1189.66,1551.88,142.61,75.31,-63.37,-994.9,-9371.5,506.76,7777.43,-1728.4,73.43,1318.56,-1654.97,-336.41
3831,507.1,1177.57,1555.32,133.58,76.37,-50.91,-987.24,-9332.89,507.61,7786.97,-1795.51,73.54,1373.48,-1721.97,-348.49
3841,512.82,1152.59,1536.94,126.45,74.22,-50.95,-990.81,-9331.79,511.84,7783.19,-1793.09,73.52,1324.49,-1719.57,-395.08
3851,505.91,1207.91,1546.51,135.44,70.45,-60.19,-1003.02,-9320.5,497.73,7772.61,-1774.13,72.82,1352.85,-1701.31,-348.46
3861,523.5,1209.78,1548.86,139.77,75.38,-66.57,-964.05,-9369.3,494.77,7753.52,-1746.61,73.88,1345.68,-1672.73,-327.05
3871,512.25,1179.91,1559.27,126.77,79.84,-48.92,-987.55,-9324.19,496.0,7746.92,-1764.29,73.51,1340.28,-1690.78,-350.5
3881,479.72,1207.14,1546.94,134.64,71.55,-67.16,-979.7,-9372.94,517.51,7826.31,-1778.51,75.4,1364.01,-1703.11,-339.1
3891,495.04,1218.2,1565.03,133.13,68.74,-67.36,-1020.58,-9271.29,496.51,7762.11,-1810.36,72.86,1379.53,-1737.5,-357.96
3901,530.15,1191.24,1542.45,143.82,75.53,-57.87,-959.3,-9255.12,487.77,7679.04,-1779.25,72.97,1377.7,-1706.28,-328.58
3911,496.97,1167.46,1532.02,124.01,80.97,-58.23,-996.12,-9302.94,501.45,7763.12,-1774.07,73.47,1308.71,-1700.6,-391.89
3921,509.18,1183.29,1553.56,128.33,72.07,-59.76,-980.09,-9342.95,500.61,7766.0,-1757.48,73.33,1330.24,-1684.15,-353.9
3931,486.67,1206.59,1567.62,135.32,85.2,-55.31,-1002.69,-9332.55,518.69,7806.44,-1777.2,73.11,1415.97,-1704.09,-288.12
3941,479.87,1187.4,1553.26,136.78,70.76,-65.43,-974.32,-9348.61,525.36,7801.47,-1779.93,73.42,1366.54,-1706.51,-339.98
3951,493.0,1176.79,1565.29,139.04,75.36,-61.81,-1010.28,-9406.22,519.44,7783.54,-1716.69,70.5,1274.14,-1646.19,-372.05
3961,532.93,1241.03,1584.36,146.24,77.11,-65.4,-991.41,-9407.49,525.87,7717.9,-1690.64,72.52,1361.14,-1618.11,-256.97
3971,487.59,1183.28,1541.66,128.88,90.24,-55.45,-985.06,-9415.04,514.56,7776.04,-1688.93,72.13,1266.73,-1616.8,-350.07
3981,521.21,1210.35,1574.33,131.46,72.28,-63.0,-1012.39,-9379.61,499.87,7747.48,-1703.44,72.48,1301.99,-1630.96,-328.97
3991,537.05,1240.39,1558.21,140.16,72.93,-70.37,-989.13,-9294.69,500.4,7695.84,-1752.36,72.26,1390.79,-1680.1,-289.31
4001,496.32,1196.85,1545.28,144.82,81.43,-64.99,-961.23,-9370.22,506.92,7753.48,-1719.2,72.1,1328.67,-1647.1,-318.43

Receptor Energy Terms
Frame #,BOND,ANGLE,DIHED,UB,IMP,CMAP,VDWAALS,EEL,1-4 VDW,1-4 EEL,EGB,ESURF,GGAS,GSOLV,TOTAL
1,497.95,1213.66,1481.7,130.68,76.98,-49.26,-977.65,-9257.77,489.16,7774.62,-1830.31,72.83,1380.07,-1757.47,-377.41
11,483.9,1186.02,1505.33,128.42,74.22,-64.48,-979.36,-9330.42,495.79,7827.15,-1779.58,70.95,1326.57,-1708.63,-382.06
21,521.43,1192.03,1494.69,130.3,73.84,-46.69,-987.13,-9330.59,486.65,7845.79,-1802.87,71.82,1380.33,-1731.05,-350.72
31,514.01,1199.76,1507.11,138.51,77.91,-55.51,-968.04,-9370.68,484.63,7768.43,-1726.56,71.49,1296.13,-1655.08,-358.94
41,466.92,1161.26,1501.89,134.06,80.07,-68.54,-971.9,-9382.41,504.68,7836.34,-1768.09,71.28,1262.37,-1696.81,-434.44
51,519.29,1148.42,1504.55,131.08,79.65,-66.47,-976.64,-9241.13,486.12,7768.36,-1829.85,71.28,1353.23,-1758.57,-405.34
61,511.59,1175.02,1487.7,136.09,78.57,-60.98,-968.11,-9233.42,492.59,7787.83,-1858.82,72.52,1406.89,-1786.3,-379.41
71,515.03,1184.87,1511.29,132.54,78.52,-64.81,-960.63,-9281.44,487.4,7831.87,-1829.49,72.51,1434.63,-1756.99,-322.35
81,492.34,1205.02,1493.77,135.21,74.11,-67.63,-985.52,-9262.89,479.87,7765.75,-1810.75,70.78,1330.02,-1739.96,-409.94
91,522.28,1166.57,1487.45,129.09,75.19,-50.42,-966.08,-9245.28,473.48,7760.35,-1830.8,71.71,1352.63,-1759.09,-406.46
101,484.74,1205.03,1496.47,135.71,78.64,-60.68,-951.8,-9311.15,484.91,7778.68,-1782.35,70.95,1340.57,-1711.4,-370.83
111,492.36,1172.77,1505.53,133.4,74.95,-68.04,-994.28,-9263.62,485.36,7787.98,-1807.74,70.82,1326.43,-1736.93,-410.5
121,482.1,1222.61,1502.78,130.22,73.53,-82.01,-999.58,-9249.69,472.23,7746.66,-1802.12,72.2,1298.84,-1729.92,-431.07
131,501.27,1127.03,1496.15,132.74,72.98,-55.43,-989.74,-9328.61,490.85,7876.25,-1798.19,72.55,1323.48,-1725.64,-402.17
141,510.29,1227.11,1505.89,137.19,67.4,-63.56,-961.8,-9316.37,489.95,7853.33,-1830.81,73.26,1449.43,-1757.55,-308.12
151,501.52,1195.19,1485.18,129.1,78.79,-66.27,-960.93,-9329.32,477.9,7805.85,-1790.55,72.06,1317.02,-1718.49,-401.48
161,527.37,1178.75,1524.33,131.58,82.71,-57.17,-983.83,-9278.32,486.69,7806.79,-1806.29,71.99,1418.9,-1734.3,-315.4
171,467.43,1173.61,1494.27,133.04,81.42,-67.29,-1003.99,-9340.89,477.34,7842.32,-1790.71,71.55,1257.24,-1719.16,-461.92
181,483.66,1191.48,1506.4,140.65,75.04,-51.69,-981.7,-9341.03,492.06,7847.84,-1781.52,70.74,1362.7,-1710.78,-348.08
191,505.36,1203.24,1489.4,125.83,77.4,-65.86,-969.96,-9286.67,488.41,7753.39,-1792.04,71.98,1320.54,-1720.06,-399.51
201,492.56,1215.73,1492.95,125.88,77.1,-61.05,-961.59,-9300.84,473.57,7827.43,-1827.96,71.76,1381.74,-1756.19,-374.45
211,493.6,1190.38,1505.89,130.4,75.8,-55.53,-970.28,-9295.86,485.09,7816.32,-1831.83,72.44,1375.81,-1759.39,-383.58
221,532.7,1175.29,1499.69,132.92,86.43,-63.28,-971.24,-9299.28,499.17,7805.93,-1818.06,71.59,1398.33,-1746.48,-348.15
231,473.45,1210.43,1484.89,136.24,72.29,-63.94,-977.18,-9345.44,493.61,7857.9,-1813.78,71.98,1342.23,-1741.8,-399.57
241,513.52,1140.66,1493.12,133.45,72.24,-64.19,-979.65,-9269.97,503.89,7822.79,-1827.12,71.43,1365.87,-1755.68,-389.81
251,470.39,1166.73,1481.56,127.22,80.65,-60.53,-970.27,-9295.07,499.57,7820.12,-1808.49,72.06,1320.37,-1736.43,-416.06
261,462.32,1144.28,1517.05,133.5,75.51,-60.94,-998.03,-9243.34,513.69,7838.53,-1845.96,70.98,1382.56,-1774.97,-392.41
271,506.48,1175.37,1496.95,141.47,74.11,-71.24,-970.15,-9306.99,500.06,7817.59,-1820.14,71.6,1363.65,-1748.54,-384.9
281,516.91,1188.11,1500.99,134.18,75.18,-59.49,-981.26,-9213.53,480.18,7769.03,-1844.43,71.8,1410.3,-1772.63,-362.33
291,527.84,1174.31,1500.73,129.86,75.56,-80.78,-972.26,-9249.57,478.94,7766.73,-1824.41,72.48,1351.37,-1751.93,-400.56
301,520.63,1223.04,1508.28,132.3,70.33,-68.79,-986.6,-9196.28,488.96,7818.5,-1876.71,73.0,1510.39,-1803.71,-293.33
311,506.35,1165.52,1500.84,131.33,69.06,-62.33,-984.28,-9198.47,482.08,7759.66,-1856.96,72.42,1369.76,-1784.54,-414.79
321,517.65,1184.4,1512.29,135.61,88.68,-60.67,-987.54,-9181.73,483.93,7747.79,-1871.18,71.35,1440.42,-1799.84,-359.42
331,517.7,1216.88,1503.72,136.71,69.2,-66.99,-987.49,-9192.0,488.88,7808.35,-1867.85,71.83,1494.94,-1796.02,-301.08
341,516.94,1167.36,1510.93,131.2,89.22,-72.2,-966.12,-9304.84,484.33,7819.49,-1815.72,71.6,1376.31,-1744.12,-367.82
351,507.73,1202.13,1513.93,130.11,76.44,-71.18,-991.56,-9168.55,480.39,7742.4,-1868.38,71.69,1421.84,-1796.69,-374.85
361,504.23,1195.73,1501.56,129.46,70.52,-64.55,-994.0,-9138.45,481.27,7756.45,-1908.15,72.42,1442.2,-1835.73,-393.52
371,519.44,1215.49,1485.33,134.34,81.31,-61.88,-1001.82,-9237.72,481.3,7779.26,-1841.49,70.96,1395.06,-1770.53,-375.47
381,501.24,1207.48,1513.47,132.93,74.07,-69.68,-971.1,-9207.17,484.15,7762.27,-1842.63,72.36,1427.66,-1770.27,-342.61
391,518.39,1165.34,1511.19,127.79,78.83,-71.5,-966.17,-9215.98,494.39,7774.55,-1856.71,70.89,1416.81,-1785.82,-369.01
401,494.29,1244.37,1487.48,132.68,84.36,-65.29,-995.85,-9289.62,488.44,7730.59,-1753.24,70.44,1311.46,-1682.8,-371.34
411,502.04,1155.28,1474.57,130.12,65.71,-54.98,-962.3,-9286.57,505.71,7789.15,-1800.01,72.33,1318.72,-1727.67,-408.95
421,486.07,1172.16,1489.98,129.93,76.53,-63.39,-1006.9,-9257.93,491.94,7823.37,-1840.54,71.33,1341.75,-1769.21,-427.46
431,497.33,1214.58,1501.06,128.37,88.36,-63.74,-973.79,-9263.89,487.08,7796.75,-1824.04,71.71,1412.12,-1752.34,-340.22
441,528.6,1189.7,1501.99,141.88,60.71,-70.35,-984.22,-9292.75,484.96,7760.7,-1775.98,71.03,1321.2,-1704.95,-383.75
451,479.97,1177.98,1517.25,125.3,75.73,-69.73,-968.06,-9256.63,486.23,7803.15,-1839.2,72.43,1371.18,-1766.77,-395.59
461,518.94,1150.26,1525.11,133.54,80.77,-66.29,-970.29,-9233.64,505.3,7767.78,-1829.0,70.7,1411.47,-1758.3,-346.83
471,456.64,1214.53,1514.14,132.2,74.17,-59.68,-997.73,-9241.67,511.18,7809.88,-1843.2,72.43,1413.66,-1770.77,-357.11
481,495.72,1199.24,1483.44,131.76,72.65,-75.37,-975.49,-9221.75,479.37,7764.7,-1842.08,71.33,1354.25,-1770.75,-416.5
491,439.2,1238.89,1496.19,132.12,74.91,-64.16,-999.62,-9271.74,498.75,7798.62,-1813.85,72.94,1343.18,-1740.91,-397.73
501,469.45,1194.3,1488.03,125.45,78.59,-61.08,-969.72,-9324.98,491.83,7826.86,-1823.33,71.64,1318.74,-1751.69,-432.95
511,478.62,1174.5,1501.86,130.78,65.72,-66.15,-1002.43,-9253.06,481.62,7770.01,-1827.64,71.75,1281.47,-1755.89,-474.42
521,513.5,1169.3,1503.55,133.36,77.82,-63.22,-976.64,-9268.26,486.7,7814.73,-1831.56,70.53,1390.86,-1761.03,-370.18
531,496.45,1177.23,1497.51,133.45,72.76,-63.68,-971.24,-9322.47,491.94,7830.33,-1820.99,71.53,1342.28,-1749.46,-407.18
541,489.69,1216.2,1513.19,135.47,73.76,-62.58,-981.97,-9253.15,493.67,7776.27,-1820.54,71.67,1400.55,-1748.87,-348.32
551,484.9,1223.75,1493.99,128.74,71.39,-62.8,-982.58,-9165.25,497.7,7710.26,-1861.88,72.95,1400.1,-1788.93,-388.83
561,529.11,1140.53,1485.68,124.82,72.25,-60.96,-982.58,-9273.81,477.0,7756.1,-1793.87,72.25,1268.13,-1721.62,-453.49
571,483.19,1202.02,1500.24,131.8,69.21,-80.76,-984.36,-9271.55,485.67,7798.81,-1815.04,72.5,1334.27,-1742.54,-408.27
581,504.56,1213.55,1487.76,135.47,82.4,-62.64,-995.79,-9258.58,474.84,7770.99,-1795.96,71.76,1352.55,-1724.2,-371.65
591,488.09,1209.22,1502.64,139.53,76.67,-69.6,-973.34,-9221.93,500.28,7756.69,-1829.0,73.21,1408.25,-1755.79,-347.53
601,504.6,1166.95,1483.9,129.87,83.2,-61.98,-998.38,-9216.35,501.9,7790.73,-1855.44,72.47,1384.43,-1782.97,-398.54
611,502.9,1176.98,1478.81,131.06,67.33,-50.76,-998.09,-9224.49,494.08,7800.84,-1838.0,73.42,1378.65,-1764.59,-385.93
621,477.79,1207.7,1492.52,139.05,74.26,-65.14,-1001.26,-9275.6,515.35,7803.12,-1821.23,71.61,1367.78,-1749.62,-381.84
631,532.45,1176.32,1504.67,137.03,76.96,-54.87,-996.52,-9283.1,504.35,7799.66,-1806.99,71.79,1396.94,-1735.2,-338.26
641,506.15,1216.78,1486.96,134.04,83.12,-54.03,-981.86,-9331.21,494.97,7803.75,-1775.91,71.51,1358.67,-1704.4,-345.73
651,487.29,1202.52,1519.91,128.72,73.39,-76.61,-1010.63,-9292.68,503.28,7765.27,-1771.25,71.32,1300.46,-1699.93,-399.46
661,503.76,1167.17,1482.91,129.28,77.88,-61.22,-954.7,-9331.75,483.33,7812.8,-1778.12,72.11,1309.45,-1706.01,-396.56
671,482.32,1149.66,1489.2,130.45,78.71,-69.99,-962.35,-9260.49,497.05,7811.07,-1837.71,72.39,1345.64,-1765.32,-419.68
681,499.74,1227.6,1479.56,136.38,68.1,-49.99,-980.81,-9244.01,499.82,7741.45,-1812.6,71.23,1377.83,-1741.37,-363.54
691,505.92,1213.24,1486.9,135.29,72.22,-64.39,-978.8,-9290.71,492.83,7782.83,-1804.74,73.82,1355.33,-1730.92,-375.59
701,520.77,1181.87,1489.01,133.85,79.87,-46.79,-987.22,-9337.54,474.38,7804.61,-1784.8,71.49,1312.81,-1713.31,-400.51
711,481.48,1141.66,1492.56,124.27,71.81,-70.91,-977.84,-9333.1,516.42,7891.76,-1821.95,71.16,1338.11,-1750.78,-412.68
721,489.14,1152.13,1497.82,126.87,73.24,-49.27,-966.4,-9303.76,495.99,7805.51,-1806.43,71.95,1321.26,-1734.48,-413.23
731,507.59,1128.3,1481.24,126.03,78.58,-58.64,-983.94,-9240.79,490.93,7853.56,-1880.74,74.16,1382.86,-1806.57,-423.71
741,502.77,1189.53,1496.73,123.48,68.42,-58.05,-975.1,-9239.93,496.45,7755.62,-1825.35,72.54,1359.92,-1752.8,-392.89
751,526.5,1193.09,1476.86,133.22,80.86,-66.9,-964.41,-9287.02,490.44,7890.45,-1887.95,72.31,1473.1,-1815.64,-342.54
761,471.07,1196.53,1504.18,126.57,80.9,-64.95,-975.28,-9340.32,498.62,7807.54,-1782.94,72.43,1304.87,-1710.5,-405.63
771,511.86,1129.64,1481.71,122.13,69.38,-68.58,-981.39,-9179.36,494.21,7840.77,-1916.04,71.65,1420.36,-1844.38,-424.02
781,489.08,1171.57,1496.98,136.0,74.14,-65.53,-980.6,-9268.29,509.17,7845.5,-1871.29,72.26,1408.01,-1799.03,-391.02
791,529.95,1183.5,1491.91,131.89,73.82,-64.4,-965.94,-9130.62,480.38,7723.89,-1908.91,73.28,1454.39,-1835.64,-381.24
801,517.26,1184.38,1484.54,132.58,94.52,-71.03,-951.62,-9248.95,510.78,7865.85,-1903.45,73.45,1518.31,-1830.01,-311.69
811,539.06,1171.92,1492.87,123.62,73.13,-58.98,-966.76,-9209.43,504.4,7811.8,-1913.32,73.12,1481.63,-1840.2,-358.57
821,488.71,1140.17,1474.05,129.51,72.49,-66.17,-1003.83,-9269.1,484.79,7881.78,-1871.63,71.27,1332.4,-1800.36,-467.96
831,499.27,1212.22,1475.66,133.08,67.77,-77.52,-1010.1,-9306.47,485.35,7871.71,-1835.27,71.36,1350.97,-1763.91,-412.94
841,480.48,1209.93,1492.65,131.69,70.11,-75.4,-982.99,-9359.46,484.6,7874.53,-1814.25,72.4,1326.13,-1741.85,-415.72
851,452.17,1182.99,1470.84,136.63,78.01,-62.21,-968.56,-9324.92,492.26,7908.2,-1877.53,72.51,1365.42,-1805.02,-439.59
861,508.63,1186.29,1492.9,131.78,61.9,-63.46,-985.08,-9270.21,496.15,7886.95,-1898.22,71.55,1445.86,-1826.67,-380.81
871,504.23,1173.47,1485.01,134.18,71.55,-54.22,-979.42,-9306.13,496.36,7838.32,-1838.73,71.33,1363.34,-1767.4,-404.06
881,475.18,1227.95,1490.48,122.8,70.71,-60.3,-996.83,-9311.7,494.22,7849.5,-1841.64,71.3,1362.01,-1770.34,-408.33
891,498.8,1174.21,1469.37,129.9,67.72,-56.7,-980.23,-9373.22,500.24,7880.17,-1822.77,71.65,1310.25,-1751.11,-440.86
901,486.24,1215.11,1501.19,136.49,76.54,-67.29,-984.22,-9240.49,497.32,7813.06,-1865.81,72.88,1433.94,-1792.93,-358.99
911,469.21,1156.07,1503.54,126.25,73.8,-58.22,-979.76,-9371.8,492.83,7913.82,-1803.86,72.74,1325.72,-1731.13,-405.4
921,482.71,1146.39,1502.17,125.56,68.58,-63.92,-965.38,-9297.95,508.14,7912.44,-1895.95,73.02,1418.75,-1822.93,-404.18
931,512.12,1177.61,1527.36,127.95,73.88,-67.34,-973.87,-9304.09,495.58,7835.66,-1825.25,71.13,1404.85,-1754.12,-349.27
941,490.59,1184.45,1503.2,133.17,76.88,-72.43,-948.93,-9336.43,485.91,7812.36,-1802.2,72.0,1328.75,-1730.2,-401.45
951,502.7,1187.24,1483.76,141.84,79.9,-56.63,-978.38,-9245.39,492.7,7821.42,-1854.75,71.44,1429.17,-1783.31,-354.14
961,494.73,1154.35,1500.16,126.51,78.92,-73.5,-964.11,-9310.67,514.19,7879.48,-1822.2,70.41,1400.06,-1751.79,-351.74
971,470.73,1174.68,1501.13,139.3,80.18,-71.39,-966.64,-9347.38,490.5,7861.32,-1817.36,72.16,1332.41,-1745.2,-412.78
981,497.21,1160.46,1495.01,130.77,75.0,-70.4,-999.5,-9334.9,481.55,7826.18,-1776.39,71.3,1261.4,-1705.1,-443.7
991,516.74,1156.77,1498.87,130.65,77.29,-65.29,-973.49,-9313.37,481.22,7841.16,-1826.88,71.6,1350.56,-1755.28,-404.73
1001,478.06,1183.91,1512.47,123.66,73.1,-61.08,-983.73,-9263.12,488.58,7781.78,-1816.52,71.66,1333.64,-1744.86,-411.22
1011,529.38,1203.61,1510.99,135.72,81.05,-62.23,-988.28,-9334.53,484.7,7833.69,-1793.02,72.06,1394.1,-1720.96,-326.86
1021,493.21,1211.85,1483.43,131.16,78.1,-72.95,-979.39,-9260.59,474.66,7791.12,-1829.23,71.55,1350.61,-1757.68,-407.08
1031,518.22,1202.05,1485.21,145.02,74.94,-63.21,-967.34,-9227.49,490.62,7796.52,-1875.12,72.71,1454.54,-1802.41,-347.87
1041,510.82,1200.0,1503.59,134.7,81.0,-52.72,-979.21,-9347.49,490.79,7852.67,-1793.17,71.75,1394.14,-1721.42,-327.28
1051,491.28,1162.5,1505.65,134.61,73.27,-72.85,-987.47,-9381.24,499.63,7868.11,-1766.37,70.81,1293.49,-1695.55,-402.06
1061,512.83,1178.52,1482.08,129.53,75.41,-60.85,-998.9,-9333.9,490.18,7801.67,-1759.7,71.55,1276.57,-1688.15,-411.57
1071,520.0,1179.48,1500.15,133.44,79.85,-54.76,-986.71,-9336.15,494.34,7865.82,-1821.73,70.73,1395.45,-1751.0,-355.55
1081,506.88,1173.97,1511.31,133.85,69.79,-63.41,-992.54,-9328.18,488.25,7846.23,-1788.58,70.65,1346.14,-1717.93,-371.79
1091,515.25,1177.91,1518.07,139.65,77.61,-78.29,-993.78,-9340.64,491.19,7816.53,-1769.61,70.43,1323.5,-1699.18,-375.68
1101,508.69,1188.28,1485.15,132.84,80.26,-58.85,-974.59,-9350.11,502.45,7849.12,-1790.78,71.34,1363.23,-1719.44,-356.21
1111,512.11,1210.32,1499.02,133.29,73.55,-50.19,-974.92,-9255.65,492.86,7822.44,-1860.01,71.5,1462.83,-1788.51,-325.69
1121,510.64,1176.76,1486.48,136.27,71.42,-50.96,-1002.38,-9354.67,477.94,7844.47,-1797.66,70.92,1295.97,-1726.74,-430.77
1131,515.85,1170.07,1502.26,134.52,78.7,-65.96,-996.86,-9315.32,491.68,7863.55,-1837.93,69.9,1378.48,-1768.03,-389.55
1141,513.62,1184.96,1502.03,128.74,70.42,-67.13,-997.45,-9389.04,489.5,7872.07,-1773.9,70.02,1307.7,-1703.88,-396.18
1151,524.08,1213.23,1489.63,132.66,70.35,-67.69,-998.42,-9310.45,487.59,7807.28,-1796.93,71.21,1348.26,-1725.72,-377.45
1161,485.83,1153.93,1500.38,117.31,65.89,-48.48,-981.36,-9343.59,499.95,7855.81,-1800.75,71.4,1305.66,-1729.35,-423.69
1171,503.65,1214.06,1518.46,130.54,84.81,-63.45,-993.98,-9272.55,495.93,7833.08,-1852.06,70.37,1450.54,-1781.69,-331.15
1181,503.57,1180.44,1510.72,135.68,74.34,-60.48,-991.61,-9274.48,481.84,7830.11,-1855.19,71.92,1390.13,-1783.28,-393.15
1191,501.87,1195.11,1501.05,125.36,70.46,-71.29,-982.2,-9331.01,488.47,7848.41,-1797.27,70.61,1346.25,-1726.67,-380.42
1201,522.01,1141.99,1509.12,132.9,72.92,-69.69,-999.4,-9342.76,483.17,7840.03,-1789.38,70.27,1290.28,-1719.11,-428.83
1211,481.63,1131.69,1493.07,125.42,74.75,-67.77,-987.99,-9325.57,498.62,7886.24,-1837.91,69.96,1310.08,-1767.96,-457.87
1221,498.24,1177.66,1508.44,135.09,71.03,-69.11,-970.19,-9329.6,491.59,7850.3,-1805.48,71.95,1363.43,-1733.53,-370.11
1231,498.2,1198.98,1491.91,128.91,75.21,-51.44,-982.15,-9300.9,485.51,7849.27,-1840.69,71.88,1393.49,-1768.81,-375.31
1241,511.77,1203.21,1501.07,131.8,72.19,-61.48,-973.52,-9309.49,484.36,7849.84,-1842.65,71.83,1409.75,-1770.82,-361.07
1251,536.1,1181.29,1488.28,133.15,83.92,-60.8,-987.35,-9307.76,481.7,7884.02,-1864.56,71.55,1432.55,-1793.0,-360.46
1261,482.28,1175.88,1501.18,129.74,69.77,-50.76,-988.59,-9299.06,495.67,7901.61,-1882.16,70.91,1417.72,-1811.24,-393.52
1271,523.95,1196.35,1486.57,137.41,80.43,-52.47,-998.8,-9327.04,479.54,7841.26,-1802.02,69.25,1367.19,-1732.77,-365.58
1281,524.13,1153.47,1495.67,129.42,75.83,-70.81,-991.35,-9314.57,500.26,7862.88,-1829.4,68.77,1364.93,-1760.63,-395.71
1291,486.99,1169.73,1498.82,131.88,81.15,-49.96,-984.44,-9354.83,487.62,7903.89,-1821.56,70.37,1370.85,-1751.19,-380.34
1301,518.92,1164.39,1499.67,132.88,70.12,-58.26,-1014.79,-9267.03,479.12,7877.19,-1864.63,69.54,1402.22,-1795.09,-392.87
1311,496.38,1139.75,1483.0,128.2,72.38,-61.45,-1003.48,-9340.17,484.31,7857.62,-1808.6,70.8,1256.53,-1737.79,-481.26
1321,492.25,1190.38,1481.96,141.65,63.28,-58.26,-1001.66,-9241.9,500.3,7819.49,-1860.61,70.76,1387.48,-1789.85,-402.36
1331,501.72,1221.3,1497.25,132.01,74.3,-67.95,-1000.49,-9276.59,486.24,7828.28,-1836.83,70.98,1396.08,-1765.85,-369.77
1341,526.43,1166.29,1520.16,125.99,78.08,-54.34,-967.67,-9228.91,481.35,7835.07,-1874.21,71.67,1482.44,-1802.54,-320.11
1351,539.14,1158.46,1510.8,129.89,77.75,-69.94,-985.36,-9310.54,493.09,7824.76,-1822.89,70.11,1368.06,-1752.79,-384.73
1361,509.25,1159.36,1484.85,130.3,68.94,-69.29,-987.64,-9336.08,495.49,7912.88,-1857.3,70.63,1368.06,-1786.66,-418.6
1371,506.76,1141.64,1495.33,134.07,84.04,-52.98,-978.6,-9354.61,488.15,7908.36,-1817.75,70.74,1372.14,-1747.01,-374.87
1381,475.19,1186.81,1505.63,125.52,83.09,-40.55,-990.79,-9201.53,495.7,7817.17,-1880.4,70.82,1456.23,-1809.58,-353.34
1391,551.75,1143.75,1517.81,127.6,83.09,-67.16,-989.88,-9232.61,496.03,7851.97,-1883.11,73.1,1482.35,-1810.01,-327.66
1401,524.46,1159.34,1505.49,122.3,69.47,-63.5,-997.73,-9287.41,473.85,7835.11,-1823.3,71.09,1341.38,-1752.21,-410.83
1411,474.34,1185.4,1496.92,130.5,83.48,-61.31,-1006.98,-9306.9,512.85,7933.97,-1874.87,71.1,1442.27,-1803.77,-361.5
1421,482.08,1188.1,1509.25,134.59,75.63,-67.72,-985.68,-9239.64,499.97,7812.55,-1872.11,70.13,1409.14,-1801.98,-392.84
1431,466.31,1149.76,1511.02,137.01,75.32,-71.57,-999.86,-9255.58,503.75,7868.38,-1872.4,71.48,1384.52,-1800.92,-416.4
1441,510.19,1172.29,1486.15,135.71,77.25,-73.25,-979.94,-9247.69,476.94,7810.29,-1841.19,70.99,1367.94,-1770.2,-402.26
1451,494.94,1169.04,1489.05,134.95,76.13,-62.7,-1004.25,-9358.92,500.86,7866.16,-1782.96,70.83,1305.25,-1712.12,-406.87
1461,508.99,1192.89,1492.42,128.6,73.11,-70.71,-956.41,-9243.78,489.58,7755.29,-1819.27,71.14,1369.97,-1748.13,-378.16
1471,500.7,1174.28,1517.92,134.64,80.56,-61.27,-992.37,-9316.68,486.51,7836.6,-1803.68,71.48,1360.89,-1732.21,-371.32
1481,491.13,1177.54,1505.15,131.31,84.43,-62.3,-974.7,-9230.37,488.51,7792.27,-1846.2,70.98,1402.98,-1775.23,-372.25
1491,476.38,1172.48,1492.35,130.03,76.28,-53.56,-996.28,-9229.12,486.01,7800.55,-1832.3,72.08,1355.12,-1760.22,-405.1
1501,525.21,1165.89,1487.58,125.64,68.21,-60.86,-1013.1,-9223.95,497.46,7765.4,-1801.27,70.22,1337.47,-1731.05,-393.58
1511,500.47,1190.89,1487.51,133.32,75.32,-61.27,-996.25,-9270.7,484.08,7805.46,-1834.7,71.34,1348.83,-1763.36,-414.53
1521,495.99,1162.55,1491.52,130.49,79.49,-57.55,-1014.85,-9298.48,490.63,7854.43,-1821.48,70.25,1334.23,-1751.23,-417.0
1531,496.57,1179.87,1490.57,133.13,73.56,-50.16,-983.09,-9323.68,504.58,7804.69,-1789.53,69.63,1326.03,-1719.9,-393.87
1541,492.32,1176.8,1498.05,130.01,83.15,-67.08,-989.85,-9319.2,487.67,7817.56,-1775.32,70.74,1309.41,-1704.58,-395.16
1551,497.45,1170.71,1491.82,133.59,85.01,-64.37,-993.41,-9325.43,488.34,7874.78,-1811.32,70.4,1358.49,-1740.92,-382.42
1561,502.76,1177.71,1490.21,132.55,89.22,-57.24,-968.69,-9281.54,491.69,7792.65,-1823.67,70.21,1369.34,-1753.46,-384.12
1571,506.81,1160.61,1489.49,134.48,65.82,-51.7,-960.8,-9373.51,496.1,7857.86,-1802.32,69.3,1325.15,-1733.03,-407.88
1581,514.01,1187.06,1496.4,133.34,62.39,-55.68,-982.46,-9301.08,489.21,7789.18,-1783.41,70.3,1332.36,-1713.11,-380.75
1591,507.14,1148.32,1485.71,130.45,83.87,-61.01,-996.59,-9337.33,486.33,7847.41,-1769.27,69.29,1294.3,-1699.98,-405.68
1601,523.97,1215.99,1501.55,123.52,75.18,-66.52,-989.6,-9229.69,507.18,7816.62,-1857.17,71.11,1478.19,-1786.06,-307.86
1611,513.48,1178.21,1485.97,139.24,82.23,-55.77,-994.98,-9156.97,479.76,7763.27,-1889.83,71.99,1434.43,-1817.83,-383.4
1621,490.95,1170.53,1497.16,127.27,79.45,-61.89,-992.12,-9177.43,499.06,7814.58,-1923.26,70.41,1447.56,-1852.85,-405.29
1631,516.98,1147.23,1506.79,127.86,71.17,-62.86,-978.94,-9227.84,491.07,7864.48,-1901.36,71.21,1455.94,-1830.15,-374.2
1641,491.19,1167.13,1490.07,125.11,72.95,-64.17,-982.18,-9292.43,487.98,7873.68,-1869.26,70.74,1369.33,-1798.52,-429.19
1651,516.45,1204.32,1490.92,132.83,77.1,-64.72,-987.99,-9227.97,480.84,7813.24,-1867.09,70.33,1435.02,-1796.76,-361.75
1661,512.66,1161.18,1505.67,134.12,77.8,-58.75,-978.88,-9337.77,485.17,7823.65,-1787.06,70.27,1324.84,-1716.79,-391.95
1671,525.42,1168.94,1490.35,133.66,71.07,-67.46,-987.24,-9368.73,483.72,7892.21,-1793.89,70.51,1341.94,-1723.39,-381.44
1681,492.08,1205.53,1486.08,142.17,85.27,-55.28,-983.94,-9268.78,485.15,7807.48,-1833.56,70.66,1395.74,-1762.9,-367.16
1691,502.17,1191.11,1472.12,126.44,79.47,-67.37,-972.19,-9280.78,491.38,7836.56,-1827.9,70.73,1378.91,-1757.16,-378.26
1701,491.17,1218.06,1462.97,138.81,63.95,-58.45,-1006.11,-9372.81,480.83,7852.63,-1775.13,69.79,1271.06,-1705.33,-434.28
1711,484.36,1167.26,1519.52,137.93,77.77,-66.8,-989.91,-9350.57,495.57,7845.56,-1790.04,71.12,1320.69,-1718.92,-398.24
1721,465.95,1119.68,1506.48,126.47,75.27,-56.97,-995.12,-9363.97,502.66,7889.81,-1806.21,70.67,1270.27,-1735.54,-465.26
1731,516.02,1169.55,1488.4,120.01,79.01,-49.41,-989.07,-9362.58,490.39,7868.91,-1786.81,70.15,1331.23,-1716.66,-385.43
1741,492.74,1152.2,1488.23,128.6,81.48,-62.77,-976.26,-9328.24,509.87,7821.25,-1799.63,70.84,1307.1,-1728.79,-421.69
1751,472.5,1159.95,1513.13,130.96,75.13,-67.22,-997.65,-9305.93,506.59,7842.49,-1806.59,70.12,1329.94,-1736.47,-406.52
1761,497.98,1157.57,1495.69,126.63,75.77,-63.9,-978.43,-9272.11,494.66,7786.26,-1825.86,71.25,1320.12,-1754.6,-434.48
1771,551.8,1196.16,1502.37,138.55,77.02,-69.02,-998.53,-9243.31,479.2,7766.77,-1841.48,69.42,1400.98,-1772.06,-371.08
1781,493.82,1170.3,1511.22,132.79,77.52,-60.85,-967.5,-9327.0,495.62,7851.49,-1822.26,72.03,1377.4,-1750.23,-372.83
1791,497.14,1215.29,1465.79,129.84,67.82,-58.61,-988.49,-9316.83,491.43,7836.34,-1810.54,71.92,1339.72,-1738.61,-398.89
1801,511.44,1200.32,1486.15,133.09,67.54,-51.47,-1011.75,-9386.09,493.98,7821.19,-1734.51,69.17,1264.4,-1665.34,-400.94
1811,489.97,1161.81,1523.05,128.35,84.0,-63.36,-990.9,-9425.98,496.97,7855.94,-1731.39,69.1,1259.84,-1662.29,-402.45
1821,470.06,1173.79,1492.33,129.67,68.18,-52.27,-997.34,-9369.85,511.53,7847.25,-1761.18,68.79,1273.36,-1692.39,-419.03
1831,530.95,1162.52,1498.3,134.96,82.41,-64.84,-975.76,-9352.7,504.62,7831.97,-1771.94,70.59,1352.44,-1701.36,-348.92
1841,513.23,1192.05,1493.58,130.09,67.37,-60.24,-995.33,-9271.51,495.32,7796.24,-1831.99,70.0,1360.81,-1761.99,-401.19
1851,506.07,1171.36,1478.25,131.85,79.31,-59.02,-1002.09,-9220.65,485.41,7772.85,-1847.53,70.94,1343.35,-1776.59,-433.24
1861,501.07,1199.04,1498.07,129.32,67.68,-66.41,-992.15,-9266.61,492.61,7794.7,-1811.9,70.68,1357.31,-1741.22,-383.91
1871,473.09,1210.28,1481.16,137.89,72.78,-64.54,-994.55,-9429.73,497.85,7889.34,-1750.67,69.15,1273.58,-1681.52,-407.94
1881,502.34,1194.01,1508.88,129.07,79.0,-70.28,-978.18,-9296.34,495.17,7796.4,-1806.54,71.6,1360.06,-1734.93,-374.88
1891,491.6,1202.73,1490.5,132.38,69.89,-56.72,-980.61,-9391.97,483.29,7838.47,-1740.69,70.68,1279.56,-1670.01,-390.45
1901,502.44,1177.73,1491.63,135.03,76.18,-60.72,-967.91,-9359.61,494.89,7868.72,-1803.79,70.87,1358.37,-1732.92,-374.54
1911,495.75,1164.34,1502.76,142.99,83.9,-56.69,-986.26,-9444.27,500.73,7907.81,-1746.77,69.28,1311.05,-1677.49,-366.44
1921,503.97,1174.7,1480.05,131.96,80.32,-63.77,-993.43,-9415.98,487.17,7858.32,-1744.03,68.85,1243.31,-1675.17,-431.87
1931,499.35,1152.74,1479.09,124.13,63.51,-56.79,-987.0,-9358.83,513.15,7828.88,-1751.51,68.34,1258.23,-1683.16,-424.93
1941,476.34,1179.99,1494.19,125.5,70.13,-56.39,-996.03,-9354.55,504.97,7861.83,-1786.32,70.43,1305.99,-1715.89,-409.9
1951,515.05,1190.93,1511.38,135.52,78.64,-62.05,-968.5,-9330.52,492.72,7803.2,-1793.06,70.5,1366.37,-1722.56,-356.19
1961,485.77,1154.82,1500.66,125.52,80.22,-48.15,-977.83,-9375.65,501.1,7870.37,-1776.6,70.96,1316.83,-1705.63,-388.81
1971,508.65,1185.46,1480.77,122.53,82.46,-57.79,-967.1,-9398.02,493.19,7819.08,-1757.86,70.31,1269.24,-1687.55,-418.31
1981,481.98,1193.97,1503.81,134.01,82.65,-68.17,-985.48,-9316.14,497.1,7880.52,-1846.14,70.55,1404.26,-1775.59,-371.34
1991,493.98,1165.17,1510.29,132.04,79.21,-66.14,-985.23,-9302.57,506.64,7857.24,-1846.75,71.48,1390.65,-1775.27,-384.61
2001,495.17,1167.61,1470.98,129.46,74.79,-47.23,-991.01,-9269.63,491.97,7855.91,-1850.14,71.73,1378.02,-1778.41,-400.39
2011,526.32,1174.57,1470.13,132.94,70.19,-55.44,-1000.66,-9247.15,493.52,7836.85,-1860.4,71.07,1401.29,-1789.33,-388.03
2021,501.83,1149.89,1478.18,127.4,70.74,-50.59,-980.57,-9241.23,514.0,7844.88,-1890.96,70.48,1414.52,-1820.48,-405.96
2031,509.51,1162.09,1521.71,138.45,91.73,-62.93,-992.41,-9211.86,486.9,7823.07,-1897.01,71.79,1466.27,-1825.22,-358.95
2041,502.71,1170.73,1491.85,129.32,76.24,-61.35,-984.35,-9249.09,483.69,7823.81,-1892.44,71.27,1383.56,-1821.17,-437.61
2051,491.76,1167.81,1453.42,139.04,63.94,-51.72,-982.85,-9218.32,500.28,7848.87,-1904.78,70.5,1412.22,-1834.27,-422.05
2061,525.88,1190.04,1504.32,141.25,68.39,-47.81,-983.49,-9210.97,489.97,7831.5,-1902.39,71.01,1509.08,-1831.38,-322.3
2071,489.08,1236.23,1458.17,140.06,81.45,-78.11,-977.71,-9253.48,498.81,7819.54,-1885.81,70.52,1414.04,-1815.29,-401.24
2081,501.65,1145.46,1480.4,133.39,83.82,-58.7,-979.85,-9332.38,505.11,7849.22,-1824.35,70.72,1328.12,-1753.63,-425.51
2091,518.71,1170.54,1482.41,132.3,76.53,-53.94,-994.4,-9321.15,491.97,7882.88,-1843.63,71.58,1385.85,-1772.05,-386.2
2101,507.36,1221.74,1485.94,128.32,73.87,-65.89,-1007.18,-9336.56,498.65,7827.82,-1780.35,70.11,1334.08,-1710.25,-376.17
2111,518.75,1224.25,1484.85,134.33,76.33,-69.89,-1005.1,-9280.65,506.09,7809.0,-1822.0,71.26,1397.96,-1750.74,-352.78
2121,502.26,1203.96,1503.55,134.6,85.12,-69.07,-1001.29,-9349.52,520.34,7914.4,-1842.36,70.75,1444.35,-1771.6,-327.25
2131,505.92,1180.77,1474.48,132.65,87.62,-63.77,-977.84,-9372.67,509.02,7867.71,-1789.51,70.6,1343.89,-1718.91,-375.02
2141,514.86,1167.24,1484.63,143.65,71.91,-63.31,-1003.96,-9319.24,487.34,7859.87,-1837.22,69.88,1343.0,-1767.34,-424.34
2151,505.61,1188.3,1491.27,135.8,71.76,-72.82,-976.17,-9265.07,504.79,7792.62,-1836.69,71.1,1376.08,-1765.59,-389.51
2161,517.64,1174.78,1493.93,137.39,70.72,-59.6,-1002.07,-9370.96,482.13,7895.84,-1791.13,69.98,1339.79,-1721.15,-381.36
2171,515.61,1164.9,1521.38,129.35,82.55,-63.66,-1005.18,-9343.25,491.2,7854.94,-1783.19,70.7,1347.85,-1712.5,-364.65
2181,503.98,1188.8,1495.09,133.4,79.85,-67.23,-1000.08,-9303.48,485.98,7824.06,-1810.78,70.13,1340.37,-1740.65,-400.28
2191,514.21,1225.07,1503.52,143.0,78.46,-60.8,-971.31,-9332.75,500.14,7819.45,-1783.24,71.39,1419.0,-1711.85,-292.86
2201,522.8,1203.64,1497.88,146.4,68.75,-47.31,-992.97,-9287.12,492.92,7869.46,-1831.32,70.61,1474.46,-1760.71,-286.25
2211,507.46,1177.79,1505.87,142.08,93.36,-65.62,-984.22,-9344.28,491.98,7834.9,-1791.26,70.51,1359.31,-1720.75,-361.44
2221,494.91,1183.77,1499.02,134.38,62.17,-63.54,-995.62,-9293.26,503.66,7847.85,-1831.03,71.12,1373.36,-1759.91,-386.55
2231,489.69,1177.61,1509.79,128.19,81.76,-57.33,-992.53,-9291.86,496.11,7798.68,-1801.22,70.56,1340.12,-1730.66,-390.54
2241,505.38,1200.66,1483.27,127.12,83.21,-58.59,-972.09,-9301.51,508.14,7791.28,-1812.76,70.33,1366.87,-1742.43,-375.56
2251,517.14,1158.97,1501.36,135.34,70.52,-60.42,-993.28,-9251.83,500.21,7779.36,-1825.26,69.4,1357.39,-1755.86,-398.47
2261,518.64,1181.66,1475.15,134.24,84.26,-69.86,-1005.18,-9298.95,484.48,7831.34,-1811.51,70.03,1335.78,-1741.48,-405.7
2271,516.13,1176.17,1504.65,139.09,87.28,-69.94,-1008.26,-9385.77,494.37,7850.56,-1757.94,70.05,1304.29,-1687.89,-383.6
2281,488.29,1167.12,1480.31,130.08,76.13,-57.27,-1008.29,-9429.49,502.69,7885.95,-1742.02,68.58,1235.53,-1673.44,-437.92
2291,466.6,1140.04,1503.12,131.18,71.82,-58.1,-997.57,-9394.01,498.47,7854.79,-1748.21,69.05,1216.33,-1679.17,-462.84
2301,496.87,1192.42,1483.03,128.19,80.48,-52.02,-992.68,-9415.45,499.74,7850.18,-1736.49,69.24,1270.76,-1667.25,-396.49
2311,505.18,1174.91,1498.71,130.86,77.15,-59.55,-990.4,-9393.87,489.96,7850.34,-1752.53,70.11,1283.28,-1682.42,-399.14
2321,512.66,1157.08,1480.76,128.63,68.61,-49.94,-996.12,-9293.84,486.71,7762.28,-1797.33,70.09,1256.83,-1727.24,-470.42
2331,500.32,1209.0,1490.23,130.6,62.81,-76.66,-988.77,-9349.32,484.67,7852.92,-1792.91,71.05,1315.77,-1721.86,-406.09
2341,483.31,1191.42,1506.48,134.98,77.05,-72.51,-979.62,-9414.8,511.36,7878.71,-1741.72,68.61,1316.38,-1673.11,-356.72
2351,481.45,1166.67,1471.7,128.75,86.05,-57.84,-976.71,-9388.02,496.96,7888.89,-1776.13,69.57,1297.88,-1706.56,-408.68
2361,492.64,1123.47,1500.88,123.65,75.99,-52.2,-983.03,-9355.3,495.13,7861.84,-1793.64,70.56,1283.08,-1723.07,-440.0
2371,477.11,1150.97,1480.2,122.8,62.76,-55.99,-1015.47,-9319.37,486.63,7856.28,-1806.31,70.36,1245.92,-1735.95,-490.03
2381,508.29,1172.38,1506.37,136.09,86.12,-55.03,-994.79,-9380.95,497.22,7855.59,-1784.6,70.04,1331.3,-1714.56,-383.26
2391,541.3,1151.98,1484.62,129.65,79.77,-68.89,-987.36,-9437.04,490.84,7874.02,-1745.73,68.91,1258.89,-1676.83,-417.94
2401,498.57,1180.36,1511.88,132.7,79.05,-52.64,-988.4,-9487.2,507.59,7894.21,-1706.88,69.48,1276.14,-1637.4,-361.27
2411,504.06,1172.24,1477.77,128.69,77.64,-60.13,-993.0,-9480.38,484.83,7869.72,-1704.77,69.63,1181.44,-1635.13,-453.69
2421,483.98,1163.1,1496.05,126.7,71.4,-73.01,-982.31,-9476.76,496.95,7847.89,-1668.78,69.27,1153.98,-1599.51,-445.53
2431,494.96,1167.23,1495.44,128.35,68.92,-61.22,-991.54,-9460.62,495.27,7836.22,-1694.82,69.21,1173.02,-1625.61,-452.59
2441,479.6,1175.17,1505.41,129.19,75.97,-61.23,-1004.85,-9451.04,487.64,7868.72,-1724.91,70.04,1204.59,-1654.86,-450.27
2451,502.7,1183.21,1508.72,132.97,77.02,-64.87,-1001.16,-9449.47,498.54,7882.93,-1732.59,69.19,1270.59,-1663.4,-392.81
2461,482.63,1213.92,1504.1,131.27,69.3,-62.92,-978.71,-9390.52,499.17,7827.01,-1753.03,69.14,1295.24,-1683.89,-388.65
2471,491.11,1183.78,1462.92,140.42,81.63,-56.2,-1000.06,-9391.58,487.18,7820.89,-1747.35,70.3,1220.1,-1677.05,-456.95
2481,504.43,1185.51,1478.58,138.18,69.57,-52.81,-996.89,-9416.05,509.86,7863.66,-1717.64,70.1,1284.03,-1647.54,-363.51
2491,498.31,1187.61,1481.53,134.32,75.07,-43.61,-991.78,-9370.45,494.66,7818.92,-1746.42,70.56,1284.58,-1675.86,-391.28
2501,489.86,1150.84,1477.12,129.9,81.26,-54.7,-978.88,-9354.3,503.28,7820.68,-1755.75,70.56,1265.06,-1685.19,-420.13
2511,515.6,1157.7,1491.52,131.25,76.3,-59.31,-977.92,-9355.0,485.6,7848.16,-1775.98,71.91,1313.9,-1704.08,-390.18
2521,509.97,1170.86,1503.3,131.25,85.71,-58.01,-976.38,-9367.96,489.34,7800.66,-1747.15,71.3,1288.74,-1675.85,-387.1
2531,512.52,1196.29,1485.48,129.31,74.04,-67.15,-969.97,-9354.52,492.9,7865.87,-1804.72,72.75,1364.76,-1731.97,-367.2
2541,507.71,1175.03,1496.82,126.52,91.3,-56.53,-963.8,-9411.02,490.23,7882.2,-1772.36,72.09,1338.45,-1700.26,-361.81
2551,512.0,1182.11,1487.29,126.33,70.1,-58.22,-976.19,-9380.69,488.31,7841.91,-1772.35,72.45,1292.95,-1699.9,-406.94
2561,459.13,1185.96,1479.92,134.03,72.16,-63.75,-974.35,-9390.08,510.93,7872.04,-1767.31,71.06,1285.99,-1696.26,-410.27
2571,518.62,1167.72,1487.91,133.33,75.76,-68.88,-986.68,-9399.47,492.65,7859.8,-1759.29,69.42,1280.76,-1689.87,-409.11
2581,498.32,1184.81,1470.84,132.75,76.43,-58.61,-985.94,-9354.39,493.49,7863.75,-1794.04,71.12,1321.44,-1722.92,-401.49
2591,473.37,1213.34,1487.89,133.46,74.13,-65.77,-975.15,-9341.52,513.92,7774.61,-1732.72,70.12,1288.29,-1662.6,-374.31
2601,520.25,1173.31,1506.77,132.9,83.26,-51.63,-959.76,-9300.02,475.74,7765.6,-1803.79,71.63,1346.42,-1732.16,-385.74
2611,511.53,1230.26,1479.27,135.22,76.89,-59.77,-978.79,-9312.6,485.14,7842.09,-1807.15,71.96,1409.23,-1735.18,-325.96
2621,508.92,1174.91,1507.33,123.98,81.79,-63.34,-986.15,-9301.74,467.72,7809.23,-1807.27,69.69,1322.65,-1737.59,-414.93
2631,483.95,1190.69,1482.48,133.0,76.1,-58.23,-980.4,-9346.54,518.3,7856.51,-1804.2,70.5,1355.84,-1733.7,-377.87
2641,495.65,1179.51,1506.41,123.85,68.3,-71.49,-978.37,-9366.58,508.51,7872.34,-1798.34,71.7,1338.14,-1726.64,-388.5
2651,527.43,1168.81,1465.34,131.51,71.46,-69.97,-965.5,-9406.93,490.93,7901.52,-1788.11,72.03,1314.59,-1716.08,-401.5
2661,524.41,1194.45,1486.11,132.71,76.77,-66.01,-970.27,-9322.35,485.42,7853.84,-1820.26,71.54,1395.07,-1748.73,-353.65
2671,528.76,1154.91,1505.05,134.71,70.99,-66.74,-983.78,-9370.76,483.7,7862.35,-1778.2,72.02,1319.18,-1706.18,-387.0
2681,503.91,1177.66,1501.43,135.2,79.66,-55.12,-980.9,-9399.73,487.53,7891.62,-1789.63,71.32,1341.27,-1718.31,-377.04
2691,508.26,1168.87,1509.59,130.6,80.54,-67.77,-993.58,-9395.13,495.95,7852.15,-1764.35,71.51,1289.48,-1692.84,-403.35
2701,506.53,1193.09,1487.43,131.62,73.07,-66.31,-987.41,-9297.84,492.49,7838.01,-1831.52,71.98,1370.67,-1759.54,-388.87
2711,526.86,1195.27,1491.61,138.06,69.51,-55.77,-998.5,-9301.18,478.92,7770.92,-1797.88,70.64,1315.7,-1727.24,-411.55
2721,510.1,1167.98,1480.18,134.37,73.92,-72.69,-1001.47,-9360.96,491.78,7827.31,-1764.24,70.68,1250.54,-1693.56,-443.03
2731,502.08,1204.51,1474.22,134.48,73.99,-76.86,-967.2,-9330.63,503.54,7801.49,-1783.89,72.36,1319.64,-1711.53,-391.9
2741,509.56,1167.2,1532.74,136.64,68.1,-60.06,-990.34,-9325.65,509.24,7806.16,-1795.51,71.79,1353.59,-1723.72,-370.13
2751,490.95,1188.96,1501.59,130.5,79.27,-76.22,-984.13,-9217.62,496.15,7803.72,-1862.01,73.41,1413.19,-1788.6,-375.41
2761,484.5,1179.78,1481.8,137.55,65.9,-66.91,-965.11,-9263.83,482.78,7795.44,-1825.57,71.95,1331.92,-1753.62,-421.7
2771,485.55,1170.1,1501.1,129.36,76.11,-56.78,-990.91,-9320.42,506.35,7822.57,-1796.49,72.03,1323.03,-1724.46,-401.43
2781,504.02,1202.61,1486.98,136.85,71.66,-51.49,-991.12,-9295.36,494.63,7781.34,-1793.18,72.22,1340.1,-1720.96,-380.85
2791,517.23,1198.04,1490.3,133.05,77.47,-51.78,-980.1,-9274.74,484.79,7819.79,-1825.9,73.65,1414.04,-1752.25,-338.21
2801,537.24,1159.1,1482.6,128.66,66.93,-58.23,-976.32,-9329.68,487.38,7874.58,-1816.81,72.35,1372.26,-1744.46,-372.2
2811,493.31,1211.18,1512.73,127.66,75.26,-73.09,-979.24,-9319.34,485.78,7805.75,-1777.45,72.74,1340.0,-1704.7,-364.71
2821,487.91,1222.25,1476.82,135.82,82.07,-63.35,-991.74,-9206.79,489.22,7778.34,-1862.01,70.88,1410.55,-1791.14,-380.58
2831,500.86,1189.91,1475.78,138.36,70.01,-70.25,-994.34,-9279.17,489.56,7795.4,-1788.62,71.82,1316.14,-1716.8,-400.66
2841,497.33,1196.22,1498.99,136.43,76.08,-72.93,-985.52,-9348.33,503.78,7844.16,-1793.55,71.37,1346.19,-1722.18,-375.98
2851,490.1,1176.42,1496.42,131.56,73.77,-70.63,-981.04,-9224.84,494.19,7823.58,-1868.88,72.54,1409.54,-1796.34,-386.8
2861,509.43,1221.69,1515.33,136.38,73.07,-72.81,-962.15,-9271.28,492.94,7792.54,-1822.81,72.76,1435.13,-1750.05,-314.92
2871,511.27,1161.81,1480.45,132.37,77.61,-58.51,-999.33,-9278.18,472.49,7801.37,-1822.73,73.06,1301.34,-1749.68,-448.33
2881,490.51,1201.26,1475.74,131.9,82.38,-48.24,-991.3,-9173.66,502.54,7769.57,-1874.42,72.24,1440.7,-1802.18,-361.47
2891,508.68,1178.5,1484.91,132.71,65.93,-55.93,-974.87,-9308.75,483.92,7831.21,-1799.42,72.73,1346.3,-1726.69,-380.39
2901,509.42,1199.12,1489.94,133.07,77.2,-61.85,-976.8,-9328.87,485.05,7836.36,-1783.64,71.23,1362.62,-1712.41,-349.79
2911,540.94,1163.1,1502.32,128.4,80.1,-66.25,-978.73,-9288.62,479.03,7826.01,-1801.44,72.0,1386.31,-1729.44,-343.13
2921,511.32,1172.71,1511.88,134.54,75.32,-63.46,-975.4,-9266.27,508.87,7826.7,-1834.07,71.56,1436.22,-1762.5,-326.28
2931,517.59,1157.91,1493.1,135.67,67.03,-69.64,-974.98,-9279.44,468.23,7855.82,-1858.84,72.18,1371.29,-1786.66,-415.38
2941,486.18,1198.04,1492.87,133.42,76.0,-66.13,-987.81,-9301.52,500.67,7829.38,-1819.37,71.9,1361.09,-1747.47,-386.38
2951,524.39,1112.42,1515.66,134.41,74.67,-72.53,-981.78,-9229.37,488.64,7831.74,-1870.68,72.93,1398.25,-1797.75,-399.5
2961,538.37,1160.57,1500.69,136.21,77.87,-65.36,-993.01,-9193.52,483.93,7825.4,-1895.96,71.99,1471.15,-1823.97,-352.81
2971,539.9,1214.8,1496.82,140.38,87.94,-56.88,-974.67,-9263.19,484.62,7840.79,-1882.81,72.64,1510.51,-1810.17,-299.66
2981,476.73,1188.68,1482.57,135.38,70.84,-61.3,-991.75,-9178.38,505.46,7800.38,-1904.32,71.72,1428.62,-1832.6,-403.98
2991,513.55,1242.19,1503.5,132.97,64.34,-67.82,-990.97,-9208.99,475.09,7756.79,-1853.68,72.11,1420.66,-1781.57,-360.91
3001,521.86,1174.12,1508.19,144.28,90.79,-54.23,-998.51,-9265.9,488.74,7755.28,-1805.84,70.96,1364.61,-1734.88,-370.27
3011,468.71,1182.13,1476.07,133.81,68.93,-51.86,-981.18,-9262.28,492.81,7842.2,-1870.45,70.28,1369.33,-1800.17,-430.83
3021,492.2,1197.92,1482.97,132.34,70.17,-60.79,-976.66,-9328.43,474.34,7833.13,-1822.65,71.21,1317.18,-1751.44,-434.26
3031,499.71,1184.12,1478.26,125.75,84.8,-60.99,-983.11,-9240.94,488.5,7832.15,-1875.97,72.44,1408.23,-1803.53,-395.29
3041,506.84,1175.87,1483.72,132.35,74.74,-57.81,-992.73,-9334.66,504.0,7873.41,-1787.82,71.56,1365.72,-1716.27,-350.54
3051,484.73,1137.37,1491.07,125.67,78.94,-61.54,-964.32,-9330.56,500.23,7820.47,-1793.62,71.99,1282.07,-1721.64,-439.57
3061,522.99,1140.92,1480.5,129.28,75.09,-82.94,-984.19,-9299.45,472.78,7780.63,-1795.97,70.91,1235.62,-1725.06,-489.44
3071,501.63,1183.49,1499.65,128.09,74.27,-63.93,-982.25,-9301.53,493.99,7804.91,-1804.53,71.51,1338.32,-1733.02,-394.7
3081,519.0,1162.17,1483.36,118.12,84.07,-63.01,-986.3,-9293.04,472.12,7781.67,-1781.57,71.49,1278.16,-1710.08,-431.92
3091,500.14,1146.5,1471.43,130.6,69.96,-63.14,-980.33,-9277.62,481.03,7773.42,-1810.07,72.54,1252.01,-1737.53,-485.52
3101,509.08,1167.08,1503.08,122.46,87.39,-57.9,-976.6,-9290.17,492.35,7801.56,-1798.51,71.78,1358.34,-1726.73,-368.39
3111,517.18,1216.46,1477.72,133.22,80.55,-68.76,-1005.08,-9220.47,497.65,7827.07,-1847.42,71.54,1455.53,-1775.88,-320.34
3121,538.41,1175.03,1500.74,132.64,80.23,-55.76,-982.4,-9317.32,482.04,7809.62,-1795.4,72.55,1363.24,-1722.85,-359.61
3131,487.43,1185.81,1491.13,129.51,79.29,-64.04,-972.63,-9336.29,498.31,7869.42,-1795.93,71.19,1367.95,-1724.74,-356.79
3141,521.94,1150.37,1513.04,132.19,79.73,-54.0,-990.46,-9317.31,487.44,7817.56,-1783.31,71.8,1340.51,-1711.5,-371.0
3151,506.08,1156.64,1491.89,123.11,78.2,-63.92,-1001.9,-9322.42,486.0,7823.38,-1788.19,70.96,1277.07,-1717.23,-440.16
3161,511.36,1195.61,1490.71,133.02,82.15,-60.64,-989.75,-9275.66,479.9,7780.68,-1797.23,70.72,1347.41,-1726.51,-379.1
3171,509.31,1125.7,1505.85,134.34,73.11,-66.51,-980.29,-9379.67,506.98,7854.78,-1763.38,70.43,1283.6,-1692.95,-409.35
3181,492.27,1150.35,1503.45,129.72,82.8,-84.31,-983.29,-9347.86,490.41,7832.47,-1772.29,71.57,1266.02,-1700.73,-434.71
3191,517.14,1170.62,1492.26,132.37,75.19,-57.7,-986.4,-9311.51,493.53,7829.93,-1801.52,70.74,1355.42,-1730.77,-375.36
3201,512.89,1178.53,1484.23,131.51,72.52,-76.46,-998.83,-9394.03,496.17,7869.59,-1765.98,70.14,1276.12,-1695.84,-419.72
3211,519.49,1161.43,1501.16,132.64,82.94,-56.49,-1004.64,-9401.24,471.25,7862.63,-1742.56,70.69,1269.18,-1671.87,-402.69
3221,519.7,1205.33,1488.32,134.97,74.29,-64.55,-1003.58,-9258.18,480.53,7823.23,-1843.6,70.36,1400.08,-1773.24,-373.16
3231,506.96,1108.22,1499.16,127.27,74.45,-53.76,-1000.62,-9387.3,495.6,7831.19,-1750.69,70.12,1201.16,-1680.56,-479.4
3241,484.23,1154.22,1503.31,121.92,89.48,-69.3,-999.14,-9378.88,509.85,7876.82,-1795.48,70.06,1292.51,-1725.43,-432.91
3251,530.5,1211.58,1507.74,138.43,78.12,-78.22,-985.98,-9347.84,492.7,7789.86,-1754.16,70.39,1336.9,-1683.76,-346.87
3261,495.61,1171.5,1496.39,135.55,78.78,-55.71,-1000.41,-9407.23,498.81,7833.98,-1734.01,70.6,1247.26,-1663.41,-416.15
3271,468.28,1193.13,1506.24,132.87,76.77,-58.06,-981.29,-9335.74,493.72,7796.5,-1773.71,71.96,1292.41,-1701.75,-409.34
3281,471.89,1164.06,1479.55,123.98,79.09,-64.77,-956.05,-9371.92,506.92,7853.05,-1782.62,71.44,1285.8,-1711.18,-425.38
3291,490.78,1178.69,1492.78,137.22,76.03,-67.23,-993.89,-9293.34,520.84,7806.32,-1790.17,71.37,1348.2,-1718.79,-370.59
3301,507.14,1149.96,1500.29,129.54,75.63,-70.05,-972.71,-9389.63,494.34,7845.69,-1772.85,72.69,1270.2,-1700.16,-429.96
3311,504.59,1198.98,1495.23,131.41,75.11,-73.19,-971.16,-9380.02,482.08,7852.82,-1774.5,70.49,1315.85,-1704.01,-388.17
3321,498.51,1163.93,1494.1,127.44,83.14,-59.48,-969.35,-9369.68,478.95,7794.91,-1746.75,71.11,1242.47,-1675.64,-433.17
3331,499.71,1174.27,1505.79,126.19,75.48,-59.48,-967.73,-9462.94,516.73,7857.79,-1711.87,70.19,1265.8,-1641.68,-375.88
3341,515.28,1152.8,1485.31,129.5,75.04,-67.7,-990.39,-9325.37,505.45,7783.07,-1770.94,69.78,1262.99,-1701.16,-438.18
3351,489.95,1175.02,1495.07,135.43,79.83,-59.92,-1015.14,-9346.34,495.67,7822.0,-1749.13,70.15,1271.57,-1678.98,-407.41
3361,501.52,1202.64,1505.16,136.62,71.04,-77.93,-994.46,-9302.89,497.01,7761.36,-1759.23,70.72,1300.07,-1688.52,-388.45
3371,508.66,1183.08,1504.48,141.46,88.33,-59.75,-989.56,-9343.55,495.26,7825.53,-1765.3,70.85,1353.96,-1694.45,-340.49
3381,520.8,1174.51,1486.13,132.66,69.5,-62.32,-981.81,-9310.71,487.84,7795.38,-1783.67,71.64,1311.98,-1712.02,-400.04
3391,503.49,1187.43,1489.77,139.34,76.41,-71.93,-953.83,-9320.83,494.71,7761.25,-1772.82,71.27,1305.81,-1701.55,-395.74
3401,517.27,1210.92,1510.36,129.18,76.39,-73.35,-1013.32,-9311.4,476.52,7830.92,-1790.32,70.69,1353.49,-1719.63,-366.14
3411,519.3,1208.24,1459.97,134.87,77.22,-67.04,-988.64,-9315.08,483.37,7811.17,-1796.01,70.98,1323.4,-1725.03,-401.63
3421,498.57,1179.62,1506.87,133.23,66.49,-52.14,-971.28,-9353.24,508.18,7835.32,-1784.08,71.72,1351.62,-1712.36,-360.74
3431,505.05,1184.3,1487.19,132.61,66.53,-62.17,-976.2,-9396.88,487.7,7801.97,-1710.22,71.42,1230.1,-1638.8,-408.7
3441,475.59,1244.47,1475.98,138.38,80.11,-68.15,-983.75,-9322.59,480.89,7814.49,-1761.76,70.56,1335.42,-1691.2,-355.78
3451,539.84,1209.71,1498.29,143.84,78.59,-62.12,-1000.4,-9372.36,486.24,7778.98,-1707.63,69.83,1300.62,-1637.81,-337.19
3461,485.71,1191.15,1486.91,132.4,67.74,-52.04,-994.52,-9344.46,487.35,7797.84,-1742.43,70.18,1258.08,-1672.25,-414.17
3471,491.55,1151.48,1482.51,130.21,84.04,-62.48,-975.3,-9390.81,491.81,7837.89,-1723.33,70.72,1240.89,-1652.61,-411.72
3481,516.03,1189.28,1506.74,132.33,82.66,-72.19,-991.42,-9264.61,486.01,7769.05,-1790.4,72.34,1353.88,-1718.07,-364.18
3491,496.98,1182.27,1488.96,128.39,81.5,-56.05,-994.86,-9327.34,506.32,7798.03,-1788.89,70.51,1304.2,-1718.38,-414.18
3501,484.92,1215.39,1506.69,135.81,73.68,-62.27,-983.19,-9399.19,490.07,7794.19,-1705.48,69.91,1256.09,-1635.58,-379.49
3511,506.03,1193.9,1466.84,131.9,78.32,-50.34,-981.85,-9401.24,507.59,7847.04,-1735.19,70.12,1298.19,-1665.07,-366.88
3521,490.87,1192.58,1485.4,132.07,72.37,-40.7,-983.48,-9414.48,495.67,7805.26,-1703.38,70.74,1235.56,-1632.63,-397.07
3531,493.6,1174.48,1496.48,138.41,68.13,-51.94,-973.85,-9449.9,501.75,7845.34,-1699.95,70.84,1242.52,-1629.1,-386.58
3541,524.14,1195.61,1491.57,132.21,68.22,-47.13,-1006.66,-9415.93,496.69,7853.85,-1723.54,69.24,1292.58,-1654.3,-361.72
3551,488.94,1190.39,1471.81,134.38,78.63,-51.71,-972.49,-9465.26,491.42,7816.6,-1693.44,70.41,1182.71,-1623.03,-440.32
3561,497.54,1229.93,1495.83,128.1,81.29,-70.56,-992.32,-9430.57,491.09,7865.31,-1713.8,70.67,1295.63,-1643.12,-347.49
3571,522.42,1220.1,1509.41,142.92,74.09,-66.38,-994.81,-9331.62,483.18,7770.56,-1734.9,70.74,1329.88,-1664.16,-334.28
3581,508.32,1217.06,1486.96,136.76,74.71,-66.04,-1001.54,-9390.54,491.37,7836.51,-1741.64,70.32,1293.58,-1671.32,-377.74
3591,490.91,1198.06,1492.96,130.84,80.83,-62.29,-982.69,-9452.44,497.76,7873.83,-1708.23,70.49,1267.77,-1637.74,-369.98
3601,482.16,1179.78,1479.02,130.12,61.37,-52.59,-983.15,-9391.57,498.24,7873.03,-1755.78,71.72,1276.42,-1684.06,-407.64
3611,506.46,1214.12,1488.8,134.51,73.3,-64.76,-986.86,-9337.1,495.8,7846.51,-1797.6,71.82,1370.79,-1725.78,-355.0
3621,511.71,1186.4,1510.45,121.93,86.29,-75.08,-997.75,-9307.94,471.69,7846.54,-1786.59,70.67,1354.23,-1715.92,-361.69
3631,534.0,1206.75,1457.23,136.91,71.38,-63.91,-980.24,-9388.25,476.65,7850.64,-1777.24,71.59,1301.14,-1705.66,-404.52
3641,515.57,1180.86,1499.53,141.25,81.43,-72.08,-980.84,-9355.0,477.24,7889.67,-1797.28,72.07,1377.63,-1725.22,-347.59
3651,464.17,1162.48,1488.96,124.4,80.2,-66.64,-987.72,-9347.94,499.28,7889.19,-1807.25,72.93,1306.39,-1734.32,-427.93
3661,501.46,1193.68,1497.05,131.59,67.95,-68.78,-975.47,-9348.25,501.66,7843.5,-1777.47,69.35,1344.39,-1708.12,-363.73
3671,492.83,1174.69,1476.33,132.69,63.99,-61.08,-995.94,-9376.78,478.84,7839.68,-1749.71,71.49,1225.26,-1678.21,-452.95
3681,512.14,1192.74,1505.12,135.48,74.6,-60.41,-1006.3,-9355.26,492.81,7838.05,-1779.61,71.14,1328.96,-1708.47,-379.51
3691,472.56,1151.8,1493.22,129.49,72.98,-61.7,-976.41,-9394.52,494.96,7892.02,-1775.16,71.38,1274.41,-1703.78,-429.38
3701,517.48,1217.46,1469.52,141.1,74.8,-70.51,-986.61,-9355.99,483.0,7843.64,-1788.59,70.66,1333.89,-1717.93,-384.04
3711,527.23,1177.46,1495.42,127.19,75.27,-49.37,-999.56,-9356.0,511.84,7882.15,-1790.74,69.86,1391.63,-1720.88,-329.26
3721,515.55,1149.12,1474.15,124.54,71.77,-58.26,-1010.75,-9275.23,482.41,7860.53,-1827.31,69.81,1333.82,-1757.51,-423.69
3731,499.98,1203.36,1486.07,134.81,74.93,-63.94,-987.39,-9318.35,467.48,7835.21,-1825.72,71.31,1332.15,-1754.41,-422.26
3741,501.88,1158.9,1486.43,121.4,74.9,-52.23,-983.91,-9319.96,498.06,7875.47,-1812.42,71.01,1360.94,-1741.41,-380.47
3751,489.1,1185.3,1490.73,126.97,76.09,-54.61,-1021.19,-9340.64,497.75,7861.96,-1791.35,70.41,1311.45,-1720.94,-409.49
3761,491.71,1183.62,1502.33,128.71,70.76,-52.62,-975.81,-9351.56,499.92,7811.06,-1763.63,70.41,1308.13,-1693.22,-385.09
3771,498.83,1168.33,1486.72,135.17,70.68,-60.31,-961.01,-9374.75,506.04,7808.97,-1766.32,70.77,1278.68,-1695.55,-416.87
3781,521.11,1127.32,1501.48,131.81,84.94,-66.92,-996.5,-9326.55,474.08,7798.0,-1765.67,70.07,1248.76,-1695.61,-446.84
3791,500.39,1182.47,1507.7,126.83,70.89,-57.61,-989.93,-9356.11,502.41,7807.35,-1754.27,70.1,1294.4,-1684.17,-389.77
3801,480.33,1184.32,1499.34,126.53,79.2,-65.08,-978.21,-9400.62,494.92,7836.62,-1728.79,69.15,1257.36,-1659.65,-402.29
3811,488.53,1211.57,1507.15,138.65,82.14,-59.25,-997.21,-9344.16,491.48,7828.55,-1771.48,71.52,1347.45,-1699.97,-352.52
3821,494.15,1174.45,1500.15,138.78,74.68,-63.37,-989.83,-9397.63,492.12,7825.89,-1709.2,70.7,1249.39,-1638.5,-389.11
3831,497.88,1160.73,1508.53,129.99,75.35,-50.91,-984.69,-9362.19,491.96,7840.92,-1777.12,70.81,1307.56,-1706.31,-398.75
3841,505.2,1136.71,1488.18,122.85,73.94,-50.95,-987.36,-9360.19,495.11,7835.62,-1774.47,70.79,1259.09,-1703.68,-444.58
3851,494.86,1185.65,1497.55,131.5,70.38,-60.19,-998.32,-9347.36,481.11,7819.65,-1754.56,70.05,1274.84,-1684.51,-409.67
3861,513.95,1192.18,1500.62,136.4,75.36,-66.57,-959.9,-9395.19,477.86,7801.88,-1727.72,71.14,1276.6,-1656.58,-379.98
3871,503.98,1162.07,1505.54,123.59,79.17,-48.92,-983.34,-9353.57,480.24,7798.38,-1744.2,70.73,1267.16,-1673.47,-406.31
3881,472.8,1189.81,1498.41,130.98,71.15,-67.16,-976.46,-9399.86,501.11,7875.0,-1760.06,72.66,1295.78,-1687.4,-391.61
3891,485.75,1198.93,1513.71,129.24,68.24,-67.36,-1016.88,-9298.38,479.57,7810.32,-1790.76,70.09,1303.13,-1720.67,-417.54
3901,518.09,1174.69,1492.4,139.23,75.49,-57.87,-955.95,-9282.17,472.57,7728.74,-1760.75,70.24,1305.22,-1690.5,-385.28
3911,489.18,1147.88,1482.95,120.81,80.53,-58.23,-992.61,-9330.4,485.18,7816.21,-1756.83,70.76,1241.49,-1686.07,-444.57
3921,499.95,1168.59,1504.95,124.95,72.02,-59.76,-976.28,-9364.84,484.45,7808.36,-1739.79,70.59,1262.4,-1669.2,-406.8
3931,478.7,1189.17,1516.17,131.3,84.7,-55.31,-998.13,-9359.35,500.57,7856.14,-1759.4,70.4,1343.96,-1689.0,-345.04
3941,468.67,1169.51,1501.2,132.82,70.27,-65.43,-971.3,-9374.59,507.79,7848.43,-1761.18,70.74,1287.37,-1690.44,-403.06
3951,485.42,1158.22,1510.57,134.02,75.31,-61.81,-1005.14,-9432.91,503.54,7832.91,-1698.43,67.77,1200.13,-1630.66,-430.53
3961,527.11,1227.72,1533.83,143.0,77.0,-65.4,-987.77,-9434.52,504.89,7767.25,-1672.32,69.8,1293.13,-1602.52,-309.4
3971,476.24,1167.54,1489.19,125.12,89.06,-55.45,-979.95,-9441.47,497.83,7825.07,-1670.84,69.39,1193.19,-1601.45,-408.26
3981,510.5,1194.51,1523.26,127.78,72.26,-63.0,-1006.34,-9406.59,485.68,7793.7,-1683.13,69.76,1231.75,-1613.37,-381.61
3991,529.62,1222.89,1509.11,136.05,71.68,-70.37,-983.55,-9321.35,483.84,7743.49,-1734.14,69.52,1321.41,-1664.62,-343.21
4001,489.86,1177.75,1492.9,140.42,80.46,-64.99,-957.11,-9397.23,490.53,7803.52,-1701.45,69.39,1256.12,-1632.06,-375.94

Ligand Energy Terms
Frame #,BOND,ANGLE,DIHED,UB,IMP,CMAP,VDWAALS,EEL,1-4 VDW,1-4 EEL,EGB,ESURF,GGAS,GSOLV,TOTAL
1,11.97,15.85,50.71,3.93,0.67,0.0,-4.77,27.06,16.83,-46.01,-19.14,2.75,76.24,-16.39,59.85
11,9.72,19.81,48.87,4.28,3.01,0.0,-2.45,28.52,19.12,-51.87,-18.46,2.73,79.02,-15.73,63.29
21,10.0,20.64,50.25,4.36,0.54,0.0,-2.15,27.36,17.88,-52.9,-17.95,2.73,75.99,-15.22,60.77
31,11.9,21.76,53.84,5.23,0.05,0.0,-2.42,28.73,16.63,-53.78,-18.53,2.74,81.96,-15.79,66.17
41,12.37,17.97,50.62,4.32,0.71,0.0,-4.78,26.29,13.93,-48.58,-18.76,2.75,72.85,-16.01,56.84
51,9.55,25.05,49.8,4.74,0.27,0.0,-1.52,25.83,16.03,-50.55,-17.81,2.71,79.2,-15.1,64.11
61,14.61,19.07,46.85,5.26,1.83,0.0,-2.43,26.14,16.99,-49.37,-17.76,2.73,78.94,-15.03,63.91
71,11.38,14.65,50.14,4.72,0.24,0.0,-4.56,26.12,16.09,-49.1,-18.05,2.72,69.69,-15.33,54.36
81,6.23,15.0,49.93,3.33,2.36,0.0,-2.26,26.53,17.45,-50.0,-18.73,2.75,68.58,-15.99,52.59
91,13.35,15.35,50.02,4.34,0.12,0.0,-2.63,26.95,13.59,-49.57,-18.54,2.75,71.51,-15.79,55.72
101,10.81,15.95,49.94,4.0,0.43,0.0,-2.9,26.89,17.56,-51.56,-18.11,2.69,71.12,-15.42,55.69
111,10.71,23.75,50.57,5.29,1.05,0.0,-5.06,25.92,18.21,-47.38,-18.88,2.7,83.05,-16.18,66.87
121,8.86,18.61,50.27,3.4,0.31,0.0,-4.83,27.42,14.31,-49.58,-19.82,2.69,68.76,-17.13,51.63
131,7.26,17.05,50.27,4.25,0.4,0.0,-4.23,26.17,17.32,-48.98,-18.36,2.69,69.5,-15.67,53.84
141,8.31,20.16,52.35,3.82,0.19,0.0,-5.25,27.5,14.93,-49.87,-19.98,2.74,72.13,-17.24,54.89
151,7.18,14.21,51.64,4.51,0.73,0.0,-2.58,27.04,17.45,-49.48,-18.54,2.7,70.71,-15.84,54.87
161,11.6,15.13,50.84,3.73,0.35,0.0,-1.79,27.66,16.08,-49.46,-19.38,2.71,74.13,-16.67,57.46
171,6.84,16.98,50.98,3.94,1.1,0.0,-5.22,27.14,15.46,-48.69,-19.4,2.7,68.54,-16.7,51.84
181,6.54,19.44,53.88,4.37,0.64,0.0,-3.55,27.6,15.46,-49.82,-19.78,2.7,74.56,-17.08,57.48
191,11.77,22.16,51.66,4.46,0.13,0.0,-3.74,26.46,15.46,-49.38,-18.73,2.75,78.97,-15.98,62.99
201,5.21,21.28,50.76,5.37,0.09,0.0,-3.49,27.45,15.18,-49.46,-18.78,2.73,72.37,-16.05,56.32
211,8.1,19.94,48.98,3.92,1.5,0.0,-2.15,26.13,18.23,-46.38,-18.71,2.73,78.27,-15.99,62.29
221,9.6,16.13,50.47,3.5,0.73,0.0,-3.8,25.02,17.54,-46.49,-18.54,2.77,72.7,-15.77,56.93
231,8.35,16.42,47.61,4.72,1.83,0.0,-2.73,28.01,18.34,-52.21,-17.85,2.71,70.33,-15.14,55.19
241,9.06,14.87,48.71,3.24,0.13,0.0,-3.63,26.12,18.93,-46.86,-18.78,2.76,70.56,-16.03,54.54
251,11.02,13.33,52.14,4.25,0.11,0.0,-4.22,25.24,19.78,-46.05,-18.42,2.75,75.61,-15.67,59.94
261,6.57,21.59,48.14,3.9,3.33,0.0,-1.29,26.33,20.87,-50.63,-18.12,2.7,78.8,-15.42,63.38
271,6.83,26.02,53.59,5.92,0.46,0.0,-2.95,27.59,19.44,-51.55,-18.18,2.73,85.36,-15.45,69.91
281,8.67,16.79,46.88,3.05,0.71,0.0,0.79,27.08,16.75,-51.54,-17.46,2.73,69.18,-14.73,54.45
291,8.62,19.61,49.2,4.88,0.04,0.0,-4.23,26.75,18.61,-51.0,-18.7,2.7,72.48,-16.0,56.48
301,9.82,27.74,52.49,5.19,0.17,0.0,-3.44,27.15,19.14,-51.56,-18.31,2.74,86.71,-15.57,71.14
311,7.02,16.18,49.66,3.81,0.64,0.0,-3.45,26.65,16.18,-49.93,-18.74,2.71,66.76,-16.04,50.73
321,14.73,22.14,47.86,5.05,0.15,0.0,-1.43,24.89,15.28,-46.96,-18.88,2.72,81.72,-16.17,65.55
331,6.98,15.69,50.26,3.41,1.14,0.0,-4.81,25.41,16.4,-47.92,-19.03,2.72,66.58,-16.31,50.28
341,9.95,18.47,55.25,4.32,0.8,0.0,-5.47,27.26,13.9,-47.38,-19.94,2.76,77.1,-17.19,59.92
351,8.98,22.06,49.8,3.65,1.24,0.0,-2.58,24.6,17.97,-48.99,-17.91,2.71,76.74,-15.2,61.54
361,8.84,17.5,48.38,3.42,0.26,0.0,-2.76,23.2,17.96,-43.87,-17.67,2.69,72.93,-14.98,57.95
371,5.4,15.64,50.09,2.92,1.03,0.0,-3.27,27.16,16.96,-48.78,-19.13,2.72,67.16,-16.41,50.75
381,7.88,12.83,51.58,3.82,0.18,0.0,-3.23,27.81,14.72,-49.17,-19.18,2.74,66.42,-16.45,49.97
391,6.78,15.56,48.43,3.2,0.67,0.0,-2.0,27.22,18.29,-50.87,-18.56,2.73,67.29,-15.83,51.46
401,15.27,17.07,48.78,2.48,0.9,0.0,-3.49,27.52,15.71,-51.74,-18.49,2.74,72.49,-15.75,56.74
411,5.89,17.25,50.67,3.05,0.06,0.0,-2.57,27.2,20.85,-50.9,-17.65,2.71,71.5,-14.94,56.56
421,8.26,21.85,48.94,5.26,0.21,0.0,-3.96,26.29,17.57,-50.86,-18.43,2.76,73.55,-15.67,57.88
431,8.34,13.22,48.57,2.35,0.64,0.0,0.51,27.91,16.52,-51.98,-17.54,2.72,66.08,-14.83,51.26
441,16.6,23.92,51.13,6.2,0.11,0.0,-3.35,29.54,16.74,-53.85,-18.93,2.74,87.04,-16.19,70.84
451,8.12,21.39,51.82,5.39,0.57,0.0,-1.67,27.17,16.04,-50.95,-18.45,2.74,77.87,-15.72,62.16
461,8.03,16.65,50.4,3.85,0.97,0.0,-3.23,27.09,16.75,-48.92,-18.52,2.73,71.58,-15.79,55.79
471,6.87,25.36,50.11,5.46,0.07,0.0,-3.9,27.92,15.89,-51.35,-18.83,2.73,76.43,-16.1,60.33
481,9.41,22.85,49.33,4.42,0.54,0.0,-3.91,29.73,14.36,-55.42,-18.79,2.7,71.3,-16.09,55.21
491,10.54,25.44,51.89,4.4,0.25,0.0,-2.02,27.18,17.68,-52.32,-18.26,2.74,83.04,-15.52,67.52
501,9.7,19.55,47.44,3.82,0.66,0.0,-3.3,28.12,15.51,-50.84,-19.05,2.76,70.67,-16.29,54.38
511,8.47,20.2,50.94,4.16,0.34,0.0,-4.03,26.73,16.73,-51.55,-18.49,2.74,71.99,-15.75,56.25
521,15.32,20.75,47.9,5.61,0.56,0.0,-4.3,28.57,15.11,-54.0,-19.26,2.73,75.52,-16.53,58.99
531,9.83,15.59,47.45,4.21,0.0,0.0,-2.2,26.36,16.92,-50.13,-17.84,2.72,68.04,-15.12,52.92
541,10.43,17.5,52.19,4.83,0.51,0.0,-4.62,28.28,18.23,-50.57,-18.55,2.69,76.79,-15.86,60.93
551,12.71,19.43,50.95,4.46,2.08,0.0,-4.39,26.28,13.83,-47.95,-19.41,2.77,77.4,-16.64,60.76
561,5.71,15.7,48.92,3.5,0.11,0.0,-3.69,27.05,20.03,-49.24,-18.91,2.73,68.08,-16.19,51.9
571,9.47,19.13,48.85,3.28,0.3,0.0,-3.83,27.95,13.02,-51.33,-18.68,2.75,66.84,-15.93,50.92
581,8.77,18.41,50.18,5.37,0.63,0.0,-4.33,27.52,14.42,-49.2,-19.03,2.72,71.78,-16.31,55.47
591,11.38,15.82,49.17,3.24,0.81,0.0,-2.88,26.99,17.07,-51.48,-18.7,2.76,70.11,-15.94,54.16
601,9.95,20.64,48.46,5.06,0.74,0.0,-3.17,26.3,16.39,-50.18,-17.88,2.73,74.19,-15.15,59.04
611,7.95,21.26,49.72,3.51,1.03,0.0,-3.43,26.82,15.41,-51.46,-18.14,2.74,70.79,-15.4,55.39
621,9.04,19.82,47.57,3.18,0.33,0.0,-3.03,28.2,15.25,-53.1,-18.67,2.76,67.28,-15.91,51.37
631,15.37,21.26,48.71,5.76,0.06,0.0,-4.12,28.36,16.28,-52.66,-18.71,2.72,79.02,-15.98,63.04
641,7.03,14.54,49.15,3.22,0.04,0.0,-2.85,26.56,17.46,-48.2,-18.32,2.72,66.95,-15.6,51.35
651,10.0,17.96,48.17,3.72,0.51,0.0,-3.21,27.03,16.08,-46.66,-18.71,2.73,73.58,-15.98,57.6
661,10.85,16.86,49.35,5.45,0.9,0.0,-3.69,29.05,17.39,-52.94,-19.04,2.73,73.21,-16.31,56.9
671,9.37,18.84,52.82,2.98,0.36,0.0,-1.81,27.81,16.09,-52.36,-17.78,2.74,74.11,-15.04,59.07
681,10.71,17.65,46.98,3.17,0.39,0.0,-2.05,27.99,19.35,-51.63,-18.46,2.73,72.55,-15.73,56.82
691,9.07,17.54,49.09,3.19,1.51,0.0,-1.93,27.13,16.45,-51.84,-18.22,2.74,70.21,-15.47,54.73
701,14.39,16.69,50.86,3.34,0.11,0.0,-1.76,28.9,16.32,-53.19,-18.93,2.72,75.65,-16.21,59.43
711,8.62,18.19,52.05,3.73,0.16,0.0,-3.82,28.88,16.96,-51.83,-18.59,2.7,72.95,-15.89,57.06
721,8.53,16.34,47.26,4.3,0.66,0.0,-1.56,25.62,16.52,-49.75,-18.4,2.73,67.9,-15.67,52.23
731,14.22,23.72,49.9,4.47,0.55,0.0,-4.31,27.22,15.17,-49.91,-18.46,2.74,81.02,-15.71,65.31
741,9.6,19.43,48.57,4.84,1.12,0.0,-4.24,25.34,13.35,-45.42,-19.14,2.67,72.59,-16.47,56.12
751,5.26,19.49,48.9,4.57,1.03,0.0,-5.4,25.91,15.85,-48.14,-18.77,2.71,67.45,-16.05,51.4
761,14.55,15.18,48.34,3.51,0.47,0.0,-4.63,25.06,13.49,-45.9,-18.97,2.73,70.08,-16.25,53.84
771,11.43,20.14,49.57,4.94,0.66,0.0,-3.18,25.53,18.39,-47.84,-19.0,2.73,79.64,-16.27,63.37
781,6.43,15.63,48.09,2.99,0.66,0.0,-3.17,27.28,20.65,-50.46,-18.83,2.71,68.09,-16.12,51.97
791,7.73,19.25,49.24,4.35,1.4,0.0,-4.15,24.88,16.99,-45.56,-18.82,2.73,74.11,-16.09,58.02
801,7.92,16.47,49.71,4.91,0.57,0.0,-4.55,24.59,18.04,-46.6,-18.48,2.69,71.04,-15.79,55.25
811,9.06,17.91,52.55,4.21,0.58,0.0,-3.07,23.51,18.02,-45.62,-18.67,2.71,77.15,-15.95,61.2
821,8.58,18.84,45.73,3.24,0.34,0.0,-2.95,26.68,13.93,-50.96,-18.48,2.71,63.43,-15.77,47.66
831,7.48,18.05,49.11,2.98,1.16,0.0,-1.91,28.34,14.57,-51.88,-19.76,2.71,67.9,-17.05,50.85
841,9.3,20.75,51.27,5.28,0.07,0.0,-4.01,25.39,18.73,-48.68,-18.79,2.66,78.1,-16.12,61.98
851,6.13,24.09,48.09,4.39,0.75,0.0,-4.58,25.39,17.01,-49.12,-18.88,2.69,72.16,-16.19,55.98
861,15.53,21.63,52.41,5.49,1.93,0.0,-3.36,26.58,14.2,-49.12,-18.97,2.68,85.29,-16.29,69.0
871,7.96,18.88,50.32,5.05,0.99,0.0,-3.43,25.03,15.95,-46.08,-18.6,2.7,74.67,-15.9,58.76
881,10.02,18.25,49.93,4.15,0.36,0.0,-2.0,25.08,17.82,-47.97,-18.63,2.64,75.64,-15.99,59.65
891,7.71,20.71,47.85,5.52,1.11,0.0,-4.22,24.51,17.0,-46.84,-18.49,2.72,73.34,-15.78,57.57
901,11.64,20.8,51.7,4.26,0.38,0.0,-5.89,24.31,15.96,-44.35,-19.75,2.67,78.81,-17.08,61.73
911,9.93,19.18,50.8,4.78,0.44,0.0,-4.71,27.1,15.49,-49.0,-19.73,2.71,74.01,-17.02,56.98
921,10.97,16.11,49.19,2.94,0.45,0.0,-2.56,24.77,15.96,-47.76,-18.66,2.76,70.07,-15.9,54.17
931,10.41,16.96,49.61,4.1,1.1,0.0,-5.04,26.47,16.54,-48.47,-18.8,2.75,71.69,-16.05,55.64
941,5.68,14.81,47.9,3.16,0.84,0.0,-2.97,26.97,18.92,-49.94,-18.48,2.73,65.38,-15.75,49.63
951,11.6,11.71,46.6,3.23,0.0,0.0,-2.43,26.04,15.69,-47.34,-18.16,2.75,65.1,-15.41,49.69
961,13.13,14.34,51.82,2.99,0.04,0.0,-3.52,28.44,17.16,-50.66,-18.95,2.71,73.74,-16.23,57.51
971,4.88,16.2,49.44,3.08,1.92,0.0,-2.24,26.62,19.94,-51.77,-17.69,2.72,68.08,-14.97,53.11
981,8.91,20.14,51.23,3.92,1.48,0.0,-5.06,26.84,16.69,-50.06,-18.12,2.71,74.08,-15.41,58.67
991,10.6,19.28,50.13,5.31,1.87,0.0,-2.97,28.41,18.72,-52.53,-18.23,2.72,78.83,-15.52,63.31
1001,12.07,18.74,51.27,3.72,0.08,0.0,-3.74,28.06,14.44,-50.6,-18.86,2.75,74.05,-16.11,57.94
1011,9.21,16.27,51.59,4.42,1.4,0.0,-4.34,26.26,15.68,-48.72,-18.91,2.74,71.77,-16.16,55.6
1021,9.75,16.66,49.59,4.01,0.1,0.0,-2.36,29.29,16.31,-52.96,-18.45,2.71,70.4,-15.74,54.66
1031,7.99,21.68,53.48,3.97,0.63,0.0,-0.48,25.54,15.4,-48.8,-18.62,2.75,79.41,-15.87,63.54
1041,5.85,13.21,49.62,3.22,0.83,0.0,-2.57,26.67,19.64,-48.77,-18.45,2.73,67.71,-15.72,51.99
1051,9.96,21.34,50.9,5.82,2.35,0.0,-4.48,26.1,15.75,-47.97,-18.85,2.76,79.78,-16.09,63.68
1061,11.4,20.12,51.56,4.16,1.62,0.0,-4.04,26.63,14.99,-49.22,-19.2,2.78,77.23,-16.42,60.81
1071,7.39,19.85,50.54,4.17,0.73,0.0,-3.35,26.41,16.26,-51.52,-18.66,2.72,70.48,-15.94,54.54
1081,10.74,24.78,54.0,5.69,0.22,0.0,-3.44,27.65,14.63,-51.49,-18.85,2.75,82.77,-16.11,66.66
1091,6.96,16.62,51.39,4.69,0.0,0.0,-4.06,28.44,17.68,-51.63,-18.26,2.71,70.08,-15.55,54.53
1101,10.3,16.03,52.71,2.94,0.59,0.0,-2.17,28.99,18.92,-51.78,-18.73,2.74,76.52,-15.99,60.53
1111,8.6,18.71,50.37,5.5,0.43,0.0,-3.6,28.28,16.48,-51.58,-18.64,2.73,73.2,-15.91,57.29
1121,9.67,21.29,49.61,6.08,1.49,0.0,-4.24,26.69,15.39,-50.13,-18.19,2.72,75.86,-15.47,60.39
1131,13.54,18.61,53.39,5.02,0.34,0.0,-3.84,25.83,14.14,-49.33,-19.11,2.76,77.7,-16.35,61.35
1141,10.18,18.51,52.48,5.57,0.14,0.0,-2.75,26.96,16.01,-49.67,-18.21,2.73,77.43,-15.48,61.95
1151,8.03,19.97,49.9,6.43,1.15,0.0,-3.74,28.03,16.9,-50.76,-19.18,2.73,75.9,-16.45,59.45
1161,12.0,18.5,52.21,3.18,0.06,0.0,-2.37,27.27,16.52,-50.24,-18.71,2.74,77.14,-15.97,61.17
1171,12.17,16.43,52.53,4.45,0.2,0.0,-2.73,27.25,14.81,-51.08,-17.72,2.71,74.03,-15.01,59.02
1181,11.88,15.71,47.31,3.33,0.48,0.0,-3.09,28.07,14.22,-50.88,-18.78,2.73,67.03,-16.04,50.99
1191,9.14,18.57,51.16,4.02,0.67,0.0,-4.63,29.3,15.74,-51.58,-19.82,2.74,72.4,-17.08,55.32
1201,12.96,18.69,51.11,5.63,1.13,0.0,-3.32,25.05,16.8,-45.53,-19.6,2.73,82.53,-16.87,65.66
1211,13.62,17.25,56.63,4.0,0.21,0.0,-4.15,27.89,16.67,-51.69,-18.39,2.72,80.44,-15.67,64.77
1221,8.43,22.93,53.0,4.69,2.93,0.0,-2.55,27.42,16.2,-51.54,-18.22,2.72,81.5,-15.5,66.0
1231,8.66,17.07,53.58,2.63,0.96,0.0,-1.38,26.58,18.36,-49.87,-18.22,2.74,76.6,-15.48,61.12
1241,12.58,15.75,52.66,3.64,0.46,0.0,-3.26,26.7,16.89,-48.38,-18.96,2.75,77.04,-16.22,60.82
1251,8.51,21.67,48.8,3.84,1.94,0.0,-4.14,25.89,17.93,-47.82,-18.56,2.76,76.64,-15.8,60.84
1261,11.43,18.83,50.11,3.57,0.48,0.0,-2.14,28.04,17.15,-52.6,-18.43,2.71,74.86,-15.71,59.14
1271,12.22,21.69,54.52,5.31,0.26,0.0,-4.52,29.08,16.94,-53.83,-18.71,2.72,81.67,-15.99,65.69
1281,10.74,18.32,50.43,5.06,0.25,0.0,-3.96,27.3,16.97,-49.81,-19.19,2.73,75.31,-16.46,58.85
1291,11.89,15.84,51.3,4.52,0.15,0.0,-3.15,28.2,16.2,-50.7,-19.17,2.73,74.26,-16.44,57.82
1301,11.2,12.75,48.9,2.96,0.22,0.0,-3.05,28.38,16.73,-53.16,-18.87,2.73,64.92,-16.14,48.78
1311,7.44,19.03,49.28,3.3,0.22,0.0,-3.99,28.41,17.41,-52.44,-18.38,2.73,68.66,-15.65,53.01
1321,11.07,17.11,49.93,3.86,0.6,0.0,-4.82,23.48,14.71,-45.71,-18.6,2.72,70.22,-15.88,54.35
1331,8.55,16.75,52.82,4.1,0.16,0.0,-4.2,26.77,17.61,-48.95,-19.37,2.77,73.62,-16.61,57.02
1341,9.18,18.08,50.49,4.25,0.37,0.0,-3.28,26.2,15.13,-48.84,-18.9,2.76,71.58,-16.14,55.44
1351,8.17,15.85,49.34,3.92,0.5,0.0,-1.97,28.19,16.32,-52.47,-17.84,2.7,67.86,-15.14,52.71
1361,9.93,14.65,52.39,3.51,2.61,0.0,-1.58,28.8,19.23,-51.62,-19.08,2.7,77.93,-16.38,61.55
1371,6.73,17.44,54.95,5.08,0.07,0.0,-4.27,28.73,17.89,-50.17,-19.53,2.75,76.45,-16.78,59.67
1381,8.15,19.46,48.02,5.05,0.32,0.0,-2.65,27.55,16.75,-49.89,-18.82,2.75,72.76,-16.07,56.69
1391,11.03,18.45,52.76,6.38,0.04,0.0,-4.65,25.84,15.88,-46.43,-18.15,2.74,79.3,-15.4,63.89
1401,9.56,21.08,47.32,4.57,1.69,0.0,-3.38,26.55,16.6,-47.49,-18.82,2.76,76.49,-16.07,60.43
1411,11.13,15.45,54.09,4.49,0.0,0.0,-4.03,25.18,15.03,-46.27,-19.38,2.78,75.07,-16.6,58.47
1421,13.65,17.52,48.92,3.85,1.08,0.0,-4.04,25.05,15.89,-46.44,-19.28,2.76,75.48,-16.52,58.96
1431,10.94,19.73,52.3,3.84,0.94,0.0,-1.5,27.64,16.39,-50.8,-18.4,2.72,79.48,-15.68,63.8
1441,11.69,18.91,50.49,5.42,0.77,0.0,-3.52,25.06,16.57,-47.05,-18.62,2.75,78.33,-15.87,62.46
1451,9.25,19.63,54.47,5.22,0.28,0.0,-2.93,26.91,16.5,-47.92,-19.48,2.75,81.41,-16.73,64.68
1461,9.87,21.49,48.43,5.7,0.03,0.0,-3.1,27.49,17.26,-51.74,-18.6,2.73,75.44,-15.87,59.57
1471,9.16,21.81,52.63,4.7,1.15,0.0,-1.98,27.09,18.38,-53.12,-18.04,2.72,79.82,-15.32,64.5
1481,8.8,16.29,51.22,2.42,0.68,0.0,-4.32,26.98,16.85,-48.88,-18.63,2.74,70.05,-15.89,54.16
1491,8.22,21.05,48.55,4.9,0.5,0.0,-0.33,27.57,19.58,-52.11,-18.45,2.74,77.93,-15.71,62.22
1501,7.67,18.12,51.76,2.56,0.34,0.0,-3.86,28.36,20.42,-50.61,-18.6,2.71,74.76,-15.9,58.87
1511,13.8,18.32,53.78,3.41,0.63,0.0,-3.25,28.75,18.07,-51.45,-19.33,2.73,82.06,-16.6,65.45
1521,8.51,18.66,51.82,3.67,1.78,0.0,-5.52,25.19,15.65,-45.13,-18.84,2.68,74.62,-16.16,58.46
1531,9.91,17.49,51.07,3.17,0.86,0.0,-4.17,27.95,14.33,-50.92,-19.61,2.72,69.7,-16.88,52.82
1541,6.11,19.01,51.64,4.4,0.04,0.0,-2.65,28.2,17.8,-48.66,-19.03,2.72,75.9,-16.32,59.58
1551,11.51,18.1,54.24,3.35,0.38,0.0,-4.07,27.69,15.01,-49.14,-19.86,2.75,77.07,-17.12,59.95
1561,8.49,16.99,52.63,3.74,1.35,0.0,-4.62,25.23,16.48,-46.97,-18.19,2.69,73.31,-15.5,57.81
1571,7.54,23.99,51.71,5.31,0.08,0.0,-5.94,25.91,15.98,-48.58,-19.81,2.72,76.0,-17.09,58.91
1581,10.54,17.45,49.57,5.52,0.5,0.0,-3.15,27.44,16.87,-49.27,-19.92,2.7,75.48,-17.23,58.25
1591,16.32,21.1,51.58,4.45,1.68,0.0,-5.37,26.48,11.78,-48.21,-19.65,2.73,79.82,-16.91,62.9
1601,9.93,21.4,53.02,4.46,0.38,0.0,-3.43,25.61,18.03,-46.68,-18.96,2.71,82.72,-16.24,66.47
1611,11.93,21.34,50.98,5.6,0.16,0.0,-5.14,25.11,15.2,-47.05,-18.85,2.75,78.12,-16.1,62.02
1621,6.29,19.1,50.71,3.88,0.91,0.0,-3.15,26.51,16.06,-49.11,-18.28,2.7,71.19,-15.57,55.62
1631,6.03,18.43,52.08,5.71,1.12,0.0,-5.39,25.82,15.43,-46.01,-19.56,2.7,73.22,-16.87,56.35
1641,9.7,14.65,53.99,3.73,0.01,0.0,-3.59,28.76,14.6,-52.02,-19.62,2.73,69.84,-16.89,52.94
1651,3.86,15.95,51.96,4.07,1.17,0.0,-3.64,25.98,17.82,-47.42,-18.96,2.69,69.76,-16.27,53.5
1661,9.04,19.09,51.12,2.91,0.93,0.0,-3.39,25.12,16.68,-45.41,-18.89,2.68,76.09,-16.2,59.89
1671,7.25,15.49,51.55,3.15,0.07,0.0,-3.59,25.9,17.67,-48.63,-18.84,2.72,68.86,-16.12,52.74
1681,11.9,16.53,50.48,4.72,0.26,0.0,-3.37,25.55,16.64,-47.65,-18.52,2.7,75.06,-15.82,59.25
1691,11.73,14.86,52.78,3.92,0.44,0.0,-4.74,24.33,15.94,-47.03,-18.88,2.72,72.23,-16.16,56.06
1701,13.46,18.65,51.42,5.01,0.09,0.0,-5.53,22.94,17.64,-43.19,-19.06,2.76,80.48,-16.3,64.18
1711,6.57,15.49,50.76,3.86,0.36,0.0,-1.47,27.59,19.21,-51.47,-18.18,2.74,70.9,-15.44,55.46
1721,9.4,18.93,48.36,3.63,1.73,0.0,-1.49,26.69,13.97,-50.51,-18.66,2.75,70.71,-15.91,54.8
1731,11.15,20.67,49.51,5.29,0.18,0.0,-1.39,27.29,16.99,-50.06,-19.0,2.73,79.63,-16.28,63.35
1741,11.48,16.34,51.96,3.45,0.17,0.0,-2.26,28.17,18.89,-53.8,-18.12,2.72,74.4,-15.4,59.0
1751,8.71,18.59,49.59,3.59,0.67,0.0,-4.36,27.56,15.83,-49.76,-19.45,2.76,70.41,-16.69,53.72
1761,8.52,18.0,49.99,3.55,0.21,0.0,-3.7,28.05,15.28,-50.96,-18.75,2.72,68.95,-16.02,52.92
1771,6.93,25.64,50.17,3.61,0.27,0.0,-4.18,26.98,15.3,-50.74,-18.6,2.72,73.99,-15.88,58.11
1781,8.51,19.03,47.09,4.33,0.99,0.0,-2.57,26.8,18.71,-50.09,-18.19,2.72,72.8,-15.47,57.34
1791,7.76,17.8,50.23,4.51,0.38,0.0,-4.97,29.31,16.81,-52.67,-19.16,2.71,69.16,-16.45,52.71
1801,9.03,15.16,52.95,4.07,0.18,0.0,-2.99,27.05,17.82,-50.98,-18.07,2.73,72.28,-15.34,56.94
1811,5.78,15.88,51.58,3.89,0.91,0.0,-4.46,27.76,16.84,-51.31,-18.42,2.73,66.87,-15.69,51.18
1821,8.2,21.46,50.65,4.68,0.11,0.0,-3.03,25.56,15.94,-48.0,-19.28,2.76,75.57,-16.52,59.05
1831,13.15,17.68,48.71,3.28,0.19,0.0,-0.08,26.17,14.72,-48.29,-18.75,2.75,75.53,-16.0,59.53
1841,8.42,22.45,52.54,4.94,0.96,0.0,-3.22,29.14,15.62,-52.38,-19.5,2.75,78.48,-16.75,61.73
1851,10.85,13.05,48.1,2.99,0.05,0.0,-1.93,27.88,13.6,-51.5,-18.96,2.75,63.09,-16.22,46.87
1861,9.07,14.09,56.47,3.68,1.31,0.0,-3.58,26.21,16.54,-49.16,-18.79,2.75,74.64,-16.04,58.6
1871,8.73,15.18,57.19,3.4,0.74,0.0,-4.6,27.99,14.33,-48.68,-19.89,2.77,74.28,-17.12,57.16
1881,8.64,18.78,51.37,4.22,0.58,0.0,-5.45,28.22,16.57,-51.93,-18.93,2.71,71.0,-16.21,54.79
1891,10.23,17.56,52.46,3.07,0.51,0.0,-4.59,25.87,15.41,-47.41,-18.96,2.74,73.11,-16.22,56.89
1901,11.59,16.5,53.03,4.71,0.28,0.0,1.8,25.89,17.94,-49.41,-19.03,2.73,82.32,-16.3,66.03
1911,17.27,15.79,52.25,3.72,0.68,0.0,-4.18,27.59,12.5,-49.22,-19.14,2.76,76.41,-16.39,60.02
1921,12.83,19.84,51.85,4.74,0.61,0.0,-5.15,27.03,17.73,-47.87,-19.22,2.74,81.61,-16.48,65.13
1931,13.2,16.15,51.54,3.95,2.62,0.0,-2.67,27.9,12.75,-52.59,-18.99,2.77,72.86,-16.23,56.64
1941,8.09,17.8,48.74,3.94,2.04,0.0,-0.8,28.0,17.84,-51.19,-18.03,2.72,74.48,-15.32,59.16
1951,6.08,20.44,50.12,4.28,1.25,0.0,-2.05,27.37,16.38,-50.59,-18.82,2.72,73.28,-16.09,57.19
1961,8.37,18.27,50.42,5.46,0.61,0.0,-4.1,27.59,14.87,-49.38,-18.8,2.74,72.11,-16.06,56.05
1971,10.03,18.68,49.25,3.82,0.14,0.0,-0.72,27.46,16.89,-50.84,-18.16,2.74,74.71,-15.43,59.29
1981,9.51,22.99,50.08,5.04,0.23,0.0,-3.15,26.43,16.81,-48.32,-18.67,2.73,79.61,-15.95,63.66
1991,14.49,21.2,46.51,5.0,0.45,0.0,-4.5,28.09,12.15,-52.74,-18.88,2.75,70.64,-16.12,54.52
2001,12.96,22.91,54.14,6.01,0.29,0.0,-4.33,27.72,13.76,-50.54,-19.44,2.74,82.91,-16.7,66.22
2011,10.33,17.42,48.27,3.79,0.14,0.0,-3.82,27.38,16.68,-51.27,-17.82,2.74,68.92,-15.08,53.84
2021,13.69,15.79,50.74,3.5,0.01,0.0,-3.59,25.11,16.86,-48.81,-17.89,2.77,73.31,-15.12,58.19
2031,14.43,22.61,51.24,5.39,0.25,0.0,-4.08,29.0,15.97,-53.03,-18.88,2.74,81.78,-16.14,65.64
2041,8.86,18.86,53.58,4.35,0.49,0.0,-2.45,27.63,15.72,-51.15,-18.46,2.74,75.89,-15.72,60.17
2051,9.05,20.08,48.51,4.77,1.08,0.0,-4.62,27.94,17.06,-49.7,-19.24,2.73,74.16,-16.51,57.65
2061,9.74,21.0,47.9,4.22,0.01,0.0,-2.82,27.72,16.31,-52.83,-18.17,2.72,71.24,-15.45,55.79
2071,10.09,14.87,52.4,3.91,1.24,0.0,-3.61,27.62,15.12,-49.25,-19.38,2.74,72.38,-16.64,55.74
2081,14.82,15.01,53.3,3.77,0.05,0.0,-4.36,27.43,14.78,-50.75,-18.74,2.75,74.04,-15.99,58.05
2091,15.57,16.98,50.36,3.96,0.04,0.0,-4.46,27.97,12.96,-51.11,-19.85,2.75,72.27,-17.1,55.17
2101,6.76,22.2,51.09,4.88,1.13,0.0,-4.29,27.69,18.13,-52.61,-18.18,2.73,74.98,-15.45,59.52
2111,8.99,17.42,52.03,3.14,0.12,0.0,-3.68,27.42,18.08,-51.85,-17.53,2.71,71.69,-14.83,56.86
2121,10.83,16.99,56.21,3.25,2.43,0.0,-4.92,28.37,14.21,-50.71,-19.68,2.71,76.66,-16.97,59.68
2131,9.67,24.54,54.5,5.4,0.1,0.0,-3.99,28.16,14.9,-51.02,-18.68,2.73,82.26,-15.94,66.32
2141,10.12,21.09,50.21,4.05,0.1,0.0,-3.84,27.6,16.25,-50.93,-18.46,2.76,74.65,-15.7,58.94
2151,6.4,15.8,48.71,4.01,0.1,0.0,-3.87,28.11,17.7,-51.85,-17.85,2.7,65.12,-15.15,49.96
2161,13.35,19.98,53.32,5.44,1.46,0.0,-5.12,25.67,16.03,-48.45,-17.84,2.73,81.67,-15.11,66.56
2171,9.7,18.4,48.69,3.41,0.66,0.0,-2.24,26.64,19.11,-49.1,-17.73,2.7,75.25,-15.03,60.23
2181,9.3,16.42,46.41,3.86,0.1,0.0,-4.12,26.24,17.11,-49.99,-18.22,2.75,65.33,-15.47,49.86
2191,9.37,21.85,52.36,5.07,0.3,0.0,-5.49,26.66,18.06,-48.6,-19.71,2.78,79.58,-16.93,62.66
2201,9.51,20.75,49.4,3.38,0.02,0.0,-2.08,27.84,16.75,-52.72,-19.07,2.73,72.84,-16.33,56.51
2211,13.85,10.64,49.86,4.21,0.02,0.0,-2.61,28.69,14.55,-52.73,-18.24,2.73,66.47,-15.52,50.95
2221,9.62,14.45,50.2,3.22,0.51,0.0,-2.41,27.72,13.11,-49.96,-18.97,2.72,66.47,-16.25,50.22
2231,13.62,16.78,51.1,5.42,0.02,0.0,-2.46,29.34,13.69,-52.82,-18.68,2.71,74.7,-15.97,58.72
2241,6.25,15.47,49.45,3.16,0.3,0.0,-3.13,28.44,14.85,-52.14,-19.03,2.71,62.66,-16.32,46.34
2251,11.72,17.63,53.77,3.83,1.27,0.0,-2.73,27.7,13.86,-50.51,-19.47,2.75,76.54,-16.72,59.82
2261,10.24,13.88,49.93,4.97,1.3,0.0,-4.5,28.21,17.02,-51.01,-19.03,2.73,70.04,-16.3,53.73
2271,9.25,14.36,49.61,3.28,0.34,0.0,-2.84,26.84,16.05,-50.82,-17.77,2.73,66.07,-15.03,51.03
2281,9.15,16.71,49.74,4.09,1.65,0.0,-3.08,26.8,15.18,-48.65,-18.84,2.75,71.59,-16.09,55.5
2291,9.1,11.82,50.62,3.34,0.34,0.0,-3.64,28.22,13.67,-49.13,-19.75,2.76,64.35,-16.99,47.36
2301,14.53,18.06,53.44,5.47,0.02,0.0,-3.45,26.58,14.36,-49.15,-18.53,2.73,79.85,-15.8,64.05
2311,8.99,21.74,53.16,4.16,0.12,0.0,-3.34,28.09,17.26,-53.0,-19.51,2.69,77.18,-16.82,60.36
2321,5.91,16.63,52.17,3.31,1.0,0.0,-4.22,28.72,15.33,-50.58,-19.27,2.71,68.26,-16.56,51.69
2331,9.02,19.32,49.62,3.28,1.13,0.0,-3.58,26.01,16.27,-48.14,-18.9,2.75,72.93,-16.15,56.77
2341,12.28,19.61,52.06,4.64,1.2,0.0,-4.22,25.85,14.59,-49.31,-18.88,2.72,76.7,-16.16,60.54
2351,7.51,19.78,49.79,5.72,0.28,0.0,-2.76,26.08,17.82,-49.98,-17.95,2.7,74.23,-15.25,58.98
2361,9.38,17.73,50.1,4.01,1.01,0.0,-2.35,26.43,15.36,-48.15,-18.76,2.73,73.51,-16.03,57.48
2371,12.18,14.5,48.35,2.9,2.34,0.0,-4.61,23.38,13.43,-44.22,-18.78,2.74,68.25,-16.04,52.21
2381,8.72,17.28,48.85,4.53,2.18,0.0,-2.31,26.67,17.49,-50.23,-18.69,2.73,73.18,-15.96,57.22
2391,9.98,23.32,50.69,4.49,1.57,0.0,-3.19,28.68,16.97,-52.94,-19.45,2.75,79.59,-16.71,62.88
2401,9.47,15.38,52.68,3.29,0.35,0.0,-2.9,27.83,16.48,-50.26,-19.03,2.73,72.32,-16.3,56.02
2411,15.36,21.01,51.37,3.99,1.67,0.0,-3.74,29.24,14.74,-54.4,-18.69,2.72,79.23,-15.98,63.25
2421,7.22,18.22,51.28,3.5,0.43,0.0,-1.28,26.61,16.98,-48.23,-18.35,2.72,74.72,-15.63,59.09
2431,9.49,15.89,49.69,3.64,1.61,0.0,-2.04,26.28,16.16,-48.39,-18.31,2.72,72.33,-15.58,56.75
2441,14.13,18.32,49.23,5.28,1.02,0.0,-2.65,29.4,16.42,-54.6,-18.46,2.73,76.55,-15.74,60.81
2451,9.71,17.09,52.93,4.19,1.13,0.0,-3.29,26.74,14.72,-49.83,-19.31,2.76,73.4,-16.55,56.85
2461,11.5,15.09,46.72,3.77,2.79,0.0,-1.55,25.69,18.06,-49.41,-17.86,2.73,72.66,-15.13,57.53
2471,10.14,14.8,51.68,3.35,0.16,0.0,-3.13,28.08,15.91,-52.16,-18.32,2.73,68.83,-15.59,53.24
2481,6.67,20.03,53.13,3.93,0.63,0.0,-5.03,26.99,17.22,-47.37,-19.74,2.72,76.2,-17.02,59.18
2491,7.8,19.38,49.72,4.11,0.4,0.0,-4.77,25.95,19.85,-47.43,-18.56,2.74,75.0,-15.82,59.19
2501,12.55,21.05,49.59,5.21,2.14,0.0,-2.69,27.03,15.52,-51.82,-17.91,2.7,78.58,-15.21,63.37
2511,8.91,15.51,50.0,3.57,0.48,0.0,-3.96,26.81,16.19,-48.96,-18.64,2.72,68.56,-15.92,52.64
2521,7.11,17.23,53.88,4.47,0.35,0.0,-4.67,28.03,15.73,-50.9,-19.08,2.72,71.22,-16.35,54.87
2531,10.16,19.44,48.1,4.08,0.15,0.0,-4.45,25.76,15.57,-49.35,-18.13,2.73,69.46,-15.39,54.06
2541,7.91,23.05,48.13,4.68,0.66,0.0,-0.93,26.72,20.74,-53.03,-17.27,2.7,77.95,-14.57,63.37
2551,8.39,18.34,48.31,4.29,0.51,0.0,-2.66,27.11,14.27,-50.42,-18.59,2.75,68.16,-15.84,52.31
2561,12.6,17.19,48.54,3.17,0.35,0.0,-3.14,27.38,19.58,-50.95,-18.84,2.71,74.72,-16.13,58.59
2571,7.58,17.62,50.51,4.66,0.77,0.0,-3.76,26.6,17.33,-48.9,-18.35,2.72,72.4,-15.64,56.76
2581,8.15,16.91,49.36,3.39,0.83,0.0,-2.31,26.92,14.9,-50.21,-19.04,2.72,67.95,-16.33,51.62
2591,10.54,16.28,50.3,3.97,0.52,0.0,-4.37,26.7,15.35,-50.22,-18.66,2.74,69.08,-15.92,53.16
2601,10.44,15.55,52.49,3.7,0.27,0.0,-4.39,24.84,16.64,-46.68,-18.54,2.71,72.84,-15.82,57.02
2611,9.81,17.48,51.42,4.19,0.12,0.0,-4.58,25.88,15.2,-47.56,-19.77,2.73,71.96,-17.04,54.92
2621,7.26,15.73,52.77,3.32,0.27,0.0,-3.85,26.66,18.14,-48.14,-19.05,2.69,72.17,-16.36,55.82
2631,8.46,15.88,50.71,3.48,1.47,0.0,-2.72,25.81,15.89,-47.18,-18.86,2.71,71.8,-16.14,55.66
2641,11.99,18.03,48.67,3.29,0.22,0.0,-3.93,25.12,14.53,-46.21,-18.58,2.74,71.71,-15.85,55.87
2651,6.74,17.49,49.97,3.51,0.38,0.0,-4.18,26.91,18.12,-49.92,-18.62,2.73,69.02,-15.88,53.13
2661,8.42,18.29,50.51,4.38,0.05,0.0,-4.33,26.9,15.48,-47.59,-19.83,2.71,72.1,-17.11,54.99
2671,12.12,16.53,51.93,3.76,0.25,0.0,-5.08,27.51,13.98,-51.23,-19.89,2.76,69.79,-17.13,52.66
2681,10.21,23.77,48.44,5.25,0.28,0.0,-2.01,26.08,17.29,-49.31,-18.25,2.74,80.01,-15.51,64.49
2691,13.21,19.19,48.19,5.36,0.06,0.0,-3.3,26.71,15.14,-50.15,-18.7,2.73,74.4,-15.97,58.43
2701,12.7,17.49,50.17,4.66,0.72,0.0,-4.88,26.53,13.62,-49.42,-19.12,2.76,71.59,-16.37,55.23
2711,11.25,13.42,53.63,3.5,1.14,0.0,-3.43,29.81,16.17,-52.74,-19.41,2.74,72.75,-16.67,56.08
2721,4.55,19.85,50.19,3.4,1.23,0.0,-2.6,26.46,22.05,-49.49,-18.05,2.72,75.64,-15.33,60.3
2731,12.6,20.04,47.6,4.47,0.19,0.0,-2.69,25.88,16.87,-47.98,-19.18,2.75,77.0,-16.43,60.57
2741,13.51,22.95,49.55,3.95,1.39,0.0,-4.04,24.89,14.05,-45.81,-18.49,2.76,80.45,-15.73,64.72
2751,10.06,21.38,53.84,4.12,0.1,0.0,-5.0,26.52,18.42,-49.11,-18.44,2.72,80.33,-15.72,64.61
2761,11.11,18.91,49.45,4.71,0.19,0.0,-5.21,26.11,16.93,-47.85,-18.46,2.74,74.34,-15.72,58.63
2771,6.45,15.53,50.29,4.35,0.6,0.0,-3.71,26.36,17.72,-47.97,-18.67,2.74,69.62,-15.93,53.69
2781,10.25,21.18,50.09,4.03,1.06,0.0,-4.0,27.61,15.66,-49.32,-18.29,2.73,76.57,-15.56,61.01
2791,8.43,16.2,49.7,2.35,1.11,0.0,-2.22,27.0,17.16,-50.58,-18.67,2.74,69.15,-15.93,53.22
2801,11.13,20.62,54.2,3.35,0.14,0.0,-3.57,27.92,15.3,-50.37,-19.93,2.76,78.72,-17.17,61.55
2811,10.13,18.74,49.14,3.59,0.47,0.0,-3.87,26.94,15.97,-50.04,-17.74,2.72,71.06,-15.02,56.04
2821,11.66,13.2,48.7,2.68,1.49,0.0,-2.83,26.73,16.27,-47.91,-19.16,2.75,69.98,-16.41,53.57
2831,7.91,16.51,53.3,3.46,0.18,0.0,-2.73,26.84,20.33,-48.41,-17.59,2.71,77.38,-14.89,62.5
2841,7.56,15.05,51.18,3.29,0.33,0.0,-4.35,26.78,16.6,-48.86,-18.62,2.72,67.59,-15.91,51.68
2851,10.55,16.94,50.78,3.97,0.08,0.0,-1.9,26.54,16.83,-49.94,-18.18,2.74,73.85,-15.44,58.42
2861,11.53,17.15,49.7,2.87,1.22,0.0,-1.43,26.84,15.17,-50.65,-18.58,2.76,72.4,-15.82,56.58
2871,10.52,18.39,50.71,4.18,0.7,0.0,-4.9,27.76,17.77,-51.45,-18.81,2.73,73.68,-16.08,57.6
2881,8.4,18.16,51.47,5.59,1.85,0.0,-2.11,28.55,15.57,-49.88,-19.39,2.75,77.59,-16.63,60.96
2891,10.77,18.74,48.68,4.0,0.05,0.0,-4.62,28.0,16.24,-49.95,-18.82,2.71,71.93,-16.11,55.81
2901,7.34,18.48,52.2,5.13,1.83,0.0,-2.6,26.09,17.37,-48.67,-19.22,2.73,77.17,-16.49,60.68
2911,5.86,18.07,50.09,2.53,1.65,0.0,-2.2,27.46,19.29,-51.72,-18.09,2.75,71.02,-15.35,55.68
2921,7.78,15.52,50.84,4.3,1.36,0.0,-3.82,28.02,17.12,-51.39,-19.0,2.73,69.72,-16.27,53.46
2931,7.27,21.67,53.0,4.47,0.48,0.0,-3.79,26.02,17.73,-50.3,-18.57,2.74,76.55,-15.83,60.72
2941,12.95,21.19,51.09,3.49,0.56,0.0,-3.3,26.24,15.48,-50.63,-17.78,2.73,77.07,-15.05,62.03
2951,10.61,16.26,46.96,3.95,0.97,0.0,-3.43,25.89,16.54,-47.4,-18.35,2.74,70.34,-15.61,54.73
2961,8.51,18.08,49.51,3.54,0.36,0.0,-2.39,27.83,16.76,-51.16,-18.16,2.75,71.04,-15.42,55.62
2971,8.93,18.11,47.8,3.73,1.1,0.0,-3.55,26.99,17.57,-49.46,-18.67,2.72,71.22,-15.94,55.28
2981,15.27,18.86,49.68,4.31,0.69,0.0,-4.48,28.6,14.74,-51.35,-19.76,2.74,76.32,-17.01,59.31
2991,10.46,15.62,51.84,4.26,1.19,0.0,-4.65,27.1,17.09,-51.92,-17.93,2.69,71.0,-15.24,55.76
3001,8.62,17.59,51.13,5.37,0.05,0.0,-4.66,27.39,17.22,-50.01,-18.55,2.73,72.71,-15.82,56.89
3011,8.81,16.45,49.7,4.26,0.45,0.0,-0.52,27.51,17.62,-51.37,-17.7,2.73,72.91,-14.97,57.93
3021,8.14,20.49,50.99,4.36,1.19,0.0,-4.92,28.19,18.05,-48.73,-18.58,2.7,77.75,-15.87,61.88
3031,6.98,21.06,50.37,4.96,0.11,0.0,-1.83,25.85,15.86,-50.11,-19.12,2.74,73.25,-16.38,56.87
3041,11.01,17.68,50.19,4.6,1.12,0.0,-4.35,27.69,16.64,-51.42,-18.43,2.71,73.16,-15.72,57.44
3051,9.55,17.91,51.07,4.65,1.32,0.0,-2.67,27.81,13.79,-50.97,-18.9,2.73,72.44,-16.17,56.27
3061,12.78,13.71,48.11,3.51,0.48,0.0,-2.82,27.89,16.88,-50.37,-18.42,2.73,70.15,-15.7,54.46
3071,9.55,18.64,49.94,4.78,0.06,0.0,-1.54,27.29,19.98,-50.68,-18.48,2.72,78.03,-15.76,62.27
3081,11.11,20.4,49.46,4.98,1.39,0.0,-4.38,27.69,14.47,-50.07,-19.38,2.74,75.06,-16.64,58.42
3091,8.39,17.14,49.84,4.25,1.01,0.0,-3.23,27.81,17.73,-51.71,-18.59,2.72,71.24,-15.86,55.37
3101,11.8,20.82,48.63,5.15,0.18,0.0,-4.84,25.98,17.52,-47.23,-18.45,2.74,78.02,-15.7,62.31
3111,12.91,18.64,51.61,5.33,0.81,0.0,-4.09,26.74,16.63,-48.89,-18.98,2.73,79.69,-16.25,63.44
3121,9.3,19.01,50.7,3.87,0.43,0.0,-1.87,28.66,15.32,-51.2,-19.43,2.73,74.21,-16.7,57.52
3131,10.5,17.51,50.15,3.02,0.26,0.0,-1.22,26.72,16.56,-50.55,-19.08,2.77,72.95,-16.32,56.64
3141,11.11,19.92,50.83,4.19,0.57,0.0,-5.06,26.6,16.45,-48.08,-18.9,2.73,76.53,-16.18,60.35
3151,6.0,17.36,49.96,2.69,0.83,0.0,-2.97,28.31,18.5,-51.45,-19.18,2.74,69.23,-16.44,52.8
3161,7.89,21.67,53.15,4.83,0.03,0.0,-4.74,26.91,17.32,-49.94,-18.22,2.74,77.11,-15.49,61.63
3171,11.45,17.29,50.77,3.27,0.26,0.0,-3.88,26.94,15.68,-50.32,-18.25,2.74,71.46,-15.51,55.95
3181,5.74,18.88,53.76,3.65,0.42,0.0,-3.07,27.98,16.8,-52.49,-18.55,2.74,71.66,-15.81,55.85
3191,6.83,21.51,52.98,3.33,0.81,0.0,-4.18,27.51,17.14,-51.09,-19.06,2.71,74.84,-16.35,58.49
3201,9.31,19.16,49.4,5.21,2.72,0.0,-2.86,27.69,16.83,-52.01,-18.64,2.74,75.44,-15.9,59.54
3211,8.15,28.88,49.63,6.37,0.59,0.0,-4.31,26.82,18.42,-50.1,-19.09,2.76,84.44,-16.33,68.11
3221,7.25,16.67,50.57,3.43,0.41,0.0,-2.82,26.1,18.84,-49.62,-18.44,2.75,70.83,-15.69,55.14
3231,9.42,19.07,49.55,3.3,0.47,0.0,-3.75,29.07,16.45,-53.12,-18.97,2.71,70.46,-16.26,54.21
3241,9.21,19.1,50.23,4.27,0.03,0.0,-3.4,25.83,19.7,-49.42,-18.37,2.74,75.54,-15.63,59.9
3251,9.94,16.44,46.99,4.12,0.85,0.0,-1.85,26.54,15.59,-49.92,-18.02,2.75,68.69,-15.26,53.43
3261,10.82,19.38,50.97,5.64,0.24,0.0,-2.24,26.89,19.95,-50.22,-18.66,2.75,81.43,-15.9,65.52
3271,11.32,17.7,50.13,4.86,0.12,0.0,-4.33,27.54,19.88,-50.7,-19.11,2.72,76.52,-16.39,60.13
3281,8.25,19.96,49.71,4.19,0.07,0.0,-3.36,26.72,15.4,-49.95,-18.47,2.74,70.99,-15.73,55.26
3291,9.61,19.8,48.22,4.27,1.25,0.0,-2.96,25.12,14.21,-47.56,-18.08,2.72,71.96,-15.36,56.6
3301,10.6,17.92,55.1,5.48,2.73,0.0,-3.63,26.68,15.08,-47.27,-19.9,2.75,82.7,-17.15,65.55
3311,6.92,18.49,48.89,4.38,0.8,0.0,-4.01,25.96,17.71,-48.35,-18.61,2.71,70.8,-15.9,54.9
3321,7.77,19.15,52.68,4.93,0.55,0.0,-2.26,24.6,17.46,-47.47,-18.55,2.68,77.42,-15.87,61.55
3331,13.01,21.6,49.96,4.35,0.5,0.0,-3.11,25.07,15.59,-47.36,-18.84,2.73,79.61,-16.11,63.5
3341,7.85,16.31,50.45,3.56,2.13,0.0,-4.22,24.48,15.28,-46.32,-18.84,2.69,69.53,-16.15,53.37
3351,8.43,16.39,50.6,4.15,1.25,0.0,-4.58,25.52,20.48,-47.48,-18.19,2.7,74.77,-15.49,59.28
3361,8.56,15.79,51.61,3.87,0.2,0.0,-4.54,26.38,19.62,-49.06,-18.52,2.72,72.43,-15.8,56.63
3371,8.23,19.47,49.95,3.67,0.19,0.0,-3.39,26.72,17.07,-50.56,-18.5,2.73,71.33,-15.77,55.55
3381,7.46,15.84,50.61,3.51,1.08,0.0,-4.35,27.63,19.61,-50.56,-18.7,2.74,70.84,-15.96,54.88
3391,11.31,18.98,50.88,4.05,0.78,0.0,-1.2,25.4,15.21,-48.91,-18.32,2.76,76.5,-15.56,60.94
3401,6.62,20.0,49.05,4.43,0.4,0.0,-5.72,25.14,16.51,-47.02,-18.75,2.7,69.41,-16.04,53.37
3411,10.9,19.08,49.54,3.7,0.1,0.0,-3.83,24.91,15.33,-46.86,-18.57,2.73,72.88,-15.84,57.04
3421,11.7,18.05,49.05,3.96,0.28,0.0,-3.06,26.82,14.47,-51.02,-19.05,2.72,70.26,-16.33,53.94
3431,8.18,23.24,50.52,4.61,0.37,0.0,-4.55,24.9,15.04,-46.37,-18.43,2.73,75.93,-15.7,60.24
3441,8.57,17.18,51.92,2.82,0.05,0.0,-4.43,26.42,14.76,-49.31,-18.77,2.7,67.99,-16.07,51.92
3451,8.62,19.36,52.84,4.52,0.54,0.0,-4.34,26.59,16.47,-49.36,-18.76,2.69,75.24,-16.07,59.17
3461,12.73,17.34,52.31,4.77,0.02,0.0,-3.74,28.3,14.31,-50.85,-20.13,2.67,75.19,-17.47,57.73
3471,9.84,18.07,51.35,3.89,0.06,0.0,-5.11,24.53,16.71,-45.55,-18.91,2.73,73.8,-16.18,57.62
3481,6.84,19.06,49.95,4.55,0.56,0.0,-3.65,26.98,16.33,-49.56,-19.28,2.73,71.05,-16.56,54.49
3491,13.43,15.46,50.68,3.36,0.16,0.0,-2.81,24.61,17.45,-45.09,-18.56,2.71,77.27,-15.85,61.42
3501,11.8,11.92,51.26,3.86,0.03,0.0,-3.91,25.91,16.43,-47.12,-18.61,2.73,70.18,-15.88,54.3
3511,9.37,17.22,49.84,3.54,0.11,0.0,-3.41,25.97,16.75,-49.35,-19.02,2.71,70.05,-16.31,53.74
3521,6.14,17.94,55.13,3.58,0.16,0.0,-2.61,26.66,16.85,-49.08,-19.09,2.73,74.78,-16.36,58.42
3531,11.12,17.52,53.46,4.52,1.61,0.0,-4.21,27.21,18.92,-49.96,-18.49,2.72,80.18,-15.77,64.41
3541,10.41,13.91,52.71,3.35,0.06,0.0,-3.73,27.36,16.56,-49.31,-18.78,2.75,71.33,-16.03,55.3
3551,13.23,19.8,49.5,6.32,0.32,0.0,-5.27,23.61,16.79,-43.98,-18.62,2.68,80.32,-15.95,64.37
3561,9.33,13.28,48.76,3.49,0.16,0.0,-4.5,26.51,16.22,-49.45,-18.92,2.69,63.8,-16.23,47.58
3571,9.93,21.41,51.64,4.4,0.36,0.0,-4.57,26.68,16.56,-47.75,-19.5,2.73,78.66,-16.77,61.89
3581,11.34,16.35,49.57,4.87,0.89,0.0,-3.81,27.26,15.77,-48.62,-19.27,2.7,73.62,-16.58,57.04
3591,8.82,14.79,56.82,4.33,1.39,0.0,-2.13,27.0,17.08,-48.02,-20.08,2.78,80.09,-17.3,62.79
3601,9.52,18.8,52.37,3.28,1.68,0.0,-4.8,26.87,16.82,-47.91,-19.48,2.69,76.64,-16.79,59.85
3611,9.08,16.02,53.96,4.03,1.39,0.0,-4.32,27.69,14.71,-49.01,-18.72,2.73,73.57,-15.99,57.58
3621,11.3,13.63,48.77,3.56,0.68,0.0,0.91,25.75,14.36,-47.83,-18.32,2.73,71.12,-15.59,55.53
3631,9.07,22.6,48.68,5.46,1.13,0.0,-4.9,25.61,17.32,-49.82,-18.31,2.68,75.17,-15.64,59.53
3641,7.65,15.61,51.86,5.08,0.72,0.0,-4.46,24.72,15.35,-46.49,-17.77,2.69,70.05,-15.08,54.98
3651,5.06,18.37,50.88,3.87,1.08,0.0,-4.55,26.8,19.33,-49.17,-18.77,2.67,71.66,-16.1,55.56
3661,10.59,13.06,50.73,4.01,0.18,0.0,-4.39,26.77,16.01,-49.44,-19.2,2.74,67.53,-16.46,51.07
3671,7.7,18.01,51.0,3.42,0.29,0.0,-2.1,27.01,17.41,-51.4,-18.21,2.74,71.33,-15.47,55.85
3681,11.11,14.32,48.44,3.0,0.54,0.0,-3.66,25.52,17.56,-47.86,-18.63,2.74,68.97,-15.88,53.09
3691,12.02,16.9,51.57,3.31,0.11,0.0,-3.43,27.59,16.63,-52.29,-17.21,2.72,72.41,-14.49,57.92
3701,13.7,19.94,50.28,4.64,1.59,0.0,-3.65,27.13,14.7,-49.9,-19.2,2.74,78.45,-16.46,61.99
3711,10.83,20.6,48.64,3.28,1.83,0.0,-3.36,29.3,14.73,-54.85,-17.67,2.71,71.0,-14.96,56.05
3721,11.42,18.37,50.59,6.04,0.07,0.0,-5.11,26.68,16.45,-48.47,-18.83,2.76,76.03,-16.08,59.95
3731,10.45,21.67,51.38,4.65,0.73,0.0,-4.19,24.42,15.84,-47.64,-19.26,2.71,77.31,-16.55,60.76
3741,8.65,17.51,53.34,5.7,0.14,0.0,-3.91,26.85,17.57,-50.46,-19.1,2.72,75.39,-16.38,59.01
3751,6.73,14.69,52.26,3.57,0.11,0.0,-3.85,26.79,16.73,-50.7,-18.62,2.69,66.34,-15.93,50.41
3761,9.91,18.65,51.21,3.96,0.55,0.0,-1.72,29.23,16.24,-52.42,-19.31,2.74,75.6,-16.57,59.03
3771,8.47,20.21,51.83,5.32,0.55,0.0,-1.94,24.98,18.9,-46.65,-18.41,2.65,81.67,-15.76,65.92
3781,12.59,17.85,51.5,3.28,0.37,0.0,-3.91,24.64,16.44,-47.53,-18.69,2.72,75.24,-15.96,59.27
3791,9.55,15.41,53.38,2.97,2.02,0.0,-4.14,25.03,16.73,-48.28,-18.32,2.7,72.65,-15.62,57.02
3801,11.36,20.34,52.93,3.03,0.48,0.0,-2.63,25.45,14.54,-50.5,-18.23,2.69,75.01,-15.54,59.46
3811,10.63,15.37,52.57,3.23,0.45,0.0,-3.8,28.03,17.08,-50.87,-18.69,2.69,72.68,-16.0,56.68
3821,10.54,15.21,51.72,3.83,0.63,0.0,-4.91,26.23,14.64,-48.45,-19.79,2.73,69.45,-17.05,52.39
3831,9.23,16.84,46.78,3.59,1.03,0.0,-2.4,28.64,15.65,-53.95,-18.17,2.73,65.41,-15.44,49.97
3841,7.62,15.88,48.76,3.6,0.28,0.0,-3.28,27.86,16.73,-52.42,-18.6,2.72,65.04,-15.87,49.16
3851,11.04,22.26,48.96,3.94,0.08,0.0,-4.56,26.32,16.62,-47.04,-19.48,2.77,77.62,-16.71,60.91
3861,9.55,17.59,48.24,3.37,0.03,0.0,-4.04,25.27,16.91,-48.36,-18.61,2.74,68.57,-15.87,52.7
3871,8.27,17.83,53.72,3.17,0.67,0.0,-4.08,28.87,15.76,-51.47,-19.98,2.78,72.75,-17.2,55.56
3881,6.92,17.33,48.53,3.65,0.4,0.0,-3.11,26.71,16.39,-48.69,-18.62,2.74,68.14,-15.88,52.26
3891,9.29,19.27,51.33,3.89,0.51,0.0,-3.52,26.27,16.94,-48.21,-19.29,2.77,75.77,-16.52,59.25
3901,12.06,16.55,50.05,4.58,0.05,0.0,-3.21,26.64,15.2,-49.7,-18.49,2.73,72.2,-15.76,56.44
3911,7.79,19.58,49.07,3.2,0.45,0.0,-3.38,28.12,16.27,-53.09,-18.34,2.71,68.02,-15.63,52.39
3921,9.23,14.7,48.61,3.38,0.04,0.0,-3.62,22.53,16.16,-42.35,-18.88,2.75,68.68,-16.14,52.54
3931,7.97,17.42,51.45,4.02,0.49,0.0,-4.38,27.25,18.12,-49.7,-18.79,2.71,72.64,-16.08,56.55
3941,11.2,17.88,52.06,3.97,0.48,0.0,-2.82,25.32,17.57,-46.96,-18.7,2.68,78.7,-16.03,62.68
3951,7.57,18.57,54.72,5.02,0.05,0.0,-4.88,27.25,15.9,-49.37,-19.47,2.73,74.83,-16.74,58.09
3961,5.82,13.31,50.54,3.24,0.11,0.0,-3.5,26.6,20.98,-49.35,-18.25,2.73,67.73,-15.53,52.21
3971,11.35,15.74,52.47,3.76,1.18,0.0,-4.3,25.94,16.73,-49.03,-18.77,2.74,73.85,-16.03,57.83
3981,10.71,15.84,51.07,3.68,0.03,0.0,-5.46,25.38,14.2,-46.22,-19.94,2.71,69.24,-17.23,52.01
3991,7.43,17.49,49.09,4.12,1.25,0.0,-4.95,25.81,16.56,-47.64,-18.36,2.74,69.15,-15.62,53.53
4001,6.46,19.1,52.38,4.41,0.98,0.0,-3.79,26.59,16.38,-50.04,-17.89,2.71,72.47,-15.18,57.28

Delta Energy Terms
Frame #,BOND,ANGLE,DIHED,UB,IMP,CMAP,VDWAALS,EEL,1-4 VDW,1-4 EEL,EGB,ESURF,GGAS,GSOLV,TOTAL
1,-0.0,0.0,-0.0,-0.0,0.0,0.0,-4.51,0.88,0.0,0.0,2.37,-0.81,-3.64,1.57,-2.07
11,0.0,0.0,0.0,0.0,0.0,0.0,-9.15,0.38,-0.0,0.0,4.87,-1.31,-8.77,3.56,-5.21
21,-0.0,-0.0,0.0,0.0,-0.0,0.0,-10.07,-5.44,0.0,0.0,12.89,-1.51,-15.51,11.38,-4.13
31,-0.0,0.0,0.0,0.0,-0.0,0.0,-16.11,-3.04,-0.0,-0.0,12.74,-2.45,-19.16,10.29,-8.87
41,-0.0,0.0,-0.0,-0.0,-0.0,0.0,-11.73,-1.58,0.0,-0.0,9.86,-1.7,-13.31,8.16,-5.15
51,-0.0,-0.0,0.0,0.0,-0.0,0.0,-16.13,-2.96,0.0,0.0,10.94,-2.31,-19.09,8.63,-10.46
61,-0.0,-0.0,0.0,-0.0,-0.0,0.0,-14.0,2.59,0.0,-0.0,6.85,-2.22,-11.41,4.63,-6.78
71,-0.0,-0.0,-0.0,-0.0,-0.0,0.0,-13.16,2.63,0.0,0.0,4.95,-1.84,-10.53,3.11,-7.42
81,-0.0,-0.0,-0.0,-0.0,0.0,0.0,-15.78,-5.61,-0.0,-0.0,14.9,-2.26,-21.39,12.64,-8.75
91,0.0,-0.0,-0.0,-0.0,-0.0,0.0,-16.38,-5.18,-0.0,-0.0,13.28,-2.09,-21.56,11.19,-10.37
101,-0.0,0.0,0.0,0.0,-0.0,0.0,-15.5,-6.3,0.0,0.0,16.63,-2.44,-21.8,14.19,-7.61
111,-0.0,0.0,0.0,-0.0,0.0,0.0,-14.82,-3.91,-0.0,0.0,11.39,-1.75,-18.73,9.64,-9.08
121,-0.0,-0.0,-0.0,-0.0,-0.0,0.0,-16.16,-7.57,-0.0,0.0,16.05,-2.33,-23.73,13.72,-10.02
131,-0.0,0.0,-0.0,-0.0,-0.0,0.0,-18.49,-3.05,0.0,0.0,12.73,-2.34,-21.54,10.39,-11.15
141,0.0,0.0,-0.0,0.0,-0.0,0.0,-14.37,-2.82,0.0,0.0,11.33,-2.15,-17.19,9.18,-8.01
151,-0.0,0.0,0.0,-0.0,-0.0,0.0,-14.98,-0.06,0.0,-0.0,7.5,-2.05,-15.04,5.45,-9.58
161,-0.0,0.0,-0.0,0.0,-0.0,0.0,-18.68,-5.16,0.0,-0.0,13.08,-2.24,-23.85,10.84,-13.0
171,-0.0,-0.0,0.0,0.0,0.0,0.0,-17.96,-3.95,0.0,0.0,11.94,-2.3,-21.92,9.64,-12.28
181,-0.0,-0.0,-0.0,0.0,0.0,0.0,-14.7,-0.77,0.0,-0.0,8.41,-1.88,-15.47,6.53,-8.93
191,-0.0,-0.0,-0.0,-0.0,0.0,0.0,-14.48,-4.41,0.0,0.0,10.82,-1.99,-18.9,8.83,-10.07
201,-0.0,0.0,0.0,-0.0,-0.0,0.0,-12.33,2.14,-0.0,-0.0,6.31,-1.78,-10.2,4.53,-5.67
211,-0.0,0.0,0.0,-0.0,0.0,0.0,-9.28,-1.42,-0.0,0.0,6.97,-1.44,-10.7,5.52,-5.18
221,-0.0,0.0,-0.0,-0.0,-0.0,0.0,-7.45,-8.45,-0.0,0.0,14.37,-1.27,-15.9,13.1,-2.8
231,-0.0,-0.0,0.0,0.0,-0.0,0.0,-12.02,-3.73,0.0,0.0,8.46,-1.71,-15.75,6.75,-9.0
241,-0.0,0.0,0.0,0.0,0.0,0.0,-9.73,-4.54,0.0,0.0,7.78,-1.28,-14.27,6.5,-7.77
251,0.0,0.0,-0.0,-0.0,-0.0,0.0,-8.04,0.66,-0.0,-0.0,1.93,-1.05,-7.38,0.88,-6.5
261,-0.0,-0.0,-0.0,-0.0,0.0,0.0,-7.31,0.43,0.0,0.0,3.11,-1.13,-6.87,1.98,-4.9
271,-0.0,0.0,-0.0,-0.0,-0.0,0.0,-9.06,-1.93,-0.0,0.0,4.93,-1.28,-10.98,3.65,-7.34
281,0.0,0.0,0.0,0.0,-0.0,0.0,-8.37,-0.09,0.0,0.0,2.53,-0.98,-8.45,1.55,-6.91
291,0.0,-0.0,-0.0,-0.0,-0.0,0.0,-11.18,2.58,-0.0,0.0,2.57,-1.42,-8.59,1.16,-7.44
301,0.0,0.0,0.0,-0.0,-0.0,0.0,-10.87,-2.98,0.0,-0.0,9.83,-1.57,-13.84,8.26,-5.59
311,-0.0,0.0,-0.0,0.0,-0.0,0.0,-14.76,-1.62,0.0,0.0,9.4,-1.91,-16.38,7.49,-8.89
321,0.0,-0.0,-0.0,-0.0,0.0,0.0,-11.03,-2.21,0.0,0.0,8.82,-1.78,-13.24,7.04,-6.2
331,-0.0,0.0,-0.0,0.0,-0.0,0.0,-13.63,-3.85,0.0,-0.0,10.58,-1.78,-17.49,8.8,-8.69
341,-0.0,-0.0,-0.0,0.0,-0.0,0.0,-11.88,-3.34,0.0,-0.0,10.13,-1.48,-15.23,8.64,-6.58
351,0.0,0.0,-0.0,-0.0,0.0,0.0,-12.47,-4.27,0.0,0.0,11.95,-1.62,-16.74,10.33,-6.41
361,-0.0,-0.0,-0.0,0.0,0.0,0.0,-12.72,-2.49,0.0,0.0,9.44,-1.7,-15.22,7.74,-7.48
371,-0.0,-0.0,0.0,0.0,0.0,0.0,-15.29,-4.97,-0.0,0.0,11.92,-2.05,-20.26,9.87,-10.39
381,-0.0,0.0,-0.0,-0.0,-0.0,0.0,-16.02,-2.15,0.0,0.0,9.16,-2.12,-18.17,7.04,-11.13
391,-0.0,-0.0,-0.0,0.0,-0.0,0.0,-16.03,0.11,0.0,-0.0,6.5,-2.11,-15.91,4.39,-11.52
401,0.0,0.0,0.0,0.0,0.0,0.0,-15.91,-3.45,0.0,0.0,10.16,-2.27,-19.36,7.89,-11.46
411,0.0,-0.0,0.0,0.0,-0.0,0.0,-17.99,-1.72,0.0,0.0,9.78,-2.25,-19.72,7.53,-12.19
421,0.0,0.0,-0.0,-0.0,-0.0,0.0,-15.42,-2.95,0.0,0.0,8.31,-2.09,-18.37,6.22,-12.15
431,-0.0,0.0,-0.0,-0.0,0.0,0.0,-12.71,-1.96,0.0,-0.0,8.17,-1.82,-14.67,6.35,-8.32
441,0.0,-0.0,-0.0,-0.0,-0.0,0.0,-9.95,-1.76,0.0,-0.0,6.75,-1.39,-11.71,5.36,-6.35
451,0.0,-0.0,0.0,-0.0,-0.0,0.0,-14.64,-3.38,0.0,-0.0,10.74,-2.11,-18.02,8.63,-9.39
461,0.0,0.0,0.0,0.0,-0.0,0.0,-14.43,0.25,0.0,0.0,6.57,-2.16,-14.18,4.4,-9.78
471,-0.0,0.0,-0.0,-0.0,0.0,0.0,-14.93,-1.19,0.0,0.0,9.23,-2.06,-16.11,7.18,-8.94
481,-0.0,0.0,0.0,0.0,0.0,0.0,-15.76,-4.07,0.0,-0.0,10.84,-2.12,-19.83,8.73,-11.1
491,-0.0,-0.0,0.0,0.0,0.0,0.0,-12.49,-4.01,0.0,-0.0,10.71,-1.53,-16.51,9.18,-7.33
501,0.0,0.0,-0.0,0.0,0.0,0.0,-14.47,-1.18,-0.0,-0.0,9.49,-2.16,-15.66,7.33,-8.32
511,0.0,0.0,-0.0,-0.0,-0.0,0.0,-13.7,-2.68,0.0,-0.0,9.25,-1.93,-16.39,7.33,-9.06
521,-0.0,-0.0,0.0,-0.0,-0.0,0.0,-15.04,-2.02,0.0,-0.0,9.45,-2.1,-17.05,7.35,-9.71
531,0.0,-0.0,0.0,-0.0,-0.0,0.0,-14.04,-2.42,0.0,0.0,9.28,-1.9,-16.46,7.38,-9.08
541,0.0,-0.0,-0.0,-0.0,0.0,0.0,-15.66,-1.76,0.0,-0.0,9.41,-2.1,-17.42,7.31,-10.12
551,0.0,0.0,-0.0,-0.0,-0.0,0.0,-14.41,-1.6,0.0,-0.0,9.2,-2.01,-16.0,7.19,-8.81
561,-0.0,0.0,0.0,0.0,-0.0,0.0,-13.57,-3.68,0.0,0.0,10.98,-1.97,-17.25,9.01,-8.24
571,0.0,-0.0,-0.0,-0.0,-0.0,0.0,-15.19,-3.87,-0.0,-0.0,9.9,-1.96,-19.06,7.94,-11.11
581,0.0,0.0,-0.0,0.0,0.0,0.0,-15.59,-3.7,0.0,-0.0,10.74,-2.2,-19.29,8.54,-10.75
591,-0.0,-0.0,-0.0,-0.0,-0.0,0.0,-16.04,-1.49,0.0,0.0,9.47,-2.31,-17.53,7.16,-10.36
601,0.0,-0.0,-0.0,0.0,-0.0,0.0,-15.99,0.39,0.0,-0.0,8.53,-2.26,-15.6,6.27,-9.33
611,-0.0,-0.0,-0.0,0.0,-0.0,0.0,-11.33,-0.16,0.0,0.0,5.85,-1.63,-11.49,4.22,-7.28
621,0.0,-0.0,0.0,0.0,0.0,0.0,-15.5,-0.66,0.0,-0.0,7.94,-2.08,-16.16,5.85,-10.31
631,0.0,0.0,0.0,0.0,0.0,0.0,-14.18,-0.05,-0.0,-0.0,7.17,-1.95,-14.23,5.22,-9.01
641,0.0,-0.0,-0.0,0.0,-0.0,0.0,-13.8,0.26,0.0,0.0,6.33,-2.03,-13.54,4.29,-9.25
651,-0.0,0.0,-0.0,-0.0,-0.0,0.0,-13.79,-2.86,0.0,0.0,9.51,-1.87,-16.65,7.64,-9.02
661,-0.0,-0.0,0.0,0.0,0.0,0.0,-14.25,-1.3,-0.0,-0.0,8.27,-2.04,-15.55,6.23,-9.32
671,0.0,-0.0,0.0,-0.0,0.0,0.0,-16.89,-3.54,0.0,-0.0,10.89,-2.2,-20.43,8.69,-11.74
681,0.0,0.0,0.0,-0.0,0.0,0.0,-15.46,0.85,0.0,-0.0,7.61,-2.29,-14.61,5.32,-9.29
691,-0.0,0.0,-0.0,0.0,0.0,0.0,-13.47,-2.73,-0.0,0.0,10.11,-1.95,-16.2,8.16,-8.04
701,-0.0,0.0,0.0,-0.0,-0.0,0.0,-16.4,-0.57,0.0,0.0,7.28,-2.18,-16.98,5.09,-11.88
711,-0.0,-0.0,0.0,0.0,-0.0,0.0,-14.29,-3.07,-0.0,-0.0,10.03,-2.2,-17.36,7.82,-9.53
721,0.0,0.0,0.0,0.0,-0.0,0.0,-16.04,-0.62,-0.0,-0.0,7.56,-2.24,-16.66,5.32,-11.34
731,0.0,0.0,0.0,-0.0,0.0,0.0,-13.84,0.68,-0.0,-0.0,5.65,-1.95,-13.16,3.69,-9.47
741,0.0,0.0,0.0,0.0,0.0,0.0,-10.21,0.03,-0.0,-0.0,4.45,-1.44,-10.18,3.01,-7.17
751,-0.0,0.0,-0.0,0.0,-0.0,0.0,-7.65,-0.19,0.0,-0.0,4.45,-1.14,-7.84,3.31,-4.54
761,0.0,0.0,-0.0,0.0,0.0,0.0,-11.55,1.15,-0.0,0.0,4.64,-1.79,-10.4,2.85,-7.55
771,0.0,0.0,0.0,-0.0,0.0,0.0,-9.61,-0.57,0.0,-0.0,4.99,-1.34,-10.18,3.65,-6.53
781,0.0,0.0,-0.0,-0.0,0.0,0.0,-9.52,-0.33,0.0,-0.0,4.8,-1.33,-9.84,3.47,-6.38
791,0.0,0.0,-0.0,-0.0,0.0,0.0,-8.25,0.47,0.0,-0.0,3.58,-1.11,-7.78,2.47,-5.32
801,0.0,-0.0,0.0,0.0,0.0,0.0,-11.02,0.47,0.0,0.0,4.9,-1.67,-10.56,3.23,-7.33
811,-0.0,-0.0,0.0,-0.0,0.0,0.0,-11.12,-0.17,0.0,0.0,5.76,-1.67,-11.29,4.08,-7.21
821,0.0,0.0,0.0,0.0,0.0,0.0,-10.06,-0.43,-0.0,-0.0,5.75,-1.7,-10.49,4.05,-6.44
831,0.0,0.0,-0.0,-0.0,-0.0,0.0,-10.89,-1.18,0.0,0.0,6.37,-1.59,-12.07,4.78,-7.29
841,-0.0,0.0,0.0,-0.0,-0.0,0.0,-10.52,-0.85,-0.0,0.0,6.23,-1.77,-11.37,4.46,-6.9
851,0.0,-0.0,0.0,-0.0,-0.0,0.0,-9.23,0.93,0.0,-0.0,4.74,-1.59,-8.3,3.14,-5.15
861,-0.0,-0.0,0.0,0.0,0.0,0.0,-12.94,-0.36,-0.0,0.0,6.12,-1.9,-13.3,4.22,-9.08
871,0.0,0.0,-0.0,-0.0,-0.0,0.0,-8.15,-0.48,-0.0,-0.0,5.51,-1.4,-8.63,4.1,-4.53
881,-0.0,0.0,0.0,0.0,-0.0,0.0,-10.63,-0.95,0.0,0.0,5.65,-1.59,-11.58,4.06,-7.52
891,0.0,-0.0,0.0,0.0,-0.0,0.0,-13.62,-1.7,0.0,0.0,7.2,-1.91,-15.31,5.29,-10.02
901,-0.0,-0.0,0.0,-0.0,0.0,0.0,-10.99,0.31,0.0,-0.0,5.68,-1.71,-10.68,3.98,-6.71
911,-0.0,0.0,-0.0,-0.0,-0.0,0.0,-11.74,-5.29,0.0,-0.0,10.19,-1.8,-17.03,8.39,-8.63
921,-0.0,-0.0,0.0,-0.0,0.0,0.0,-17.01,-2.5,-0.0,0.0,9.63,-2.22,-19.51,7.41,-12.1
931,0.0,0.0,-0.0,-0.0,0.0,0.0,-15.08,-1.12,0.0,-0.0,7.91,-2.06,-16.2,5.84,-10.35
941,0.0,-0.0,-0.0,0.0,0.0,0.0,-14.3,-3.65,0.0,-0.0,10.38,-2.07,-17.96,8.3,-9.65
951,0.0,-0.0,0.0,-0.0,-0.0,0.0,-15.43,-1.19,-0.0,0.0,8.85,-2.29,-16.62,6.56,-10.06
961,-0.0,-0.0,-0.0,-0.0,0.0,0.0,-15.61,-0.96,-0.0,-0.0,8.06,-2.1,-16.57,5.96,-10.61
971,-0.0,-0.0,-0.0,0.0,-0.0,0.0,-14.98,0.69,0.0,0.0,5.06,-2.01,-14.29,3.05,-11.25
981,-0.0,-0.0,-0.0,-0.0,0.0,0.0,-12.49,-0.15,0.0,-0.0,6.36,-1.7,-12.64,4.67,-7.97
991,0.0,0.0,-0.0,0.0,0.0,0.0,-16.04,-0.75,-0.0,-0.0,7.55,-2.24,-16.79,5.31,-11.48
1001,0.0,-0.0,-0.0,-0.0,-0.0,0.0,-12.53,-2.89,0.0,0.0,9.51,-1.74,-15.42,7.77,-7.65
1011,0.0,-0.0,-0.0,0.0,-0.0,0.0,-15.35,-3.18,-0.0,-0.0,10.23,-2.38,-18.53,7.86,-10.67
1021,0.0,0.0,0.0,0.0,-0.0,0.0,-15.59,-3.45,-0.0,-0.0,10.66,-2.0,-19.04,8.66,-10.37
1031,-0.0,0.0,-0.0,0.0,-0.0,0.0,-13.56,-3.54,-0.0,0.0,11.08,-2.12,-17.1,8.96,-8.14
1041,-0.0,0.0,-0.0,0.0,0.0,0.0,-12.69,-1.78,0.0,-0.0,8.06,-1.69,-14.47,6.37,-8.1
1051,0.0,0.0,-0.0,-0.0,-0.0,0.0,-16.72,-4.16,-0.0,-0.0,9.93,-2.36,-20.88,7.56,-13.31
1061,-0.0,0.0,0.0,-0.0,-0.0,0.0,-12.58,-3.36,-0.0,0.0,10.02,-1.99,-15.94,8.03,-7.91
1071,-0.0,-0.0,-0.0,-0.0,0.0,0.0,-14.28,-4.39,-0.0,-0.0,11.33,-2.34,-18.66,8.99,-9.68
1081,-0.0,0.0,0.0,0.0,-0.0,0.0,-15.27,-4.24,0.0,-0.0,10.13,-2.24,-19.52,7.89,-11.63
1091,0.0,-0.0,-0.0,-0.0,-0.0,0.0,-14.83,-4.33,-0.0,-0.0,10.97,-2.02,-19.16,8.95,-10.21
1101,0.0,0.0,0.0,-0.0,0.0,0.0,-15.21,-3.6,-0.0,0.0,9.86,-2.12,-18.81,7.74,-11.07
1111,-0.0,-0.0,0.0,-0.0,0.0,0.0,-14.33,-1.01,-0.0,-0.0,8.34,-1.85,-15.34,6.49,-8.84
1121,-0.0,0.0,0.0,0.0,-0.0,0.0,-14.18,-3.25,-0.0,0.0,10.31,-2.01,-17.43,8.3,-9.12
1131,-0.0,-0.0,0.0,-0.0,0.0,0.0,-11.4,3.79,0.0,0.0,2.55,-1.5,-7.61,1.05,-6.56
1141,0.0,-0.0,-0.0,-0.0,-0.0,0.0,-11.16,0.41,0.0,0.0,6.03,-1.87,-10.75,4.16,-6.59
1151,-0.0,-0.0,-0.0,-0.0,-0.0,0.0,-13.57,0.21,0.0,-0.0,6.74,-1.8,-13.36,4.94,-8.42
1161,0.0,0.0,-0.0,-0.0,0.0,0.0,-10.49,1.13,0.0,-0.0,4.25,-1.48,-9.36,2.77,-6.59
1171,-0.0,-0.0,-0.0,-0.0,-0.0,0.0,-13.55,-1.58,-0.0,0.0,8.85,-1.95,-15.13,6.9,-8.23
1181,-0.0,-0.0,-0.0,-0.0,0.0,0.0,-15.06,0.57,0.0,-0.0,7.32,-2.11,-14.49,5.22,-9.28
1191,-0.0,-0.0,0.0,0.0,0.0,0.0,-13.63,-2.18,0.0,0.0,9.64,-2.11,-15.81,7.53,-8.28
1201,0.0,0.0,-0.0,0.0,-0.0,0.0,-8.31,-1.47,-0.0,-0.0,6.5,-1.16,-9.79,5.34,-4.45
1211,-0.0,0.0,0.0,-0.0,0.0,0.0,-9.45,4.52,-0.0,0.0,1.18,-1.38,-4.94,-0.2,-5.13
1221,0.0,0.0,0.0,-0.0,-0.0,0.0,-14.56,0.07,0.0,0.0,6.63,-1.91,-14.49,4.73,-9.76
1231,0.0,0.0,-0.0,0.0,0.0,0.0,-16.06,-0.94,-0.0,0.0,8.15,-2.01,-17.0,6.14,-10.86
1241,-0.0,-0.0,0.0,-0.0,0.0,0.0,-13.3,2.61,0.0,0.0,4.6,-1.66,-10.68,2.95,-7.74
1251,-0.0,-0.0,0.0,0.0,0.0,0.0,-8.42,-1.2,0.0,-0.0,5.47,-1.16,-9.62,4.31,-5.31
1261,-0.0,0.0,-0.0,-0.0,0.0,0.0,-1.76,-0.78,0.0,0.0,2.54,-0.07,-2.53,2.47,-0.06
1271,-0.0,-0.0,0.0,-0.0,0.0,0.0,-1.77,-1.19,-0.0,0.0,2.84,-0.18,-2.96,2.66,-0.3
1281,0.0,-0.0,-0.0,0.0,0.0,0.0,-7.81,-1.67,0.0,0.0,5.92,-1.11,-9.48,4.81,-4.66
1291,-0.0,0.0,0.0,-0.0,-0.0,0.0,-3.75,0.18,-0.0,-0.0,2.24,-0.49,-3.56,1.75,-1.81
1301,0.0,-0.0,0.0,-0.0,0.0,0.0,-4.95,0.72,0.0,0.0,2.25,-0.62,-4.23,1.63,-2.6
1311,0.0,0.0,0.0,-0.0,0.0,0.0,-6.24,-1.07,-0.0,0.0,4.55,-0.86,-7.3,3.69,-3.61
1321,-0.0,0.0,0.0,0.0,-0.0,0.0,-2.74,0.22,0.0,0.0,2.05,-0.24,-2.52,1.8,-0.72
1331,0.0,0.0,0.0,-0.0,0.0,0.0,-6.97,-2.24,-0.0,-0.0,7.08,-1.34,-9.21,5.74,-3.47
1341,0.0,-0.0,0.0,0.0,0.0,0.0,-7.53,-1.46,-0.0,-0.0,5.46,-1.17,-8.99,4.29,-4.7
1351,-0.0,0.0,0.0,0.0,-0.0,0.0,-8.08,-1.43,0.0,0.0,6.96,-1.5,-9.51,5.46,-4.05
1361,0.0,0.0,0.0,-0.0,0.0,0.0,-7.01,-1.58,0.0,0.0,5.33,-0.97,-8.59,4.36,-4.23
1371,-0.0,-0.0,0.0,0.0,-0.0,0.0,-6.56,-0.19,0.0,0.0,3.63,-0.83,-6.75,2.8,-3.95
1381,0.0,0.0,-0.0,0.0,-0.0,0.0,-8.06,-1.64,0.0,-0.0,6.25,-1.21,-9.71,5.04,-4.67
1391,0.0,-0.0,-0.0,0.0,-0.0,0.0,-8.84,-2.19,0.0,-0.0,6.73,-1.3,-11.03,5.43,-5.6
1401,-0.0,-0.0,0.0,-0.0,-0.0,0.0,-4.72,-0.81,-0.0,0.0,4.1,-0.69,-5.53,3.42,-2.11
1411,0.0,0.0,-0.0,-0.0,-0.0,0.0,-7.98,-0.44,0.0,-0.0,4.92,-1.18,-8.43,3.74,-4.69
1421,-0.0,-0.0,-0.0,-0.0,-0.0,0.0,-7.54,-1.11,-0.0,-0.0,5.34,-1.1,-8.66,4.24,-4.41
1431,0.0,0.0,-0.0,0.0,0.0,0.0,-7.67,-0.95,0.0,-0.0,5.53,-1.2,-8.63,4.33,-4.3
1441,0.0,0.0,0.0,-0.0,-0.0,0.0,-7.56,-1.92,0.0,0.0,5.66,-1.09,-9.48,4.57,-4.92
1451,-0.0,-0.0,0.0,-0.0,0.0,0.0,-7.16,-0.97,-0.0,-0.0,4.63,-0.97,-8.13,3.66,-4.47
1461,0.0,-0.0,0.0,0.0,-0.0,0.0,-4.5,-0.17,-0.0,-0.0,4.58,-1.12,-4.67,3.46,-1.21
1471,-0.0,0.0,-0.0,-0.0,0.0,0.0,-8.25,-1.32,0.0,0.0,5.39,-1.15,-9.57,4.24,-5.34
1481,-0.0,-0.0,0.0,-0.0,0.0,0.0,-7.44,-0.16,0.0,-0.0,4.7,-1.19,-7.61,3.51,-4.1
1491,-0.0,-0.0,-0.0,-0.0,-0.0,0.0,-7.1,-0.3,-0.0,-0.0,4.23,-1.0,-7.4,3.23,-4.17
1501,0.0,-0.0,0.0,0.0,-0.0,0.0,-5.78,-1.67,0.0,-0.0,4.98,-0.78,-7.45,4.21,-3.24
1511,0.0,0.0,-0.0,-0.0,-0.0,0.0,-6.71,-1.15,0.0,-0.0,5.13,-1.02,-7.86,4.12,-3.74
1521,0.0,0.0,-0.0,-0.0,-0.0,0.0,-8.83,0.07,0.0,0.0,4.76,-1.35,-8.76,3.4,-5.36
1531,-0.0,0.0,0.0,0.0,-0.0,0.0,-9.26,-0.33,-0.0,-0.0,4.71,-1.27,-9.59,3.44,-6.15
1541,0.0,0.0,0.0,0.0,0.0,0.0,-7.24,0.78,-0.0,0.0,2.86,-0.88,-6.46,1.98,-4.48
1551,-0.0,-0.0,-0.0,-0.0,-0.0,0.0,-11.67,0.01,0.0,0.0,5.74,-1.65,-11.67,4.09,-7.57
1561,-0.0,-0.0,0.0,0.0,-0.0,0.0,-9.02,-0.46,0.0,-0.0,5.02,-1.47,-9.48,3.55,-5.93
1571,-0.0,0.0,-0.0,-0.0,0.0,0.0,-10.1,-0.02,-0.0,-0.0,4.88,-1.47,-10.12,3.41,-6.71
1581,-0.0,0.0,-0.0,-0.0,-0.0,0.0,-8.69,0.12,0.0,0.0,4.29,-1.12,-8.57,3.17,-5.4
1591,0.0,-0.0,-0.0,0.0,-0.0,0.0,-9.59,-0.3,0.0,-0.0,5.37,-1.45,-9.89,3.93,-5.96
1601,0.0,-0.0,-0.0,0.0,-0.0,0.0,-8.85,0.23,-0.0,-0.0,4.54,-1.31,-8.63,3.23,-5.39
1611,-0.0,-0.0,0.0,0.0,-0.0,0.0,-9.81,-1.04,-0.0,0.0,5.86,-1.4,-10.85,4.46,-6.39
1621,0.0,0.0,-0.0,-0.0,0.0,0.0,-9.59,-0.51,-0.0,0.0,5.21,-1.36,-10.11,3.85,-6.25
1631,0.0,0.0,0.0,0.0,-0.0,0.0,-6.96,0.72,-0.0,-0.0,3.36,-1.08,-6.23,2.28,-3.95
1641,-0.0,0.0,-0.0,-0.0,0.0,0.0,-8.68,1.03,0.0,0.0,3.78,-1.26,-7.66,2.52,-5.13
1651,-0.0,0.0,0.0,0.0,-0.0,0.0,-9.13,0.36,-0.0,0.0,4.44,-1.25,-8.78,3.2,-5.58
1661,-0.0,0.0,0.0,-0.0,0.0,0.0,-9.02,-0.1,-0.0,-0.0,4.86,-1.33,-9.12,3.52,-5.6
1671,-0.0,0.0,-0.0,-0.0,-0.0,0.0,-9.76,-0.26,-0.0,0.0,5.01,-1.38,-10.02,3.63,-6.39
1681,-0.0,0.0,-0.0,-0.0,0.0,0.0,-8.79,-0.56,0.0,0.0,5.21,-1.2,-9.35,4.01,-5.34
1691,0.0,0.0,-0.0,-0.0,0.0,0.0,-8.83,-0.31,-0.0,0.0,5.37,-1.47,-9.14,3.9,-5.24
1701,-0.0,0.0,0.0,0.0,0.0,0.0,-8.93,-0.49,-0.0,0.0,5.53,-1.45,-9.42,4.08,-5.34
1711,0.0,0.0,0.0,-0.0,-0.0,0.0,-8.68,-0.08,0.0,0.0,4.93,-1.4,-8.76,3.53,-5.23
1721,0.0,-0.0,0.0,-0.0,-0.0,0.0,-7.37,-0.64,0.0,0.0,4.38,-0.98,-8.01,3.4,-4.61
1731,0.0,0.0,-0.0,0.0,0.0,0.0,-7.4,-0.06,-0.0,-0.0,4.9,-1.36,-7.47,3.54,-3.92
1741,0.0,-0.0,0.0,-0.0,-0.0,0.0,-10.09,1.03,-0.0,0.0,4.02,-1.56,-9.06,2.46,-6.6
1751,-0.0,-0.0,0.0,-0.0,-0.0,0.0,-10.71,2.1,0.0,0.0,3.9,-1.86,-8.61,2.04,-6.57
1761,-0.0,-0.0,-0.0,-0.0,0.0,0.0,-8.16,-0.11,0.0,-0.0,4.44,-1.22,-8.27,3.22,-5.05
1771,-0.0,0.0,0.0,-0.0,0.0,0.0,-10.6,-0.77,0.0,0.0,6.6,-1.74,-11.38,4.86,-6.51
1781,0.0,0.0,0.0,-0.0,0.0,0.0,-7.58,-0.58,-0.0,0.0,4.83,-1.14,-8.15,3.69,-4.46
1791,0.0,0.0,-0.0,-0.0,-0.0,0.0,-5.86,-0.51,0.0,-0.0,3.83,-0.82,-6.38,3.02,-3.36
1801,-0.0,0.0,-0.0,0.0,0.0,0.0,-6.13,-0.39,-0.0,-0.0,3.91,-0.84,-6.52,3.07,-3.45
1811,-0.0,0.0,-0.0,0.0,0.0,0.0,-8.68,0.25,0.0,-0.0,4.12,-1.36,-8.43,2.76,-5.66
1821,-0.0,-0.0,-0.0,0.0,-0.0,0.0,-8.22,0.24,-0.0,-0.0,3.81,-1.36,-7.98,2.44,-5.54
1831,0.0,0.0,-0.0,-0.0,-0.0,0.0,-8.36,-0.54,0.0,0.0,5.67,-1.48,-8.9,4.19,-4.71
1841,-0.0,0.0,-0.0,-0.0,-0.0,0.0,-6.88,-0.8,-0.0,0.0,5.01,-1.08,-7.68,3.93,-3.75
1851,0.0,0.0,-0.0,-0.0,-0.0,0.0,-8.74,-0.06,-0.0,0.0,4.84,-1.34,-8.81,3.5,-5.31
1861,0.0,-0.0,-0.0,0.0,-0.0,0.0,-8.39,-0.64,-0.0,0.0,5.37,-1.23,-9.03,4.15,-4.89
1871,0.0,0.0,0.0,-0.0,-0.0,0.0,-7.02,-0.61,0.0,0.0,4.4,-0.96,-7.63,3.43,-4.19
1881,0.0,-0.0,-0.0,0.0,-0.0,0.0,-7.32,-1.32,0.0,0.0,5.69,-1.16,-8.63,4.53,-4.11
1891,0.0,-0.0,-0.0,-0.0,-0.0,0.0,-7.23,-0.64,-0.0,0.0,4.97,-1.17,-7.87,3.79,-4.07
1901,-0.0,0.0,0.0,0.0,-0.0,0.0,-9.32,-1.56,-0.0,0.0,6.33,-1.38,-10.88,4.96,-5.92
1911,-0.0,0.0,-0.0,0.0,0.0,0.0,-6.08,-1.06,-0.0,-0.0,4.67,-0.87,-7.14,3.8,-3.34
1921,-0.0,-0.0,-0.0,-0.0,0.0,0.0,-7.78,0.31,0.0,-0.0,4.37,-1.22,-7.47,3.14,-4.32
1931,0.0,-0.0,0.0,0.0,0.0,0.0,-7.92,0.14,-0.0,-0.0,5.38,-1.59,-7.78,3.79,-3.99
1941,0.0,-0.0,0.0,-0.0,0.0,0.0,-9.27,1.53,-0.0,-0.0,2.36,-1.28,-7.74,1.07,-6.67
1951,0.0,0.0,0.0,-0.0,-0.0,0.0,-7.98,-0.14,0.0,-0.0,5.1,-1.42,-8.13,3.68,-4.44
1961,-0.0,-0.0,-0.0,0.0,0.0,0.0,-5.82,0.95,-0.0,0.0,3.21,-0.97,-4.87,2.24,-2.62
1971,-0.0,0.0,0.0,-0.0,-0.0,0.0,-8.43,-0.74,0.0,-0.0,5.52,-1.36,-9.17,4.16,-5.01
1981,-0.0,0.0,0.0,0.0,-0.0,0.0,-8.74,-0.45,-0.0,-0.0,5.19,-1.43,-9.19,3.76,-5.43
1991,0.0,-0.0,0.0,-0.0,-0.0,0.0,-4.64,0.29,0.0,0.0,2.54,-0.61,-4.35,1.93,-2.42
2001,-0.0,0.0,-0.0,-0.0,-0.0,0.0,-7.2,0.6,-0.0,0.0,4.09,-1.04,-6.6,3.05,-3.55
2011,-0.0,0.0,-0.0,-0.0,-0.0,0.0,-7.03,-0.4,-0.0,0.0,4.95,-1.18,-7.44,3.78,-3.66
2021,-0.0,0.0,-0.0,-0.0,0.0,0.0,-6.99,-0.35,-0.0,0.0,4.08,-1.0,-7.34,3.09,-4.25
2031,0.0,-0.0,0.0,-0.0,-0.0,0.0,-4.13,-0.05,0.0,-0.0,2.6,-0.55,-4.17,2.06,-2.12
2041,-0.0,-0.0,0.0,0.0,0.0,0.0,-8.32,-1.57,0.0,-0.0,5.82,-1.23,-9.89,4.59,-5.3
2051,0.0,0.0,0.0,0.0,0.0,0.0,-2.65,1.15,-0.0,0.0,0.98,-0.28,-1.51,0.7,-0.8
2061,0.0,0.0,-0.0,0.0,-0.0,0.0,-4.86,-1.22,-0.0,0.0,5.4,-1.02,-6.07,4.38,-1.69
2071,-0.0,-0.0,-0.0,-0.0,-0.0,0.0,-8.82,-0.26,-0.0,0.0,5.22,-1.18,-9.07,4.04,-5.03
2081,0.0,-0.0,0.0,-0.0,0.0,0.0,-8.5,-0.56,0.0,-0.0,5.3,-1.18,-9.05,4.11,-4.94
2091,0.0,-0.0,0.0,0.0,-0.0,0.0,-8.22,-1.23,-0.0,0.0,5.75,-1.19,-9.45,4.56,-4.89
2101,-0.0,0.0,-0.0,0.0,0.0,0.0,-8.13,-1.66,-0.0,-0.0,6.34,-1.28,-9.78,5.06,-4.72
2111,0.0,0.0,-0.0,0.0,-0.0,0.0,-8.77,-1.41,-0.0,-0.0,6.22,-1.27,-10.18,4.95,-5.23
2121,0.0,0.0,0.0,-0.0,-0.0,0.0,-8.52,0.47,-0.0,-0.0,4.5,-1.23,-8.06,3.27,-4.79
2131,0.0,-0.0,0.0,0.0,0.0,0.0,-9.6,-1.97,0.0,0.0,6.7,-1.24,-11.58,5.46,-6.11
2141,-0.0,0.0,0.0,0.0,0.0,0.0,-9.42,-0.4,-0.0,-0.0,5.25,-1.25,-9.82,4.0,-5.82
2151,0.0,0.0,-0.0,-0.0,0.0,0.0,-9.21,-0.41,0.0,0.0,5.07,-1.19,-9.63,3.88,-5.75
2161,-0.0,-0.0,-0.0,0.0,-0.0,0.0,-8.72,0.86,-0.0,-0.0,5.07,-1.31,-7.86,3.75,-4.11
2171,-0.0,-0.0,-0.0,-0.0,-0.0,0.0,-9.12,0.01,-0.0,0.0,4.66,-1.19,-9.11,3.47,-5.64
2181,-0.0,-0.0,0.0,0.0,-0.0,0.0,-9.15,-0.71,-0.0,0.0,5.34,-1.36,-9.86,3.99,-5.87
2191,-0.0,0.0,0.0,0.0,-0.0,0.0,-7.82,-0.42,-0.0,0.0,4.78,-1.01,-8.23,3.76,-4.47
2201,-0.0,-0.0,0.0,-0.0,0.0,0.0,-8.51,0.78,-0.0,-0.0,4.42,-1.23,-7.73,3.19,-4.54
2211,0.0,0.0,0.0,0.0,0.0,0.0,-9.5,-0.1,-0.0,0.0,5.08,-1.28,-9.6,3.8,-5.8
2221,-0.0,-0.0,-0.0,-0.0,-0.0,0.0,-7.36,-0.02,-0.0,0.0,5.14,-1.25,-7.38,3.88,-3.5
2231,0.0,-0.0,-0.0,0.0,0.0,0.0,-8.9,0.81,-0.0,0.0,3.99,-1.16,-8.09,2.83,-5.25
2241,0.0,0.0,-0.0,0.0,0.0,0.0,-9.87,-0.56,0.0,-0.0,5.52,-1.32,-10.43,4.2,-6.23
2251,-0.0,-0.0,-0.0,0.0,0.0,0.0,-10.21,-0.41,-0.0,-0.0,5.67,-1.42,-10.62,4.26,-6.36
2261,0.0,-0.0,0.0,-0.0,0.0,0.0,-9.28,-0.67,0.0,-0.0,5.42,-1.32,-9.96,4.1,-5.86
2271,0.0,-0.0,0.0,0.0,-0.0,0.0,-9.18,-0.35,-0.0,-0.0,4.71,-1.19,-9.53,3.52,-6.01
2281,-0.0,0.0,-0.0,0.0,-0.0,0.0,-8.17,-0.61,0.0,0.0,5.07,-1.04,-8.78,4.03,-4.76
2291,0.0,0.0,-0.0,0.0,-0.0,0.0,-8.57,0.74,-0.0,0.0,3.99,-1.23,-7.83,2.76,-5.07
2301,-0.0,0.0,-0.0,-0.0,0.0,0.0,-10.46,-0.61,-0.0,0.0,5.88,-1.48,-11.07,4.4,-6.68
2311,-0.0,0.0,-0.0,-0.0,0.0,0.0,-5.71,-0.0,-0.0,0.0,4.54,-0.98,-5.71,3.56,-2.15
2321,-0.0,-0.0,-0.0,0.0,0.0,0.0,-9.2,-0.39,0.0,-0.0,5.95,-1.41,-9.59,4.54,-5.04
2331,0.0,-0.0,-0.0,0.0,0.0,0.0,-8.21,-0.28,-0.0,0.0,5.89,-1.19,-8.49,4.7,-3.79
2341,0.0,-0.0,-0.0,-0.0,-0.0,0.0,-7.5,-0.13,0.0,0.0,4.65,-1.05,-7.63,3.6,-4.04
2351,-0.0,-0.0,-0.0,-0.0,0.0,0.0,-9.09,-0.39,0.0,0.0,5.66,-1.23,-9.47,4.43,-5.04
2361,-0.0,-0.0,-0.0,0.0,-0.0,0.0,-9.01,-0.37,-0.0,0.0,5.65,-1.3,-9.37,4.35,-5.03
2371,0.0,-0.0,-0.0,0.0,0.0,0.0,-9.51,-0.01,0.0,-0.0,5.71,-1.28,-9.52,4.42,-5.1
2381,0.0,-0.0,-0.0,0.0,-0.0,0.0,-10.12,-0.32,-0.0,-0.0,5.82,-1.34,-10.44,4.48,-5.96
2391,0.0,0.0,0.0,-0.0,0.0,0.0,-6.32,-0.16,0.0,-0.0,3.69,-0.87,-6.48,2.82,-3.66
2401,0.0,0.0,0.0,-0.0,-0.0,0.0,-8.23,0.76,-0.0,0.0,3.77,-1.2,-7.46,2.57,-4.9
2411,-0.0,0.0,0.0,0.0,-0.0,0.0,-8.84,-0.68,-0.0,-0.0,5.28,-1.38,-9.52,3.9,-5.62
2421,-0.0,-0.0,0.0,-0.0,-0.0,0.0,-5.95,0.57,-0.0,0.0,3.32,-0.86,-5.39,2.46,-2.93
2431,0.0,0.0,-0.0,-0.0,-0.0,0.0,-1.79,-0.4,-0.0,0.0,2.38,-0.31,-2.19,2.07,-0.12
2441,0.0,-0.0,0.0,0.0,-0.0,0.0,-1.94,0.21,-0.0,-0.0,1.58,-0.23,-1.73,1.34,-0.39
2451,0.0,-0.0,0.0,0.0,-0.0,0.0,-2.57,-0.31,0.0,0.0,2.4,-0.29,-2.88,2.11,-0.77
2461,0.0,0.0,-0.0,0.0,0.0,0.0,-4.15,0.1,0.0,0.0,2.57,-0.52,-4.05,2.05,-2.01
2471,-0.0,0.0,-0.0,-0.0,0.0,0.0,-4.42,-0.6,-0.0,0.0,3.47,-0.67,-5.02,2.79,-2.23
2481,-0.0,-0.0,-0.0,0.0,0.0,0.0,-4.79,0.29,0.0,-0.0,3.2,-0.77,-4.5,2.44,-2.06
2491,-0.0,0.0,0.0,0.0,0.0,0.0,-1.4,0.8,-0.0,-0.0,0.55,-0.18,-0.6,0.37,-0.23
2501,-0.0,-0.0,-0.0,0.0,-0.0,0.0,-0.83,0.3,0.0,-0.0,0.77,-0.06,-0.53,0.71,0.19
2511,0.0,-0.0,0.0,-0.0,-0.0,0.0,-1.45,-0.08,-0.0,0.0,1.46,-0.13,-1.53,1.32,-0.21
2521,0.0,0.0,-0.0,-0.0,0.0,0.0,-0.05,0.39,0.0,0.0,-0.26,-0.0,0.35,-0.26,0.09
2531,-0.0,-0.0,0.0,0.0,-0.0,0.0,-0.09,0.43,0.0,-0.0,-0.15,-0.0,0.34,-0.15,0.19
2541,0.0,0.0,0.0,-0.0,0.0,0.0,-0.61,0.76,0.0,-0.0,0.31,0.0,0.15,0.31,0.45
2551,0.0,-0.0,-0.0,-0.0,-0.0,0.0,-0.63,0.89,-0.0,-0.0,0.22,0.0,0.27,0.22,0.49
2561,-0.0,-0.0,0.0,0.0,0.0,0.0,-0.67,1.32,-0.0,-0.0,-0.11,0.0,0.65,-0.11,0.54
2571,-0.0,-0.0,0.0,0.0,0.0,0.0,-0.57,0.79,0.0,0.0,0.3,-0.0,0.21,0.3,0.51
2581,-0.0,0.0,0.0,-0.0,-0.0,0.0,-0.4,0.31,-0.0,-0.0,0.47,0.0,-0.1,0.47,0.37
2591,-0.0,-0.0,0.0,-0.0,-0.0,0.0,-0.51,0.3,0.0,0.0,0.62,-0.0,-0.2,0.62,0.42
2601,-0.0,-0.0,-0.0,-0.0,-0.0,0.0,-0.88,0.46,-0.0,-0.0,0.68,0.0,-0.42,0.68,0.26
2611,-0.0,-0.0,0.0,-0.0,-0.0,0.0,-0.62,-0.33,-0.0,0.0,1.3,0.0,-0.95,1.3,0.35
2621,-0.0,0.0,0.0,-0.0,-0.0,0.0,-0.42,-0.73,-0.0,0.0,1.42,0.0,-1.15,1.42,0.27
2631,-0.0,-0.0,0.0,-0.0,0.0,0.0,-0.56,-0.6,0.0,0.0,1.46,-0.0,-1.16,1.46,0.3
2641,-0.0,0.0,0.0,-0.0,0.0,0.0,-0.23,-0.6,0.0,0.0,1.11,-0.0,-0.83,1.11,0.28
2651,-0.0,0.0,-0.0,0.0,-0.0,0.0,-0.31,-1.4,0.0,0.0,2.06,0.0,-1.71,2.06,0.35
2661,0.0,0.0,0.0,0.0,-0.0,0.0,-0.72,-2.17,0.0,0.0,3.22,-0.01,-2.89,3.21,0.32
2671,-0.0,-0.0,0.0,-0.0,0.0,0.0,-0.62,-2.88,-0.0,-0.0,3.93,-0.0,-3.5,3.93,0.43
2681,-0.0,-0.0,-0.0,0.0,0.0,0.0,-0.56,-0.92,-0.0,0.0,1.88,-0.0,-1.49,1.88,0.39
2691,0.0,-0.0,-0.0,-0.0,-0.0,0.0,-0.68,1.88,-0.0,0.0,-0.55,-0.0,1.2,-0.55,0.64
2701,-0.0,0.0,0.0,0.0,-0.0,0.0,-0.49,0.89,0.0,0.0,0.11,-0.0,0.41,0.11,0.51
2711,-0.0,-0.0,0.0,-0.0,-0.0,0.0,-0.6,-1.3,0.0,-0.0,2.4,0.0,-1.9,2.4,0.5
2721,-0.0,-0.0,0.0,-0.0,-0.0,0.0,-0.56,-0.43,-0.0,0.0,1.48,-0.0,-0.99,1.48,0.49
2731,-0.0,0.0,0.0,0.0,-0.0,0.0,-0.58,0.67,0.0,-0.0,0.54,0.0,0.09,0.54,0.63
2741,-0.0,-0.0,0.0,-0.0,-0.0,0.0,-0.61,1.89,0.0,0.0,-0.54,0.0,1.28,-0.54,0.74
2751,0.0,0.0,0.0,0.0,-0.0,0.0,-0.62,0.76,-0.0,0.0,0.54,0.0,0.15,0.54,0.69
2761,0.0,0.0,-0.0,0.0,0.0,0.0,-0.5,-0.69,-0.0,0.0,1.76,0.0,-1.18,1.76,0.58
2771,-0.0,0.0,0.0,-0.0,0.0,0.0,-0.43,-0.5,-0.0,-0.0,1.38,0.0,-0.92,1.38,0.45
2781,0.0,0.0,0.0,0.0,0.0,0.0,-0.23,-0.33,-0.0,0.0,0.99,-0.0,-0.56,0.99,0.42
2791,-0.0,-0.0,-0.0,0.0,0.0,0.0,-0.3,-0.69,-0.0,-0.0,1.48,-0.0,-1.0,1.48,0.48
2801,0.0,0.0,0.0,0.0,0.0,0.0,-0.59,-2.24,0.0,-0.0,3.4,-0.0,-2.82,3.4,0.58
2811,0.0,0.0,-0.0,-0.0,-0.0,0.0,-0.56,1.73,-0.0,-0.0,-0.53,-0.0,1.16,-0.53,0.63
2821,-0.0,0.0,-0.0,-0.0,-0.0,0.0,-0.54,-0.22,0.0,-0.0,1.28,-0.0,-0.75,1.28,0.53
2831,0.0,-0.0,-0.0,0.0,0.0,0.0,-0.65,0.94,-0.0,0.0,0.26,-0.0,0.29,0.26,0.55
2841,-0.0,0.0,0.0,0.0,0.0,0.0,-0.6,1.07,0.0,-0.0,0.17,-0.0,0.47,0.17,0.64
2851,-0.0,0.0,-0.0,0.0,0.0,0.0,-0.64,-0.19,0.0,0.0,1.46,0.0,-0.83,1.46,0.63
2861,-0.0,0.0,0.0,-0.0,-0.0,0.0,-0.56,1.27,0.0,-0.0,-0.03,0.0,0.71,-0.03,0.68
2871,0.0,-0.0,0.0,0.0,-0.0,0.0,-0.64,0.17,-0.0,0.0,1.06,-0.0,-0.47,1.06,0.59
2881,-0.0,-0.0,0.0,-0.0,0.0,0.0,-0.49,-0.37,-0.0,-0.0,1.38,0.0,-0.86,1.38,0.52
2891,0.0,-0.0,-0.0,-0.0,-0.0,0.0,-0.48,1.02,-0.0,-0.0,-0.01,-0.0,0.54,-0.01,0.53
2901,-0.0,-0.0,0.0,0.0,-0.0,0.0,-0.66,1.6,-0.0,0.0,-0.31,-0.0,0.94,-0.31,0.63
2911,-0.0,0.0,0.0,-0.0,0.0,0.0,-0.53,-1.04,0.0,0.0,2.09,-0.0,-1.57,2.09,0.52
2921,0.0,0.0,0.0,0.0,-0.0,0.0,-0.55,1.39,-0.0,0.0,-0.2,-0.0,0.84,-0.2,0.64
2931,0.0,0.0,-0.0,0.0,0.0,0.0,-0.57,-0.1,0.0,0.0,1.29,-0.0,-0.67,1.29,0.62
2941,0.0,-0.0,-0.0,0.0,-0.0,0.0,-0.56,0.41,0.0,-0.0,0.73,0.0,-0.15,0.73,0.58
2951,-0.0,-0.0,-0.0,0.0,0.0,0.0,-0.56,0.18,0.0,0.0,0.94,-0.0,-0.38,0.94,0.56
2961,0.0,0.0,0.0,0.0,-0.0,0.0,-0.6,1.16,0.0,-0.0,0.08,0.0,0.56,0.08,0.64
2971,0.0,-0.0,-0.0,-0.0,-0.0,0.0,-0.62,0.88,-0.0,-0.0,0.46,0.0,0.27,0.46,0.72
2981,-0.0,-0.0,0.0,-0.0,0.0,0.0,-0.67,0.49,-0.0,0.0,0.77,0.0,-0.18,0.77,0.6
2991,0.0,-0.0,-0.0,-0.0,-0.0,0.0,-0.42,1.03,0.0,-0.0,-0.16,0.0,0.61,-0.16,0.45
3001,-0.0,0.0,0.0,-0.0,-0.0,0.0,-0.66,-0.07,-0.0,0.0,1.17,0.0,-0.73,1.17,0.45
3011,-0.0,0.0,-0.0,-0.0,0.0,0.0,-0.45,-1.4,-0.0,0.0,2.43,0.0,-1.85,2.43,0.59
3021,0.0,0.0,-0.0,-0.0,-0.0,0.0,-0.6,-1.3,-0.0,-0.0,2.48,-0.0,-1.9,2.48,0.58
3031,0.0,-0.0,0.0,0.0,0.0,0.0,-0.57,2.16,0.0,0.0,-0.99,0.0,1.59,-0.99,0.59
3041,-0.0,0.0,0.0,0.0,-0.0,0.0,-0.4,0.07,0.0,-0.0,0.83,0.0,-0.34,0.83,0.49
3051,-0.0,0.0,0.0,-0.0,0.0,0.0,-0.49,2.09,0.0,-0.0,-1.01,-0.0,1.6,-1.01,0.58
3061,0.0,0.0,-0.0,0.0,0.0,0.0,-0.45,-1.78,0.0,0.0,2.79,0.0,-2.24,2.79,0.55
3071,-0.0,-0.0,0.0,0.0,0.0,0.0,-0.33,-0.61,-0.0,0.0,1.47,-0.0,-0.95,1.47,0.52
3081,-0.0,-0.0,0.0,-0.0,-0.0,0.0,-0.27,-0.4,-0.0,-0.0,1.1,-0.0,-0.67,1.1,0.43
3091,0.0,-0.0,-0.0,-0.0,0.0,0.0,-0.22,-0.1,0.0,-0.0,0.74,0.0,-0.32,0.74,0.42
3101,-0.0,-0.0,0.0,0.0,-0.0,0.0,-0.26,-0.66,-0.0,-0.0,1.37,0.0,-0.91,1.37,0.45
3111,0.0,0.0,0.0,0.0,-0.0,0.0,-0.51,-1.1,-0.0,-0.0,2.19,0.0,-1.62,2.19,0.57
3121,-0.0,-0.0,0.0,0.0,-0.0,0.0,-0.5,-1.3,0.0,-0.0,2.38,-0.0,-1.8,2.38,0.58
3131,-0.0,-0.0,-0.0,-0.0,-0.0,0.0,-0.37,-0.29,0.0,0.0,1.18,-0.0,-0.67,1.18,0.52
3141,-0.0,0.0,0.0,0.0,0.0,0.0,-0.62,0.68,0.0,-0.0,0.57,0.0,0.06,0.57,0.63
3151,-0.0,0.0,0.0,-0.0,0.0,0.0,-0.57,1.34,-0.0,0.0,-0.13,0.0,0.78,-0.13,0.65
3161,0.0,-0.0,-0.0,-0.0,0.0,0.0,-0.66,1.02,0.0,0.0,0.23,0.0,0.36,0.23,0.6
3171,0.0,0.0,0.0,0.0,-0.0,0.0,-0.57,1.38,-0.0,0.0,-0.15,-0.0,0.81,-0.15,0.66
3181,0.0,0.0,0.0,0.0,-0.0,0.0,-0.51,-0.84,-0.0,0.0,1.88,-0.0,-1.35,1.88,0.53
3191,0.0,-0.0,-0.0,0.0,-0.0,0.0,-0.46,0.03,-0.0,0.0,1.05,0.0,-0.43,1.05,0.62
3201,0.0,-0.0,0.0,0.0,0.0,0.0,-0.41,-0.29,-0.0,-0.0,1.2,0.0,-0.7,1.2,0.5
3211,0.0,0.0,-0.0,-0.0,-0.0,0.0,-0.45,-1.28,0.0,0.0,2.26,-0.0,-1.73,2.26,0.53
3221,-0.0,0.0,0.0,0.0,0.0,0.0,-0.65,1.79,0.0,0.0,-0.48,-0.0,1.14,-0.48,0.67
3231,0.0,-0.0,-0.0,0.0,0.0,0.0,-0.52,-0.03,0.0,-0.0,1.15,-0.0,-0.55,1.15,0.6
3241,0.0,0.0,-0.0,-0.0,0.0,0.0,-0.59,-1.24,-0.0,0.0,2.39,0.0,-1.82,2.39,0.57
3251,0.0,0.0,-0.0,-0.0,0.0,0.0,-0.25,-0.02,0.0,-0.0,0.71,-0.0,-0.28,0.71,0.44
3261,0.0,0.0,-0.0,0.0,-0.0,0.0,-0.38,-1.23,0.0,0.0,2.08,-0.0,-1.62,2.08,0.47
3271,0.0,-0.0,0.0,-0.0,-0.0,0.0,-0.24,-0.15,-0.0,0.0,0.81,0.0,-0.39,0.81,0.42
3281,-0.0,-0.0,0.0,-0.0,0.0,0.0,-0.22,0.04,-0.0,-0.0,0.59,-0.0,-0.18,0.59,0.41
3291,0.0,0.0,0.0,-0.0,0.0,0.0,-0.27,-0.29,0.0,0.0,1.01,-0.0,-0.55,1.01,0.46
3301,0.0,0.0,0.0,-0.0,-0.0,0.0,-0.24,-0.53,-0.0,0.0,1.17,0.0,-0.77,1.17,0.41
3311,0.0,0.0,0.0,-0.0,-0.0,0.0,-0.3,-0.43,-0.0,0.0,1.21,0.0,-0.73,1.21,0.48
3321,-0.0,-0.0,-0.0,0.0,0.0,0.0,-0.26,0.04,-0.0,0.0,0.68,-0.0,-0.21,0.68,0.46
3331,0.0,0.0,0.0,-0.0,-0.0,0.0,-0.35,-0.7,-0.0,-0.0,1.6,-0.0,-1.05,1.6,0.55
3341,0.0,-0.0,0.0,-0.0,0.0,0.0,-0.25,-0.73,-0.0,0.0,1.47,0.0,-0.98,1.47,0.48
3351,0.0,0.0,0.0,-0.0,0.0,0.0,-0.24,-0.17,0.0,0.0,0.82,-0.0,-0.41,0.82,0.41
3361,-0.0,0.0,0.0,0.0,0.0,0.0,-0.21,-1.38,0.0,0.0,1.98,-0.0,-1.59,1.98,0.39
3371,0.0,0.0,0.0,-0.0,-0.0,0.0,-0.25,-0.21,-0.0,0.0,0.87,-0.0,-0.45,0.87,0.42
3381,0.0,0.0,0.0,0.0,-0.0,0.0,-0.24,-0.64,0.0,-0.0,1.35,-0.0,-0.88,1.35,0.47
3391,-0.0,0.0,-0.0,0.0,-0.0,0.0,-0.22,-0.27,-0.0,0.0,0.93,-0.0,-0.48,0.93,0.45
3401,-0.0,-0.0,-0.0,-0.0,-0.0,0.0,-0.2,-0.88,-0.0,0.0,1.5,-0.0,-1.07,1.5,0.42
3411,-0.0,0.0,0.0,-0.0,-0.0,0.0,-0.26,-1.36,0.0,0.0,2.12,0.0,-1.62,2.12,0.5
3421,0.0,0.0,0.0,-0.0,-0.0,0.0,-0.25,-0.9,-0.0,-0.0,1.63,-0.0,-1.15,1.63,0.48
3431,0.0,0.0,-0.0,0.0,-0.0,0.0,-0.26,-0.91,-0.0,-0.0,1.64,0.0,-1.16,1.64,0.48
3441,-0.0,0.0,-0.0,-0.0,-0.0,0.0,-0.24,-1.41,0.0,0.0,2.14,-0.0,-1.66,2.14,0.49
3451,-0.0,-0.0,0.0,-0.0,0.0,0.0,-0.23,-1.16,0.0,-0.0,1.84,0.0,-1.38,1.84,0.46
3461,0.0,0.0,0.0,0.0,-0.0,0.0,-0.17,-1.54,0.0,-0.0,2.08,-0.0,-1.71,2.08,0.37
3471,-0.0,0.0,-0.0,0.0,0.0,0.0,-0.21,-0.89,-0.0,0.0,1.53,0.0,-1.1,1.53,0.44
3481,-0.0,-0.0,0.0,0.0,0.0,0.0,-0.18,-0.86,0.0,0.0,1.39,0.0,-1.04,1.39,0.35
3491,0.0,0.0,0.0,-0.0,-0.0,0.0,-0.2,-1.13,0.0,-0.0,1.76,0.0,-1.34,1.76,0.42
3501,-0.0,0.0,-0.0,-0.0,0.0,0.0,-0.23,-1.31,-0.0,-0.0,2.03,0.0,-1.55,2.03,0.48
3511,-0.0,-0.0,0.0,-0.0,-0.0,0.0,-0.24,-0.75,0.0,-0.0,1.48,0.0,-0.99,1.48,0.49
3521,-0.0,-0.0,0.0,0.0,-0.0,0.0,-0.22,-1.37,-0.0,-0.0,2.04,-0.0,-1.59,2.04,0.45
3531,-0.0,-0.0,-0.0,0.0,0.0,0.0,-0.2,-1.75,-0.0,0.0,2.34,-0.0,-1.96,2.34,0.38
3541,0.0,0.0,-0.0,-0.0,0.0,0.0,-0.17,-1.76,0.0,0.0,2.31,0.0,-1.93,2.31,0.38
3551,-0.0,-0.0,0.0,0.0,0.0,0.0,-0.24,-1.05,-0.0,0.0,1.78,0.0,-1.29,1.78,0.48
3561,0.0,0.0,-0.0,0.0,0.0,0.0,-0.24,-0.71,0.0,0.0,1.41,-0.0,-0.95,1.41,0.45
3571,0.0,-0.0,0.0,0.0,0.0,0.0,-0.24,-0.85,-0.0,-0.0,1.56,-0.0,-1.09,1.56,0.48
3581,-0.0,-0.0,0.0,0.0,0.0,0.0,-0.2,-0.61,-0.0,-0.0,1.23,-0.0,-0.81,1.23,0.41
3591,-0.0,-0.0,-0.0,0.0,0.0,0.0,-0.24,-1.81,0.0,0.0,2.52,-0.0,-2.05,2.52,0.47
3601,-0.0,-0.0,0.0,-0.0,0.0,0.0,-0.22,-2.12,-0.0,0.0,2.73,-0.0,-2.34,2.73,0.39
3611,-0.0,0.0,-0.0,-0.0,-0.0,0.0,-0.23,-1.53,-0.0,0.0,2.13,0.0,-1.76,2.13,0.37
3621,0.0,-0.0,0.0,-0.0,-0.0,0.0,-0.24,-0.84,0.0,-0.0,1.52,0.0,-1.08,1.52,0.44
3631,-0.0,-0.0,0.0,-0.0,0.0,0.0,-0.22,-0.45,-0.0,0.0,1.14,-0.0,-0.67,1.14,0.46
3641,-0.0,-0.0,0.0,-0.0,0.0,0.0,-0.27,-0.46,0.0,0.0,1.19,0.0,-0.73,1.19,0.46
3651,-0.0,-0.0,0.0,-0.0,-0.0,0.0,-0.22,-0.69,-0.0,0.0,1.32,0.0,-0.91,1.32,0.42
3661,0.0,0.0,-0.0,-0.0,0.0,0.0,-0.38,0.08,0.0,0.0,0.84,-0.0,-0.31,0.84,0.54
3671,-0.0,-0.0,0.0,-0.0,0.0,0.0,-0.34,-0.28,0.0,-0.0,1.12,-0.0,-0.62,1.12,0.5
3681,0.0,-0.0,0.0,0.0,0.0,0.0,-0.41,0.14,-0.0,-0.0,0.72,0.0,-0.27,0.72,0.45
3691,0.0,-0.0,-0.0,0.0,0.0,0.0,-0.22,-0.15,-0.0,-0.0,0.79,-0.0,-0.37,0.79,0.42
3701,-0.0,0.0,-0.0,0.0,0.0,0.0,-0.25,0.81,-0.0,0.0,-0.06,-0.0,0.57,-0.06,0.51
3711,0.0,-0.0,-0.0,-0.0,-0.0,0.0,-0.29,1.16,-0.0,-0.0,-0.34,0.0,0.86,-0.34,0.52
3721,-0.0,-0.0,-0.0,-0.0,-0.0,0.0,-0.25,1.04,-0.0,0.0,-0.29,-0.0,0.79,-0.29,0.5
3731,-0.0,-0.0,-0.0,-0.0,0.0,0.0,-0.19,0.24,-0.0,0.0,0.33,0.0,0.05,0.33,0.38
3741,0.0,-0.0,-0.0,-0.0,-0.0,0.0,-0.15,-0.19,0.0,0.0,0.65,-0.0,-0.34,0.65,0.3
3751,-0.0,-0.0,0.0,-0.0,-0.0,0.0,-0.16,-0.75,0.0,-0.0,1.22,0.0,-0.91,1.22,0.31
3761,-0.0,0.0,-0.0,-0.0,0.0,0.0,-0.16,0.8,-0.0,0.0,-0.34,-0.0,0.64,-0.34,0.3
3771,0.0,-0.0,-0.0,0.0,-0.0,0.0,-0.17,-0.12,-0.0,0.0,0.6,-0.0,-0.28,0.6,0.32
3781,-0.0,-0.0,-0.0,0.0,0.0,0.0,-0.15,-1.01,0.0,0.0,1.47,-0.0,-1.16,1.47,0.3
3791,-0.0,-0.0,-0.0,0.0,0.0,0.0,-0.18,-0.86,-0.0,0.0,1.37,0.0,-1.04,1.37,0.33
3801,0.0,0.0,-0.0,-0.0,-0.0,0.0,-0.11,-0.39,0.0,0.0,0.74,0.0,-0.51,0.74,0.23
3811,-0.0,-0.0,0.0,-0.0,-0.0,0.0,-0.16,-0.19,-0.0,-0.0,0.67,-0.0,-0.36,0.67,0.32
3821,-0.0,-0.0,0.0,0.0,-0.0,0.0,-0.17,-0.1,-0.0,-0.0,0.58,0.0,-0.27,0.58,0.31
3831,0.0,-0.0,0.0,-0.0,-0.0,0.0,-0.15,0.66,-0.0,0.0,-0.21,0.0,0.51,-0.21,0.3
3841,0.0,0.0,0.0,0.0,0.0,0.0,-0.18,0.54,0.0,0.0,-0.02,0.0,0.36,-0.02,0.34
3851,0.0,-0.0,0.0,0.0,-0.0,0.0,-0.15,0.54,-0.0,-0.0,-0.1,0.0,0.39,-0.1,0.29
3861,-0.0,0.0,0.0,-0.0,-0.0,0.0,-0.11,0.62,-0.0,-0.0,-0.28,0.0,0.5,-0.28,0.23
3871,0.0,0.0,-0.0,-0.0,0.0,0.0,-0.13,0.5,0.0,-0.0,-0.11,-0.0,0.37,-0.11,0.26
3881,-0.0,0.0,0.0,0.0,-0.0,0.0,-0.13,0.21,0.0,0.0,0.16,0.0,0.08,0.16,0.24
3891,-0.0,0.0,0.0,-0.0,0.0,0.0,-0.18,0.81,0.0,0.0,-0.31,0.0,0.63,-0.31,0.33
3901,-0.0,0.0,0.0,-0.0,0.0,0.0,-0.14,0.41,0.0,0.0,-0.01,0.0,0.27,-0.01,0.26
3911,-0.0,-0.0,0.0,-0.0,-0.0,0.0,-0.14,-0.67,-0.0,-0.0,1.1,-0.0,-0.8,1.1,0.29
3921,-0.0,-0.0,-0.0,-0.0,-0.0,0.0,-0.19,-0.64,-0.0,-0.0,1.19,0.0,-0.83,1.19,0.36
3931,-0.0,0.0,0.0,-0.0,-0.0,0.0,-0.18,-0.45,0.0,-0.0,0.99,-0.0,-0.63,0.99,0.36
3941,0.0,0.0,0.0,0.0,-0.0,0.0,-0.2,0.66,0.0,-0.0,-0.05,-0.0,0.46,-0.05,0.41
3951,-0.0,0.0,0.0,-0.0,0.0,0.0,-0.26,-0.56,-0.0,-0.0,1.21,0.0,-0.82,1.21,0.4
3961,0.0,0.0,-0.0,0.0,-0.0,0.0,-0.14,0.43,-0.0,0.0,-0.06,0.0,0.28,-0.06,0.22
3971,-0.0,-0.0,-0.0,-0.0,0.0,0.0,-0.81,0.5,-0.0,0.0,0.67,0.0,-0.31,0.67,0.36
3981,-0.0,-0.0,-0.0,-0.0,0.0,0.0,-0.59,1.59,0.0,0.0,-0.37,0.0,1.0,-0.37,0.63
3991,-0.0,0.0,-0.0,-0.0,0.0,0.0,-0.62,0.85,-0.0,0.0,0.14,-0.0,0.22,0.14,0.37
4001,0.0,0.0,0.0,0.0,0.0,0.0,-0.33,0.42,0.0,-0.0,0.14,-0.0,0.09,0.14,0.23


