GENERALIZED BORN:
Complex Energy Terms
Frame #,BOND,ANGLE,DIHED,UB,IMP,CMAP,VDWAALS,EEL,1-4 VDW,1-4 EEL,EGB,ESURF,GGAS,GSOLV,TOTAL
1,541.45,1338.75,1714.54,150.36,93.89,-56.48,-1135.81,-10095.6,559.81,8602.87,-2283.37,77.53,1713.79,-2205.84,-492.05
11,539.82,1321.29,1717.65,155.09,78.54,-65.99,-1132.64,-10115.46,547.99,8633.58,-2258.94,78.68,1679.87,-2180.26,-500.38
21,528.23,1291.34,1740.43,151.34,84.36,-57.56,-1129.94,-10090.13,577.21,8586.72,-2275.77,78.71,1682.0,-2197.05,-515.06
31,541.53,1299.4,1738.4,155.36,95.29,-52.04,-1123.08,-10143.48,570.36,8673.73,-2276.31,79.6,1755.49,-2196.71,-441.23
41,541.93,1293.92,1709.68,160.14,77.46,-65.09,-1116.49,-10184.74,555.94,8615.37,-2210.39,78.3,1588.12,-2132.09,-543.96
51,583.88,1328.88,1718.55,145.6,77.86,-59.31,-1113.01,-10242.25,556.04,8677.49,-2200.12,77.24,1673.74,-2122.88,-449.14
61,574.7,1315.26,1728.91,151.57,75.52,-49.8,-1142.82,-10206.5,551.33,8682.93,-2213.1,76.32,1681.1,-2136.78,-455.68
71,589.89,1313.99,1748.21,147.08,81.73,-65.04,-1146.15,-10124.89,549.22,8646.74,-2264.92,77.31,1740.77,-2187.61,-446.83
81,558.12,1345.04,1712.13,148.92,94.45,-63.06,-1106.62,-10150.5,555.41,8665.66,-2258.35,77.51,1759.56,-2180.83,-421.27
91,554.08,1318.44,1742.12,154.48,81.44,-46.68,-1150.95,-10159.61,551.22,8718.19,-2279.75,77.91,1762.74,-2201.85,-439.11
101,548.88,1333.74,1732.82,156.21,78.89,-53.49,-1151.35,-10124.17,567.56,8710.35,-2287.17,77.03,1799.44,-2210.15,-410.7
111,545.2,1336.99,1733.86,152.26,90.58,-53.31,-1102.7,-10148.76,556.4,8666.49,-2288.21,78.92,1777.02,-2209.29,-432.27
121,537.21,1363.28,1749.74,144.61,81.13,-71.73,-1125.93,-10112.0,571.23,8624.84,-2265.72,77.38,1762.39,-2188.35,-425.96
131,586.15,1327.35,1718.52,151.68,91.6,-51.57,-1152.78,-10126.66,544.87,8669.8,-2273.89,77.4,1758.96,-2196.48,-437.52
141,572.8,1327.65,1709.94,147.71,85.96,-62.19,-1102.63,-10181.38,553.26,8706.6,-2288.81,77.55,1757.71,-2211.26,-453.55
151,540.62,1375.58,1727.47,149.33,83.44,-47.54,-1126.79,-10089.64,559.01,8647.28,-2309.8,78.81,1818.75,-2231.0,-412.25
161,571.31,1321.04,1738.92,156.07,76.49,-69.92,-1120.6,-10082.74,565.66,8631.13,-2295.81,79.34,1787.35,-2216.47,-429.12
171,564.95,1261.56,1723.46,138.72,70.92,-57.95,-1119.68,-10100.47,564.15,8709.28,-2321.9,80.19,1754.95,-2241.71,-486.76
181,583.42,1278.26,1720.2,155.18,78.32,-52.26,-1102.22,-10110.68,564.98,8658.67,-2303.47,78.42,1773.85,-2225.05,-451.2
191,556.78,1297.98,1705.57,153.74,83.77,-44.72,-1114.01,-10109.02,562.09,8679.89,-2319.62,78.75,1772.07,-2240.88,-468.8
201,526.47,1320.7,1720.6,145.26,79.35,-58.38,-1121.71,-10130.98,545.09,8654.9,-2281.97,79.96,1681.3,-2202.01,-520.7
211,565.29,1365.7,1722.34,151.57,96.31,-46.82,-1119.31,-10138.17,549.92,8664.08,-2260.07,79.03,1810.92,-2181.03,-370.11
221,552.11,1357.93,1699.06,163.02,83.99,-63.17,-1126.56,-10143.76,554.06,8701.63,-2256.04,78.72,1778.31,-2177.32,-399.01
231,554.53,1312.11,1704.32,159.45,82.72,-51.65,-1116.45,-10145.47,560.44,8689.62,-2271.5,78.27,1749.64,-2193.22,-443.58
241,542.27,1337.74,1701.85,154.58,90.34,-41.17,-1141.12,-10127.0,540.78,8625.71,-2248.22,77.58,1683.99,-2170.64,-486.65
251,550.49,1355.46,1719.4,149.67,76.22,-52.75,-1130.52,-10171.03,562.98,8679.61,-2250.52,78.95,1739.52,-2171.58,-432.05
261,531.77,1366.2,1728.03,160.26,88.74,-44.47,-1132.49,-10131.72,552.58,8663.03,-2261.78,79.9,1781.93,-2181.88,-399.95
271,577.27,1302.99,1709.03,157.09,81.06,-61.82,-1103.86,-10142.16,545.28,8673.7,-2276.72,79.59,1738.57,-2197.13,-458.55
281,566.85,1337.7,1722.63,151.64,88.72,-57.46,-1134.88,-10111.09,532.96,8603.26,-2281.55,77.71,1700.32,-2203.83,-503.51
291,588.49,1333.7,1739.27,150.57,95.91,-54.15,-1134.58,-10114.96,566.02,8640.15,-2289.98,79.1,1810.41,-2210.89,-400.47
301,546.94,1285.72,1720.85,153.18,81.5,-51.88,-1121.87,-10090.26,544.86,8691.82,-2319.43,79.15,1760.86,-2240.27,-479.41
311,558.85,1287.73,1725.66,147.03,85.93,-52.88,-1127.83,-10138.33,545.15,8705.53,-2316.49,80.04,1736.82,-2236.46,-499.64
321,548.48,1323.04,1731.31,155.19,71.33,-57.22,-1121.09,-10088.68,565.47,8661.74,-2311.24,78.89,1789.57,-2232.35,-442.79
331,591.65,1352.62,1720.75,154.48,89.29,-55.38,-1143.36,-10052.97,549.0,8622.61,-2294.29,77.86,1828.69,-2216.43,-387.74
341,517.16,1292.43,1723.45,142.67,92.68,-67.98,-1117.13,-10079.87,565.51,8645.01,-2303.22,79.84,1713.92,-2223.38,-509.46
351,555.74,1308.62,1700.38,153.23,81.28,-57.37,-1110.99,-10154.29,554.87,8705.24,-2281.23,78.39,1736.72,-2202.84,-466.12
361,585.75,1319.61,1710.92,160.49,98.06,-47.84,-1129.12,-10089.37,542.54,8679.37,-2325.28,79.72,1830.42,-2245.56,-415.14
371,552.1,1277.7,1699.72,153.36,86.76,-62.98,-1114.58,-10105.46,570.44,8685.05,-2311.93,79.95,1742.13,-2231.98,-489.85
381,569.28,1280.9,1727.7,144.59,84.77,-57.7,-1141.2,-10101.6,557.28,8692.73,-2309.34,79.74,1756.74,-2229.6,-472.86
391,564.04,1321.22,1763.88,157.58,90.29,-54.77,-1127.54,-10082.53,552.82,8716.05,-2347.6,79.99,1901.03,-2267.61,-366.58
401,559.1,1337.04,1739.05,149.31,93.43,-58.9,-1102.33,-10110.86,539.45,8669.06,-2332.92,78.82,1814.35,-2254.1,-439.75
411,597.2,1324.3,1728.65,150.84,83.68,-60.85,-1140.46,-10094.16,548.17,8640.94,-2315.52,77.07,1778.33,-2238.45,-460.12
421,576.6,1263.84,1729.0,153.61,86.31,-47.84,-1135.47,-10083.98,551.91,8685.44,-2327.95,78.44,1779.43,-2249.51,-470.08
431,562.61,1274.88,1716.74,144.41,85.81,-54.0,-1119.27,-10108.45,549.83,8682.15,-2293.75,78.29,1734.7,-2215.46,-480.76
441,572.71,1314.17,1736.85,151.4,79.78,-62.57,-1123.5,-10158.78,575.09,8682.72,-2261.91,79.3,1767.87,-2182.61,-414.75
451,583.0,1323.3,1734.84,154.77,91.26,-39.44,-1095.39,-10251.56,563.36,8681.05,-2203.53,78.48,1745.19,-2125.05,-379.86
461,572.77,1325.44,1718.09,151.03,89.59,-43.42,-1119.18,-10266.65,569.48,8706.0,-2197.94,78.71,1703.16,-2119.23,-416.07
471,563.12,1314.45,1736.92,155.18,83.72,-53.84,-1113.59,-10222.12,555.71,8674.14,-2224.32,78.88,1693.69,-2145.44,-451.75
481,559.85,1311.87,1721.76,153.29,71.76,-55.99,-1112.56,-10223.49,553.31,8649.36,-2204.41,78.99,1629.16,-2125.41,-496.26
491,579.42,1315.08,1734.97,159.85,89.86,-57.68,-1122.68,-10251.66,559.98,8723.93,-2236.7,78.8,1731.07,-2157.9,-426.83
501,598.98,1371.96,1737.75,151.71,96.92,-49.56,-1118.0,-10185.1,552.23,8607.21,-2228.86,78.81,1764.11,-2150.05,-385.95
511,541.07,1302.89,1716.79,155.68,90.78,-45.48,-1099.28,-10140.25,559.66,8670.69,-2289.95,78.61,1752.55,-2211.34,-458.79
521,509.51,1312.71,1750.53,152.69,82.73,-46.25,-1104.22,-10265.48,574.98,8681.75,-2196.31,78.79,1648.94,-2117.52,-468.57
531,601.11,1268.89,1757.82,160.02,90.31,-71.04,-1122.79,-10182.43,570.31,8671.04,-2233.74,79.81,1743.24,-2153.94,-410.7
541,553.95,1342.42,1736.24,145.06,95.02,-59.41,-1124.71,-10143.54,549.96,8665.27,-2259.03,78.85,1760.28,-2180.18,-419.9
551,572.78,1334.76,1739.8,150.23,83.08,-58.88,-1092.36,-10204.51,539.78,8655.39,-2223.28,80.55,1720.07,-2142.73,-422.66
561,533.72,1287.8,1745.05,145.46,93.18,-59.93,-1100.48,-10226.07,559.98,8675.53,-2209.05,79.84,1654.25,-2129.21,-474.96
571,551.38,1303.9,1725.06,154.08,93.36,-56.84,-1115.31,-10158.51,551.53,8662.55,-2260.14,78.78,1711.19,-2181.36,-470.17
581,553.92,1284.8,1728.79,147.59,86.92,-60.91,-1144.06,-10129.15,577.4,8682.34,-2268.45,79.58,1727.64,-2188.88,-461.23
591,541.88,1327.89,1757.13,157.64,95.01,-66.13,-1139.39,-10132.83,555.05,8633.92,-2243.18,77.35,1730.16,-2165.83,-435.67
601,534.83,1320.08,1724.28,153.55,81.54,-52.25,-1118.44,-10126.99,565.3,8647.3,-2254.41,78.57,1729.2,-2175.84,-446.64
611,566.16,1280.99,1769.59,152.5,85.66,-52.29,-1146.95,-10149.13,541.73,8658.24,-2254.89,77.73,1706.51,-2177.15,-470.64
621,542.65,1310.38,1750.48,153.06,97.57,-64.58,-1135.4,-10186.83,556.71,8625.71,-2189.26,76.99,1649.75,-2112.27,-462.52
631,579.25,1291.58,1746.53,155.94,72.55,-62.56,-1148.38,-10143.95,550.62,8620.32,-2208.23,76.75,1661.9,-2131.48,-469.58
641,545.05,1335.51,1718.24,149.77,92.17,-63.84,-1117.15,-10190.69,567.94,8622.92,-2187.38,77.4,1659.91,-2109.98,-450.07
651,572.74,1335.73,1761.09,156.92,80.05,-61.94,-1105.87,-10196.29,555.59,8598.3,-2181.82,78.71,1696.32,-2103.11,-406.79
661,536.47,1351.41,1706.69,167.25,82.34,-57.21,-1139.74,-10196.72,546.05,8655.21,-2210.68,77.76,1651.74,-2132.92,-481.17
671,552.56,1294.86,1733.88,149.73,89.7,-56.31,-1131.16,-10214.72,552.46,8644.85,-2183.29,77.42,1615.84,-2105.87,-490.03
681,586.65,1337.09,1712.64,155.86,86.94,-47.88,-1130.53,-10194.26,543.86,8616.53,-2215.41,77.17,1666.9,-2138.24,-471.34
691,566.73,1333.45,1718.42,158.0,86.51,-52.13,-1125.35,-10178.58,524.64,8621.26,-2217.34,79.27,1652.95,-2138.07,-485.12
701,550.67,1305.21,1714.16,146.17,87.8,-58.5,-1124.02,-10205.41,558.31,8683.92,-2195.48,76.2,1658.31,-2119.27,-460.97
711,580.97,1321.95,1738.4,154.03,84.32,-57.63,-1138.34,-10182.42,556.04,8656.97,-2207.62,77.99,1714.29,-2129.63,-415.34
721,578.56,1314.82,1718.7,157.19,98.65,-47.15,-1112.57,-10261.47,554.92,8711.95,-2200.22,78.92,1713.61,-2121.31,-407.7
731,559.97,1333.58,1717.84,163.79,90.29,-62.66,-1125.96,-10192.86,544.63,8627.46,-2242.77,78.24,1656.08,-2164.52,-508.44
741,542.14,1291.15,1735.32,146.32,100.97,-67.28,-1116.6,-10264.8,554.06,8694.16,-2200.66,77.53,1615.44,-2123.13,-507.69
751,571.77,1327.65,1738.67,159.57,95.47,-56.65,-1118.65,-10206.93,552.37,8630.19,-2186.98,76.46,1693.47,-2110.52,-417.06
761,569.69,1304.15,1738.14,157.95,86.42,-56.99,-1122.19,-10259.69,554.05,8665.66,-2187.04,77.35,1637.19,-2109.69,-472.5
771,568.35,1293.13,1738.62,157.03,73.43,-61.27,-1119.48,-10182.22,583.16,8686.73,-2248.31,77.49,1737.47,-2170.82,-433.35
781,545.47,1318.4,1742.76,152.79,75.12,-53.89,-1132.27,-10273.06,566.96,8705.37,-2172.33,76.51,1647.66,-2095.83,-448.16
791,574.24,1320.34,1737.55,152.58,92.66,-57.92,-1116.07,-10226.44,556.2,8696.3,-2206.65,77.73,1729.44,-2128.91,-399.48
801,509.04,1326.52,1744.64,149.06,93.24,-56.65,-1153.89,-10250.82,545.41,8694.3,-2180.28,76.73,1600.85,-2103.55,-502.7
811,533.92,1353.24,1706.78,150.49,80.94,-61.97,-1105.79,-10180.85,537.66,8656.64,-2237.09,78.6,1671.06,-2158.49,-487.43
821,562.24,1351.13,1735.93,160.0,80.31,-51.69,-1125.68,-10133.43,546.45,8616.09,-2250.35,78.86,1741.34,-2171.49,-430.15
831,578.69,1323.93,1735.09,150.51,95.23,-65.14,-1118.26,-10187.34,551.03,8600.92,-2207.25,77.36,1664.67,-2129.89,-465.23
841,582.43,1349.54,1747.09,162.14,78.71,-54.33,-1112.73,-10182.13,559.28,8629.09,-2229.89,78.14,1759.08,-2151.75,-392.68
851,590.84,1287.02,1726.09,148.12,96.09,-65.66,-1148.72,-10242.86,545.85,8676.22,-2166.52,76.64,1612.98,-2089.88,-476.91
861,525.11,1319.34,1739.1,148.03,79.48,-46.98,-1114.48,-10254.86,571.51,8705.45,-2215.5,77.46,1671.71,-2138.04,-466.33
871,556.03,1352.94,1725.68,153.67,86.86,-61.26,-1112.56,-10266.16,530.85,8676.36,-2180.08,78.16,1642.41,-2101.92,-459.51
881,553.7,1367.01,1727.01,165.64,82.62,-59.86,-1142.57,-10226.3,556.51,8663.93,-2179.61,78.07,1687.69,-2101.54,-413.85
891,583.05,1345.91,1734.37,149.05,78.63,-45.07,-1141.22,-10145.35,544.12,8613.83,-2234.27,78.13,1717.32,-2156.14,-438.82
901,539.94,1347.72,1726.06,153.38,82.94,-50.64,-1123.16,-10152.6,567.3,8635.21,-2242.72,78.23,1726.15,-2164.49,-438.34
911,538.41,1343.96,1751.01,147.36,84.42,-58.9,-1126.31,-10194.82,556.48,8641.29,-2217.67,77.56,1682.92,-2140.11,-457.2
921,578.43,1315.13,1728.48,149.82,83.66,-56.02,-1145.37,-10132.89,545.28,8643.88,-2258.95,78.39,1710.4,-2180.55,-470.15
931,558.05,1266.58,1741.0,148.63,102.06,-75.32,-1137.24,-10192.64,548.89,8670.57,-2223.24,76.9,1630.58,-2146.34,-515.76
941,560.56,1293.93,1750.7,145.45,89.32,-62.38,-1114.71,-10211.08,560.74,8663.14,-2232.34,77.87,1675.66,-2154.47,-478.81
951,553.79,1342.31,1717.6,161.5,86.67,-54.47,-1129.62,-10277.05,553.91,8699.64,-2205.46,76.94,1654.29,-2128.53,-474.24
961,544.37,1306.78,1749.24,148.41,88.34,-57.03,-1111.38,-10275.76,573.74,8679.14,-2202.23,78.07,1645.85,-2124.16,-478.31
971,554.83,1348.02,1742.14,150.73,80.1,-61.24,-1121.69,-10215.08,560.69,8627.86,-2199.31,78.15,1666.37,-2121.16,-454.79
981,552.0,1335.81,1728.22,152.08,90.43,-53.91,-1135.73,-10207.89,557.0,8663.52,-2218.9,76.99,1681.54,-2141.91,-460.37
991,571.42,1321.28,1740.93,164.64,90.11,-51.58,-1128.43,-10192.4,562.22,8639.18,-2227.77,77.66,1717.35,-2150.12,-432.76
1001,542.72,1334.93,1732.91,150.21,80.58,-60.2,-1142.88,-10241.01,580.43,8712.11,-2200.18,76.86,1689.8,-2123.32,-433.52
1011,548.06,1332.76,1743.8,152.63,79.66,-70.64,-1111.4,-10285.61,535.1,8675.67,-2189.11,78.46,1600.03,-2110.65,-510.62
1021,545.07,1379.36,1729.2,157.24,84.38,-71.15,-1134.12,-10327.21,563.65,8718.25,-2163.23,77.58,1644.66,-2085.65,-440.99
1031,525.42,1357.59,1710.04,158.37,77.62,-57.15,-1111.23,-10245.94,559.83,8647.93,-2192.89,77.78,1622.48,-2115.11,-492.63
1041,547.46,1344.64,1728.49,150.64,91.28,-50.02,-1094.12,-10184.11,554.23,8594.5,-2210.28,77.57,1682.99,-2132.71,-449.72
1051,571.28,1347.57,1750.55,153.3,76.45,-65.32,-1102.94,-10261.7,549.76,8677.44,-2187.55,76.7,1696.39,-2110.85,-414.46
1061,572.33,1367.43,1728.9,160.86,95.45,-60.86,-1153.22,-10098.15,562.24,8600.08,-2264.03,77.89,1775.06,-2186.13,-411.07
1071,553.55,1335.79,1746.98,159.51,96.5,-55.95,-1138.25,-10122.38,552.51,8592.87,-2247.9,78.11,1721.13,-2169.79,-448.66
1081,594.92,1360.42,1727.37,155.61,86.44,-60.52,-1106.71,-10095.44,556.09,8594.99,-2288.15,78.75,1813.17,-2209.39,-396.23
1091,558.42,1330.89,1725.98,145.85,86.58,-63.31,-1124.92,-10171.31,556.39,8690.97,-2269.71,76.95,1735.54,-2192.76,-457.23
1101,575.23,1335.8,1737.17,149.57,95.82,-64.87,-1121.23,-10194.01,566.23,8600.93,-2207.28,78.48,1680.64,-2128.8,-448.17
1111,557.57,1298.87,1715.11,150.51,83.49,-49.09,-1099.1,-10222.66,549.96,8643.64,-2195.6,77.03,1628.29,-2118.57,-490.28
1121,571.39,1321.01,1739.24,156.21,83.87,-58.9,-1110.89,-10237.77,576.99,8652.01,-2199.44,78.47,1693.16,-2120.96,-427.8
1131,548.1,1323.99,1734.76,159.13,98.65,-53.5,-1154.33,-10169.22,583.25,8646.74,-2235.43,76.8,1717.57,-2158.64,-441.07
1141,583.42,1297.65,1743.01,150.46,102.22,-55.34,-1112.38,-10260.37,565.6,8675.41,-2188.81,77.51,1689.68,-2111.3,-421.62
1151,567.14,1313.22,1742.01,153.16,82.47,-63.74,-1117.42,-10259.12,563.61,8664.59,-2183.8,77.04,1645.92,-2106.76,-460.84
1161,582.33,1325.3,1740.82,152.9,81.21,-62.1,-1113.43,-10305.52,578.34,8704.49,-2167.53,77.52,1684.34,-2090.01,-405.67
1171,571.18,1289.9,1742.39,152.16,78.6,-57.09,-1122.25,-10215.31,566.2,8644.65,-2187.78,77.81,1650.43,-2109.97,-459.53
1181,569.9,1306.37,1731.1,151.04,92.5,-62.9,-1116.85,-10224.35,556.3,8603.79,-2160.8,78.04,1606.9,-2082.75,-475.85
1191,554.97,1333.57,1728.91,155.88,79.73,-71.47,-1130.91,-10194.72,535.96,8614.44,-2193.41,77.35,1606.36,-2116.06,-509.7
1201,575.27,1330.38,1729.34,158.04,82.74,-54.9,-1105.34,-10218.54,562.08,8578.31,-2173.59,76.52,1637.4,-2097.07,-459.67
1211,551.39,1355.0,1723.16,166.64,90.7,-56.9,-1131.23,-10197.29,566.25,8622.81,-2208.0,77.27,1690.53,-2130.73,-440.2
1221,556.95,1377.48,1741.05,149.18,81.92,-64.05,-1142.51,-10160.9,571.71,8623.33,-2227.61,76.29,1734.15,-2151.32,-417.17
1231,541.97,1373.59,1730.27,155.37,80.36,-58.11,-1129.56,-10226.4,554.64,8631.79,-2194.61,77.0,1653.9,-2117.61,-463.71
1241,596.9,1361.59,1746.28,152.54,87.24,-61.69,-1096.1,-10181.79,543.57,8583.95,-2191.61,77.31,1732.5,-2114.3,-381.8
1251,570.89,1360.48,1712.65,150.85,82.34,-64.2,-1107.05,-10119.01,558.89,8534.68,-2221.74,77.47,1680.51,-2144.28,-463.77
1261,565.68,1345.05,1737.64,157.39,84.65,-60.71,-1106.51,-10152.9,573.1,8566.82,-2207.3,78.38,1710.22,-2128.91,-418.69
1271,567.2,1368.23,1697.67,156.65,89.08,-62.56,-1117.44,-10212.03,547.24,8651.92,-2203.23,77.85,1685.96,-2125.38,-439.42
1281,536.08,1318.47,1742.67,158.96,78.44,-57.13,-1119.81,-10265.81,557.43,8710.27,-2209.02,78.69,1659.57,-2130.33,-470.76
1291,589.24,1332.74,1760.01,146.34,81.18,-67.98,-1096.74,-10218.48,558.41,8624.02,-2211.17,78.97,1708.73,-2132.2,-423.47
1301,587.82,1344.82,1738.21,159.4,92.37,-62.23,-1128.67,-10242.06,565.89,8651.5,-2193.12,77.24,1707.06,-2115.88,-408.83
1311,552.37,1311.76,1731.0,150.86,84.6,-59.76,-1114.08,-10249.03,582.31,8651.75,-2186.5,77.23,1641.77,-2109.27,-467.51
1321,570.81,1326.31,1736.65,148.4,91.28,-51.99,-1109.21,-10188.09,547.89,8625.84,-2222.91,77.55,1697.89,-2145.36,-447.47
1331,586.74,1310.0,1726.1,150.16,80.42,-54.33,-1127.67,-10186.86,544.87,8645.46,-2230.6,78.98,1674.88,-2151.62,-476.74
1341,547.31,1289.98,1741.29,146.04,80.85,-59.29,-1115.9,-10193.93,560.3,8692.89,-2263.5,76.32,1689.52,-2187.18,-497.66
1351,592.37,1305.36,1726.57,163.74,82.22,-54.1,-1093.42,-10218.81,562.33,8639.49,-2210.83,76.49,1705.75,-2134.34,-428.59
1361,570.67,1315.27,1730.95,160.11,77.83,-42.35,-1136.11,-10256.61,537.96,8653.81,-2173.25,77.9,1611.53,-2095.35,-483.82
1371,524.17,1335.78,1736.38,153.35,91.48,-55.68,-1154.03,-10186.02,563.58,8673.93,-2236.34,77.36,1682.93,-2158.98,-476.06
1381,540.51,1323.61,1731.7,151.04,87.98,-47.95,-1112.4,-10215.25,556.03,8651.14,-2215.54,77.61,1666.42,-2137.94,-471.52
1391,536.88,1323.59,1733.71,151.6,96.86,-62.39,-1125.18,-10227.67,571.36,8659.22,-2210.97,77.0,1657.97,-2133.97,-476.0
1401,576.11,1348.1,1722.85,160.9,72.57,-66.05,-1150.75,-10175.47,558.21,8608.43,-2194.47,76.71,1654.9,-2117.76,-462.86
1411,541.47,1291.64,1752.23,143.93,90.62,-60.88,-1133.17,-10200.75,574.4,8688.45,-2227.48,77.0,1687.94,-2150.47,-462.53
1421,530.53,1347.91,1735.41,162.29,89.3,-54.69,-1120.26,-10158.59,565.3,8652.07,-2243.71,77.21,1749.27,-2166.5,-417.22
1431,534.13,1355.27,1732.65,150.74,88.42,-57.74,-1106.41,-10251.17,569.57,8651.38,-2184.39,77.33,1666.84,-2107.06,-440.22
1441,555.62,1301.16,1732.09,153.13,92.1,-57.65,-1118.49,-10190.52,575.92,8662.91,-2230.14,77.27,1706.26,-2152.87,-446.6
1451,568.61,1328.11,1724.24,162.56,95.71,-57.58,-1117.69,-10137.66,559.2,8595.8,-2238.47,78.14,1721.3,-2160.33,-439.03
1461,563.19,1312.74,1739.44,149.23,80.79,-62.3,-1105.68,-10218.79,564.57,8646.68,-2213.53,78.2,1669.87,-2135.33,-465.46
1471,575.27,1364.09,1757.4,162.01,81.01,-68.36,-1145.63,-10190.2,559.69,8654.27,-2216.12,76.05,1749.55,-2140.07,-390.51
1481,566.93,1329.59,1726.77,148.64,77.68,-56.75,-1129.57,-10106.56,540.39,8617.58,-2274.93,78.77,1714.73,-2196.16,-481.44
1491,536.03,1338.03,1742.54,154.55,92.35,-56.95,-1118.68,-10103.28,560.35,8668.6,-2319.4,79.74,1813.53,-2239.67,-426.14
1501,571.61,1327.2,1744.38,151.84,94.25,-61.89,-1139.27,-10077.06,557.18,8622.39,-2310.91,78.64,1790.62,-2232.27,-441.65
1511,600.73,1301.16,1731.68,159.1,88.63,-67.99,-1106.95,-10159.41,566.74,8616.8,-2260.07,77.62,1730.49,-2182.45,-451.96
1521,583.01,1306.85,1712.51,151.0,78.34,-56.82,-1130.48,-10135.7,556.19,8601.18,-2248.25,77.84,1666.07,-2170.41,-504.34
1531,568.8,1327.66,1723.4,155.09,83.06,-56.34,-1120.73,-10212.98,552.93,8677.16,-2230.37,79.15,1698.05,-2151.22,-453.16
1541,535.12,1291.35,1740.93,155.87,85.74,-61.86,-1110.83,-10170.53,581.87,8677.0,-2260.28,79.22,1724.66,-2181.06,-456.4
1551,567.73,1331.79,1751.66,156.06,73.44,-60.87,-1117.04,-10139.73,554.87,8630.32,-2275.67,78.71,1748.22,-2196.95,-448.73
1561,568.44,1314.51,1734.16,148.53,97.34,-52.72,-1121.02,-10214.13,564.36,8674.97,-2223.78,78.33,1714.44,-2145.45,-431.01
1571,570.04,1300.08,1747.87,149.36,96.14,-70.85,-1116.13,-10208.38,559.28,8667.35,-2217.55,78.25,1694.74,-2139.31,-444.56
1581,558.3,1355.84,1750.74,152.93,82.65,-51.36,-1128.86,-10136.75,572.01,8601.0,-2241.7,79.2,1756.51,-2162.5,-405.99
1591,552.05,1379.8,1732.02,161.14,96.66,-53.46,-1126.66,-10172.58,551.04,8642.53,-2240.89,77.66,1762.53,-2163.23,-400.7
1601,570.9,1360.82,1734.24,152.89,92.72,-54.3,-1122.64,-10232.71,567.71,8644.76,-2190.77,77.61,1714.4,-2113.15,-398.76
1611,546.76,1330.94,1732.09,149.76,79.64,-64.03,-1128.4,-10169.11,565.49,8660.45,-2245.92,78.12,1703.59,-2167.8,-464.21
1621,577.89,1355.66,1723.39,159.94,82.25,-54.6,-1155.79,-10134.35,545.02,8644.58,-2266.38,77.44,1743.98,-2188.94,-444.96
1631,586.54,1284.18,1770.84,138.91,89.49,-66.86,-1116.99,-10137.93,548.58,8656.25,-2269.21,77.39,1753.01,-2191.81,-438.8
1641,563.43,1332.7,1722.24,142.68,84.87,-52.29,-1140.44,-10146.48,549.05,8650.95,-2258.56,78.54,1706.72,-2180.02,-473.3
1651,594.52,1326.91,1722.7,155.27,89.68,-54.71,-1106.56,-10053.83,551.49,8591.12,-2310.24,78.3,1816.6,-2231.94,-415.34
1661,516.86,1322.8,1740.08,140.52,87.23,-52.88,-1134.08,-10178.41,567.87,8721.4,-2286.84,79.02,1731.38,-2207.82,-476.44
1671,585.31,1296.82,1721.17,145.25,88.31,-58.63,-1123.42,-10113.05,545.76,8674.65,-2308.79,78.74,1762.18,-2230.05,-467.87
1681,568.87,1303.82,1728.69,156.12,84.79,-50.93,-1124.24,-10112.6,559.71,8661.1,-2287.08,78.3,1775.31,-2208.78,-433.46
1691,562.76,1309.29,1737.67,148.99,87.8,-55.98,-1142.95,-10093.25,557.66,8579.31,-2264.17,77.58,1691.29,-2186.59,-495.31
1701,559.85,1327.39,1724.09,146.86,77.29,-54.3,-1112.19,-10134.49,548.28,8638.84,-2265.16,78.39,1721.61,-2186.77,-465.16
1711,572.84,1343.83,1736.94,165.41,79.31,-66.32,-1126.94,-10064.04,539.7,8628.63,-2336.48,79.59,1809.37,-2256.89,-447.52
1721,576.52,1301.08,1737.92,154.83,77.91,-58.7,-1112.73,-10190.39,571.83,8621.23,-2240.27,77.84,1679.49,-2162.43,-482.94
1731,541.32,1375.73,1732.34,152.81,82.66,-67.96,-1119.93,-10149.96,549.99,8637.4,-2267.74,77.92,1734.41,-2189.82,-455.41
1741,570.0,1320.2,1727.19,150.62,87.23,-49.26,-1087.42,-10214.14,556.65,8634.01,-2209.07,79.04,1695.08,-2130.03,-434.94
1751,548.75,1328.13,1726.71,155.63,103.53,-44.87,-1121.0,-10141.03,572.52,8608.89,-2277.4,77.4,1737.27,-2200.0,-462.73
1761,599.93,1322.48,1746.46,162.68,91.58,-58.99,-1130.16,-10175.65,552.04,8669.57,-2258.09,77.77,1779.94,-2180.32,-400.38
1771,589.17,1283.41,1734.54,153.84,98.52,-57.68,-1119.04,-10168.96,531.88,8625.8,-2246.21,78.72,1671.5,-2167.49,-495.99
1781,584.82,1363.68,1753.36,158.17,90.11,-58.48,-1114.83,-10105.49,575.1,8580.6,-2254.14,77.54,1827.04,-2176.59,-349.55
1791,552.27,1350.9,1730.66,153.22,94.55,-56.04,-1116.66,-10191.33,551.36,8612.11,-2238.62,79.53,1681.03,-2159.09,-478.06
1801,581.74,1325.23,1720.77,151.68,88.28,-54.19,-1096.97,-10146.45,561.44,8599.63,-2240.95,77.94,1731.16,-2163.01,-431.85
1811,549.77,1354.9,1722.89,155.27,88.67,-63.56,-1146.28,-10162.58,545.23,8651.29,-2221.78,78.14,1695.6,-2143.64,-448.04
1821,574.27,1316.74,1750.85,161.47,88.36,-58.18,-1147.04,-10118.45,557.97,8622.34,-2271.05,78.03,1748.33,-2193.02,-444.69
1831,585.83,1337.37,1712.73,154.07,87.57,-49.94,-1136.91,-10177.08,548.64,8681.34,-2261.49,77.68,1743.62,-2183.81,-440.19
1841,563.96,1318.04,1747.03,151.41,91.87,-63.28,-1145.33,-10181.38,550.99,8699.74,-2270.58,79.13,1733.05,-2191.45,-458.4
1851,588.74,1299.53,1719.33,157.69,82.5,-62.27,-1132.59,-10202.51,553.9,8670.39,-2231.91,77.74,1674.7,-2154.18,-479.47
1861,574.3,1324.33,1746.26,152.16,87.93,-62.7,-1113.67,-10164.59,534.05,8610.2,-2250.8,79.41,1688.27,-2171.39,-483.12
1871,562.59,1326.88,1753.43,166.31,81.83,-58.57,-1102.78,-10109.82,560.77,8650.05,-2283.77,77.72,1830.69,-2206.05,-375.36
1881,575.37,1324.69,1706.99,156.53,77.14,-50.1,-1124.27,-10125.45,558.67,8682.61,-2292.32,77.64,1782.19,-2214.68,-432.49
1891,575.83,1305.98,1732.85,154.79,83.39,-50.17,-1157.62,-10107.9,554.25,8680.69,-2298.19,77.31,1772.09,-2220.88,-448.79
1901,560.0,1303.19,1766.14,145.86,89.27,-69.15,-1154.01,-10111.68,535.73,8652.75,-2282.93,78.53,1718.1,-2204.41,-486.31
1911,573.5,1330.11,1765.82,145.53,78.04,-56.27,-1120.86,-10067.94,559.68,8620.54,-2307.46,79.2,1828.16,-2228.26,-400.1
1921,599.9,1339.07,1735.55,149.4,75.61,-66.7,-1126.87,-10163.87,553.78,8667.65,-2254.89,79.78,1763.52,-2175.11,-411.59
1931,570.91,1323.75,1737.66,144.07,78.81,-61.77,-1134.84,-10140.16,561.49,8642.27,-2254.59,77.68,1722.19,-2176.9,-454.71
1941,563.24,1326.61,1737.57,150.85,81.85,-63.41,-1131.7,-10089.58,544.29,8625.02,-2265.58,77.44,1744.73,-2188.15,-443.41
1951,542.84,1329.27,1713.68,145.81,81.07,-62.06,-1121.11,-9999.09,560.59,8596.73,-2339.4,78.58,1787.73,-2260.82,-473.08
1961,545.56,1336.1,1758.91,147.21,91.69,-54.97,-1168.52,-10031.91,556.02,8606.44,-2305.37,78.69,1786.53,-2226.68,-440.16
1971,579.5,1283.38,1740.48,146.31,79.17,-58.81,-1152.97,-10095.11,543.22,8681.77,-2313.65,78.4,1746.94,-2235.25,-488.31
1981,550.82,1307.21,1730.54,153.23,91.26,-67.29,-1175.44,-10053.36,561.16,8674.76,-2325.0,77.71,1772.89,-2247.28,-474.4
1991,562.73,1331.42,1757.12,161.52,81.12,-62.83,-1117.74,-10088.79,549.66,8617.39,-2301.48,79.5,1791.6,-2221.98,-430.37
2001,551.58,1278.28,1746.12,151.81,82.1,-76.45,-1145.01,-10019.07,558.19,8634.13,-2329.26,78.88,1761.68,-2250.38,-488.7
2011,556.27,1283.71,1733.44,148.43,79.42,-54.21,-1147.13,-10099.39,557.93,8645.64,-2294.39,78.24,1704.12,-2216.14,-512.03
2021,568.17,1339.51,1750.65,148.84,74.02,-59.86,-1140.23,-10073.96,545.92,8671.52,-2304.97,77.83,1824.57,-2227.14,-402.56
2031,533.22,1359.32,1718.84,160.76,89.08,-65.86,-1127.91,-9980.7,570.07,8569.8,-2339.41,79.58,1826.62,-2259.83,-433.21
2041,534.41,1361.52,1747.8,151.42,82.51,-53.36,-1125.23,-10012.67,564.81,8550.34,-2313.38,78.79,1801.53,-2234.59,-433.05
2051,550.64,1351.14,1719.66,160.34,78.6,-66.95,-1108.72,-10101.36,556.62,8613.89,-2261.0,80.31,1753.86,-2180.68,-426.82
2061,545.21,1354.19,1734.7,141.68,81.61,-65.52,-1138.5,-10050.92,563.39,8633.5,-2298.84,77.55,1799.34,-2221.28,-421.94
2071,561.06,1337.34,1740.84,156.44,79.04,-69.7,-1138.42,-10110.44,572.91,8629.38,-2268.87,79.17,1758.44,-2189.71,-431.26
2081,551.38,1314.89,1728.19,153.33,89.58,-60.09,-1157.23,-10034.0,561.29,8614.22,-2316.05,78.11,1761.57,-2237.94,-476.37
2091,573.73,1339.29,1721.73,157.9,91.89,-62.32,-1148.79,-9997.2,572.24,8582.13,-2324.44,79.01,1830.6,-2245.42,-414.83
2101,584.15,1355.31,1714.84,143.92,84.85,-68.9,-1135.31,-9991.21,535.36,8574.72,-2354.15,79.74,1797.71,-2274.42,-476.7
2111,560.58,1273.56,1735.66,159.18,85.27,-67.65,-1124.0,-10016.02,577.19,8596.7,-2317.4,78.75,1780.47,-2238.65,-458.18
2121,572.89,1316.3,1764.7,153.22,76.54,-61.58,-1135.75,-10009.75,559.98,8559.35,-2295.27,78.12,1795.88,-2217.15,-421.27
2131,556.68,1341.82,1727.07,153.98,79.33,-50.28,-1147.21,-10089.99,551.78,8669.2,-2297.87,77.81,1792.4,-2220.07,-427.67
2141,540.47,1375.55,1725.82,156.59,93.15,-74.41,-1134.1,-9920.4,544.8,8578.3,-2400.16,78.39,1885.77,-2321.77,-436.0
2151,546.72,1339.92,1727.68,150.81,85.62,-70.2,-1110.42,-10097.16,549.71,8653.04,-2285.14,77.54,1775.72,-2207.6,-431.89
2161,579.93,1331.01,1745.31,156.08,87.65,-62.99,-1147.76,-10055.87,534.07,8657.83,-2339.32,76.93,1825.26,-2262.39,-437.13
2171,529.12,1319.77,1753.1,150.12,81.53,-56.3,-1125.39,-10147.52,567.7,8658.64,-2261.33,77.82,1730.77,-2183.5,-452.73
2181,558.99,1306.85,1748.41,155.06,91.82,-52.31,-1146.7,-10118.08,552.21,8653.02,-2306.5,78.68,1749.27,-2227.82,-478.55
2191,576.68,1306.83,1718.74,149.04,81.52,-58.85,-1120.27,-10108.55,556.34,8661.51,-2309.82,79.22,1762.98,-2230.6,-467.63
2201,622.6,1309.38,1735.5,161.72,88.78,-65.24,-1136.06,-10125.17,542.82,8622.26,-2278.71,78.23,1756.59,-2200.48,-443.89
2211,519.46,1253.9,1736.05,142.87,85.95,-65.82,-1112.8,-10166.57,552.68,8675.0,-2254.2,77.87,1620.72,-2176.33,-555.61
2221,599.21,1316.14,1729.79,158.69,87.5,-56.94,-1135.51,-10110.73,556.19,8636.6,-2302.24,77.82,1780.94,-2224.42,-443.48
2231,553.45,1315.84,1755.83,150.18,95.41,-63.55,-1132.45,-10170.72,557.0,8696.76,-2281.56,78.25,1757.76,-2203.31,-445.55
2241,560.03,1316.12,1742.1,148.42,71.39,-61.04,-1106.56,-10093.81,567.19,8643.38,-2327.3,78.1,1787.2,-2249.2,-462.0
2251,585.59,1350.83,1735.16,155.86,86.21,-61.11,-1128.78,-10081.0,558.52,8619.74,-2301.91,78.71,1821.02,-2223.2,-402.18
2261,574.05,1325.28,1725.58,151.83,95.89,-60.91,-1150.19,-10093.73,552.02,8668.63,-2303.74,77.64,1788.44,-2226.1,-437.66
2271,553.25,1376.06,1696.59,152.61,86.62,-53.2,-1126.73,-10015.09,553.56,8598.1,-2357.18,78.99,1821.76,-2278.18,-456.43
2281,510.22,1320.06,1721.99,159.77,82.21,-69.85,-1117.02,-10101.21,559.52,8635.01,-2286.45,79.13,1700.71,-2207.32,-506.61
2291,539.31,1379.64,1733.27,162.3,76.48,-68.94,-1114.25,-10026.56,567.95,8635.25,-2354.28,79.34,1884.44,-2274.94,-390.5
2301,555.88,1327.24,1750.6,152.88,79.04,-57.8,-1143.5,-10037.3,560.24,8605.69,-2320.61,79.53,1792.97,-2241.08,-448.11
2311,564.65,1282.08,1726.26,153.38,81.59,-59.52,-1147.3,-10078.15,569.03,8663.17,-2328.56,78.55,1755.19,-2250.0,-494.81
2321,564.92,1293.88,1718.7,145.9,88.67,-59.29,-1122.16,-10113.79,558.9,8655.91,-2287.39,77.84,1731.65,-2209.55,-477.9
2331,522.25,1301.09,1709.67,143.74,89.13,-53.76,-1160.33,-10027.48,555.75,8638.14,-2336.56,79.1,1718.21,-2257.47,-539.26
2341,539.46,1301.67,1753.71,149.19,84.42,-66.18,-1118.93,-9999.24,557.61,8621.0,-2385.05,78.43,1822.72,-2306.62,-483.9
2351,548.38,1336.07,1745.55,146.83,83.04,-67.02,-1130.62,-9981.2,562.41,8553.53,-2332.19,79.28,1796.98,-2252.91,-455.93
2361,576.07,1383.25,1707.55,153.84,83.62,-56.31,-1120.51,-10014.15,543.01,8583.16,-2349.51,79.79,1839.54,-2269.72,-430.17
2371,554.23,1303.36,1737.29,152.93,87.22,-56.87,-1122.61,-10078.92,559.52,8670.75,-2346.13,79.26,1806.9,-2266.87,-459.97
2381,557.66,1339.54,1733.54,148.62,88.21,-56.49,-1136.1,-9994.91,564.3,8652.96,-2378.32,78.13,1897.33,-2300.19,-402.86
2391,596.99,1272.2,1732.52,155.27,86.8,-70.83,-1131.21,-9980.41,560.73,8601.1,-2363.65,78.71,1823.16,-2284.95,-461.78
2401,552.89,1311.84,1743.25,153.65,91.97,-64.15,-1134.21,-10017.84,594.27,8579.39,-2308.13,78.56,1811.07,-2229.57,-418.5
2411,566.29,1333.49,1730.77,148.05,76.99,-62.87,-1124.5,-10047.94,565.08,8635.96,-2339.66,80.25,1821.32,-2259.4,-438.08
2421,561.6,1309.92,1725.79,153.47,82.12,-47.54,-1125.52,-10100.68,565.17,8673.27,-2304.55,78.87,1797.61,-2225.69,-428.07
2431,555.52,1367.23,1739.9,143.11,82.41,-47.52,-1153.92,-10018.24,538.06,8625.2,-2348.86,79.14,1831.75,-2269.72,-437.97
2441,563.72,1316.55,1719.18,148.02,88.58,-66.5,-1118.74,-10096.2,560.35,8621.12,-2287.85,78.22,1736.09,-2209.63,-473.54
2451,571.94,1330.88,1735.6,150.06,84.37,-57.04,-1157.85,-10021.73,557.46,8607.27,-2308.85,77.86,1800.96,-2230.99,-430.04
2461,563.77,1335.21,1730.86,155.47,83.08,-63.16,-1137.32,-10013.4,553.4,8646.56,-2371.78,78.64,1854.49,-2293.14,-438.65
2471,544.41,1321.12,1737.09,151.88,93.75,-68.57,-1144.34,-10042.46,556.79,8624.48,-2327.58,77.88,1774.14,-2249.7,-475.55
2481,570.42,1339.59,1742.81,157.3,88.01,-64.34,-1128.38,-10044.45,554.01,8602.15,-2304.41,78.11,1817.11,-2226.31,-409.19
2491,596.28,1300.78,1767.3,156.31,76.37,-70.59,-1123.71,-9987.9,548.5,8622.23,-2370.22,79.63,1885.56,-2290.58,-405.02
2501,552.1,1290.51,1769.29,146.63,96.39,-62.95,-1135.16,-10059.07,560.37,8651.18,-2344.13,79.07,1809.27,-2265.06,-455.79
2511,535.91,1348.97,1727.51,152.98,82.23,-58.16,-1106.52,-10041.71,554.18,8621.49,-2328.9,78.74,1816.89,-2250.16,-433.27
2521,558.38,1291.88,1766.73,154.44,75.45,-50.43,-1111.06,-10129.28,557.13,8696.29,-2313.67,80.6,1809.54,-2233.07,-423.53
2531,592.66,1325.56,1753.6,159.59,68.97,-63.01,-1122.92,-10066.75,540.37,8618.68,-2288.21,78.07,1806.76,-2210.14,-403.38
2541,569.89,1348.79,1694.88,164.08,86.53,-59.29,-1131.62,-10089.89,576.82,8628.36,-2283.12,78.76,1788.55,-2204.36,-415.81
2551,522.31,1326.06,1738.46,147.3,86.72,-60.64,-1100.85,-10090.26,567.62,8651.36,-2318.9,79.05,1788.08,-2239.85,-451.78
2561,565.92,1301.72,1764.31,146.8,89.72,-68.28,-1121.0,-10064.69,550.22,8651.55,-2341.06,78.81,1816.27,-2262.25,-445.98
2571,572.07,1331.32,1740.08,150.34,89.24,-67.42,-1117.78,-9990.55,559.81,8625.82,-2366.53,78.49,1892.92,-2288.05,-395.12
2581,563.75,1290.85,1731.77,148.16,79.73,-64.92,-1133.21,-10028.7,557.15,8638.99,-2359.71,78.57,1783.57,-2281.14,-497.57
2591,552.92,1351.78,1742.66,155.36,87.82,-67.09,-1133.0,-10039.33,572.35,8667.24,-2370.34,78.26,1890.7,-2292.08,-401.38
2601,561.58,1331.57,1739.59,151.5,88.18,-56.39,-1136.24,-10046.13,550.32,8647.96,-2332.56,78.14,1831.95,-2254.42,-422.47
2611,559.73,1331.77,1744.45,157.81,78.77,-49.15,-1143.11,-10034.64,573.15,8630.81,-2341.87,77.86,1849.6,-2264.02,-414.42
2621,569.85,1346.65,1728.86,157.35,81.31,-62.76,-1135.49,-10089.58,552.55,8631.75,-2295.47,78.61,1780.49,-2216.86,-436.37
2631,561.25,1340.49,1736.69,158.98,82.81,-72.71,-1168.95,-10054.23,564.57,8610.17,-2304.76,78.01,1759.07,-2226.75,-467.67
2641,551.74,1325.44,1708.09,161.91,74.81,-51.21,-1145.97,-10060.06,552.03,8610.76,-2310.12,77.67,1727.53,-2232.46,-504.92
2651,533.38,1307.77,1743.12,164.76,86.6,-56.55,-1132.58,-10039.84,569.27,8655.65,-2350.9,79.29,1831.58,-2271.61,-440.03
2661,558.29,1334.77,1754.46,150.29,83.55,-65.4,-1144.79,-9973.59,572.15,8582.09,-2351.53,79.09,1851.83,-2272.44,-420.61
2671,519.98,1374.15,1728.58,157.25,76.59,-63.35,-1140.12,-9955.32,564.82,8573.09,-2360.69,79.4,1835.67,-2281.29,-445.62
2681,558.9,1292.9,1734.72,148.83,75.23,-54.97,-1136.58,-10033.33,561.09,8604.54,-2321.77,78.5,1751.32,-2243.27,-491.95
2691,553.42,1320.94,1759.44,155.28,86.48,-51.97,-1142.89,-9962.83,552.86,8561.66,-2344.14,79.83,1832.41,-2264.31,-431.9
2701,531.75,1302.87,1728.66,154.98,80.64,-68.77,-1140.61,-10048.44,572.48,8672.39,-2319.64,79.7,1785.96,-2239.94,-453.98
2711,576.08,1317.95,1721.11,153.89,84.11,-67.57,-1127.83,-9928.47,539.76,8564.57,-2359.96,79.55,1833.59,-2280.41,-446.82
2721,540.17,1333.11,1724.32,164.05,83.86,-55.58,-1111.56,-10040.38,562.52,8607.04,-2301.88,80.51,1807.55,-2221.37,-413.82
2731,564.05,1316.2,1722.46,153.65,87.87,-62.74,-1125.9,-10005.56,567.24,8566.0,-2311.86,79.16,1783.26,-2232.7,-449.44
2741,582.9,1344.51,1747.5,159.68,82.43,-68.76,-1130.69,-9927.79,557.67,8560.5,-2350.09,80.24,1907.95,-2269.85,-361.89
2751,559.13,1349.57,1739.55,162.25,79.78,-65.45,-1129.16,-10089.73,570.8,8655.98,-2295.36,78.64,1832.71,-2216.72,-384.01
2761,540.87,1393.49,1743.33,158.49,86.85,-67.29,-1125.68,-9990.88,573.55,8549.48,-2309.99,79.13,1862.2,-2230.86,-368.66
2771,575.96,1327.03,1738.08,152.98,90.18,-70.42,-1123.55,-10009.47,551.02,8581.43,-2343.3,78.69,1813.24,-2264.61,-451.37
2781,555.6,1301.07,1747.75,152.95,77.7,-41.13,-1149.53,-10001.68,565.4,8624.07,-2327.66,78.55,1832.2,-2249.12,-416.91
2791,580.93,1303.12,1736.49,151.91,88.87,-55.79,-1142.33,-10090.13,562.35,8683.13,-2303.15,78.5,1818.54,-2224.65,-406.11
2801,586.39,1290.31,1749.6,163.38,78.06,-53.78,-1130.9,-10058.21,557.44,8629.79,-2280.5,79.01,1812.07,-2201.49,-389.41
2811,552.62,1325.35,1735.2,155.65,90.94,-61.03,-1140.07,-10063.32,576.71,8632.7,-2310.16,79.18,1804.73,-2230.98,-426.25
2821,587.23,1297.05,1725.8,149.38,81.93,-59.96,-1109.5,-10058.49,536.0,8634.72,-2326.22,79.82,1784.15,-2246.39,-462.24
2831,561.97,1345.1,1738.76,152.68,84.73,-62.18,-1114.58,-10022.45,563.3,8584.32,-2313.8,78.24,1831.65,-2235.56,-403.91
2841,549.79,1340.58,1737.41,156.92,84.84,-58.67,-1149.68,-10063.15,555.7,8594.65,-2286.67,78.2,1748.4,-2208.47,-460.07
2851,543.49,1337.83,1699.67,154.12,90.06,-62.09,-1141.86,-10075.43,562.75,8604.09,-2281.67,78.25,1712.65,-2203.43,-490.78
2861,565.71,1365.41,1727.17,160.3,81.69,-62.72,-1153.81,-10014.18,556.66,8584.94,-2311.82,79.51,1811.16,-2232.31,-421.15
2871,556.11,1271.67,1728.65,146.72,82.73,-58.57,-1141.72,-10113.17,564.95,8679.15,-2307.56,79.18,1716.51,-2228.39,-511.88
2881,555.24,1302.89,1728.05,157.25,86.89,-44.48,-1138.12,-10051.69,565.1,8578.18,-2288.48,78.09,1739.31,-2210.39,-471.08
2891,554.19,1348.15,1758.45,157.64,90.76,-68.63,-1121.68,-10041.23,551.66,8582.63,-2304.72,79.48,1811.93,-2225.24,-413.3
2901,564.18,1322.08,1729.32,148.73,88.14,-50.59,-1140.09,-10059.1,554.94,8589.17,-2290.89,78.63,1746.77,-2212.26,-465.5
2911,550.1,1342.4,1711.02,156.66,82.41,-69.53,-1138.42,-10089.62,542.34,8674.18,-2292.12,78.39,1761.54,-2213.73,-452.19
2921,536.46,1354.02,1713.39,152.63,95.49,-69.7,-1149.65,-10115.96,537.18,8653.67,-2279.64,79.59,1707.52,-2200.05,-492.53
2931,529.2,1307.93,1739.93,152.74,87.51,-55.23,-1133.78,-10078.51,556.79,8687.26,-2315.68,78.12,1793.87,-2237.56,-443.69
2941,564.52,1291.45,1735.51,151.55,83.37,-75.52,-1110.76,-10137.08,563.49,8682.43,-2285.43,79.79,1748.96,-2205.64,-456.68
2951,599.59,1330.93,1737.96,151.37,85.1,-68.71,-1148.33,-10071.17,559.39,8642.3,-2293.8,76.65,1818.44,-2217.14,-398.71
2961,528.79,1285.12,1716.23,150.19,98.6,-70.43,-1129.99,-10094.89,564.27,8672.14,-2291.47,78.52,1720.01,-2212.95,-492.94
2971,530.66,1338.35,1739.2,149.36,89.53,-66.38,-1126.22,-10039.65,563.24,8585.74,-2307.92,78.7,1763.83,-2229.22,-465.39
2981,555.28,1328.9,1740.22,146.02,89.94,-63.53,-1118.14,-10025.9,578.81,8630.7,-2360.38,79.08,1862.31,-2281.3,-418.99
2991,537.15,1357.77,1774.49,148.69,96.36,-73.06,-1137.92,-10054.88,571.35,8622.06,-2301.05,79.19,1842.01,-2221.85,-379.85
3001,594.95,1304.54,1717.09,156.69,86.73,-64.0,-1132.68,-9993.59,541.09,8647.8,-2376.46,79.36,1858.62,-2297.1,-438.48
3011,562.41,1335.57,1730.26,158.84,83.94,-71.18,-1135.57,-10062.05,565.67,8630.73,-2333.14,78.58,1798.63,-2254.56,-455.93
3021,551.46,1360.18,1729.63,155.15,78.04,-71.4,-1129.18,-9975.21,544.08,8637.63,-2389.48,80.34,1880.37,-2309.13,-428.76
3031,575.49,1327.71,1740.04,152.45,83.07,-75.11,-1138.3,-10031.12,563.7,8667.47,-2351.1,78.82,1865.42,-2272.28,-406.87
3041,578.11,1321.44,1708.28,150.0,75.03,-63.75,-1150.05,-9989.98,560.61,8614.38,-2359.52,77.07,1804.07,-2282.44,-478.37
3051,584.11,1340.74,1740.21,148.02,90.78,-66.71,-1132.81,-9918.7,555.55,8546.39,-2386.33,77.26,1887.59,-2309.07,-421.48
3061,569.7,1356.54,1747.64,157.54,97.21,-76.0,-1149.81,-9949.5,536.2,8556.68,-2341.6,78.42,1846.21,-2263.17,-416.96
3071,559.86,1359.8,1719.17,156.21,93.77,-69.34,-1138.43,-9993.03,551.36,8569.57,-2336.16,78.59,1808.93,-2257.57,-448.64
3081,573.15,1320.67,1713.2,151.07,83.1,-60.2,-1116.27,-10146.95,556.59,8662.45,-2275.59,79.85,1736.81,-2195.74,-458.93
3091,572.25,1301.9,1730.72,149.7,89.0,-66.33,-1103.97,-10060.53,574.82,8637.56,-2326.48,79.64,1825.13,-2246.84,-421.71
3101,534.68,1406.08,1745.97,163.82,83.62,-60.71,-1144.88,-10011.82,564.43,8595.59,-2347.63,79.32,1876.77,-2268.31,-391.54
3111,550.16,1335.52,1735.97,145.1,91.67,-67.64,-1105.14,-10041.77,585.8,8582.8,-2303.68,79.52,1812.47,-2224.16,-411.69
3121,574.09,1355.23,1717.17,151.93,87.02,-54.03,-1140.78,-10114.56,565.51,8653.07,-2296.84,77.27,1794.64,-2219.57,-424.93
3131,581.89,1309.89,1719.13,158.36,84.39,-61.81,-1132.49,-10127.82,557.58,8626.35,-2262.4,77.34,1715.46,-2185.06,-469.6
3141,525.84,1302.42,1748.03,148.4,89.33,-68.59,-1112.95,-10136.82,566.9,8633.46,-2253.81,79.16,1696.03,-2174.65,-478.62
3151,548.68,1289.73,1737.81,155.3,77.74,-58.99,-1140.63,-10106.63,561.27,8644.92,-2280.19,77.56,1709.22,-2202.63,-493.41
3161,573.82,1301.15,1724.31,159.07,82.98,-57.21,-1105.95,-10129.99,565.69,8593.86,-2238.89,78.64,1707.74,-2160.25,-452.51
3171,565.09,1304.65,1726.13,154.51,86.46,-58.26,-1123.52,-10055.97,558.01,8573.85,-2262.99,79.07,1730.96,-2183.92,-452.95
3181,596.5,1327.38,1726.63,159.9,76.22,-56.06,-1121.91,-10140.11,548.61,8624.78,-2255.26,76.69,1741.95,-2178.57,-436.62
3191,589.56,1276.65,1753.31,151.62,80.0,-66.34,-1117.71,-10038.5,542.67,8596.2,-2316.5,79.06,1767.45,-2237.44,-469.98
3201,539.76,1286.66,1742.36,155.07,82.91,-58.71,-1121.48,-10092.09,562.72,8652.51,-2303.8,79.57,1749.72,-2224.24,-474.52
3211,548.42,1368.4,1734.03,155.72,76.31,-62.18,-1160.79,-10014.18,549.92,8626.01,-2344.24,78.44,1821.65,-2265.79,-444.14
3221,553.41,1323.11,1723.84,152.32,91.11,-70.4,-1130.31,-10010.18,566.91,8591.47,-2335.38,77.39,1791.28,-2258.0,-466.71
3231,548.71,1298.34,1724.75,149.71,82.54,-58.72,-1108.94,-10086.41,549.09,8647.87,-2317.13,77.19,1746.94,-2239.93,-493.0
3241,538.95,1334.77,1710.03,150.41,74.23,-47.3,-1139.71,-9998.02,576.78,8591.25,-2345.88,78.16,1791.39,-2267.72,-476.32
3251,610.21,1329.77,1716.64,150.03,83.49,-62.94,-1112.21,-10047.98,540.12,8618.08,-2318.48,79.1,1825.22,-2239.38,-414.16
3261,537.82,1345.42,1736.69,160.45,85.61,-75.55,-1157.56,-10098.31,551.29,8688.09,-2321.07,78.84,1773.95,-2242.23,-468.28
3271,550.43,1308.37,1716.02,151.46,78.7,-62.06,-1155.98,-10180.79,560.17,8664.58,-2231.51,76.34,1630.92,-2155.17,-524.25
3281,557.95,1351.71,1741.35,159.85,88.47,-47.78,-1134.18,-10119.74,568.7,8640.64,-2254.69,77.66,1806.99,-2177.03,-370.05
3291,546.19,1351.09,1741.79,157.03,93.47,-60.35,-1157.48,-10122.72,550.93,8656.08,-2264.83,78.99,1756.02,-2185.84,-429.81
3301,564.86,1328.0,1737.79,151.43,101.25,-64.71,-1117.51,-10109.44,561.87,8669.56,-2306.2,78.23,1823.09,-2227.97,-404.88
3311,557.58,1260.99,1707.29,145.83,82.98,-60.8,-1112.6,-10056.74,554.12,8610.96,-2317.36,79.28,1689.6,-2238.07,-548.47
3321,592.38,1352.5,1732.6,152.87,76.21,-52.13,-1119.62,-9947.39,571.08,8498.19,-2324.19,78.19,1856.69,-2246.0,-389.3
3331,548.43,1350.83,1715.28,153.78,96.0,-49.8,-1168.89,-10010.04,568.63,8603.97,-2324.32,78.57,1808.2,-2245.75,-437.55
3341,581.12,1344.35,1722.91,154.03,87.5,-55.31,-1095.12,-10023.36,555.58,8593.64,-2355.3,80.71,1865.33,-2274.59,-409.26
3351,560.72,1338.53,1733.09,154.55,77.25,-62.69,-1115.39,-10045.71,560.39,8593.89,-2334.22,80.11,1794.61,-2254.11,-459.5
3361,575.3,1340.53,1737.8,152.7,96.75,-69.52,-1125.74,-10054.25,569.61,8600.73,-2311.31,78.7,1823.91,-2232.61,-408.69
3371,530.59,1330.37,1712.01,152.93,78.27,-55.92,-1130.7,-10065.61,561.75,8606.66,-2315.27,79.74,1720.34,-2235.53,-515.19
3381,542.78,1296.44,1734.81,150.08,84.76,-60.81,-1151.71,-10030.45,554.52,8665.99,-2349.4,79.01,1786.4,-2270.39,-483.99
3391,566.86,1302.98,1756.51,158.57,99.56,-53.6,-1117.73,-10134.2,553.88,8652.35,-2267.44,78.19,1785.17,-2189.25,-404.08
3401,562.79,1293.44,1716.77,143.83,77.69,-57.68,-1121.95,-10063.13,557.74,8599.22,-2288.1,79.09,1708.72,-2209.02,-500.3
3411,559.72,1327.89,1718.54,149.68,84.73,-62.48,-1141.97,-10128.82,562.5,8626.73,-2260.32,78.95,1696.53,-2181.37,-484.84
3421,553.84,1343.77,1743.13,150.61,80.6,-65.59,-1131.64,-10044.29,547.63,8567.01,-2302.14,79.72,1745.06,-2222.42,-477.36
3431,591.28,1262.67,1730.29,147.94,98.94,-66.57,-1100.18,-10140.34,557.65,8631.95,-2265.99,77.89,1713.61,-2188.1,-474.49
3441,547.0,1331.1,1737.67,145.86,89.92,-57.79,-1144.72,-10131.84,551.71,8659.86,-2259.59,78.96,1728.75,-2180.63,-451.88
3451,552.2,1369.82,1735.94,150.97,79.31,-45.83,-1135.49,-10127.58,573.2,8620.58,-2266.99,79.08,1773.14,-2187.92,-414.78
3461,538.1,1320.55,1732.75,152.63,79.37,-61.94,-1138.31,-10094.81,575.63,8649.59,-2298.76,79.02,1753.56,-2219.74,-466.17
3471,564.87,1330.59,1730.87,151.73,88.27,-62.44,-1145.94,-9978.62,548.93,8571.55,-2333.77,78.25,1799.82,-2255.52,-455.71
3481,578.07,1329.08,1718.12,159.0,78.68,-46.07,-1151.76,-10078.18,556.13,8653.54,-2305.35,78.08,1796.63,-2227.27,-430.64
3491,574.01,1334.51,1731.11,150.63,94.02,-59.89,-1144.13,-10022.21,555.63,8604.03,-2312.15,79.03,1817.7,-2233.12,-415.42
3501,564.25,1345.66,1723.77,150.79,79.11,-49.5,-1152.6,-10017.64,542.8,8602.17,-2329.84,77.91,1788.8,-2251.92,-463.12
3511,559.06,1331.11,1740.96,158.81,80.31,-46.43,-1117.65,-10104.21,594.43,8687.63,-2313.13,79.16,1884.03,-2233.98,-349.95
3521,553.9,1322.44,1745.77,155.37,93.39,-62.02,-1137.68,-10028.59,572.71,8580.44,-2312.0,78.99,1795.74,-2233.01,-437.27
3531,563.28,1330.65,1733.04,155.13,71.46,-55.96,-1137.25,-10046.43,563.08,8590.1,-2296.0,79.31,1767.09,-2216.69,-449.6
3541,577.13,1360.42,1743.04,156.26,77.34,-60.48,-1142.9,-10061.94,560.25,8619.63,-2294.97,79.73,1828.74,-2215.24,-386.5
3551,555.31,1305.53,1723.05,153.31,90.43,-67.7,-1086.54,-10098.53,581.34,8654.48,-2288.54,79.81,1810.69,-2208.73,-398.04
3561,570.8,1310.32,1724.14,151.65,87.36,-50.29,-1107.89,-10006.57,572.36,8528.85,-2280.69,80.38,1780.71,-2200.32,-419.6
3571,575.53,1251.6,1735.19,151.85,76.77,-60.3,-1140.06,-10027.89,553.19,8644.19,-2331.76,80.05,1760.06,-2251.71,-491.65
3581,614.16,1364.45,1707.34,158.27,100.52,-67.09,-1128.22,-9991.78,555.19,8565.82,-2317.91,79.83,1878.64,-2238.07,-359.43
3591,561.52,1345.27,1742.6,155.28,84.25,-47.94,-1130.93,-10039.26,559.73,8617.13,-2319.05,79.87,1847.65,-2239.18,-391.53
3601,533.95,1309.21,1737.59,165.56,82.78,-55.08,-1127.64,-10098.9,549.37,8675.81,-2297.8,78.54,1772.65,-2219.27,-446.62
3611,578.96,1327.54,1733.21,154.92,83.06,-61.96,-1136.85,-10081.45,553.31,8634.38,-2281.99,79.8,1785.1,-2202.19,-417.09
3621,536.63,1369.77,1736.15,154.67,81.15,-61.83,-1130.28,-10029.26,550.27,8599.74,-2312.62,78.94,1807.01,-2233.68,-426.68
3631,572.58,1296.43,1723.72,155.51,89.46,-47.0,-1122.56,-10100.37,578.78,8627.21,-2297.92,80.07,1773.75,-2217.85,-444.09
3641,572.35,1334.24,1732.62,152.08,90.51,-58.85,-1114.72,-10052.2,570.61,8607.41,-2318.18,79.68,1834.04,-2238.51,-404.46
3651,591.35,1317.54,1748.4,157.79,84.13,-61.93,-1122.58,-10080.58,567.51,8653.36,-2304.53,78.56,1855.01,-2225.97,-370.96
3661,574.32,1284.15,1722.57,146.09,93.86,-64.02,-1123.25,-10030.54,548.04,8630.69,-2337.31,79.76,1781.91,-2257.55,-475.64
3671,581.05,1363.17,1745.53,152.62,77.93,-61.98,-1147.66,-10039.66,561.84,8574.13,-2279.91,79.27,1806.98,-2200.64,-393.67
3681,591.98,1307.98,1756.9,152.25,78.83,-64.74,-1148.95,-10020.54,548.39,8576.74,-2304.51,79.54,1778.84,-2224.97,-446.13
3691,554.05,1327.54,1715.28,157.22,85.53,-58.61,-1145.02,-10040.08,573.92,8620.93,-2295.94,79.25,1790.77,-2216.69,-425.92
3701,513.95,1339.39,1735.13,143.08,89.53,-49.73,-1113.6,-10058.9,554.03,8569.28,-2285.22,77.79,1722.16,-2207.44,-485.27
3711,544.05,1335.02,1753.77,152.74,81.68,-65.29,-1136.16,-10021.99,554.47,8585.1,-2337.88,80.04,1783.39,-2257.85,-474.46
3721,570.92,1268.88,1714.75,152.4,89.81,-58.32,-1109.81,-10164.79,564.96,8653.26,-2237.84,78.1,1682.05,-2159.73,-477.68
3731,527.26,1322.91,1738.8,150.52,83.65,-51.51,-1139.06,-10112.87,551.96,8641.54,-2259.49,78.45,1713.2,-2181.04,-467.84
3741,526.06,1308.05,1746.51,158.5,87.77,-61.62,-1128.6,-10051.41,565.01,8665.31,-2342.92,78.72,1815.57,-2264.2,-448.63
3751,580.24,1360.66,1731.15,155.1,79.43,-54.99,-1114.03,-9999.59,555.62,8563.14,-2313.26,79.32,1856.74,-2233.94,-377.2
3761,552.88,1292.22,1737.97,143.55,82.43,-53.73,-1129.97,-10093.46,546.93,8612.41,-2281.38,78.63,1691.23,-2202.75,-511.52
3771,584.33,1310.42,1731.5,154.83,81.22,-52.11,-1124.69,-10111.4,544.49,8665.72,-2295.79,79.08,1784.32,-2216.71,-432.39
3781,571.35,1332.44,1732.23,150.01,74.66,-43.17,-1107.13,-10172.13,566.0,8578.91,-2218.88,79.02,1683.17,-2139.86,-456.69
3791,565.61,1370.23,1758.34,153.3,85.46,-54.86,-1120.43,-10079.48,555.06,8624.54,-2292.45,78.52,1857.76,-2213.94,-356.18
3801,522.82,1330.56,1727.58,155.56,86.54,-56.6,-1110.9,-10154.8,543.62,8654.02,-2251.1,79.44,1698.41,-2171.66,-473.26
3811,542.93,1332.63,1741.35,155.15,86.04,-63.4,-1125.42,-10130.91,562.77,8639.29,-2265.91,80.32,1740.44,-2185.59,-445.15
3821,555.34,1270.94,1746.55,140.78,93.61,-78.87,-1105.45,-10141.55,555.29,8642.64,-2272.09,78.57,1679.28,-2193.52,-514.24
3831,550.27,1285.52,1731.15,151.55,85.72,-60.29,-1130.11,-10092.71,552.89,8632.36,-2278.03,78.35,1706.35,-2199.68,-493.33
3841,556.96,1320.16,1710.23,154.26,99.3,-66.26,-1120.35,-10118.92,556.56,8650.36,-2259.94,78.29,1742.31,-2181.65,-439.34
3851,570.99,1315.49,1719.29,154.43,83.29,-61.33,-1128.08,-10100.04,554.91,8614.64,-2246.69,78.28,1723.59,-2168.41,-444.82
3861,544.72,1307.15,1714.47,158.38,79.65,-62.6,-1120.08,-10136.98,556.88,8704.85,-2266.33,77.57,1746.44,-2188.77,-442.33
3871,558.19,1312.38,1734.52,151.91,85.0,-72.08,-1159.35,-10121.33,552.7,8662.58,-2255.13,77.21,1704.52,-2177.92,-473.4
3881,535.52,1364.68,1702.01,150.11,89.81,-50.43,-1147.27,-10049.83,565.88,8592.56,-2288.62,77.7,1753.05,-2210.91,-457.87
3891,552.51,1330.66,1743.58,154.25,85.1,-55.74,-1129.34,-10048.52,558.55,8617.92,-2302.44,79.28,1808.95,-2223.15,-414.2
3901,599.13,1315.58,1750.98,154.05,81.41,-56.79,-1124.92,-10057.28,543.48,8555.12,-2267.74,78.03,1760.77,-2189.71,-428.94
3911,527.83,1338.15,1722.28,159.3,85.8,-60.77,-1125.98,-10142.36,566.82,8622.31,-2248.01,79.05,1693.36,-2168.96,-475.6
3921,540.82,1336.12,1748.47,151.8,97.51,-68.1,-1113.27,-10079.59,547.14,8595.53,-2260.21,78.7,1756.42,-2181.5,-425.09
3931,540.97,1343.89,1727.7,146.75,80.21,-66.06,-1138.8,-9993.97,539.33,8608.26,-2336.59,79.3,1788.28,-2257.28,-469.01
3941,559.66,1391.44,1757.94,162.63,83.6,-51.48,-1137.91,-10028.26,550.54,8667.55,-2352.92,78.92,1955.73,-2274.0,-318.27
3951,602.27,1317.94,1744.83,149.69,81.15,-52.8,-1131.78,-10103.53,548.71,8632.18,-2290.46,78.66,1788.66,-2211.8,-423.14
3961,585.72,1362.03,1780.79,157.56,86.87,-64.27,-1151.79,-10042.13,536.61,8622.65,-2298.54,78.82,1874.03,-2219.72,-345.69
3971,569.73,1335.44,1713.04,154.88,82.76,-48.44,-1128.75,-10119.49,567.48,8646.4,-2248.51,78.99,1773.04,-2169.52,-396.48
3981,543.02,1353.89,1736.18,151.33,81.76,-59.89,-1154.38,-10033.7,552.26,8587.49,-2302.67,79.07,1757.95,-2223.6,-465.64
3991,563.03,1319.39,1754.94,143.28,93.41,-65.19,-1137.89,-10056.16,552.33,8639.56,-2313.35,79.5,1806.7,-2233.85,-427.15
4001,564.46,1329.71,1723.85,162.56,88.9,-50.97,-1148.66,-10080.98,553.35,8628.56,-2309.13,79.1,1770.78,-2230.03,-459.25

Receptor Energy Terms
Frame #,BOND,ANGLE,DIHED,UB,IMP,CMAP,VDWAALS,EEL,1-4 VDW,1-4 EEL,EGB,ESURF,GGAS,GSOLV,TOTAL
1,533.13,1322.04,1664.75,146.41,93.09,-56.48,-1112.64,-10105.67,544.49,8654.76,-2296.82,77.39,1683.87,-2219.43,-535.56
11,532.81,1301.43,1666.97,151.17,77.13,-65.99,-1108.13,-10122.85,529.88,8679.53,-2269.31,78.6,1641.95,-2190.7,-548.76
21,520.65,1275.94,1691.17,147.83,83.54,-57.56,-1104.71,-10098.46,556.76,8636.79,-2293.69,78.96,1651.95,-2214.73,-562.78
31,533.89,1283.13,1687.13,151.37,95.0,-52.04,-1096.15,-10149.78,552.94,8721.17,-2291.54,79.47,1726.67,-2212.07,-485.4
41,534.19,1277.64,1660.04,157.01,77.04,-65.09,-1088.7,-10190.04,539.22,8661.84,-2230.63,78.54,1563.15,-2152.09,-588.93
51,575.81,1313.28,1668.6,140.42,77.62,-59.31,-1086.79,-10249.08,536.91,8727.63,-2219.28,77.24,1645.1,-2142.04,-496.95
61,564.12,1301.23,1675.73,148.88,75.23,-49.8,-1118.92,-10213.08,534.63,8733.46,-2228.7,76.37,1651.47,-2152.33,-500.85
71,576.65,1293.78,1699.82,140.35,81.7,-65.04,-1121.06,-10133.21,534.21,8695.94,-2279.98,77.18,1703.15,-2202.8,-499.65
81,550.7,1327.71,1664.54,144.87,92.97,-63.06,-1081.9,-10155.84,538.88,8713.23,-2274.2,77.66,1732.1,-2196.54,-464.44
91,539.97,1298.13,1693.28,149.47,81.37,-46.68,-1129.29,-10172.79,534.92,8768.23,-2288.99,77.91,1716.61,-2211.08,-494.46
101,538.88,1317.69,1682.73,151.71,78.51,-53.49,-1125.84,-10131.66,550.53,8762.51,-2304.58,77.09,1771.57,-2227.48,-455.91
111,533.7,1321.09,1679.3,148.84,89.41,-53.31,-1075.2,-10161.25,539.43,8717.11,-2302.98,78.67,1739.13,-2224.31,-485.19
121,530.06,1345.76,1699.59,139.8,80.51,-71.73,-1098.83,-10121.35,552.88,8672.1,-2279.92,77.26,1728.79,-2202.67,-473.87
131,576.95,1300.76,1669.38,146.74,91.26,-51.57,-1128.22,-10135.02,528.69,8720.55,-2286.34,77.16,1719.53,-2209.18,-489.65
141,563.0,1307.24,1661.59,143.99,85.88,-62.19,-1074.96,-10192.22,536.62,8757.25,-2303.58,77.59,1726.19,-2225.99,-499.8
151,529.77,1359.79,1678.35,145.85,83.28,-47.54,-1103.64,-10095.01,545.09,8696.17,-2325.65,78.56,1792.12,-2247.09,-454.97
161,560.49,1306.75,1688.47,151.84,76.46,-69.92,-1099.53,-10098.88,549.6,8682.53,-2301.07,78.67,1747.8,-2222.4,-474.6
171,556.38,1244.24,1672.05,136.23,70.17,-57.95,-1100.22,-10110.27,548.26,8759.54,-2329.3,79.45,1718.44,-2249.84,-531.4
181,574.74,1261.19,1671.08,150.38,76.93,-52.26,-1078.87,-10117.36,548.88,8707.17,-2316.33,78.06,1741.88,-2238.26,-496.38
191,549.16,1280.16,1657.48,150.47,83.59,-44.72,-1090.69,-10117.71,543.41,8728.86,-2329.38,78.44,1740.02,-2250.94,-510.92
201,519.52,1303.23,1670.02,142.59,78.67,-58.38,-1102.06,-10141.95,526.84,8710.32,-2294.6,79.56,1648.79,-2215.05,-566.26
211,551.89,1350.87,1669.24,147.56,95.52,-46.82,-1098.55,-10147.83,534.47,8713.36,-2270.82,78.61,1769.73,-2192.22,-422.49
221,543.04,1341.7,1645.12,159.14,82.48,-63.17,-1106.32,-10160.42,537.83,8751.42,-2263.27,78.31,1730.82,-2184.95,-454.13
231,541.24,1296.75,1655.69,154.32,81.87,-51.65,-1091.83,-10154.08,545.51,8738.58,-2287.66,78.35,1716.41,-2209.32,-492.91
241,534.78,1316.41,1652.48,149.63,89.44,-41.17,-1118.45,-10131.1,523.87,8674.69,-2265.99,77.49,1650.6,-2188.5,-537.9
251,538.49,1336.36,1671.6,146.14,74.95,-52.75,-1109.12,-10173.93,544.54,8726.69,-2267.05,78.74,1702.96,-2188.31,-485.35
261,524.55,1346.88,1678.15,156.38,88.05,-44.47,-1111.8,-10140.61,535.93,8711.38,-2279.59,80.04,1744.44,-2199.55,-455.12
271,567.08,1284.99,1656.8,153.74,79.93,-61.82,-1082.52,-10147.96,530.4,8722.38,-2288.53,79.28,1703.01,-2209.25,-506.24
281,554.37,1322.49,1670.33,148.92,88.25,-57.46,-1113.8,-10114.43,519.44,8652.39,-2296.2,77.38,1670.5,-2218.82,-548.33
291,579.14,1312.68,1688.67,145.71,95.71,-54.15,-1108.95,-10120.3,547.59,8688.89,-2306.34,78.99,1774.99,-2227.35,-452.36
301,541.53,1267.09,1668.26,149.23,81.13,-51.88,-1100.0,-10099.41,526.34,8742.69,-2331.53,78.81,1724.99,-2252.72,-527.73
311,549.46,1275.66,1676.05,144.53,84.5,-52.88,-1104.2,-10145.79,530.52,8753.54,-2329.1,79.73,1711.39,-2249.37,-537.98
321,540.3,1303.61,1681.07,152.69,71.15,-57.22,-1093.66,-10096.9,548.95,8711.18,-2328.21,78.95,1761.16,-2249.25,-488.09
331,586.03,1332.36,1672.62,150.55,87.62,-55.38,-1118.13,-10059.92,531.5,8675.33,-2312.57,77.84,1802.58,-2234.73,-432.15
341,507.86,1274.96,1673.3,139.58,91.97,-67.98,-1093.81,-10094.79,548.69,8695.87,-2312.0,79.43,1675.65,-2232.57,-556.92
351,545.24,1292.73,1651.38,149.23,81.27,-57.37,-1090.82,-10159.96,540.52,8754.97,-2295.76,77.92,1707.2,-2217.85,-510.65
361,577.88,1293.65,1661.02,154.32,95.29,-47.84,-1107.05,-10093.4,525.43,8728.88,-2340.07,79.3,1788.19,-2260.78,-472.58
371,544.37,1261.42,1647.08,150.32,86.3,-62.98,-1095.72,-10124.06,553.23,8739.39,-2315.3,79.08,1699.37,-2236.22,-536.86
381,564.88,1262.74,1675.98,140.68,81.81,-57.7,-1120.52,-10122.57,538.09,8742.69,-2307.88,78.87,1706.07,-2229.01,-522.94
391,557.6,1305.05,1708.28,153.63,89.6,-54.77,-1103.74,-10105.35,538.55,8762.75,-2347.37,79.13,1851.62,-2268.25,-416.63
401,552.52,1320.24,1685.96,144.43,91.74,-58.9,-1080.51,-10129.66,521.27,8717.82,-2335.21,78.18,1764.91,-2257.03,-492.12
411,586.89,1310.36,1674.63,146.93,83.41,-60.85,-1119.29,-10108.34,534.27,8689.8,-2319.65,76.35,1737.81,-2243.3,-505.49
421,570.2,1247.32,1680.86,149.88,86.03,-47.84,-1114.7,-10092.37,535.6,8735.17,-2342.11,78.14,1750.13,-2263.97,-513.84
431,552.31,1258.2,1665.84,141.03,84.95,-54.0,-1094.14,-10116.03,534.64,8730.91,-2308.62,78.14,1703.72,-2230.48,-526.76
441,559.91,1296.95,1688.94,147.11,79.39,-62.57,-1099.29,-10164.63,557.46,8730.79,-2275.28,79.04,1734.07,-2196.23,-462.16
451,576.53,1301.98,1686.44,151.25,90.62,-39.44,-1072.85,-10263.68,548.0,8733.32,-2216.58,78.27,1712.16,-2138.31,-426.15
461,564.28,1307.48,1668.87,145.99,89.56,-43.42,-1093.75,-10276.75,549.98,8755.98,-2211.02,78.51,1668.21,-2132.51,-464.3
471,552.9,1296.46,1684.11,151.7,82.66,-53.84,-1091.4,-10233.35,540.66,8726.9,-2238.12,78.8,1656.8,-2159.33,-502.52
481,550.02,1293.2,1669.03,149.21,70.69,-55.99,-1091.63,-10232.01,534.76,8700.1,-2216.01,78.48,1587.38,-2137.53,-550.15
491,571.56,1294.06,1685.49,155.39,89.83,-57.68,-1104.1,-10261.09,542.49,8772.23,-2244.36,78.13,1688.17,-2166.23,-478.06
501,587.91,1349.16,1689.6,146.66,94.92,-49.56,-1094.49,-10197.09,535.42,8657.37,-2240.46,78.32,1719.9,-2162.13,-442.23
511,532.88,1283.96,1661.48,150.2,90.04,-45.48,-1076.37,-10154.21,545.73,8722.13,-2295.53,77.86,1710.36,-2217.67,-507.31
521,501.85,1291.26,1698.55,147.58,82.28,-46.25,-1079.63,-10277.77,557.98,8732.84,-2205.32,78.31,1608.68,-2127.02,-518.33
531,585.97,1249.99,1708.52,155.62,87.79,-71.04,-1098.47,-10195.43,553.21,8724.92,-2245.01,79.36,1701.09,-2165.66,-464.57
541,543.7,1325.19,1685.19,141.14,94.12,-59.41,-1100.58,-10152.29,537.55,8716.32,-2271.24,78.26,1730.93,-2192.98,-462.05
551,564.12,1317.15,1688.22,146.75,81.51,-58.88,-1070.19,-10212.66,523.55,8703.42,-2235.23,80.14,1682.98,-2155.08,-472.1
561,523.03,1270.51,1692.64,140.5,93.05,-59.93,-1076.52,-10235.88,540.69,8729.17,-2223.38,79.6,1617.26,-2143.78,-526.52
571,540.81,1285.73,1674.86,148.6,93.12,-56.84,-1087.77,-10169.02,532.68,8714.39,-2277.19,78.62,1676.56,-2198.57,-522.01
581,549.58,1265.04,1676.14,143.74,85.9,-60.91,-1120.44,-10137.81,559.09,8732.19,-2280.59,79.22,1692.51,-2201.38,-508.86
591,528.41,1305.12,1706.93,152.74,94.06,-66.13,-1114.19,-10137.05,537.69,8687.28,-2264.11,77.46,1694.87,-2186.65,-491.78
601,527.55,1303.77,1671.19,150.26,80.49,-52.25,-1091.27,-10136.23,550.53,8697.01,-2272.79,78.85,1701.05,-2193.94,-492.89
611,555.47,1264.23,1715.62,148.74,85.4,-52.29,-1121.7,-10161.76,524.41,8708.21,-2263.89,77.55,1666.32,-2186.35,-520.03
621,533.68,1296.2,1700.37,150.5,97.16,-64.58,-1112.28,-10197.11,539.58,8674.82,-2203.93,77.31,1618.33,-2126.62,-508.29
631,570.41,1270.54,1695.86,151.06,70.97,-62.56,-1122.71,-10150.79,535.86,8669.46,-2221.44,76.67,1628.11,-2144.78,-516.66
641,539.95,1317.82,1668.63,146.05,91.5,-63.84,-1092.36,-10197.44,550.38,8672.57,-2205.58,77.37,1633.26,-2128.21,-494.95
651,565.04,1319.75,1712.04,153.56,79.88,-61.94,-1082.25,-10203.31,537.95,8647.44,-2197.27,78.83,1668.16,-2118.44,-450.28
661,527.78,1331.38,1657.27,163.41,82.11,-57.21,-1113.48,-10203.13,530.17,8702.07,-2227.1,77.88,1620.36,-2149.22,-528.86
671,544.15,1274.0,1683.27,144.34,86.27,-56.31,-1106.53,-10222.52,536.7,8696.81,-2202.02,77.58,1580.19,-2124.44,-544.25
681,577.83,1322.66,1666.02,152.81,86.9,-47.88,-1102.5,-10203.23,526.8,8667.74,-2232.84,77.47,1647.13,-2155.37,-508.23
691,554.22,1313.35,1669.38,153.94,86.16,-52.13,-1102.7,-10185.31,508.26,8671.76,-2232.78,79.31,1616.92,-2153.47,-536.55
701,539.99,1287.49,1666.21,142.13,87.16,-58.5,-1099.91,-10209.94,542.29,8732.28,-2212.04,76.13,1629.2,-2135.9,-506.7
711,571.97,1303.87,1687.26,150.1,83.84,-57.63,-1116.37,-10190.38,538.19,8706.95,-2219.63,77.63,1677.79,-2142.0,-464.2
721,569.13,1291.05,1666.72,152.84,97.96,-47.15,-1089.03,-10268.0,536.18,8760.37,-2213.84,78.86,1670.07,-2134.98,-464.91
731,550.89,1316.18,1666.96,160.37,90.05,-62.66,-1101.59,-10203.4,529.79,8678.4,-2256.12,78.55,1624.98,-2177.56,-552.58
741,536.35,1271.34,1684.78,141.83,100.86,-67.28,-1092.61,-10274.67,534.67,8745.89,-2215.83,77.41,1581.18,-2138.42,-557.24
751,565.8,1309.25,1686.21,155.57,93.72,-56.65,-1090.07,-10217.89,534.61,8683.13,-2202.51,76.64,1663.68,-2125.88,-462.2
761,561.21,1290.95,1690.06,155.35,86.22,-56.99,-1094.44,-10271.32,538.83,8715.33,-2200.51,77.48,1615.22,-2123.03,-507.82
771,560.34,1272.31,1687.94,153.23,73.13,-61.27,-1092.97,-10191.91,564.15,8736.66,-2265.2,77.59,1701.62,-2187.62,-486.0
781,536.69,1298.46,1693.91,148.65,74.87,-53.89,-1108.59,-10282.42,549.39,8754.47,-2186.58,76.63,1611.55,-2109.95,-498.4
791,563.12,1300.45,1684.6,148.94,91.81,-57.92,-1092.16,-10231.15,539.37,8744.42,-2224.55,77.78,1691.49,-2146.77,-455.29
801,501.46,1307.05,1689.01,143.32,92.24,-56.65,-1127.26,-10259.39,527.53,8745.44,-2195.06,76.71,1562.75,-2118.35,-555.61
811,526.14,1333.77,1656.46,146.51,80.21,-61.97,-1084.49,-10187.17,522.29,8706.85,-2249.62,78.46,1638.6,-2171.16,-532.56
821,551.98,1330.51,1682.77,154.75,80.24,-51.69,-1097.96,-10146.59,530.28,8666.34,-2262.9,78.65,1700.63,-2184.25,-483.63
831,571.46,1301.96,1683.65,146.14,95.13,-65.14,-1093.09,-10192.6,534.84,8651.09,-2223.09,77.23,1633.45,-2145.86,-512.41
841,571.8,1330.7,1694.43,158.01,78.62,-54.33,-1086.09,-10195.21,543.32,8680.49,-2244.8,78.2,1721.74,-2166.61,-444.87
851,585.68,1270.43,1673.79,144.72,95.16,-65.66,-1122.89,-10250.5,528.13,8726.92,-2182.56,76.82,1585.78,-2105.74,-519.96
861,518.94,1306.4,1686.93,145.14,79.38,-46.98,-1090.72,-10263.02,554.25,8756.11,-2232.79,77.68,1646.42,-2155.11,-508.68
871,547.89,1332.0,1673.87,149.07,86.55,-61.26,-1086.43,-10280.13,514.66,8726.1,-2188.72,78.17,1602.3,-2110.55,-508.25
881,547.23,1350.03,1679.69,162.38,81.17,-59.86,-1114.75,-10235.77,538.55,8714.81,-2198.32,78.33,1663.47,-2119.99,-456.52
891,576.92,1326.52,1687.12,145.33,78.2,-45.07,-1116.2,-10153.07,525.78,8660.03,-2249.29,78.22,1685.56,-2171.08,-485.51
901,531.98,1325.6,1677.25,148.06,82.61,-50.64,-1095.9,-10157.37,547.32,8684.42,-2263.08,78.33,1693.34,-2184.75,-491.41
911,526.61,1322.3,1701.04,142.6,84.08,-58.9,-1100.89,-10201.16,540.14,8690.86,-2235.8,77.79,1646.69,-2158.01,-511.32
921,568.03,1295.19,1678.47,145.95,82.51,-56.02,-1121.45,-10144.17,528.98,8693.84,-2271.9,78.62,1671.33,-2193.28,-521.96
931,550.78,1250.12,1692.69,145.4,101.54,-75.32,-1111.43,-10200.32,532.45,8721.24,-2237.53,76.98,1607.17,-2160.56,-553.39
941,548.53,1275.79,1699.98,141.74,89.24,-62.38,-1091.13,-10220.39,547.34,8714.24,-2245.34,77.71,1642.97,-2167.63,-524.66
951,544.25,1320.37,1667.58,157.99,85.18,-54.47,-1106.16,-10281.38,535.53,8747.93,-2222.26,76.82,1616.81,-2145.43,-528.62
961,535.83,1293.58,1700.24,146.32,87.86,-57.03,-1087.49,-10280.03,556.73,8729.46,-2221.28,78.23,1625.47,-2143.06,-517.59
971,542.92,1326.53,1686.93,145.85,79.73,-61.24,-1095.7,-10225.49,545.74,8679.1,-2212.06,78.25,1624.38,-2133.81,-509.43
981,544.81,1321.23,1677.41,148.18,89.18,-53.91,-1112.63,-10216.36,537.43,8716.08,-2235.39,77.25,1651.42,-2158.14,-506.72
991,562.29,1304.16,1692.45,159.07,88.21,-51.58,-1101.61,-10201.14,544.93,8689.3,-2247.57,78.04,1686.09,-2169.54,-483.44
1001,533.03,1319.04,1677.38,146.63,79.49,-60.2,-1115.97,-10252.47,565.98,8762.1,-2211.86,76.82,1655.01,-2135.04,-480.03
1011,542.1,1315.51,1694.19,148.73,79.41,-70.64,-1088.1,-10293.69,518.28,8727.05,-2202.99,78.25,1572.85,-2124.74,-551.89
1021,538.08,1359.44,1678.18,154.09,84.26,-71.15,-1107.79,-10333.33,544.76,8768.83,-2179.26,77.65,1615.37,-2101.61,-486.24
1031,517.84,1334.56,1659.06,153.23,76.5,-57.15,-1084.27,-10255.17,544.01,8695.33,-2204.47,77.73,1583.93,-2126.73,-542.81
1041,535.35,1328.87,1678.22,146.36,91.28,-50.02,-1069.17,-10191.43,539.28,8643.7,-2228.61,77.78,1652.43,-2150.83,-498.4
1051,561.64,1322.34,1695.78,148.66,76.2,-65.32,-1078.95,-10269.72,533.53,8727.26,-2203.99,76.91,1651.41,-2127.08,-475.67
1061,565.66,1348.3,1681.45,156.71,94.92,-60.86,-1127.46,-10106.16,544.22,8650.05,-2280.96,78.09,1746.83,-2202.87,-456.04
1071,546.76,1314.39,1696.73,154.83,96.22,-55.95,-1113.65,-10126.17,535.5,8640.64,-2268.17,78.15,1689.32,-2190.02,-500.71
1081,585.46,1342.64,1677.61,150.66,84.84,-60.52,-1084.66,-10103.93,539.38,8646.04,-2304.46,78.83,1777.52,-2225.62,-448.1
1091,550.47,1315.36,1674.47,141.47,86.17,-63.31,-1099.91,-10176.24,540.71,8742.72,-2288.9,77.0,1711.91,-2211.9,-500.0
1101,565.8,1310.41,1685.34,145.72,95.5,-64.87,-1096.79,-10200.42,547.32,8649.81,-2222.69,78.65,1637.82,-2144.04,-506.21
1111,547.34,1280.95,1663.39,144.99,83.25,-49.09,-1072.8,-10231.43,535.12,8690.92,-2208.59,77.04,1592.64,-2131.55,-538.91
1121,564.58,1301.65,1687.43,152.54,83.87,-58.9,-1085.7,-10246.45,559.37,8701.32,-2214.32,78.38,1659.71,-2135.94,-476.23
1131,537.74,1304.16,1688.07,154.66,97.61,-53.5,-1128.65,-10173.94,567.68,8696.58,-2253.15,76.81,1690.42,-2176.34,-485.92
1141,575.66,1284.7,1694.02,147.88,101.32,-55.34,-1088.56,-10267.87,546.34,8725.79,-2205.11,77.93,1663.93,-2127.17,-463.24
1151,561.2,1294.71,1690.52,148.62,81.76,-63.74,-1090.05,-10270.38,546.28,8716.73,-2197.84,77.31,1615.66,-2120.53,-504.88
1161,562.74,1305.16,1692.84,147.0,80.24,-62.1,-1084.77,-10313.07,563.53,8757.19,-2187.2,78.07,1648.77,-2109.12,-460.35
1171,562.49,1271.71,1689.16,147.94,78.23,-57.09,-1095.01,-10222.13,549.97,8693.22,-2205.14,78.24,1618.5,-2126.9,-508.4
1181,561.89,1290.75,1682.84,148.17,92.12,-62.9,-1092.74,-10233.09,536.87,8654.72,-2178.76,78.28,1578.65,-2100.48,-521.83
1191,547.56,1309.88,1677.68,149.88,79.69,-71.47,-1107.49,-10199.85,520.25,8666.76,-2214.17,77.5,1572.88,-2136.67,-563.79
1201,566.27,1309.71,1678.5,154.16,82.35,-54.9,-1082.33,-10228.24,545.03,8628.13,-2183.4,76.58,1598.68,-2106.83,-508.15
1211,541.43,1332.66,1670.5,161.29,90.26,-56.9,-1101.77,-10205.01,548.76,8672.21,-2225.93,77.43,1653.44,-2148.5,-495.06
1221,543.82,1360.82,1689.46,144.96,80.82,-64.05,-1114.4,-10169.28,554.53,8670.68,-2244.41,76.61,1697.34,-2167.8,-470.46
1231,527.58,1347.01,1678.72,150.29,80.32,-58.11,-1103.85,-10230.87,538.14,8683.14,-2212.75,77.18,1612.36,-2135.57,-523.2
1241,589.04,1343.06,1697.21,147.1,86.3,-61.69,-1074.19,-10190.91,524.03,8637.8,-2206.01,77.36,1697.74,-2128.65,-430.91
1251,561.99,1344.43,1661.93,147.13,82.12,-64.2,-1082.02,-10129.73,540.46,8584.43,-2236.82,77.27,1646.54,-2159.55,-513.01
1261,558.65,1326.6,1686.15,153.49,84.0,-60.71,-1083.08,-10163.11,552.73,8615.87,-2217.48,78.13,1670.6,-2139.35,-468.75
1271,559.92,1348.6,1647.13,152.67,88.64,-62.56,-1093.05,-10221.73,531.95,8701.91,-2216.31,77.7,1653.48,-2138.61,-485.13
1281,526.7,1302.0,1691.03,155.63,77.77,-57.13,-1099.77,-10270.16,541.01,8760.31,-2227.53,78.75,1627.38,-2148.78,-521.41
1291,579.35,1315.23,1709.62,142.65,79.15,-67.98,-1073.86,-10230.69,542.67,8676.57,-2222.15,78.93,1672.7,-2143.21,-470.52
1301,578.89,1322.85,1690.27,154.96,92.09,-62.23,-1102.04,-10252.26,547.0,8701.97,-2206.12,77.14,1671.5,-2128.99,-457.49
1311,542.57,1288.1,1681.2,145.69,83.86,-59.76,-1088.22,-10257.86,566.28,8704.61,-2201.47,77.23,1606.48,-2124.23,-517.75
1321,561.1,1308.84,1685.57,144.96,90.64,-51.99,-1088.0,-10203.63,531.45,8677.95,-2233.3,77.32,1656.88,-2155.98,-499.09
1331,577.55,1291.85,1675.55,146.4,79.51,-54.33,-1103.2,-10197.18,529.14,8694.88,-2242.3,78.94,1640.16,-2163.36,-523.2
1341,539.1,1269.4,1694.19,141.91,80.8,-59.29,-1091.0,-10206.71,546.2,8744.47,-2274.19,76.22,1659.05,-2197.97,-538.92
1351,580.02,1285.38,1677.06,157.66,82.09,-54.1,-1070.68,-10226.63,544.64,8690.82,-2227.81,76.49,1666.24,-2151.32,-485.07
1361,560.78,1293.96,1678.98,155.68,76.71,-42.35,-1111.83,-10266.08,519.12,8705.06,-2186.95,77.83,1569.99,-2109.12,-539.12
1371,515.0,1315.61,1683.29,148.66,91.36,-55.68,-1128.97,-10199.64,549.1,8724.67,-2246.51,77.5,1643.4,-2169.01,-525.61
1381,531.81,1308.9,1679.9,148.09,87.88,-47.95,-1085.16,-10227.04,541.64,8702.69,-2228.75,77.89,1640.77,-2150.86,-510.09
1391,522.31,1308.87,1682.32,148.07,96.15,-62.39,-1100.83,-10236.23,556.68,8709.28,-2225.33,77.32,1624.23,-2148.01,-523.78
1401,570.63,1327.97,1669.95,155.79,71.78,-66.05,-1122.29,-10180.49,541.72,8656.33,-2215.13,77.09,1625.36,-2138.04,-512.68
1411,530.8,1278.8,1701.75,141.04,88.55,-60.88,-1105.27,-10203.33,557.23,8734.23,-2248.45,77.47,1662.93,-2170.98,-508.05
1421,518.7,1330.9,1686.62,156.81,88.07,-54.69,-1096.27,-10171.56,551.17,8702.0,-2258.44,77.6,1711.76,-2180.84,-469.08
1431,526.27,1337.24,1683.94,147.24,87.67,-57.74,-1080.69,-10260.62,551.29,8702.83,-2204.65,77.92,1637.45,-2126.73,-489.28
1441,549.17,1288.14,1683.79,150.19,91.53,-57.65,-1091.9,-10198.41,559.98,8713.11,-2251.45,78.0,1687.93,-2173.45,-485.52
1451,557.67,1310.02,1675.57,157.47,95.4,-57.58,-1092.91,-10142.39,543.16,8645.14,-2260.35,78.58,1691.54,-2181.77,-490.23
1461,553.0,1296.43,1688.05,145.79,80.7,-62.3,-1079.82,-10224.67,547.92,8698.15,-2232.78,78.57,1643.24,-2154.21,-510.97
1471,564.7,1347.44,1705.27,157.13,80.95,-68.36,-1123.33,-10197.35,542.15,8705.37,-2230.91,76.2,1713.98,-2154.71,-440.74
1481,557.12,1315.88,1678.12,146.54,77.57,-56.75,-1104.99,-10111.15,524.45,8668.08,-2293.97,78.7,1694.88,-2215.27,-520.39
1491,530.01,1312.59,1692.63,149.48,91.96,-56.95,-1091.74,-10110.04,542.58,8718.1,-2335.93,79.43,1778.63,-2256.5,-477.87
1501,560.77,1304.11,1696.65,147.17,93.38,-61.89,-1116.79,-10082.15,540.81,8674.08,-2329.44,78.63,1756.14,-2250.81,-494.67
1511,593.17,1283.84,1679.97,154.71,87.43,-67.99,-1085.47,-10167.49,547.96,8664.71,-2272.36,77.42,1690.83,-2194.94,-504.1
1521,572.89,1290.97,1663.17,146.46,78.06,-56.82,-1106.5,-10142.43,540.55,8650.1,-2261.32,77.64,1636.46,-2183.68,-547.22
1531,559.96,1311.04,1671.64,149.95,82.97,-56.34,-1095.36,-10219.56,538.16,8727.46,-2245.21,79.05,1669.92,-2166.16,-496.25
1541,523.23,1271.43,1691.36,152.09,85.63,-61.86,-1085.31,-10178.84,566.64,8725.99,-2274.03,79.04,1690.34,-2194.99,-504.65
1551,557.53,1310.14,1700.72,151.27,72.5,-60.87,-1089.31,-10147.71,539.45,8680.52,-2289.08,78.64,1714.24,-2210.44,-496.21
1561,551.93,1297.6,1685.62,145.67,96.0,-52.72,-1100.08,-10220.48,545.54,8727.12,-2236.88,78.08,1676.2,-2158.79,-482.6
1571,559.49,1283.59,1697.28,144.7,95.11,-70.85,-1089.2,-10218.65,545.06,8715.12,-2228.91,78.24,1661.65,-2150.67,-489.02
1581,551.5,1339.83,1701.41,149.58,82.57,-51.36,-1101.27,-10145.65,553.3,8651.21,-2258.62,79.47,1731.11,-2179.14,-448.03
1591,540.35,1357.2,1680.95,156.25,96.28,-53.46,-1104.23,-10180.78,534.24,8693.45,-2256.79,78.06,1720.23,-2178.74,-458.5
1601,561.08,1345.06,1685.37,149.48,91.49,-54.3,-1097.41,-10239.89,553.55,8693.91,-2206.28,77.99,1688.34,-2128.29,-439.95
1611,535.28,1314.14,1681.75,146.31,79.42,-64.03,-1102.39,-10180.78,549.15,8711.01,-2259.1,78.62,1669.86,-2180.48,-510.63
1621,566.5,1338.88,1673.8,155.04,82.2,-54.6,-1128.26,-10143.85,529.47,8694.19,-2280.15,77.63,1713.37,-2202.52,-489.15
1631,577.77,1267.35,1722.32,136.16,89.35,-66.86,-1093.38,-10148.47,534.32,8707.11,-2285.84,77.87,1725.68,-2207.97,-482.29
1641,556.1,1320.31,1673.2,140.66,84.06,-52.29,-1115.29,-10155.79,530.74,8700.76,-2271.16,78.62,1682.46,-2192.54,-510.08
1651,586.43,1305.83,1670.78,151.76,89.37,-54.71,-1086.51,-10060.48,535.17,8644.13,-2324.95,78.16,1781.77,-2246.79,-465.02
1661,505.05,1301.59,1686.42,136.93,86.27,-52.88,-1105.34,-10187.46,552.24,8772.18,-2301.54,78.81,1695.0,-2222.73,-527.73
1671,576.19,1281.38,1671.38,142.05,85.73,-58.63,-1101.8,-10121.05,528.64,8726.18,-2322.45,78.27,1730.06,-2244.17,-514.11
1681,559.72,1284.18,1674.89,151.82,84.67,-50.93,-1098.9,-10117.8,543.73,8708.9,-2300.4,77.98,1740.27,-2222.42,-482.15
1691,552.27,1291.5,1685.64,144.88,86.75,-55.98,-1116.5,-10102.41,539.93,8628.09,-2277.45,77.63,1654.18,-2199.82,-545.64
1701,548.25,1310.72,1670.79,143.84,77.18,-54.3,-1089.52,-10147.29,531.9,8690.9,-2275.77,77.84,1682.46,-2197.93,-515.47
1711,562.34,1326.13,1687.37,161.04,77.82,-66.32,-1102.69,-10071.37,523.81,8677.47,-2352.86,79.55,1775.6,-2273.31,-497.72
1721,567.22,1279.2,1687.26,149.45,77.78,-58.7,-1088.86,-10193.0,553.92,8668.76,-2258.61,77.97,1643.02,-2180.64,-537.62
1731,530.31,1360.32,1681.13,148.12,81.79,-67.96,-1092.76,-10156.6,534.48,8683.82,-2283.33,78.07,1702.65,-2205.25,-502.6
1741,557.86,1304.33,1679.96,146.84,86.68,-49.26,-1062.14,-10218.7,540.59,8683.13,-2225.74,78.95,1669.3,-2146.79,-477.48
1751,536.08,1311.66,1674.08,152.29,101.87,-44.87,-1096.73,-10149.38,558.7,8658.62,-2290.43,77.36,1702.31,-2213.08,-510.76
1761,586.4,1302.32,1695.88,157.4,91.17,-58.99,-1103.97,-10188.7,537.73,8723.61,-2270.64,77.72,1742.84,-2192.92,-450.08
1771,577.07,1269.03,1685.72,150.09,96.64,-57.68,-1094.77,-10179.42,517.1,8676.43,-2261.53,78.48,1640.21,-2183.04,-542.84
1781,576.19,1346.04,1701.67,153.21,89.99,-58.48,-1090.08,-10115.56,557.64,8633.15,-2268.21,77.34,1793.76,-2190.87,-397.1
1791,542.28,1332.36,1681.21,149.3,94.46,-56.04,-1092.17,-10204.19,534.98,8665.7,-2249.81,79.04,1647.88,-2170.77,-522.89
1801,576.11,1306.82,1669.51,147.35,87.82,-54.19,-1075.96,-10153.14,542.67,8649.07,-2254.53,77.78,1696.07,-2176.75,-480.68
1811,541.25,1335.36,1675.8,151.65,88.09,-63.56,-1123.84,-10175.34,526.94,8704.25,-2232.79,78.02,1660.61,-2154.77,-494.17
1821,565.19,1297.41,1698.78,156.34,88.3,-58.18,-1123.68,-10126.36,541.13,8671.66,-2288.75,78.1,1710.57,-2210.65,-500.08
1831,574.6,1316.54,1665.14,149.75,87.45,-49.94,-1109.23,-10189.12,532.48,8733.85,-2277.84,77.88,1711.52,-2199.96,-488.44
1841,552.36,1294.28,1694.31,146.51,90.91,-63.28,-1123.2,-10194.11,534.94,8753.93,-2282.69,78.86,1686.64,-2203.83,-517.19
1851,580.23,1285.14,1666.19,153.69,82.28,-62.27,-1107.02,-10215.08,533.62,8721.62,-2244.38,77.65,1638.41,-2166.73,-528.33
1861,563.96,1309.8,1694.8,148.87,87.45,-62.7,-1091.18,-10177.88,517.01,8658.96,-2261.74,79.49,1649.09,-2182.25,-533.17
1871,555.41,1308.08,1704.52,162.71,80.73,-58.57,-1077.03,-10122.31,543.05,8700.47,-2291.79,77.81,1797.05,-2213.99,-416.94
1881,567.96,1307.87,1655.37,152.96,76.95,-50.1,-1098.73,-10139.21,542.82,8734.97,-2305.07,77.55,1750.87,-2227.52,-476.65
1891,568.89,1287.92,1681.7,150.68,83.33,-50.17,-1133.39,-10116.83,535.27,8732.48,-2313.61,77.18,1739.88,-2236.43,-496.55
1901,546.77,1284.05,1712.95,140.47,89.2,-69.15,-1133.97,-10123.57,519.24,8705.99,-2296.24,78.29,1671.98,-2217.94,-545.96
1911,566.14,1312.51,1712.38,142.19,76.72,-56.27,-1096.92,-10071.72,541.71,8669.68,-2328.03,79.23,1796.42,-2248.8,-452.39
1921,595.94,1318.01,1686.93,146.2,75.06,-66.7,-1103.78,-10170.58,535.7,8718.73,-2269.04,79.42,1735.5,-2189.62,-454.12
1931,564.33,1301.51,1688.76,140.34,78.2,-61.77,-1113.72,-10143.11,542.66,8689.66,-2269.13,77.58,1686.87,-2191.55,-504.68
1941,550.73,1313.05,1688.33,147.54,78.03,-63.41,-1110.45,-10097.45,527.59,8675.45,-2280.02,77.12,1709.43,-2202.91,-493.48
1951,534.55,1311.6,1664.42,141.83,80.89,-62.06,-1098.83,-10005.56,542.89,8648.03,-2354.67,78.59,1757.76,-2276.08,-518.32
1961,534.4,1315.67,1708.52,143.05,91.69,-54.97,-1144.2,-10046.08,537.6,8658.92,-2312.38,78.47,1744.61,-2233.91,-489.3
1971,570.54,1265.17,1690.76,143.3,78.69,-58.81,-1127.41,-10103.37,526.29,8733.0,-2328.49,78.31,1718.15,-2250.17,-532.02
1981,541.58,1284.54,1681.71,148.2,90.69,-67.29,-1147.16,-10061.72,545.48,8727.94,-2343.33,77.89,1743.99,-2265.44,-521.45
1991,555.8,1308.88,1707.35,155.33,80.58,-62.83,-1089.12,-10094.9,531.56,8665.87,-2321.16,79.48,1758.52,-2241.68,-483.15
2001,536.02,1256.25,1695.76,147.45,82.01,-76.45,-1116.42,-10027.68,543.87,8685.24,-2348.03,79.12,1726.05,-2268.91,-542.85
2011,551.23,1271.82,1684.89,145.26,79.05,-54.21,-1123.12,-10102.57,539.78,8694.51,-2314.14,78.23,1686.65,-2235.91,-549.26
2021,561.62,1322.05,1700.67,145.45,73.92,-59.86,-1115.35,-10082.05,529.03,8722.81,-2320.42,77.77,1798.29,-2242.65,-444.37
2031,524.33,1339.71,1668.05,155.6,85.97,-65.86,-1106.08,-9988.16,553.56,8622.36,-2357.37,79.19,1789.46,-2278.17,-488.71
2041,526.51,1342.65,1699.13,147.04,82.22,-53.36,-1103.79,-10021.22,547.69,8603.45,-2329.38,78.65,1770.33,-2250.73,-480.4
2051,541.87,1333.93,1666.98,156.76,78.55,-66.95,-1088.1,-10110.77,540.87,8664.1,-2271.34,79.91,1717.24,-2191.43,-474.19
2061,536.86,1335.62,1684.92,137.96,80.53,-65.52,-1112.28,-10057.47,545.23,8684.91,-2316.99,77.48,1770.78,-2239.51,-468.74
2071,552.45,1319.4,1693.94,152.23,78.05,-69.7,-1116.31,-10115.63,554.28,8678.03,-2286.99,79.06,1726.74,-2207.93,-481.19
2081,541.14,1298.0,1677.97,148.94,88.29,-60.09,-1133.65,-10039.73,543.96,8664.33,-2332.96,78.11,1729.17,-2254.85,-525.68
2091,568.38,1319.42,1671.57,153.69,91.43,-62.32,-1124.48,-10002.06,553.9,8631.82,-2346.61,78.91,1801.34,-2267.7,-466.37
2101,577.76,1336.22,1665.65,140.29,84.42,-68.9,-1112.51,-9999.11,516.02,8626.14,-2369.19,79.55,1765.98,-2289.63,-523.65
2111,553.51,1260.13,1684.98,155.51,85.17,-67.65,-1100.75,-10031.13,560.03,8646.66,-2326.2,78.48,1746.46,-2247.72,-501.26
2121,565.54,1301.35,1716.93,150.43,75.99,-61.58,-1110.66,-10019.49,543.29,8608.78,-2308.17,77.98,1770.57,-2230.19,-459.61
2131,551.04,1323.32,1675.4,149.83,77.59,-50.28,-1122.9,-10100.44,535.02,8721.07,-2310.8,77.62,1759.66,-2233.18,-473.52
2141,529.25,1356.16,1676.48,152.35,91.49,-74.41,-1112.24,-9926.5,528.56,8627.92,-2413.96,78.2,1849.05,-2335.76,-486.71
2151,536.56,1315.68,1676.27,146.28,84.45,-70.2,-1087.01,-10104.76,532.96,8704.15,-2300.69,77.18,1734.37,-2223.51,-489.14
2161,570.38,1315.59,1693.27,151.67,86.55,-62.99,-1120.91,-10073.1,516.42,8705.63,-2345.56,76.81,1782.49,-2268.74,-486.25
2171,519.18,1306.24,1700.03,147.24,81.07,-56.3,-1099.85,-10162.81,552.36,8710.37,-2267.25,77.45,1697.52,-2189.8,-492.28
2181,550.99,1289.72,1696.72,150.73,91.31,-52.31,-1123.13,-10127.94,533.08,8703.87,-2321.05,78.48,1713.05,-2242.57,-529.52
2191,568.55,1285.56,1664.68,144.88,80.57,-58.85,-1093.77,-10124.07,539.07,8708.53,-2316.09,78.92,1715.16,-2237.17,-522.01
2201,610.46,1288.99,1686.58,158.06,87.9,-65.24,-1111.02,-10136.98,526.27,8676.76,-2294.08,78.12,1721.8,-2215.96,-494.17
2211,512.0,1236.55,1686.52,138.68,84.94,-65.82,-1089.44,-10181.75,535.16,8727.18,-2263.36,77.68,1584.02,-2185.68,-601.66
2221,591.57,1301.91,1682.28,156.01,84.83,-56.94,-1110.82,-10120.21,540.47,8688.44,-2315.03,77.47,1757.54,-2237.56,-480.02
2231,546.13,1295.55,1703.28,144.96,94.13,-63.55,-1105.26,-10181.24,540.68,8747.99,-2295.03,77.95,1722.67,-2217.08,-494.41
2241,550.34,1295.74,1689.52,143.7,70.95,-61.04,-1082.56,-10103.26,550.01,8694.02,-2339.49,77.86,1747.43,-2261.62,-514.19
2251,574.14,1327.13,1682.79,149.97,85.74,-61.11,-1109.72,-10083.8,543.03,8671.1,-2318.55,78.51,1779.28,-2240.04,-460.75
2261,558.76,1304.85,1675.42,146.22,93.83,-60.91,-1124.29,-10104.69,538.03,8718.57,-2315.79,77.5,1745.78,-2238.3,-492.52
2271,544.44,1356.13,1647.48,148.92,85.38,-53.2,-1101.93,-10027.78,536.6,8648.15,-2366.12,78.99,1784.19,-2287.13,-502.94
2281,504.85,1304.82,1671.73,156.26,81.05,-69.85,-1092.0,-10113.3,542.25,8684.69,-2296.41,78.6,1670.5,-2217.81,-547.31
2291,530.18,1360.98,1683.28,156.84,76.48,-68.94,-1090.14,-10036.96,553.31,8684.76,-2369.21,79.1,1849.77,-2290.11,-440.35
2301,542.99,1308.98,1697.93,149.61,79.01,-57.8,-1120.21,-10053.27,545.39,8657.97,-2325.76,78.9,1750.59,-2246.87,-496.28
2311,552.44,1265.31,1673.14,149.73,80.83,-59.52,-1123.65,-10086.65,553.52,8712.22,-2343.77,78.15,1717.37,-2265.62,-548.25
2321,557.0,1273.62,1669.57,141.75,88.25,-59.29,-1101.45,-10123.48,540.69,8706.63,-2296.22,77.24,1693.3,-2218.98,-525.69
2331,515.51,1285.12,1661.2,140.18,88.37,-53.76,-1137.54,-10040.67,538.23,8690.11,-2349.89,78.8,1686.76,-2271.08,-584.32
2341,531.24,1283.73,1703.3,145.9,84.24,-66.18,-1097.15,-10013.09,540.32,8670.99,-2397.06,78.25,1783.31,-2318.81,-535.5
2351,537.28,1316.82,1695.44,143.22,82.71,-67.02,-1104.24,-9991.72,547.18,8604.7,-2346.35,79.31,1764.37,-2267.04,-502.66
2361,563.62,1366.47,1656.89,149.03,83.46,-56.31,-1094.5,-10019.74,524.59,8632.59,-2366.71,79.69,1806.12,-2287.02,-480.9
2371,546.92,1286.5,1687.5,149.77,85.86,-56.87,-1100.55,-10085.08,542.16,8723.15,-2364.81,79.1,1779.36,-2285.71,-506.35
2381,549.69,1322.44,1680.83,145.19,87.57,-56.49,-1108.56,-10006.3,546.65,8700.61,-2388.73,77.94,1861.65,-2310.79,-449.15
2391,588.13,1252.76,1682.0,149.52,80.16,-70.83,-1106.5,-9988.2,543.63,8651.64,-2380.05,78.42,1782.31,-2301.63,-519.32
2401,547.41,1294.78,1695.86,149.84,90.16,-64.15,-1108.36,-10025.24,570.86,8629.22,-2323.61,78.37,1780.37,-2245.25,-464.87
2411,556.76,1310.17,1678.64,142.76,75.18,-62.87,-1099.2,-10058.07,549.36,8683.97,-2348.81,79.73,1776.7,-2269.08,-492.39
2421,551.14,1290.72,1677.88,149.19,81.95,-47.54,-1101.16,-10111.21,547.53,8725.25,-2320.48,78.8,1763.75,-2241.68,-477.93
2431,547.99,1347.3,1687.73,139.78,82.11,-47.52,-1129.97,-10029.8,521.58,8676.31,-2360.51,78.8,1795.51,-2281.7,-486.19
2441,555.24,1298.61,1668.27,143.29,88.0,-66.5,-1093.46,-10106.04,545.94,8672.42,-2301.65,78.09,1705.78,-2223.57,-517.79
2451,565.67,1311.63,1684.76,146.51,83.35,-57.04,-1134.81,-10031.14,541.03,8657.01,-2322.55,77.62,1766.98,-2244.94,-477.96
2461,553.88,1314.97,1679.77,151.53,82.15,-63.16,-1116.59,-10021.99,535.12,8696.41,-2383.84,78.22,1812.12,-2305.62,-493.5
2471,536.95,1306.99,1687.11,147.72,92.81,-68.57,-1121.23,-10050.4,539.81,8673.76,-2342.69,77.61,1744.94,-2265.08,-520.14
2481,560.5,1325.7,1690.84,153.77,87.72,-64.34,-1103.16,-10055.06,535.77,8652.75,-2320.72,77.95,1784.49,-2242.77,-458.28
2491,586.94,1284.78,1715.77,153.54,75.75,-70.59,-1104.54,-9998.2,531.61,8676.41,-2381.18,79.13,1851.47,-2302.05,-450.58
2501,540.15,1275.96,1717.85,143.53,92.74,-62.95,-1113.65,-10069.04,544.98,8696.96,-2351.34,78.58,1766.52,-2272.77,-506.24
2511,529.29,1328.65,1676.34,147.63,81.5,-58.16,-1081.93,-10052.75,537.88,8672.61,-2340.55,78.5,1781.06,-2262.05,-480.99
2521,552.1,1272.35,1717.6,147.94,75.02,-50.43,-1093.69,-10138.92,538.28,8748.88,-2321.87,79.89,1769.14,-2241.98,-472.84
2531,584.77,1310.53,1703.61,155.81,67.14,-63.01,-1100.66,-10080.01,523.09,8670.97,-2296.86,77.77,1772.24,-2219.09,-446.85
2541,564.02,1326.43,1642.29,160.26,85.63,-59.29,-1105.05,-10102.48,558.57,8682.65,-2298.93,78.38,1753.02,-2220.55,-467.53
2551,513.77,1310.24,1690.57,142.97,86.13,-60.64,-1078.82,-10099.17,550.67,8702.87,-2333.24,78.99,1758.6,-2254.25,-495.65
2561,554.0,1279.96,1709.6,140.82,89.43,-68.28,-1093.3,-10073.77,535.87,8701.66,-2353.78,78.86,1776.0,-2274.92,-498.92
2571,561.63,1313.25,1689.76,146.98,89.04,-67.42,-1094.92,-10000.85,543.31,8677.87,-2379.36,78.14,1858.64,-2301.22,-442.58
2581,549.78,1279.56,1681.68,145.27,79.69,-64.92,-1111.71,-10037.6,540.71,8690.47,-2374.73,78.46,1752.94,-2296.28,-543.34
2591,543.68,1331.76,1694.08,150.24,87.52,-67.09,-1109.02,-10049.01,555.81,8718.71,-2383.18,78.02,1856.69,-2305.16,-448.48
2601,552.78,1311.7,1689.48,147.99,86.76,-56.39,-1113.55,-10057.3,530.76,8698.57,-2346.58,77.76,1790.79,-2268.82,-478.03
2611,546.95,1315.12,1691.71,154.66,78.57,-49.15,-1116.59,-10047.14,558.62,8682.36,-2351.47,77.5,1815.1,-2273.97,-458.87
2621,557.04,1326.19,1675.77,153.08,80.8,-62.76,-1109.14,-10100.85,533.06,8684.25,-2306.04,78.4,1737.45,-2227.64,-490.19
2631,550.66,1323.43,1686.62,155.1,82.75,-72.71,-1141.38,-10067.1,547.94,8662.22,-2318.57,77.86,1727.53,-2240.72,-513.18
2641,544.25,1306.04,1659.75,158.01,74.78,-51.21,-1122.86,-10072.75,534.36,8660.65,-2317.23,77.19,1691.0,-2240.04,-549.03
2651,522.65,1289.74,1687.65,160.99,86.1,-56.55,-1105.41,-10054.0,554.96,8708.28,-2359.28,78.93,1794.42,-2280.36,-485.94
2661,545.36,1319.78,1701.97,146.38,83.51,-65.4,-1119.64,-9991.26,558.29,8634.02,-2359.53,79.4,1813.02,-2280.13,-467.1
2671,513.82,1350.88,1676.13,151.91,75.81,-63.35,-1112.15,-9966.98,549.37,8626.41,-2374.4,79.4,1801.86,-2295.0,-493.14
2681,548.06,1277.76,1683.34,145.3,74.76,-54.97,-1115.91,-10042.23,543.19,8655.96,-2332.62,78.47,1715.26,-2254.15,-538.89
2691,543.29,1306.48,1710.67,151.73,86.34,-51.97,-1119.96,-9970.82,536.22,8615.19,-2358.47,79.66,1807.17,-2278.81,-471.64
2701,524.07,1288.23,1679.86,151.21,79.56,-68.77,-1115.2,-10058.65,555.5,8721.93,-2331.54,79.6,1757.74,-2251.94,-494.2
2711,567.1,1297.37,1670.07,150.19,83.13,-67.57,-1103.11,-9942.68,523.65,8619.12,-2372.39,79.64,1797.28,-2292.75,-495.47
2721,534.71,1314.01,1677.13,158.01,83.53,-55.58,-1091.23,-10046.47,541.53,8657.81,-2316.2,80.34,1773.44,-2235.85,-462.41
2731,556.99,1299.31,1673.39,150.69,86.91,-62.74,-1102.75,-10012.84,550.17,8617.03,-2325.35,78.97,1756.18,-2246.38,-490.21
2741,572.62,1327.33,1694.48,156.1,82.22,-68.76,-1107.16,-9942.57,540.29,8610.47,-2355.77,80.32,1865.02,-2275.45,-410.43
2751,550.79,1327.42,1688.91,158.36,79.55,-65.45,-1106.19,-10097.87,553.82,8707.44,-2309.85,78.62,1796.78,-2231.23,-434.45
2761,533.59,1374.67,1690.14,153.41,86.52,-67.29,-1099.69,-9997.8,553.45,8599.9,-2326.88,79.22,1826.89,-2247.65,-420.76
2771,571.52,1310.19,1687.32,149.25,89.32,-70.42,-1099.73,-10020.73,531.86,8635.77,-2357.03,78.45,1784.35,-2278.58,-494.23
2781,546.78,1283.5,1697.51,149.89,77.22,-41.13,-1125.71,-10012.49,550.09,8674.89,-2339.23,78.17,1800.56,-2261.06,-460.5
2791,571.29,1277.46,1685.39,147.47,88.24,-55.79,-1118.01,-10102.25,544.92,8736.08,-2314.02,78.37,1774.78,-2235.64,-460.86
2801,579.72,1272.58,1698.77,160.44,77.95,-53.78,-1106.38,-10070.65,540.63,8681.06,-2290.26,79.02,1780.36,-2211.23,-430.87
2811,545.57,1311.06,1685.29,152.83,89.73,-61.03,-1114.41,-10072.34,559.08,8683.77,-2323.02,78.9,1779.56,-2244.12,-464.56
2821,578.0,1280.24,1676.01,144.37,81.19,-59.96,-1086.8,-10071.43,518.41,8684.49,-2331.07,79.29,1744.52,-2251.78,-507.26
2831,557.68,1329.62,1689.95,148.82,84.11,-62.18,-1093.69,-10033.03,544.24,8633.19,-2326.26,78.12,1798.72,-2248.14,-449.41
2841,542.56,1325.77,1681.93,153.16,84.76,-58.67,-1123.6,-10071.85,536.91,8644.04,-2298.3,77.92,1715.01,-2220.38,-505.37
2851,532.64,1317.02,1652.19,150.08,89.79,-62.09,-1119.86,-10086.35,549.28,8657.57,-2294.28,78.19,1680.29,-2216.1,-535.81
2861,554.16,1346.37,1676.22,155.67,81.65,-62.72,-1129.47,-10026.51,543.23,8634.16,-2321.73,79.22,1772.76,-2242.51,-469.74
2871,545.19,1251.42,1679.11,141.97,80.49,-58.57,-1117.08,-10117.63,547.65,8730.25,-2325.04,78.95,1682.81,-2246.09,-563.28
2881,546.05,1286.27,1680.18,153.28,86.65,-44.48,-1116.03,-10067.21,548.42,8627.87,-2294.68,77.58,1700.99,-2217.1,-516.11
2891,543.1,1332.2,1707.37,154.4,90.17,-68.63,-1102.97,-10051.74,535.86,8636.57,-2313.91,79.2,1776.32,-2234.7,-458.38
2901,555.91,1302.28,1682.25,144.8,87.6,-50.59,-1115.96,-10064.84,537.86,8639.08,-2306.99,78.69,1718.38,-2228.3,-509.92
2911,536.1,1326.9,1659.6,149.95,81.97,-69.53,-1112.19,-10106.44,528.52,8726.04,-2302.25,78.39,1720.92,-2223.87,-502.95
2921,526.07,1339.1,1664.0,149.03,94.84,-69.7,-1123.63,-10126.22,520.72,8704.02,-2291.21,79.47,1678.23,-2211.75,-533.52
2931,520.32,1283.91,1689.68,147.96,87.17,-55.23,-1106.7,-10088.64,540.61,8738.07,-2330.66,78.0,1757.16,-2252.66,-495.51
2941,556.55,1267.75,1682.36,147.56,82.59,-75.52,-1085.63,-10145.11,545.66,8734.31,-2297.75,79.37,1710.51,-2218.38,-507.87
2951,591.23,1308.39,1687.04,147.51,83.84,-68.71,-1121.64,-10086.05,543.14,8692.64,-2301.54,76.52,1777.38,-2225.02,-447.64
2961,519.58,1266.72,1667.43,146.08,97.43,-70.43,-1104.21,-10105.92,546.42,8720.3,-2305.31,78.49,1683.4,-2226.82,-543.42
2971,519.41,1320.23,1690.28,146.02,87.99,-66.38,-1101.24,-10053.15,546.55,8638.28,-2321.42,78.95,1727.99,-2242.47,-514.48
2981,547.31,1310.81,1690.29,143.06,89.5,-63.53,-1099.3,-10035.03,563.51,8681.6,-2371.23,78.83,1828.22,-2292.4,-464.18
2991,528.5,1343.72,1721.75,145.68,96.03,-73.06,-1118.19,-10063.95,554.71,8673.39,-2311.95,78.67,1808.6,-2233.28,-424.68
3001,585.58,1291.66,1664.48,153.46,85.34,-64.0,-1110.71,-10006.91,524.82,8700.57,-2386.64,78.99,1824.3,-2307.65,-483.35
3011,552.39,1323.28,1680.88,156.07,83.76,-71.18,-1111.36,-10065.27,548.48,8678.84,-2351.05,78.53,1775.89,-2272.52,-496.63
3021,541.02,1345.47,1678.31,152.58,77.81,-71.4,-1104.57,-9985.73,528.23,8688.39,-2401.13,80.09,1850.12,-2321.04,-470.92
3031,566.22,1311.87,1686.84,148.23,82.86,-75.11,-1114.37,-10042.43,548.77,8716.2,-2360.03,78.39,1829.09,-2281.64,-452.55
3041,568.35,1306.88,1656.69,145.48,72.75,-63.75,-1126.52,-9994.2,545.31,8666.0,-2376.38,76.71,1777.0,-2299.66,-522.67
3051,572.94,1324.06,1685.89,145.23,89.8,-66.71,-1108.29,-9927.19,538.23,8596.7,-2399.83,76.81,1850.65,-2323.03,-472.38
3061,560.9,1339.97,1697.49,154.28,96.54,-76.0,-1125.31,-9958.5,519.29,8607.37,-2357.6,78.09,1816.04,-2279.51,-463.47
3071,550.07,1342.79,1669.22,151.81,92.97,-69.34,-1117.22,-10002.8,533.89,8621.01,-2350.95,78.42,1772.38,-2272.53,-500.16
3081,563.66,1303.83,1659.38,147.26,83.03,-60.2,-1094.21,-10152.46,542.6,8715.42,-2292.23,79.79,1708.32,-2212.44,-504.12
3091,555.93,1284.78,1681.51,146.6,86.44,-66.33,-1078.67,-10072.37,559.36,8688.51,-2338.21,79.45,1785.76,-2258.76,-473.0
3101,529.13,1386.64,1696.92,159.11,83.28,-60.71,-1118.61,-10018.18,546.65,8646.46,-2366.75,79.18,1850.7,-2287.58,-436.87
3111,542.2,1315.91,1686.13,140.96,91.41,-67.64,-1079.54,-10052.52,569.8,8631.65,-2322.11,79.45,1778.38,-2242.66,-464.28
3121,563.02,1340.43,1664.99,149.11,87.0,-54.03,-1117.89,-10121.27,550.04,8702.14,-2309.12,76.72,1763.55,-2232.39,-468.84
3131,572.04,1291.63,1672.03,155.19,82.79,-61.81,-1113.61,-10139.08,540.18,8676.93,-2271.62,76.73,1676.29,-2194.89,-518.6
3141,515.19,1283.27,1696.95,143.87,89.17,-68.59,-1088.83,-10147.97,551.23,8684.15,-2263.56,78.58,1658.44,-2184.99,-526.54
3151,538.14,1272.48,1684.23,150.27,77.69,-58.99,-1116.92,-10113.48,545.87,8692.39,-2295.19,77.46,1671.66,-2217.73,-546.08
3161,564.75,1280.06,1676.48,154.83,82.82,-57.21,-1083.13,-10137.22,547.65,8647.93,-2256.11,78.6,1676.96,-2177.51,-500.55
3171,555.36,1288.77,1677.41,150.93,86.36,-58.26,-1101.02,-10060.27,541.41,8621.46,-2279.05,78.97,1702.14,-2200.08,-497.94
3181,582.16,1306.15,1674.99,154.98,75.22,-56.06,-1097.18,-10150.43,533.08,8674.0,-2266.46,76.43,1696.91,-2190.02,-493.11
3191,580.91,1260.13,1701.43,147.87,79.84,-66.34,-1093.32,-10048.96,525.06,8647.43,-2328.85,78.85,1734.06,-2250.0,-515.94
3201,530.65,1273.05,1690.73,151.19,82.18,-58.71,-1095.86,-10101.63,546.64,8701.51,-2316.69,79.33,1719.75,-2237.36,-517.61
3211,540.18,1349.07,1685.56,151.65,75.72,-62.18,-1139.44,-10018.25,535.32,8676.75,-2362.69,78.31,1794.37,-2284.38,-490.01
3221,547.27,1304.71,1673.09,148.66,90.71,-70.4,-1104.12,-10019.87,547.95,8644.57,-2351.02,77.3,1762.57,-2273.72,-511.15
3231,537.28,1282.53,1674.04,147.13,82.04,-58.72,-1087.95,-10092.23,531.75,8699.66,-2335.08,76.93,1715.53,-2258.16,-542.63
3241,527.25,1318.15,1659.9,145.79,74.01,-47.3,-1113.78,-10004.69,558.82,8643.04,-2362.58,77.78,1761.19,-2284.8,-523.61
3251,603.88,1311.16,1665.74,145.99,82.43,-62.94,-1085.64,-10064.51,522.37,8670.91,-2332.9,78.99,1789.41,-2253.91,-464.5
3261,524.34,1325.03,1685.26,153.85,84.11,-75.55,-1131.63,-10110.55,538.08,8739.32,-2333.88,78.65,1732.26,-2255.23,-522.97
3271,542.06,1285.93,1667.31,147.58,78.01,-62.06,-1131.65,-10191.04,541.86,8715.89,-2245.91,76.02,1593.9,-2169.88,-575.99
3281,547.94,1326.84,1690.22,154.27,88.41,-47.78,-1112.71,-10131.28,550.07,8691.4,-2267.84,77.03,1757.37,-2190.81,-433.45
3291,539.93,1336.95,1691.34,153.94,90.97,-60.35,-1131.34,-10135.42,534.87,8707.43,-2275.84,78.68,1728.33,-2197.16,-468.83
3301,553.64,1309.47,1688.48,147.29,100.47,-64.71,-1096.14,-10120.29,545.71,8722.33,-2317.99,78.06,1786.24,-2239.93,-453.69
3311,547.93,1238.88,1655.06,142.11,82.78,-60.8,-1092.88,-10065.74,538.13,8663.19,-2329.56,78.88,1648.66,-2250.69,-602.03
3321,582.3,1331.82,1683.21,148.26,75.84,-52.13,-1092.99,-9962.21,554.78,8548.64,-2336.26,78.13,1817.53,-2258.13,-440.6
3331,537.58,1332.12,1664.02,149.88,95.32,-49.8,-1146.31,-10021.56,552.32,8655.73,-2334.26,78.16,1769.31,-2256.11,-486.8
3341,576.32,1321.95,1676.05,149.7,87.44,-55.31,-1076.62,-10032.23,536.92,8643.98,-2367.12,80.05,1828.21,-2287.06,-458.85
3351,551.61,1321.08,1682.67,150.4,76.22,-62.69,-1092.16,-10050.1,545.02,8645.22,-2351.55,79.86,1767.28,-2271.69,-504.41
3361,568.8,1319.73,1684.99,148.31,96.18,-69.52,-1104.06,-10062.45,554.7,8647.94,-2321.26,78.28,1784.61,-2242.97,-458.36
3371,521.96,1312.55,1660.29,149.14,77.83,-55.92,-1107.25,-10075.12,545.55,8654.95,-2325.2,79.26,1683.99,-2245.94,-561.95
3381,531.72,1273.92,1684.69,145.63,84.57,-60.81,-1124.27,-10038.49,539.22,8718.35,-2366.3,78.81,1754.54,-2287.48,-532.95
3391,554.64,1287.19,1706.86,153.84,98.0,-53.6,-1097.15,-10141.4,536.07,8702.74,-2279.03,77.88,1747.2,-2201.15,-453.95
3401,555.92,1278.32,1664.48,141.06,76.92,-57.68,-1098.29,-10070.3,539.63,8648.04,-2301.61,78.63,1678.11,-2222.98,-544.87
3411,551.98,1309.31,1669.82,146.0,84.65,-62.48,-1117.96,-10136.95,543.58,8675.15,-2274.05,78.45,1663.1,-2195.6,-532.5
3421,540.46,1322.82,1691.46,146.4,79.03,-65.59,-1105.84,-10053.36,535.86,8617.21,-2316.49,79.49,1708.45,-2237.0,-528.55
3431,583.39,1246.67,1678.82,143.63,98.86,-66.57,-1078.27,-10147.8,539.17,8683.6,-2278.29,77.41,1681.5,-2200.89,-519.39
3441,536.54,1313.0,1687.84,140.16,89.67,-57.79,-1121.69,-10142.02,535.25,8711.56,-2271.45,78.44,1692.53,-2193.01,-500.48
3451,543.84,1351.2,1684.8,146.82,76.04,-45.83,-1107.33,-10137.89,554.77,8668.6,-2279.94,78.96,1735.01,-2200.98,-465.97
3461,529.72,1299.23,1684.66,146.33,78.92,-61.94,-1116.6,-10102.05,560.01,8702.26,-2313.17,78.7,1720.54,-2234.47,-513.93
3471,552.23,1315.91,1679.55,148.0,87.24,-62.44,-1119.46,-9995.25,531.02,8621.26,-2342.19,77.96,1758.05,-2264.22,-506.17
3481,567.96,1308.93,1666.41,154.87,78.26,-46.07,-1125.03,-10087.29,538.24,8702.02,-2318.24,77.84,1758.3,-2240.4,-482.1
3491,565.74,1315.43,1680.27,146.43,93.51,-59.89,-1125.53,-10032.01,537.46,8659.65,-2327.55,78.66,1781.06,-2248.89,-467.83
3501,557.39,1327.84,1670.85,146.93,78.84,-49.5,-1126.71,-10032.05,526.65,8652.97,-2338.2,77.89,1753.2,-2260.31,-507.11
3511,548.65,1311.56,1691.34,154.24,79.53,-46.43,-1091.4,-10115.33,576.41,8738.82,-2323.63,78.9,1847.39,-2244.72,-397.34
3521,543.25,1302.64,1694.28,150.83,92.29,-62.02,-1111.99,-10040.36,556.47,8633.2,-2324.77,78.79,1758.58,-2245.98,-487.4
3531,555.64,1316.29,1682.69,151.65,71.32,-55.96,-1112.62,-10051.91,545.47,8638.37,-2307.61,79.05,1740.93,-2228.56,-487.64
3541,567.09,1343.79,1690.81,150.62,76.98,-60.48,-1118.31,-10069.55,543.21,8669.7,-2308.06,79.51,1793.86,-2228.56,-434.7
3551,542.41,1282.77,1672.49,149.21,90.4,-67.7,-1066.5,-10114.6,566.01,8707.08,-2291.73,79.47,1761.56,-2212.27,-450.71
3561,560.81,1296.02,1674.23,148.07,87.27,-50.29,-1084.8,-10024.97,555.55,8580.63,-2284.46,80.09,1742.51,-2204.37,-461.86
3571,568.15,1236.49,1685.44,147.05,75.65,-60.3,-1117.45,-10035.23,535.85,8692.55,-2343.85,79.78,1728.2,-2264.07,-535.86
3581,601.22,1347.94,1656.32,153.78,100.3,-67.09,-1101.62,-10006.9,539.46,8615.21,-2324.95,79.47,1838.62,-2245.47,-406.85
3591,550.9,1323.93,1695.44,149.5,84.09,-47.94,-1102.97,-10048.89,541.37,8669.0,-2333.33,79.89,1814.44,-2253.45,-439.01
3601,524.53,1284.03,1684.77,159.66,82.78,-55.08,-1100.27,-10110.51,535.04,8726.44,-2308.77,78.31,1731.39,-2230.45,-499.07
3611,568.45,1310.9,1681.05,151.66,82.27,-61.96,-1114.07,-10095.74,536.2,8685.34,-2294.43,79.85,1744.09,-2214.58,-470.49
3621,528.49,1353.64,1685.97,151.59,79.83,-61.83,-1107.6,-10038.6,533.38,8650.45,-2324.68,78.6,1775.31,-2246.09,-470.77
3631,561.36,1275.1,1675.59,150.75,88.37,-47.0,-1099.25,-10110.52,564.14,8674.8,-2308.59,79.84,1733.34,-2228.75,-495.41
3641,562.55,1315.99,1680.18,147.38,89.47,-58.85,-1093.38,-10060.83,553.22,8657.11,-2329.25,79.56,1792.85,-2249.69,-456.84
3651,580.29,1299.62,1694.97,153.85,83.09,-61.93,-1097.64,-10093.65,550.72,8704.44,-2317.31,78.63,1813.76,-2238.68,-424.92
3661,566.18,1263.63,1673.4,140.87,91.35,-64.02,-1097.95,-10042.33,528.94,8678.88,-2345.36,79.6,1738.95,-2265.76,-526.8
3671,571.18,1343.73,1691.95,147.87,77.31,-61.98,-1124.47,-10047.95,545.2,8624.44,-2291.73,78.84,1767.28,-2212.89,-445.6
3681,586.13,1291.57,1705.72,148.78,78.39,-64.74,-1122.43,-10033.24,529.33,8626.67,-2315.97,79.34,1746.17,-2236.64,-490.47
3691,544.8,1313.61,1666.34,153.78,83.56,-58.61,-1120.13,-10056.78,558.2,8672.51,-2304.2,78.98,1757.28,-2225.22,-467.93
3701,500.75,1322.27,1681.99,138.88,89.23,-49.73,-1088.67,-10068.99,539.24,8620.78,-2298.7,77.72,1685.76,-2220.98,-535.23
3711,531.3,1314.5,1702.6,148.36,81.34,-65.29,-1108.61,-10033.69,538.84,8634.13,-2348.8,79.91,1743.46,-2268.88,-525.42
3721,562.16,1253.63,1663.59,148.3,89.73,-58.32,-1087.19,-10169.16,548.8,8703.4,-2255.32,77.91,1654.92,-2177.41,-522.49
3731,518.66,1302.53,1687.05,146.04,83.53,-51.51,-1112.55,-10124.03,534.87,8694.86,-2270.58,78.2,1679.44,-2192.38,-512.94
3741,517.67,1285.86,1696.99,154.76,85.64,-61.62,-1105.57,-10062.15,549.25,8716.51,-2354.7,78.67,1777.32,-2276.03,-498.71
3751,570.71,1345.48,1680.43,150.91,78.72,-54.99,-1088.24,-10010.82,541.4,8611.28,-2325.6,79.28,1824.88,-2246.32,-421.44
3761,545.37,1279.83,1687.22,140.17,81.91,-53.73,-1104.64,-10102.94,531.64,8661.56,-2295.24,78.38,1666.38,-2216.86,-550.47
3771,575.25,1291.78,1680.67,152.1,80.33,-52.11,-1100.98,-10120.66,526.54,8714.18,-2307.55,78.92,1747.1,-2228.63,-481.53
3781,561.02,1310.52,1679.88,144.9,74.59,-43.17,-1081.55,-10183.6,547.95,8629.36,-2230.1,78.77,1639.88,-2151.33,-511.45
3791,557.09,1352.04,1701.61,149.46,84.55,-54.86,-1094.04,-10090.97,538.17,8671.67,-2304.2,78.58,1814.73,-2225.62,-410.89
3801,515.55,1314.63,1677.15,151.62,85.06,-56.6,-1089.15,-10163.61,525.45,8707.58,-2263.27,79.07,1667.69,-2184.21,-516.52
3811,529.54,1310.45,1691.49,149.83,85.25,-63.4,-1097.79,-10140.69,547.7,8692.03,-2278.86,80.38,1704.41,-2198.48,-494.07
3821,549.62,1257.08,1695.5,137.61,93.56,-78.87,-1083.53,-10148.22,538.64,8692.83,-2289.74,78.5,1654.23,-2211.24,-557.01
3831,540.44,1273.34,1678.1,148.11,83.67,-60.29,-1104.11,-10105.17,536.41,8681.06,-2285.33,78.25,1671.57,-2207.08,-535.51
3841,544.09,1302.12,1660.31,150.19,98.65,-66.26,-1096.87,-10126.43,540.57,8699.03,-2272.36,78.34,1705.4,-2194.02,-488.62
3851,560.71,1298.43,1667.0,149.89,83.15,-61.33,-1103.15,-10105.89,536.6,8661.8,-2264.79,78.5,1687.23,-2186.3,-499.07
3861,533.42,1287.8,1666.07,153.0,78.18,-62.6,-1092.37,-10140.87,541.46,8754.67,-2289.52,77.78,1718.74,-2211.74,-493.0
3871,552.19,1299.09,1687.03,148.98,84.13,-72.08,-1133.57,-10126.79,533.9,8713.33,-2274.63,77.27,1686.22,-2197.36,-511.14
3881,525.51,1346.49,1652.81,146.06,89.3,-50.43,-1122.89,-10058.92,548.44,8642.6,-2299.93,77.57,1718.97,-2222.36,-503.39
3891,538.32,1309.41,1692.55,149.2,84.66,-55.74,-1103.44,-10054.77,543.98,8666.31,-2317.03,79.32,1770.48,-2237.7,-467.22
3901,587.12,1298.26,1699.85,150.94,81.08,-56.79,-1097.44,-10068.73,528.08,8604.58,-2284.34,78.37,1726.95,-2205.98,-479.03
3911,518.95,1318.24,1670.29,153.43,85.56,-60.77,-1102.21,-10147.72,548.92,8673.43,-2265.29,79.2,1658.12,-2186.09,-527.98
3921,528.57,1323.92,1697.19,147.99,97.07,-68.1,-1091.62,-10082.92,529.38,8648.01,-2280.64,78.89,1729.49,-2201.75,-472.26
3931,530.18,1324.41,1679.36,143.86,78.82,-66.06,-1110.76,-10013.25,523.86,8660.54,-2344.45,79.25,1750.96,-2265.19,-514.23
3941,549.65,1363.07,1705.78,156.09,81.36,-51.48,-1111.73,-10041.93,534.37,8718.54,-2363.17,78.85,1903.71,-2284.33,-380.61
3951,592.9,1302.92,1693.36,145.94,80.64,-52.8,-1105.6,-10115.99,528.52,8680.44,-2298.81,78.68,1750.33,-2220.12,-469.8
3961,574.6,1338.14,1727.93,153.03,86.25,-64.27,-1123.73,-10056.47,520.73,8672.88,-2311.54,78.86,1829.1,-2232.68,-403.59
3971,559.15,1316.82,1666.21,150.82,82.76,-48.44,-1104.17,-10129.32,549.49,8696.25,-2260.34,78.85,1739.58,-2181.49,-441.92
3981,531.03,1333.43,1686.8,145.86,80.32,-59.89,-1132.13,-10039.4,535.52,8639.14,-2316.65,78.92,1720.68,-2237.73,-517.05
3991,555.79,1303.62,1703.76,139.53,92.87,-65.19,-1115.03,-10067.6,535.04,8691.55,-2326.12,79.27,1774.35,-2246.85,-472.51
4001,556.12,1303.29,1671.4,158.37,88.18,-50.97,-1124.44,-10093.79,537.58,8680.44,-2319.1,78.85,1726.18,-2240.26,-514.08

Ligand Energy Terms
Frame #,BOND,ANGLE,DIHED,UB,IMP,CMAP,VDWAALS,EEL,1-4 VDW,1-4 EEL,EGB,ESURF,GGAS,GSOLV,TOTAL
1,8.32,16.71,49.79,3.96,0.8,0.0,-3.0,27.92,15.32,-51.89,-18.61,2.74,67.94,-15.87,52.06
11,7.01,19.86,50.68,3.92,1.41,0.0,-4.76,26.12,18.11,-45.95,-19.31,2.74,76.4,-16.57,59.84
21,7.58,15.4,49.26,3.51,0.82,0.0,-2.83,27.46,20.45,-50.08,-18.08,2.76,71.57,-15.32,56.25
31,7.63,16.27,51.27,3.99,0.29,0.0,-4.34,25.77,17.43,-47.43,-19.0,2.75,70.86,-16.26,54.61
41,7.74,16.28,49.64,3.12,0.42,0.0,-4.54,25.91,16.71,-46.47,-18.77,2.75,68.82,-16.02,52.81
51,8.07,15.6,49.95,5.18,0.24,0.0,-3.98,26.47,19.13,-50.14,-17.34,2.73,70.52,-14.61,55.91
61,10.58,14.03,53.18,2.69,0.3,0.0,-2.97,27.01,16.7,-50.53,-19.09,2.78,70.99,-16.32,54.68
71,13.24,20.21,48.39,6.73,0.03,0.0,-4.37,26.54,15.0,-49.2,-19.48,2.75,76.57,-16.73,59.84
81,7.42,17.34,47.6,4.05,1.48,0.0,-2.88,25.44,16.53,-47.57,-18.39,2.76,69.41,-15.63,53.78
91,14.11,20.3,48.84,5.01,0.07,0.0,-0.24,26.26,16.3,-50.04,-18.17,2.73,80.61,-15.44,65.18
101,10.0,16.05,50.09,4.5,0.37,0.0,-2.69,27.91,17.03,-52.15,-18.35,2.71,71.11,-15.64,55.47
111,11.5,15.9,54.56,3.42,1.17,0.0,-4.75,28.32,16.97,-50.62,-19.47,2.72,76.48,-16.75,59.73
121,7.15,17.52,50.15,4.81,0.62,0.0,-4.12,25.9,18.35,-47.26,-19.15,2.75,73.12,-16.4,56.72
131,9.2,26.58,49.13,4.95,0.34,0.0,-4.1,27.25,16.17,-50.75,-18.85,2.77,78.79,-16.09,62.7
141,9.8,20.41,48.34,3.72,0.08,0.0,-4.27,27.04,16.65,-50.65,-18.92,2.74,71.12,-16.18,54.94
151,10.85,15.79,49.11,3.49,0.15,0.0,-3.12,26.32,13.92,-48.9,-18.65,2.75,67.61,-15.9,51.71
161,10.81,14.29,50.45,4.24,0.03,0.0,-3.17,28.01,16.06,-51.41,-18.53,2.73,69.32,-15.8,53.52
171,8.57,17.32,51.41,2.49,0.75,0.0,-4.36,26.17,15.89,-50.26,-18.33,2.75,67.98,-15.58,52.41
181,8.67,17.07,49.12,4.79,1.39,0.0,-5.33,27.06,16.09,-48.51,-18.69,2.72,70.37,-15.97,54.4
191,7.62,17.81,48.09,3.26,0.18,0.0,-5.76,26.95,18.68,-48.96,-18.86,2.73,67.88,-16.12,51.76
201,6.94,17.47,50.58,2.67,0.68,0.0,-3.04,29.55,18.25,-55.42,-18.26,2.71,67.69,-15.55,52.14
211,13.4,14.83,53.1,4.0,0.79,0.0,-3.0,26.96,15.45,-49.27,-18.68,2.75,76.26,-15.92,60.34
221,9.07,16.22,53.94,3.88,1.51,0.0,-3.74,27.12,16.23,-49.79,-18.88,2.76,74.45,-16.12,58.32
231,13.29,15.36,48.63,5.13,0.85,0.0,-4.57,27.07,14.93,-48.96,-19.1,2.72,71.73,-16.38,55.35
241,7.49,21.33,49.36,4.95,0.91,0.0,-2.72,27.14,16.91,-48.98,-19.1,2.74,76.39,-16.36,60.03
251,12.0,19.1,47.81,3.53,1.27,0.0,-4.54,25.21,18.44,-47.08,-18.54,2.76,75.73,-15.78,59.95
261,7.22,19.32,49.89,3.88,0.69,0.0,-0.44,26.48,16.65,-48.35,-18.09,2.74,75.34,-15.35,59.99
271,10.18,18.0,52.23,3.36,1.12,0.0,-4.81,26.56,14.89,-48.67,-18.99,2.75,72.85,-16.24,56.61
281,12.49,15.21,52.29,2.72,0.47,0.0,-4.17,26.79,13.52,-49.14,-19.85,2.77,70.18,-17.08,53.11
291,9.36,21.02,50.61,4.85,0.19,0.0,-4.11,26.19,18.43,-48.74,-18.87,2.74,77.81,-16.13,61.68
301,5.4,18.64,52.59,3.95,0.37,0.0,-3.19,27.56,18.52,-50.88,-18.26,2.75,72.97,-15.51,57.46
311,9.39,12.07,49.61,2.49,1.42,0.0,-3.98,25.8,14.62,-48.01,-19.13,2.77,63.41,-16.36,47.05
321,8.18,19.43,50.24,2.5,0.18,0.0,-3.54,26.25,16.52,-49.44,-18.68,2.77,70.33,-15.91,54.42
331,5.62,20.26,48.13,3.92,1.68,0.0,-3.34,28.47,17.5,-52.72,-18.34,2.73,69.52,-15.61,53.91
341,9.3,17.47,50.14,3.08,0.71,0.0,-3.46,27.76,16.83,-50.86,-18.25,2.71,70.98,-15.54,55.44
351,10.5,15.89,49.0,4.0,0.01,0.0,-2.36,26.65,14.34,-49.73,-19.2,2.78,68.31,-16.42,51.88
361,7.87,25.96,49.9,6.17,2.77,0.0,-4.0,27.12,17.11,-49.51,-18.97,2.73,83.38,-16.24,67.14
371,7.73,16.28,52.64,3.03,0.47,0.0,-2.53,29.65,17.21,-54.34,-18.2,2.69,70.13,-15.51,54.62
381,4.4,18.16,51.72,3.91,2.96,0.0,-3.79,27.0,19.19,-49.96,-18.68,2.68,73.59,-16.0,57.59
391,6.44,16.17,55.6,3.95,0.68,0.0,-5.78,26.3,14.27,-46.7,-19.76,2.74,70.92,-17.02,53.91
401,6.58,16.8,53.09,4.88,1.69,0.0,-5.46,27.62,18.18,-48.76,-19.38,2.68,74.63,-16.7,57.93
411,10.31,13.94,54.02,3.91,0.28,0.0,-4.56,27.42,13.9,-48.85,-19.36,2.74,70.36,-16.62,53.75
421,6.4,16.53,48.14,3.73,0.28,0.0,-2.02,25.73,16.31,-49.72,-17.56,2.72,65.38,-14.84,50.54
431,10.3,16.68,50.91,3.38,0.85,0.0,-3.57,27.59,15.19,-48.76,-19.71,2.74,72.56,-16.97,55.6
441,12.8,17.21,47.9,4.29,0.4,0.0,-3.86,26.46,17.63,-48.07,-19.47,2.75,74.76,-16.71,58.05
451,6.46,21.32,48.4,3.52,0.65,0.0,-2.01,28.72,15.36,-52.27,-18.31,2.7,70.15,-15.61,54.54
461,8.49,17.97,49.22,5.05,0.03,0.0,-4.66,27.95,19.5,-49.98,-18.97,2.75,73.56,-16.22,57.34
471,10.23,17.99,52.81,3.47,1.06,0.0,-3.46,28.32,15.04,-52.76,-18.25,2.7,72.7,-15.55,57.15
481,9.83,18.68,52.72,4.08,1.07,0.0,-4.87,27.36,18.55,-50.74,-17.81,2.72,76.68,-15.1,61.58
491,7.86,21.02,49.48,4.46,0.03,0.0,-4.75,27.65,17.49,-48.3,-18.63,2.71,74.94,-15.92,59.02
501,11.07,22.8,48.15,5.05,2.0,0.0,-3.25,27.04,16.81,-50.16,-17.84,2.72,79.51,-15.12,64.39
511,8.18,18.92,55.31,5.48,0.75,0.0,-5.03,29.18,13.93,-51.44,-19.93,2.71,75.29,-17.23,58.06
521,7.66,21.46,51.99,5.11,0.45,0.0,-5.29,26.88,16.99,-51.1,-18.34,2.71,74.15,-15.63,58.52
531,15.14,18.9,49.29,4.39,2.52,0.0,-3.86,29.35,17.1,-53.88,-18.34,2.7,78.97,-15.64,63.33
541,10.25,17.23,51.06,3.92,0.9,0.0,-4.82,29.73,12.42,-51.05,-19.52,2.72,69.63,-16.8,52.83
551,8.66,17.62,51.57,3.48,1.58,0.0,-3.74,27.65,16.23,-48.03,-19.75,2.74,75.02,-17.0,58.01
561,10.7,17.28,52.42,4.96,0.14,0.0,-1.81,28.9,19.29,-53.64,-18.54,2.73,78.23,-15.81,62.42
571,10.57,18.17,50.19,5.47,0.24,0.0,-4.47,27.73,18.85,-51.84,-18.52,2.72,74.92,-15.8,59.12
581,4.34,19.76,52.65,3.85,1.02,0.0,-4.6,27.59,18.31,-49.86,-18.87,2.71,73.07,-16.16,56.91
591,13.47,22.76,50.2,4.89,0.95,0.0,-4.41,27.77,17.36,-53.36,-18.8,2.76,79.63,-16.04,63.59
601,7.28,16.31,53.09,3.3,1.05,0.0,-3.68,26.75,14.77,-49.71,-18.99,2.73,69.15,-16.26,52.9
611,10.69,16.76,53.97,3.77,0.27,0.0,-4.94,27.95,17.32,-49.96,-18.97,2.72,75.82,-16.25,59.56
621,8.97,14.18,50.11,2.56,0.41,0.0,-1.47,27.15,17.13,-49.1,-19.08,2.74,69.94,-16.34,53.6
631,8.84,21.05,50.67,4.87,1.57,0.0,-4.66,27.37,14.76,-49.14,-19.91,2.76,75.34,-17.14,58.19
641,5.09,17.69,49.61,3.72,0.67,0.0,-2.72,27.07,17.57,-49.65,-18.45,2.73,69.05,-15.73,53.32
651,7.7,15.98,49.05,3.37,0.17,0.0,-3.18,27.24,17.64,-49.14,-18.81,2.74,68.82,-16.06,52.76
661,8.68,20.03,49.42,3.84,0.23,0.0,-4.95,25.37,15.88,-46.85,-18.52,2.7,71.66,-15.81,55.84
671,8.41,20.86,50.61,5.39,3.42,0.0,-3.84,28.34,15.76,-51.96,-18.28,2.72,76.98,-15.56,61.42
681,8.82,14.43,46.62,3.05,0.04,0.0,-4.3,27.86,17.07,-51.21,-18.38,2.72,62.39,-15.66,46.73
691,12.51,20.11,49.04,4.06,0.34,0.0,-3.13,26.7,16.39,-50.5,-18.07,2.73,75.53,-15.34,60.19
701,10.68,17.72,47.94,4.04,0.64,0.0,-4.55,26.47,16.02,-48.36,-18.72,2.75,70.6,-15.97,54.63
711,9.0,18.08,51.14,3.93,0.48,0.0,-4.35,27.43,17.84,-49.98,-18.57,2.7,73.58,-15.87,57.7
721,9.43,23.77,51.98,4.35,0.69,0.0,-4.02,26.36,18.74,-48.42,-19.38,2.76,82.88,-16.61,66.27
731,9.08,17.4,50.89,3.43,0.24,0.0,-2.45,27.39,14.84,-50.93,-18.67,2.74,69.89,-15.94,53.95
741,5.79,19.8,50.54,4.49,0.1,0.0,-3.16,28.06,19.39,-51.73,-18.19,2.72,73.28,-15.47,57.81
751,5.97,18.4,52.46,4.0,1.75,0.0,-3.08,28.1,17.75,-52.93,-18.97,2.72,72.42,-16.25,56.17
761,8.48,13.19,48.09,2.6,0.2,0.0,-3.25,27.7,15.22,-49.67,-18.94,2.75,62.56,-16.19,46.37
771,8.01,20.82,50.68,3.79,0.3,0.0,-3.04,26.83,19.02,-49.94,-18.56,2.73,76.47,-15.83,60.64
781,8.78,19.94,48.85,4.14,0.25,0.0,-1.89,26.33,17.57,-49.1,-18.12,2.74,74.87,-15.38,59.49
791,11.12,19.88,52.95,3.65,0.86,0.0,-2.34,27.02,16.83,-48.12,-19.53,2.77,81.84,-16.76,65.07
801,7.58,19.48,55.63,5.74,1.0,0.0,-4.4,26.98,17.87,-51.14,-18.73,2.73,78.74,-15.99,62.75
811,7.78,19.47,50.32,3.98,0.73,0.0,-2.05,26.62,15.36,-50.21,-18.54,2.73,72.01,-15.81,56.2
821,10.26,20.62,53.16,5.24,0.07,0.0,-4.66,27.67,16.17,-50.25,-19.14,2.73,78.29,-16.41,61.87
831,7.23,21.97,51.43,4.37,0.11,0.0,-4.46,27.38,16.19,-50.16,-19.46,2.71,74.05,-16.74,57.31
841,10.63,18.84,52.66,4.13,0.09,0.0,-3.06,27.86,15.97,-51.4,-18.28,2.76,75.71,-15.52,60.19
851,5.15,16.59,52.3,3.4,0.93,0.0,-3.77,26.45,17.71,-50.7,-18.53,2.75,68.08,-15.79,52.29
861,6.17,12.94,52.18,2.89,0.11,0.0,-3.48,27.55,17.27,-50.66,-19.08,2.72,64.97,-16.36,48.61
871,8.14,20.95,51.81,4.6,0.31,0.0,-4.3,27.74,16.2,-49.73,-19.49,2.75,75.71,-16.74,58.98
881,6.47,16.98,47.32,3.27,1.46,0.0,-4.0,26.75,17.96,-50.88,-17.91,2.74,65.32,-15.18,50.14
891,6.13,19.39,47.24,3.72,0.43,0.0,-4.75,24.66,18.35,-46.21,-18.58,2.75,68.97,-15.83,53.13
901,7.96,22.12,48.81,5.31,0.33,0.0,-2.68,25.88,19.98,-49.22,-18.58,2.75,78.49,-15.82,62.67
911,11.8,21.66,49.97,4.76,0.33,0.0,-2.44,26.68,16.34,-49.56,-19.19,2.76,79.54,-16.44,63.11
921,10.4,19.94,50.02,3.86,1.16,0.0,-2.32,26.08,16.3,-49.96,-18.65,2.75,75.47,-15.9,59.57
931,7.27,16.46,48.31,3.23,0.52,0.0,-1.78,26.88,16.44,-50.67,-18.72,2.73,66.64,-15.99,50.65
941,12.02,18.13,50.72,3.71,0.08,0.0,-2.84,28.16,13.4,-51.1,-18.62,2.73,72.29,-15.89,56.4
951,9.54,21.94,50.02,3.51,1.49,0.0,-1.78,26.0,18.39,-48.29,-18.99,2.76,80.82,-16.23,64.59
961,8.55,13.2,49.0,2.09,0.48,0.0,-1.44,27.32,17.0,-50.32,-18.8,2.74,65.88,-16.07,49.81
971,11.91,21.49,55.21,4.88,0.37,0.0,-3.94,27.67,14.95,-51.24,-19.48,2.74,81.3,-16.74,64.56
981,7.19,14.58,50.81,3.9,1.25,0.0,-0.54,27.07,19.58,-52.56,-17.62,2.69,71.28,-14.92,56.35
991,9.12,17.12,48.48,5.57,1.89,0.0,-3.4,27.02,17.28,-50.13,-18.3,2.75,72.96,-15.55,57.4
1001,9.69,15.89,55.53,3.58,1.09,0.0,-4.3,26.68,14.45,-49.99,-19.19,2.76,72.62,-16.44,56.19
1011,5.97,17.25,49.61,3.9,0.24,0.0,-2.86,28.28,16.82,-51.37,-18.76,2.74,67.84,-16.02,51.82
1021,6.99,19.91,51.02,3.16,0.12,0.0,-3.82,26.78,18.89,-50.58,-19.14,2.75,72.47,-16.4,56.07
1031,7.58,23.04,50.98,5.14,1.12,0.0,-4.3,26.48,15.82,-47.39,-19.72,2.75,78.46,-16.97,61.5
1041,12.11,15.77,50.27,4.28,0.0,0.0,-3.82,27.08,14.96,-49.19,-19.37,2.75,71.45,-16.62,54.84
1051,9.64,25.23,54.77,4.64,0.26,0.0,-4.17,26.95,16.23,-49.82,-18.95,2.76,83.73,-16.19,67.53
1061,6.67,19.13,47.45,4.14,0.53,0.0,-2.77,27.17,18.02,-49.97,-18.36,2.7,70.38,-15.65,54.73
1071,6.79,21.4,50.24,4.68,0.28,0.0,-3.53,25.99,17.01,-47.76,-18.58,2.75,75.09,-15.83,59.26
1081,9.46,17.78,49.75,4.96,1.6,0.0,-0.09,26.76,16.72,-51.06,-18.5,2.7,75.87,-15.8,60.08
1091,7.95,15.53,51.51,4.38,0.4,0.0,-3.38,28.32,15.68,-51.75,-18.64,2.73,68.65,-15.91,52.74
1101,9.43,25.39,51.83,3.85,0.32,0.0,-3.19,25.82,18.91,-48.88,-18.57,2.76,83.47,-15.81,67.66
1111,10.22,17.92,51.72,5.52,0.24,0.0,-4.75,27.45,14.85,-47.27,-20.18,2.77,75.88,-17.4,58.48
1121,6.81,19.36,51.81,3.67,0.0,0.0,-3.43,27.51,17.62,-49.31,-18.58,2.74,74.04,-15.84,58.2
1131,10.36,19.83,46.69,4.46,1.04,0.0,-3.65,25.88,15.57,-49.84,-17.83,2.71,70.34,-15.12,55.22
1141,7.75,12.96,49.0,2.58,0.9,0.0,-1.16,26.27,19.26,-50.38,-17.81,2.74,67.18,-15.07,52.11
1151,5.94,18.51,51.49,4.54,0.7,0.0,-3.43,27.27,17.34,-52.15,-18.58,2.73,70.21,-15.85,54.36
1161,19.6,20.14,47.98,5.89,0.97,0.0,-3.63,27.59,14.8,-52.7,-19.5,2.78,80.63,-16.72,63.91
1171,8.69,18.19,53.22,4.22,0.36,0.0,-4.18,26.29,16.24,-48.56,-18.75,2.76,74.46,-16.0,58.47
1181,8.01,15.62,48.26,2.86,0.39,0.0,-2.26,27.14,19.43,-50.94,-18.04,2.74,68.5,-15.3,53.2
1191,7.41,23.69,51.23,6.0,0.04,0.0,-3.18,27.67,15.71,-52.32,-18.26,2.75,76.25,-15.52,60.74
1201,9.01,20.67,50.84,3.88,0.4,0.0,-2.55,26.1,17.05,-49.82,-17.94,2.73,75.58,-15.22,60.36
1211,9.96,22.34,52.66,5.35,0.43,0.0,-5.24,26.77,17.5,-49.4,-18.8,2.73,80.37,-16.07,64.3
1221,13.13,16.67,51.59,4.22,1.1,0.0,-4.46,26.82,17.18,-47.35,-18.63,2.71,78.9,-15.91,62.98
1231,14.38,26.58,51.55,5.08,0.04,0.0,-3.94,27.95,16.5,-51.35,-19.5,2.73,86.79,-16.77,70.02
1241,7.86,18.53,49.07,5.44,0.95,0.0,-1.13,27.83,19.54,-53.85,-17.36,2.74,74.24,-14.63,59.62
1251,8.9,16.05,50.71,3.72,0.21,0.0,-2.82,27.9,18.43,-49.75,-18.16,2.69,73.36,-15.47,57.89
1261,7.03,18.45,51.48,3.9,0.65,0.0,-2.94,26.53,20.37,-49.04,-17.59,2.69,76.43,-14.91,61.53
1271,7.28,19.63,50.54,3.98,0.45,0.0,-5.3,27.52,15.29,-50.0,-18.87,2.73,69.39,-16.14,53.25
1281,9.38,16.47,51.64,3.33,0.67,0.0,-0.94,26.39,16.43,-50.04,-18.54,2.73,73.33,-15.81,57.52
1291,9.89,17.51,50.38,3.69,2.03,0.0,-1.97,28.06,15.74,-52.55,-18.38,2.75,72.78,-15.63,57.16
1301,8.93,21.97,47.94,4.44,0.28,0.0,-5.23,26.21,18.9,-50.47,-17.93,2.72,72.97,-15.21,57.76
1311,9.8,23.65,49.8,5.16,0.74,0.0,-3.06,28.06,16.03,-52.86,-17.95,2.71,77.32,-15.23,62.09
1321,9.71,17.47,51.08,3.44,0.64,0.0,-0.81,27.53,16.44,-52.1,-17.82,2.74,73.4,-15.09,58.31
1331,9.19,18.15,50.55,3.77,0.91,0.0,-4.07,27.22,15.74,-49.42,-18.68,2.73,72.03,-15.95,56.08
1341,8.21,20.58,47.1,4.13,0.04,0.0,-2.9,26.83,14.1,-51.59,-18.81,2.73,66.52,-16.08,50.44
1351,12.35,19.98,49.51,6.08,0.13,0.0,-1.23,27.45,17.7,-51.33,-17.82,2.72,80.63,-15.1,65.54
1361,9.89,21.31,51.98,4.43,1.12,0.0,-3.56,26.95,18.84,-51.25,-18.22,2.74,79.72,-15.47,64.25
1371,9.18,20.17,53.09,4.68,0.12,0.0,-3.78,27.79,14.48,-50.75,-18.49,2.74,74.99,-15.76,59.23
1381,8.71,14.71,51.8,2.94,0.1,0.0,-3.61,27.28,14.39,-51.55,-18.85,2.74,64.78,-16.11,48.66
1391,14.57,14.72,51.38,3.53,0.71,0.0,-2.28,27.3,14.67,-50.06,-18.77,2.73,74.55,-16.05,58.5
1401,5.48,20.13,52.9,5.1,0.78,0.0,-4.4,26.86,16.49,-47.9,-19.38,2.77,75.44,-16.61,58.83
1411,10.67,12.83,50.48,2.89,2.07,0.0,-4.19,25.5,17.17,-45.78,-19.13,2.75,71.64,-16.38,55.27
1421,11.82,17.01,48.78,5.48,1.23,0.0,-2.67,28.02,14.14,-49.92,-18.58,2.74,73.89,-15.84,58.05
1431,7.85,18.02,48.71,3.5,0.75,0.0,-0.47,27.86,18.28,-51.45,-18.12,2.73,73.06,-15.39,57.67
1441,6.45,13.02,48.3,2.94,0.57,0.0,-2.42,26.79,15.94,-50.19,-18.52,2.75,61.39,-15.77,45.62
1451,10.94,18.08,48.67,5.1,0.31,0.0,-4.11,27.06,16.04,-49.34,-18.78,2.76,72.75,-16.02,56.73
1461,10.19,16.31,51.39,3.44,0.1,0.0,-4.26,27.21,16.65,-51.47,-19.2,2.77,69.56,-16.43,53.13
1471,10.57,16.65,52.13,4.88,0.05,0.0,-3.21,27.8,17.54,-51.1,-18.56,2.75,75.31,-15.81,59.5
1481,9.81,13.71,48.65,2.1,0.11,0.0,-4.18,27.04,15.94,-50.5,-18.59,2.75,62.69,-15.84,46.84
1491,6.02,25.44,49.91,5.06,0.38,0.0,-4.25,26.86,17.77,-49.51,-18.85,2.7,77.69,-16.14,61.55
1501,10.83,23.09,47.73,4.67,0.86,0.0,-2.68,27.45,16.37,-51.7,-18.24,2.73,76.62,-15.51,61.12
1511,7.56,17.32,51.71,4.39,1.2,0.0,-4.59,28.15,18.78,-47.91,-19.9,2.74,76.62,-17.17,59.45
1521,10.12,15.88,49.33,4.53,0.28,0.0,-4.76,27.45,15.64,-48.92,-18.96,2.72,69.55,-16.24,53.31
1531,8.84,16.63,51.77,5.14,0.08,0.0,-3.52,27.77,14.77,-50.3,-19.43,2.75,71.18,-16.68,54.5
1541,11.89,19.92,49.57,3.78,0.12,0.0,-4.54,26.78,15.22,-48.99,-18.51,2.76,73.76,-15.75,58.01
1551,10.2,21.66,50.93,4.79,0.94,0.0,-5.1,27.2,15.42,-50.2,-18.6,2.7,75.84,-15.91,59.93
1561,16.51,16.91,48.54,2.86,1.34,0.0,-1.86,26.88,18.82,-52.16,-18.15,2.74,77.85,-15.42,62.43
1571,10.55,16.49,50.59,4.65,1.03,0.0,-4.77,26.46,14.21,-47.77,-19.2,2.76,71.45,-16.44,55.01
1581,6.8,16.01,49.34,3.35,0.07,0.0,-3.88,27.12,18.71,-50.2,-18.12,2.73,67.31,-15.4,51.92
1591,11.7,22.59,51.07,4.89,0.38,0.0,-1.57,27.04,16.8,-50.91,-18.08,2.74,81.99,-15.33,66.66
1601,9.83,15.76,48.87,3.41,1.23,0.0,-2.53,26.43,14.16,-49.15,-18.46,2.76,68.02,-15.7,52.31
1611,11.49,16.79,50.34,3.45,0.22,0.0,-3.08,27.18,16.33,-50.56,-18.92,2.75,72.16,-16.17,55.99
1621,11.39,16.77,49.59,4.9,0.05,0.0,-3.46,27.22,15.55,-49.61,-18.2,2.73,72.41,-15.47,56.95
1631,8.77,16.82,48.52,2.75,0.13,0.0,-1.4,26.96,14.26,-50.86,-18.23,2.74,65.96,-15.49,50.46
1641,7.34,12.39,49.05,2.01,0.81,0.0,-4.09,27.0,18.31,-49.81,-18.22,2.75,63.01,-15.47,47.53
1651,8.09,21.08,51.92,3.51,0.31,0.0,-2.36,28.39,16.32,-53.01,-18.37,2.74,74.27,-15.63,58.63
1661,11.8,21.21,53.66,3.59,0.96,0.0,-6.52,27.41,15.63,-50.78,-18.62,2.68,76.97,-15.93,61.03
1671,9.13,15.44,49.79,3.19,2.59,0.0,-2.77,27.68,17.12,-51.53,-17.95,2.71,70.64,-15.23,55.41
1681,9.15,19.64,53.8,4.3,0.12,0.0,-4.77,27.21,15.98,-47.8,-19.75,2.7,77.62,-17.05,60.58
1691,10.49,17.79,52.03,4.11,1.05,0.0,-3.73,27.05,17.73,-48.79,-18.78,2.75,77.73,-16.03,61.7
1701,11.6,16.66,53.3,3.02,0.11,0.0,-4.89,28.87,16.38,-52.06,-18.68,2.72,72.99,-15.96,57.03
1711,10.5,17.7,49.57,4.38,1.49,0.0,-2.97,27.0,15.9,-48.84,-18.71,2.73,74.73,-15.97,58.75
1721,9.3,21.88,50.66,5.38,0.13,0.0,-5.06,25.76,17.92,-47.54,-19.13,2.74,78.43,-16.38,62.04
1731,11.01,15.41,51.21,4.7,0.87,0.0,-4.12,25.73,15.52,-46.43,-18.49,2.71,73.9,-15.77,58.13
1741,12.14,15.87,47.22,3.78,0.56,0.0,-3.84,26.84,16.05,-49.12,-18.71,2.72,69.51,-15.98,53.52
1751,12.68,16.48,52.63,3.34,1.66,0.0,-3.98,26.67,13.82,-49.72,-18.34,2.74,73.57,-15.6,57.97
1761,13.54,20.16,50.58,5.28,0.41,0.0,-3.5,28.88,14.31,-54.04,-18.3,2.72,75.62,-15.59,60.03
1771,12.11,14.38,48.82,3.75,1.89,0.0,-2.85,27.78,14.78,-50.62,-18.1,2.72,70.03,-15.38,54.65
1781,8.63,17.64,51.69,4.96,0.12,0.0,-2.11,27.54,17.46,-52.55,-18.03,2.7,73.38,-15.33,58.04
1791,9.99,18.54,49.45,3.92,0.09,0.0,-4.39,28.93,16.39,-53.59,-19.4,2.72,69.33,-16.68,52.64
1801,5.63,18.41,51.26,4.33,0.46,0.0,-3.24,26.28,18.77,-49.44,-18.35,2.7,72.46,-15.65,56.81
1811,8.52,19.54,47.09,3.62,0.58,0.0,-0.15,27.71,18.29,-52.96,-17.46,2.72,72.24,-14.74,57.5
1821,9.08,19.34,52.07,5.14,0.05,0.0,-3.27,27.13,16.84,-49.32,-18.3,2.76,77.07,-15.53,61.53
1831,11.23,20.83,47.59,4.32,0.12,0.0,-3.55,28.26,16.16,-52.52,-18.64,2.72,72.45,-15.92,56.53
1841,11.6,23.76,52.72,4.89,0.96,0.0,-3.15,29.6,16.05,-54.2,-18.78,2.72,82.25,-16.06,66.19
1851,8.51,14.39,53.14,4.0,0.22,0.0,-3.04,28.27,20.28,-51.23,-17.77,2.72,74.53,-15.06,59.47
1861,10.34,14.53,51.46,3.29,0.47,0.0,-3.08,26.9,17.05,-48.76,-18.51,2.72,72.21,-15.79,56.42
1871,7.18,18.8,48.91,3.6,1.1,0.0,-3.66,26.47,17.72,-50.42,-18.27,2.73,69.71,-15.53,54.17
1881,7.41,16.83,51.62,3.57,0.2,0.0,-3.2,27.84,15.85,-52.37,-17.48,2.7,67.75,-14.78,52.97
1891,6.95,18.06,51.15,4.12,0.06,0.0,-3.05,28.26,18.98,-51.79,-18.25,2.72,72.73,-15.53,57.2
1901,13.23,19.14,53.19,5.39,0.08,0.0,-2.17,27.98,16.49,-53.24,-18.53,2.73,80.08,-15.79,64.29
1911,7.37,17.6,53.44,3.34,1.32,0.0,-3.81,26.88,17.96,-49.13,-18.46,2.73,74.97,-15.74,59.23
1921,3.95,21.06,48.62,3.2,0.55,0.0,-3.48,26.77,18.08,-51.07,-18.53,2.73,67.68,-15.8,51.89
1931,6.58,22.24,48.9,3.73,0.61,0.0,-3.21,25.43,18.83,-47.39,-18.86,2.72,75.71,-16.14,59.56
1941,12.51,13.56,49.24,3.3,3.82,0.0,-2.1,26.75,16.69,-50.44,-17.47,2.74,73.34,-14.73,58.61
1951,8.29,17.67,49.26,3.98,0.17,0.0,-3.42,27.05,17.7,-51.3,-18.46,2.73,69.41,-15.73,53.68
1961,11.16,20.42,50.38,4.16,0.01,0.0,-3.3,27.95,18.42,-52.48,-18.0,2.71,76.73,-15.29,61.44
1971,8.96,18.22,49.72,3.0,0.48,0.0,-4.7,27.48,16.92,-51.23,-18.42,2.71,68.87,-15.72,53.15
1981,9.25,22.66,48.82,5.04,0.57,0.0,-3.84,28.34,15.68,-53.18,-19.39,2.74,73.33,-16.65,56.67
1991,6.92,22.54,49.77,6.19,0.54,0.0,-4.97,27.02,18.1,-48.48,-17.94,2.66,77.63,-15.28,62.36
2001,15.57,22.03,50.35,4.35,0.09,0.0,-4.76,27.68,14.32,-51.11,-18.75,2.73,78.52,-16.02,62.5
2011,5.04,11.89,48.55,3.17,0.37,0.0,-4.27,26.69,18.15,-48.87,-18.29,2.7,60.73,-15.59,45.14
2021,6.55,17.46,49.98,3.39,0.11,0.0,-4.78,27.42,16.89,-51.3,-18.84,2.73,65.73,-16.1,49.62
2031,8.89,19.61,50.78,5.17,3.11,0.0,-2.89,28.07,16.51,-52.56,-18.44,2.73,76.71,-15.72,60.99
2041,7.9,18.87,48.67,4.37,0.29,0.0,-3.53,29.18,17.12,-53.11,-18.97,2.74,69.76,-16.22,53.53
2051,8.77,17.22,52.67,3.58,0.05,0.0,-3.77,27.63,15.74,-50.2,-19.35,2.72,71.71,-16.63,55.07
2061,8.35,18.58,49.78,3.71,1.08,0.0,-4.82,28.0,18.16,-51.41,-19.1,2.71,71.43,-16.39,55.04
2071,8.6,17.94,46.91,4.21,0.99,0.0,-2.62,25.94,18.63,-48.66,-17.61,2.72,71.94,-14.89,57.05
2081,10.24,16.88,50.22,4.39,1.3,0.0,-2.87,27.03,17.33,-50.11,-18.39,2.73,74.4,-15.65,58.75
2091,5.35,19.87,50.16,4.21,0.45,0.0,-2.84,26.87,18.34,-49.69,-17.8,2.74,72.73,-15.07,57.67
2101,6.39,19.09,49.18,3.62,0.42,0.0,-3.59,27.26,19.34,-51.42,-18.3,2.72,70.3,-15.58,54.72
2111,7.07,13.44,50.68,3.66,0.1,0.0,-3.83,27.33,17.16,-49.96,-17.92,2.7,65.65,-15.22,50.43
2121,7.35,14.95,47.77,2.78,0.54,0.0,-3.05,26.72,16.69,-49.43,-17.92,2.73,64.33,-15.19,49.14
2131,5.65,18.5,51.67,4.15,1.74,0.0,-4.39,27.14,16.76,-51.87,-17.74,2.72,69.35,-15.02,54.34
2141,11.22,19.39,49.34,4.23,1.66,0.0,-4.5,26.77,16.24,-49.62,-18.35,2.68,74.74,-15.67,59.07
2151,10.15,24.24,51.41,4.53,1.16,0.0,-1.63,27.62,16.76,-51.11,-18.48,2.72,83.15,-15.76,67.39
2161,9.55,15.43,52.04,4.41,1.1,0.0,-5.86,26.6,17.65,-47.79,-18.9,2.71,73.13,-16.2,56.93
2171,9.94,13.53,53.07,2.88,0.46,0.0,-5.3,28.48,15.35,-51.73,-19.31,2.7,66.68,-16.62,50.06
2181,8.0,17.13,51.69,4.33,0.51,0.0,-3.0,27.49,19.13,-50.85,-18.25,2.72,74.41,-15.53,58.88
2191,8.13,21.27,54.06,4.15,0.95,0.0,-4.26,26.79,17.27,-47.03,-19.16,2.72,81.32,-16.43,64.89
2201,12.15,20.39,48.92,3.65,0.88,0.0,-2.84,27.92,16.55,-54.5,-16.83,2.68,73.11,-14.15,58.96
2211,7.46,17.35,49.53,4.19,1.01,0.0,-2.38,28.54,17.52,-52.18,-18.18,2.7,71.05,-15.48,55.57
2221,7.63,14.22,47.51,2.69,2.68,0.0,-3.49,27.79,15.72,-51.84,-17.89,2.7,62.91,-15.19,47.72
2231,7.32,20.29,52.55,5.22,1.27,0.0,-5.11,27.97,16.32,-51.23,-18.4,2.72,74.61,-15.68,58.93
2241,9.69,20.38,52.57,4.71,0.44,0.0,-3.93,26.98,17.17,-50.64,-18.29,2.7,77.38,-15.59,61.79
2251,11.45,23.69,52.37,5.88,0.48,0.0,-3.93,27.69,15.49,-51.36,-19.53,2.73,81.75,-16.8,64.96
2261,15.28,20.43,50.16,5.61,2.06,0.0,-4.8,28.02,13.99,-49.93,-19.35,2.73,80.82,-16.62,64.21
2271,8.8,19.92,49.11,3.69,1.25,0.0,-4.4,26.41,16.97,-50.05,-17.9,2.7,71.7,-15.2,56.5
2281,5.37,15.25,50.26,3.5,1.16,0.0,-3.27,26.53,17.27,-49.67,-17.93,2.7,66.38,-15.23,51.15
2291,9.13,18.66,49.99,5.46,0.01,0.0,-3.27,27.42,14.64,-49.51,-18.58,2.72,72.53,-15.85,56.68
2301,12.9,18.26,52.67,3.27,0.03,0.0,-4.4,29.28,14.85,-52.27,-19.93,2.74,74.59,-17.19,57.4
2311,12.21,16.76,53.12,3.64,0.76,0.0,-3.9,27.34,15.52,-49.05,-18.56,2.73,76.4,-15.82,60.58
2321,7.92,20.26,49.12,4.15,0.42,0.0,-3.27,27.79,18.21,-50.72,-18.95,2.7,73.89,-16.25,57.64
2331,6.74,15.98,48.47,3.55,0.75,0.0,-1.5,28.0,17.52,-51.97,-17.22,2.69,67.55,-14.53,53.02
2341,8.21,17.94,50.4,3.29,0.18,0.0,-0.38,27.78,17.29,-49.99,-18.29,2.71,74.74,-15.58,59.16
2351,11.1,19.25,50.11,3.61,0.33,0.0,-3.94,27.24,15.23,-51.17,-17.94,2.74,71.76,-15.2,56.56
2361,12.45,16.78,50.66,4.81,0.16,0.0,-3.67,27.02,18.41,-49.43,-19.2,2.74,77.19,-16.47,60.73
2371,7.31,16.86,49.78,3.16,1.36,0.0,-3.0,27.94,17.36,-52.4,-17.92,2.71,68.37,-15.21,53.16
2381,7.97,17.1,52.71,3.43,0.63,0.0,-6.13,26.81,17.64,-47.65,-18.77,2.67,72.52,-16.1,56.42
2391,8.86,19.44,50.52,5.75,6.64,0.0,-3.37,27.98,17.11,-50.55,-17.69,2.7,82.38,-14.99,67.38
2401,5.48,17.06,47.39,3.81,1.81,0.0,-3.91,27.7,23.42,-49.82,-18.11,2.69,72.94,-15.42,57.52
2411,9.54,23.31,52.13,5.29,1.81,0.0,-4.71,27.24,15.72,-48.01,-19.17,2.73,82.33,-16.45,65.88
2421,10.46,19.2,47.91,4.28,0.17,0.0,-3.14,28.04,17.65,-51.98,-18.02,2.72,72.6,-15.31,57.29
2431,7.53,19.93,52.17,3.33,0.29,0.0,-2.91,28.17,16.48,-51.11,-18.78,2.72,73.87,-16.06,57.81
2441,8.48,17.94,50.91,4.73,0.59,0.0,-4.59,27.87,14.4,-51.3,-18.58,2.71,69.03,-15.87,53.16
2451,6.27,19.25,50.84,3.55,1.02,0.0,-3.99,26.55,16.42,-49.74,-18.39,2.73,70.18,-15.66,54.52
2461,9.89,20.24,51.09,3.94,0.93,0.0,-2.5,27.52,18.28,-49.85,-18.03,2.73,79.53,-15.31,64.22
2471,7.47,14.13,49.99,4.16,0.94,0.0,-3.03,27.66,16.98,-49.27,-18.74,2.74,69.01,-16.01,53.0
2481,9.92,13.88,51.97,3.53,0.29,0.0,-2.23,28.15,18.24,-50.6,-17.61,2.68,73.15,-14.93,58.22
2491,9.34,16.0,51.52,2.77,0.62,0.0,-0.77,28.64,16.89,-54.18,-17.7,2.69,70.84,-15.02,55.82
2501,11.95,14.55,51.44,3.1,3.65,0.0,-3.46,25.18,15.39,-45.77,-18.64,2.75,76.01,-15.89,60.12
2511,6.62,20.32,51.17,5.36,0.73,0.0,-3.18,28.26,16.3,-51.12,-19.22,2.72,74.46,-16.51,57.95
2521,6.29,19.53,49.12,6.5,0.43,0.0,-2.01,27.74,18.84,-52.6,-17.99,2.73,73.85,-15.26,58.59
2531,7.89,15.04,49.99,3.78,1.83,0.0,-2.23,27.98,17.28,-52.28,-18.35,2.72,69.26,-15.63,53.63
2541,5.87,22.36,52.59,3.82,0.9,0.0,-4.54,30.01,18.26,-54.29,-18.85,2.69,74.98,-16.16,58.82
2551,8.53,15.82,47.89,4.32,0.59,0.0,-2.55,26.82,16.96,-51.52,-17.83,2.71,66.87,-15.12,51.74
2561,11.92,21.75,54.71,5.97,0.3,0.0,-5.22,28.02,14.35,-50.11,-19.99,2.72,81.7,-17.27,64.43
2571,10.44,18.06,50.32,3.36,0.2,0.0,-3.66,28.41,16.5,-52.05,-18.41,2.7,71.58,-15.7,55.88
2581,13.97,11.28,50.09,2.9,0.03,0.0,-3.61,28.01,16.44,-51.49,-18.24,2.72,67.63,-15.52,52.11
2591,9.23,20.02,48.58,5.13,0.3,0.0,-3.07,27.57,16.54,-51.47,-18.07,2.74,72.82,-15.33,57.49
2601,8.81,19.87,50.12,3.51,1.42,0.0,-3.68,28.38,19.56,-50.61,-18.11,2.71,77.38,-15.4,61.98
2611,12.78,16.65,52.74,3.15,0.21,0.0,-4.89,29.0,14.54,-51.55,-19.5,2.7,72.63,-16.81,55.82
2621,12.81,20.47,53.09,4.26,0.51,0.0,-4.81,27.32,19.49,-52.5,-18.66,2.7,80.64,-15.96,64.68
2631,10.59,17.06,50.07,3.88,0.06,0.0,-4.15,28.43,16.64,-52.06,-18.6,2.72,70.53,-15.88,54.64
2641,7.49,19.4,48.34,3.91,0.04,0.0,-4.56,27.52,17.67,-49.89,-18.53,2.73,69.91,-15.79,54.12
2651,10.73,18.03,55.47,3.77,0.5,0.0,-4.8,28.82,14.31,-52.63,-18.25,2.7,74.19,-15.55,58.64
2661,12.93,14.99,52.49,3.9,0.04,0.0,-3.4,28.17,13.86,-51.93,-19.2,2.73,71.06,-16.46,54.59
2671,6.16,23.28,52.45,5.34,0.77,0.0,-4.75,27.84,15.45,-53.32,-18.2,2.67,73.22,-15.53,57.69
2681,10.83,15.13,51.38,3.53,0.47,0.0,-2.86,27.15,17.9,-51.41,-18.86,2.75,72.12,-16.11,56.0
2691,10.13,14.46,48.77,3.55,0.14,0.0,-2.33,28.55,16.64,-53.53,-18.45,2.72,66.39,-15.72,50.67
2701,7.68,14.64,48.8,3.77,1.09,0.0,-4.43,26.77,16.98,-49.54,-18.35,2.74,65.77,-15.61,50.16
2711,8.98,20.58,51.03,3.69,0.97,0.0,-2.04,28.53,16.11,-54.55,-18.27,2.71,73.3,-15.56,57.75
2721,5.46,19.1,47.19,6.04,0.33,0.0,-1.83,27.39,21.0,-50.77,-18.05,2.71,73.9,-15.34,58.57
2731,7.06,16.88,49.07,2.96,0.96,0.0,-1.99,26.77,17.07,-51.03,-18.27,2.74,67.74,-15.53,52.21
2741,10.28,17.17,53.03,3.58,0.21,0.0,-3.0,27.49,17.38,-49.97,-19.26,2.72,76.17,-16.54,59.63
2751,8.35,22.15,50.63,3.9,0.23,0.0,-1.73,27.23,16.97,-51.46,-17.79,2.72,76.27,-15.06,61.2
2761,7.28,18.82,53.19,5.08,0.33,0.0,-4.49,27.17,20.1,-50.42,-18.68,2.72,77.07,-15.96,61.11
2771,4.44,16.84,50.76,3.73,0.86,0.0,-3.09,29.35,19.16,-54.34,-17.87,2.69,67.71,-15.17,52.54
2781,8.81,17.57,50.24,3.06,0.47,0.0,-3.79,27.59,15.31,-50.82,-18.64,2.74,68.46,-15.9,52.56
2791,9.64,25.66,51.1,4.44,0.63,0.0,-2.46,28.4,17.44,-52.95,-19.2,2.71,81.9,-16.48,65.42
2801,6.67,17.72,50.83,2.93,0.1,0.0,-3.7,27.52,16.81,-51.27,-18.11,2.71,67.62,-15.4,52.23
2811,7.04,14.29,49.9,2.82,1.21,0.0,-4.55,28.15,17.62,-51.07,-19.01,2.71,65.41,-16.31,49.1
2821,9.23,16.81,49.79,5.01,0.73,0.0,-4.44,26.81,17.6,-49.78,-18.62,2.74,71.76,-15.88,55.88
2831,4.29,15.48,48.81,3.85,0.62,0.0,-1.12,26.47,19.07,-48.87,-17.89,2.73,68.6,-15.16,53.44
2841,7.22,14.81,55.48,3.76,0.09,0.0,-5.43,27.2,18.79,-49.39,-18.77,2.73,72.53,-16.04,56.49
2851,10.85,20.81,47.48,4.04,0.27,0.0,-1.27,28.09,13.47,-53.48,-18.21,2.73,70.25,-15.48,54.77
2861,11.55,19.03,50.95,4.63,0.04,0.0,-4.7,27.84,13.43,-49.21,-19.29,2.72,73.56,-16.57,56.98
2871,10.92,20.25,49.54,4.76,2.24,0.0,-3.55,27.57,17.3,-51.11,-18.45,2.73,77.91,-15.73,62.18
2881,9.2,16.62,47.88,3.97,0.24,0.0,-3.64,26.8,16.69,-49.69,-18.84,2.74,68.05,-16.1,51.95
2891,11.09,15.94,51.08,3.24,0.59,0.0,-0.93,28.35,15.8,-53.94,-18.72,2.72,71.22,-16.0,55.23
2901,8.27,19.8,47.07,3.93,0.53,0.0,-3.72,26.73,17.09,-49.91,-18.32,2.74,69.79,-15.58,54.21
2911,14.01,15.51,51.42,6.71,0.44,0.0,-3.94,28.45,13.83,-51.86,-18.42,2.75,74.56,-15.67,58.89
2921,10.39,14.92,49.39,3.6,0.64,0.0,-4.14,27.72,16.46,-50.35,-19.03,2.73,68.63,-16.31,52.32
2931,8.88,24.02,50.26,4.78,0.35,0.0,-4.44,27.85,16.18,-50.81,-18.49,2.73,77.07,-15.75,61.32
2941,7.97,23.7,53.16,4.0,0.78,0.0,-4.28,27.54,17.83,-51.88,-18.29,2.7,78.81,-15.59,63.22
2951,8.36,22.54,50.92,3.86,1.26,0.0,-3.75,27.17,16.25,-50.34,-18.5,2.74,76.27,-15.76,60.51
2961,9.21,18.39,48.8,4.11,1.16,0.0,-3.26,26.22,17.84,-48.15,-18.77,2.73,74.33,-16.04,58.3
2971,11.25,18.11,48.92,3.34,1.54,0.0,-2.15,28.0,16.69,-52.54,-18.68,2.76,73.17,-15.91,57.26
2981,7.97,18.09,49.93,2.96,0.44,0.0,-1.86,26.79,15.3,-50.9,-19.42,2.75,68.72,-16.67,52.05
2991,8.65,14.05,52.73,3.01,0.33,0.0,-3.54,27.98,16.64,-51.34,-18.72,2.74,68.51,-15.99,52.52
3001,9.36,12.87,52.62,3.23,1.39,0.0,-1.6,27.49,16.28,-52.77,-17.95,2.73,68.85,-15.23,53.62
3011,10.02,12.3,49.38,2.77,0.18,0.0,-3.87,25.79,17.19,-48.11,-19.06,2.76,65.66,-16.3,49.36
3021,10.45,14.7,51.33,2.56,0.23,0.0,-4.24,27.78,15.84,-50.76,-18.88,2.72,67.88,-16.16,51.72
3031,9.27,15.85,53.2,4.22,0.21,0.0,-4.28,27.43,14.93,-48.73,-20.6,2.76,72.08,-17.84,54.24
3041,9.75,14.56,51.59,4.52,2.28,0.0,-3.7,27.57,15.3,-51.63,-19.08,2.73,70.25,-16.35,53.9
3051,11.16,16.68,54.32,2.8,0.99,0.0,-4.04,27.83,17.32,-50.3,-19.33,2.73,76.76,-16.6,60.16
3061,8.8,16.56,50.15,3.26,0.67,0.0,-3.41,27.38,16.92,-50.69,-17.88,2.73,69.63,-15.16,54.47
3071,9.79,17.01,49.95,4.4,0.81,0.0,-2.2,26.84,17.47,-51.44,-18.3,2.74,72.63,-15.55,57.08
3081,9.49,16.83,53.82,3.82,0.06,0.0,-3.91,27.95,13.99,-52.97,-18.94,2.74,69.08,-16.2,52.88
3091,16.33,17.12,49.21,3.09,2.57,0.0,-4.72,26.64,15.46,-50.95,-17.77,2.74,74.75,-15.04,59.71
3101,5.55,19.44,49.05,4.71,0.33,0.0,-4.07,27.51,17.77,-50.87,-18.83,2.71,69.43,-16.12,53.31
3111,7.96,19.61,49.84,4.14,0.26,0.0,-3.77,27.71,15.99,-48.85,-18.9,2.72,72.88,-16.18,56.7
3121,11.06,14.8,52.18,2.82,0.02,0.0,-3.62,27.42,15.47,-49.08,-19.06,2.74,71.08,-16.32,54.76
3131,9.85,18.26,47.09,3.17,1.6,0.0,-2.97,26.82,17.4,-50.58,-17.87,2.72,70.63,-15.15,55.49
3141,10.65,19.14,51.08,4.53,0.16,0.0,-5.24,27.32,15.67,-50.69,-18.8,2.7,72.63,-16.09,56.54
3151,10.55,17.25,53.59,5.04,0.05,0.0,-2.44,26.84,15.4,-47.46,-19.3,2.71,78.82,-16.58,62.24
3161,9.07,21.09,47.84,4.24,0.16,0.0,-3.2,29.48,18.04,-54.07,-18.23,2.73,72.65,-15.5,57.15
3171,9.73,15.88,48.72,3.59,0.11,0.0,-3.31,25.98,16.61,-47.61,-18.68,2.75,69.69,-15.93,53.76
3181,14.35,21.24,51.65,4.92,0.99,0.0,-5.2,26.13,15.53,-49.22,-18.21,2.74,80.37,-15.47,64.9
3191,8.65,16.52,51.88,3.75,0.16,0.0,-4.59,28.17,17.61,-51.23,-18.05,2.7,70.92,-15.35,55.57
3201,9.11,13.61,51.63,3.89,0.73,0.0,-4.47,26.23,16.08,-49.01,-18.31,2.72,67.8,-15.59,52.21
3211,8.24,19.33,48.47,4.07,0.58,0.0,-2.15,27.18,14.61,-50.74,-17.91,2.72,69.6,-15.19,54.41
3221,6.14,18.41,50.75,3.66,0.4,0.0,-4.8,28.47,18.96,-53.1,-17.87,2.7,68.89,-15.18,53.71
3231,11.43,15.81,50.71,2.59,0.49,0.0,-3.67,28.8,17.34,-51.79,-18.49,2.71,71.7,-15.77,55.93
3241,11.71,16.62,50.13,4.63,0.22,0.0,-3.66,28.54,17.95,-51.8,-18.81,2.71,74.34,-16.1,58.23
3251,6.33,18.61,50.9,4.03,1.07,0.0,-3.6,29.35,17.75,-52.83,-18.32,2.69,71.6,-15.63,55.97
3261,13.48,20.39,51.43,6.6,1.51,0.0,-4.38,28.15,13.21,-51.23,-18.53,2.7,79.14,-15.83,63.31
3271,8.37,22.44,48.71,3.89,0.69,0.0,-2.7,27.73,18.31,-51.3,-18.02,2.72,76.14,-15.3,60.84
3281,10.01,24.87,51.13,5.58,0.06,0.0,-4.5,27.69,18.64,-50.76,-18.67,2.71,82.72,-15.96,66.77
3291,6.26,14.14,50.45,3.09,2.5,0.0,-3.44,28.09,16.06,-51.36,-18.14,2.68,65.78,-15.46,50.32
3301,11.22,18.53,49.31,4.14,0.78,0.0,-1.83,27.61,16.16,-52.77,-17.57,2.7,73.15,-14.87,58.27
3311,9.65,22.11,52.24,3.72,0.19,0.0,-1.06,28.53,16.0,-52.23,-18.55,2.72,79.14,-15.83,63.31
3321,10.08,20.68,49.38,4.61,0.37,0.0,-3.45,26.97,16.3,-50.45,-17.58,2.7,74.49,-14.88,59.6
3331,10.84,18.71,51.26,3.91,0.68,0.0,-3.86,27.46,16.31,-51.76,-18.49,2.72,73.55,-15.77,57.78
3341,4.8,22.4,46.85,4.33,0.06,0.0,-3.66,27.86,18.65,-50.34,-17.95,2.7,70.95,-15.26,55.69
3351,9.11,17.44,50.42,4.15,1.03,0.0,-4.1,27.26,15.37,-51.33,-18.29,2.7,69.34,-15.59,53.75
3361,6.5,20.81,52.81,4.39,0.57,0.0,-4.97,27.48,14.92,-47.21,-19.35,2.73,75.29,-16.62,58.67
3371,8.63,17.82,51.71,3.79,0.44,0.0,-4.01,26.73,16.2,-48.29,-19.17,2.74,73.02,-16.44,56.59
3381,11.06,22.52,50.12,4.44,0.19,0.0,-4.79,27.39,15.29,-52.36,-18.44,2.71,73.86,-15.72,58.14
3391,12.22,15.79,49.65,4.73,1.56,0.0,-4.35,26.6,17.81,-50.39,-17.95,2.72,73.62,-15.22,58.4
3401,6.87,15.12,52.29,2.77,0.77,0.0,-3.66,26.49,18.11,-48.82,-18.94,2.74,69.94,-16.2,53.73
3411,7.75,18.57,48.73,3.68,0.09,0.0,-3.56,26.38,18.91,-48.42,-18.56,2.75,72.13,-15.81,56.33
3421,13.38,20.95,51.67,4.21,1.58,0.0,-5.21,27.28,11.76,-50.2,-18.93,2.73,75.42,-16.2,59.22
3431,7.89,15.99,51.47,4.31,0.08,0.0,-2.86,27.71,18.48,-51.65,-18.03,2.71,71.42,-15.31,56.11
3441,10.46,18.1,49.83,5.69,0.24,0.0,-4.0,28.79,16.46,-51.7,-18.63,2.7,73.87,-15.93,57.94
3451,8.36,18.62,51.15,4.15,3.27,0.0,-5.12,27.07,18.44,-48.02,-18.57,2.74,77.92,-15.83,62.08
3461,8.38,21.33,48.09,6.3,0.45,0.0,-3.97,29.19,15.62,-52.67,-18.36,2.69,72.71,-15.67,57.04
3471,12.63,14.68,51.32,3.73,1.04,0.0,-4.38,27.59,17.92,-49.71,-18.17,2.68,74.82,-15.49,59.33
3481,10.11,20.15,51.72,4.13,0.42,0.0,-3.56,27.35,17.9,-48.47,-18.7,2.72,79.73,-15.98,63.76
3491,8.27,19.08,50.83,4.2,0.51,0.0,1.3,29.09,18.17,-55.62,-17.73,2.68,75.83,-15.05,60.78
3501,6.86,17.83,52.92,3.87,0.27,0.0,-3.22,27.53,16.15,-50.8,-18.48,2.72,71.4,-15.76,55.64
3511,10.41,19.55,49.62,4.57,0.78,0.0,-4.45,27.7,18.02,-51.18,-18.06,2.71,75.02,-15.35,59.67
3521,10.66,19.8,51.5,4.54,1.11,0.0,-4.5,28.89,16.24,-52.75,-18.34,2.72,75.48,-15.62,59.85
3531,7.64,14.36,50.35,3.49,0.14,0.0,-4.59,26.51,17.61,-48.27,-19.22,2.76,67.23,-16.46,50.77
3541,10.05,16.63,52.23,5.64,0.36,0.0,-1.71,27.64,17.04,-50.07,-18.98,2.71,77.79,-16.27,61.52
3551,12.9,22.76,50.56,4.1,0.04,0.0,-0.19,27.99,15.34,-52.6,-19.43,2.73,80.9,-16.7,64.21
3561,9.99,14.3,49.91,3.57,0.09,0.0,-2.83,27.66,16.8,-51.78,-17.54,2.69,67.73,-14.85,52.88
3571,7.38,15.11,49.75,4.8,1.11,0.0,-3.61,26.64,17.34,-48.36,-18.21,2.72,70.16,-15.49,54.67
3581,12.94,16.51,51.02,4.49,0.22,0.0,-5.43,27.75,15.73,-49.39,-19.39,2.74,73.83,-16.65,57.18
3591,10.62,21.34,47.16,5.78,0.16,0.0,-4.3,27.14,18.36,-51.87,-18.18,2.71,74.38,-15.48,58.9
3601,9.42,25.18,52.82,5.9,0.0,0.0,-4.86,27.25,14.33,-50.64,-18.72,2.74,79.41,-15.99,63.43
3611,10.51,16.64,52.15,3.26,0.79,0.0,0.86,26.77,17.11,-50.97,-17.71,2.72,77.12,-14.99,62.13
3621,8.14,16.14,50.18,3.08,1.32,0.0,-2.62,28.19,16.9,-50.72,-19.07,2.74,70.6,-16.34,54.26
3631,11.23,21.33,48.13,4.76,1.09,0.0,-2.18,25.89,14.64,-47.59,-19.0,2.73,77.29,-16.27,61.02
3641,9.8,18.25,52.44,4.7,1.04,0.0,-2.83,27.05,17.38,-49.71,-18.6,2.73,78.12,-15.87,62.25
3651,11.06,17.91,53.43,3.94,1.04,0.0,-3.24,27.94,16.8,-51.08,-18.42,2.72,77.81,-15.7,62.11
3661,8.14,20.52,49.17,5.22,2.51,0.0,-4.9,26.01,19.1,-48.2,-18.06,2.7,77.57,-15.36,62.22
3671,9.87,19.44,53.58,4.75,0.62,0.0,-4.12,26.88,16.64,-50.32,-18.53,2.72,77.34,-15.81,61.53
3681,5.84,16.41,51.18,3.47,0.43,0.0,-4.15,26.86,19.06,-49.92,-17.95,2.71,69.18,-15.25,53.94
3691,9.25,13.93,48.94,3.44,1.97,0.0,-3.27,27.64,15.73,-51.58,-17.76,2.71,66.04,-15.06,50.99
3701,13.2,17.12,53.14,4.2,0.3,0.0,-4.65,28.46,14.79,-51.5,-19.16,2.72,75.06,-16.44,58.63
3711,12.75,20.53,51.17,4.38,0.34,0.0,-5.09,26.34,15.63,-49.04,-18.67,2.74,77.02,-15.93,61.09
3721,8.76,15.25,51.16,4.1,0.08,0.0,-2.31,26.96,16.17,-50.13,-18.35,2.72,70.03,-15.63,54.4
3731,8.6,20.38,51.75,4.48,0.12,0.0,-4.25,29.75,17.09,-53.32,-19.01,2.72,74.6,-16.29,58.31
3741,8.39,22.19,49.52,3.74,2.13,0.0,-3.63,27.65,15.76,-51.2,-18.74,2.72,74.56,-16.02,58.54
3751,9.53,15.18,50.72,4.19,0.72,0.0,-4.14,27.48,14.22,-48.14,-18.75,2.73,69.76,-16.02,53.74
3761,7.5,12.39,50.75,3.38,0.52,0.0,-3.24,26.66,15.29,-49.15,-18.6,2.75,64.1,-15.85,48.26
3771,9.08,18.64,50.84,2.73,0.89,0.0,-1.53,26.54,17.95,-48.46,-18.55,2.72,76.68,-15.83,60.85
3781,10.33,21.92,52.36,5.11,0.07,0.0,-4.6,28.29,18.05,-50.45,-18.85,2.74,81.08,-16.11,64.97
3791,8.51,18.19,56.72,3.84,0.91,0.0,-2.8,26.2,16.89,-47.13,-18.33,2.71,81.33,-15.62,65.71
3801,7.27,15.93,50.43,3.94,1.48,0.0,-2.06,29.24,18.17,-53.56,-18.23,2.7,70.83,-15.53,55.3
3811,13.39,22.18,49.86,5.32,0.79,0.0,-4.41,27.22,15.08,-52.73,-18.55,2.75,76.7,-15.8,60.89
3821,5.72,13.85,51.05,3.17,0.05,0.0,-3.49,28.1,16.64,-50.19,-19.5,2.73,64.9,-16.77,48.13
3831,9.83,12.18,53.05,3.43,2.05,0.0,-3.8,26.55,16.49,-48.7,-18.41,2.74,71.07,-15.67,55.4
3841,12.86,18.04,49.92,4.08,0.66,0.0,-1.98,26.11,15.99,-48.66,-19.55,2.76,77.02,-16.79,60.23
3851,10.28,17.06,52.29,4.53,0.14,0.0,-3.75,26.23,18.3,-47.16,-19.02,2.74,77.92,-16.28,61.64
3861,11.29,19.35,48.4,5.39,1.47,0.0,-4.2,27.19,15.43,-49.82,-19.01,2.76,74.5,-16.25,58.25
3871,5.99,13.29,47.49,2.93,0.87,0.0,-3.49,27.71,18.8,-50.76,-18.0,2.71,62.84,-15.28,47.56
3881,10.02,18.19,49.2,4.06,0.51,0.0,-3.96,27.05,17.44,-50.04,-18.04,2.74,72.45,-15.3,57.15
3891,14.19,21.25,51.02,5.05,0.44,0.0,-3.93,26.34,14.56,-48.39,-19.28,2.76,80.53,-16.52,64.01
3901,12.01,17.32,51.13,3.11,0.33,0.0,-3.51,27.12,15.41,-49.46,-18.68,2.75,73.46,-15.93,57.54
3911,8.88,19.91,51.98,5.87,0.23,0.0,-3.99,27.75,17.9,-51.12,-19.42,2.75,77.42,-16.67,60.75
3921,12.25,12.2,51.27,3.81,0.44,0.0,-2.51,27.98,17.76,-52.48,-18.95,2.74,70.72,-16.21,54.51
3931,10.79,19.48,48.33,2.89,1.4,0.0,-3.94,29.1,15.47,-52.29,-18.67,2.72,71.23,-15.95,55.29
3941,10.01,28.38,52.17,6.54,2.24,0.0,-3.99,26.46,16.17,-50.98,-18.16,2.73,86.98,-15.43,71.56
3951,9.37,15.02,51.47,3.74,0.51,0.0,-3.02,25.33,20.19,-48.25,-18.26,2.7,74.36,-15.56,58.81
3961,11.12,23.89,52.86,4.53,0.62,0.0,-5.48,28.16,15.88,-50.23,-19.25,2.73,81.34,-16.52,64.82
3971,10.58,18.61,46.82,4.06,0.0,0.0,-3.76,26.71,17.98,-49.85,-18.03,2.71,71.17,-15.32,55.85
3981,11.99,20.46,49.38,5.46,1.44,0.0,-4.29,28.49,16.74,-51.65,-19.4,2.72,78.02,-16.69,61.34
3991,7.24,15.77,51.18,3.75,0.53,0.0,-3.6,28.93,17.29,-51.99,-18.74,2.7,69.11,-16.04,53.07
4001,8.34,26.42,52.44,4.2,0.72,0.0,-3.48,29.42,15.77,-51.88,-19.1,2.67,81.96,-16.44,65.52

Delta Energy Terms
Frame #,BOND,ANGLE,DIHED,UB,IMP,CMAP,VDWAALS,EEL,1-4 VDW,1-4 EEL,EGB,ESURF,GGAS,GSOLV,TOTAL
1,-0.0,-0.0,-0.0,-0.0,0.0,0.0,-20.17,-17.84,0.0,-0.0,32.07,-2.6,-38.02,29.47,-8.55
11,-0.0,-0.0,0.0,-0.0,0.0,0.0,-19.74,-18.73,0.0,0.0,29.68,-2.67,-38.48,27.01,-11.47
21,-0.0,0.0,0.0,-0.0,-0.0,0.0,-22.4,-19.12,0.0,0.0,36.0,-3.0,-41.53,33.0,-8.53
31,-0.0,-0.0,0.0,0.0,-0.0,0.0,-22.58,-19.47,0.0,-0.0,34.23,-2.62,-42.05,31.61,-10.44
41,-0.0,-0.0,0.0,0.0,0.0,0.0,-23.24,-20.61,0.0,-0.0,39.01,-2.99,-43.85,36.02,-7.84
51,-0.0,-0.0,0.0,-0.0,0.0,0.0,-22.24,-19.64,-0.0,-0.0,36.49,-2.72,-41.88,33.78,-8.1
61,-0.0,-0.0,0.0,0.0,-0.0,0.0,-20.92,-20.44,-0.0,-0.0,34.7,-2.83,-41.36,31.86,-9.5
71,-0.0,-0.0,0.0,0.0,-0.0,0.0,-20.72,-18.23,0.0,-0.0,34.54,-2.62,-38.95,31.92,-7.03
81,-0.0,0.0,-0.0,-0.0,0.0,0.0,-21.84,-20.11,-0.0,-0.0,34.25,-2.91,-41.95,31.34,-10.61
91,-0.0,-0.0,0.0,0.0,-0.0,0.0,-21.41,-13.08,-0.0,0.0,27.41,-2.74,-34.49,24.67,-9.82
101,-0.0,-0.0,0.0,-0.0,-0.0,0.0,-22.82,-20.41,0.0,-0.0,35.75,-2.78,-43.24,32.97,-10.26
111,-0.0,-0.0,-0.0,0.0,0.0,0.0,-22.75,-15.83,0.0,-0.0,34.24,-2.47,-38.58,31.77,-6.81
121,0.0,0.0,0.0,-0.0,-0.0,0.0,-22.98,-16.54,-0.0,0.0,33.35,-2.64,-39.52,30.72,-8.81
131,0.0,-0.0,-0.0,-0.0,-0.0,0.0,-20.45,-18.9,-0.0,0.0,31.3,-2.53,-39.35,28.78,-10.57
141,-0.0,0.0,0.0,0.0,-0.0,0.0,-23.4,-16.2,0.0,-0.0,33.68,-2.78,-39.61,30.91,-8.7
151,-0.0,-0.0,-0.0,-0.0,-0.0,0.0,-20.03,-20.96,-0.0,-0.0,34.5,-2.51,-40.98,31.99,-8.99
161,-0.0,0.0,0.0,-0.0,-0.0,0.0,-17.89,-11.87,-0.0,0.0,23.79,-2.06,-29.76,21.73,-8.04
171,-0.0,0.0,0.0,-0.0,0.0,0.0,-15.11,-16.37,-0.0,-0.0,25.73,-2.02,-31.48,23.71,-7.77
181,-0.0,0.0,0.0,-0.0,0.0,0.0,-18.02,-20.38,-0.0,0.0,31.55,-2.36,-38.4,29.18,-9.22
191,-0.0,-0.0,-0.0,0.0,0.0,0.0,-17.56,-18.27,0.0,-0.0,28.62,-2.43,-35.83,26.19,-9.64
201,-0.0,0.0,0.0,0.0,0.0,0.0,-16.61,-18.57,-0.0,-0.0,30.9,-2.31,-35.18,28.59,-6.59
211,0.0,-0.0,-0.0,0.0,-0.0,0.0,-17.77,-17.3,-0.0,0.0,29.44,-2.33,-35.07,27.11,-7.96
221,-0.0,0.0,0.0,-0.0,-0.0,0.0,-16.49,-10.46,0.0,0.0,26.11,-2.35,-26.96,23.76,-3.2
231,-0.0,0.0,-0.0,0.0,-0.0,0.0,-20.04,-18.45,0.0,0.0,35.27,-2.8,-38.49,32.47,-6.02
241,0.0,0.0,0.0,0.0,-0.0,0.0,-19.95,-23.04,0.0,0.0,36.86,-2.65,-42.99,34.21,-8.78
251,0.0,0.0,0.0,-0.0,-0.0,0.0,-16.86,-22.3,0.0,0.0,35.06,-2.55,-39.16,32.51,-6.65
261,0.0,0.0,-0.0,-0.0,-0.0,0.0,-20.25,-17.59,0.0,-0.0,35.91,-2.89,-37.84,33.02,-4.82
271,0.0,0.0,0.0,-0.0,-0.0,0.0,-16.53,-20.76,0.0,-0.0,30.81,-2.44,-37.29,28.37,-8.92
281,0.0,0.0,-0.0,-0.0,-0.0,0.0,-16.91,-23.45,0.0,-0.0,34.5,-2.43,-40.36,32.07,-8.29
291,-0.0,0.0,0.0,0.0,0.0,0.0,-21.53,-20.86,0.0,0.0,35.23,-2.64,-42.38,32.59,-9.8
301,0.0,0.0,0.0,0.0,0.0,0.0,-18.69,-18.41,-0.0,0.0,30.36,-2.41,-37.1,27.96,-9.14
311,-0.0,0.0,0.0,0.0,-0.0,0.0,-19.64,-18.34,-0.0,0.0,31.74,-2.46,-37.98,29.28,-8.7
321,-0.0,0.0,0.0,0.0,-0.0,0.0,-23.89,-18.03,-0.0,0.0,35.64,-2.83,-41.92,32.81,-9.12
331,-0.0,-0.0,0.0,0.0,0.0,0.0,-21.89,-21.52,-0.0,0.0,36.62,-2.72,-43.41,33.9,-9.51
341,0.0,-0.0,-0.0,-0.0,0.0,0.0,-19.86,-12.84,0.0,0.0,27.03,-2.29,-32.7,24.73,-7.97
351,-0.0,-0.0,0.0,-0.0,-0.0,0.0,-17.81,-20.98,0.0,-0.0,33.73,-2.3,-38.79,31.43,-7.36
361,-0.0,0.0,-0.0,0.0,0.0,0.0,-18.07,-23.09,0.0,0.0,33.77,-2.31,-41.16,31.46,-9.7
371,-0.0,-0.0,0.0,0.0,-0.0,0.0,-16.33,-11.05,-0.0,-0.0,21.58,-1.82,-27.37,19.76,-7.61
381,-0.0,-0.0,0.0,0.0,0.0,0.0,-16.89,-6.04,-0.0,-0.0,17.22,-1.81,-22.92,15.41,-7.51
391,-0.0,-0.0,0.0,-0.0,-0.0,0.0,-18.02,-3.48,-0.0,0.0,19.53,-1.88,-21.51,17.65,-3.85
401,0.0,0.0,-0.0,0.0,-0.0,0.0,-16.36,-8.82,0.0,0.0,21.66,-2.03,-25.18,19.63,-5.55
411,-0.0,0.0,0.0,0.0,0.0,0.0,-16.61,-13.24,0.0,-0.0,23.48,-2.01,-29.85,21.47,-8.38
421,-0.0,-0.0,-0.0,-0.0,-0.0,0.0,-18.75,-17.33,0.0,-0.0,31.72,-2.42,-36.08,29.3,-6.78
431,0.0,0.0,0.0,0.0,0.0,0.0,-21.57,-20.01,-0.0,0.0,34.58,-2.59,-41.58,31.99,-9.59
441,0.0,0.0,0.0,-0.0,-0.0,0.0,-20.34,-20.62,0.0,0.0,32.83,-2.5,-40.96,30.33,-10.63
451,-0.0,0.0,-0.0,-0.0,-0.0,0.0,-20.52,-16.6,0.0,-0.0,31.36,-2.48,-37.12,28.88,-8.25
461,-0.0,-0.0,-0.0,-0.0,0.0,0.0,-20.77,-17.85,-0.0,-0.0,32.05,-2.55,-38.62,29.5,-9.12
471,-0.0,-0.0,0.0,0.0,0.0,0.0,-18.72,-17.09,0.0,-0.0,32.06,-2.62,-35.82,29.44,-6.38
481,-0.0,0.0,-0.0,-0.0,0.0,0.0,-16.06,-18.84,-0.0,-0.0,29.42,-2.2,-34.9,27.22,-7.69
491,0.0,0.0,-0.0,-0.0,0.0,0.0,-13.82,-18.22,0.0,0.0,26.29,-2.04,-32.04,24.25,-7.79
501,-0.0,0.0,-0.0,-0.0,-0.0,0.0,-20.26,-15.05,0.0,-0.0,29.44,-2.24,-35.31,27.2,-8.11
511,-0.0,-0.0,-0.0,-0.0,0.0,0.0,-17.88,-15.22,0.0,0.0,25.52,-1.95,-33.1,23.56,-9.54
521,0.0,0.0,0.0,0.0,0.0,0.0,-19.3,-14.59,-0.0,0.0,27.35,-2.22,-33.89,25.13,-8.76
531,-0.0,-0.0,0.0,-0.0,-0.0,0.0,-20.47,-16.36,0.0,-0.0,29.61,-2.24,-36.83,27.37,-9.46
541,0.0,-0.0,0.0,-0.0,0.0,0.0,-19.31,-20.97,0.0,0.0,31.73,-2.13,-40.28,29.61,-10.67
551,0.0,-0.0,0.0,-0.0,-0.0,0.0,-18.43,-19.5,-0.0,0.0,31.69,-2.33,-37.93,29.36,-8.58
561,0.0,0.0,0.0,-0.0,0.0,0.0,-22.15,-19.09,-0.0,-0.0,32.86,-2.48,-41.24,30.38,-10.86
571,-0.0,-0.0,0.0,-0.0,0.0,0.0,-23.07,-17.21,-0.0,0.0,35.56,-2.56,-40.29,33.0,-7.28
581,-0.0,0.0,0.0,-0.0,-0.0,0.0,-19.02,-18.93,0.0,0.0,31.01,-2.35,-37.95,28.66,-9.28
591,-0.0,-0.0,-0.0,0.0,-0.0,0.0,-20.8,-23.54,0.0,0.0,39.73,-2.87,-44.34,36.86,-7.48
601,-0.0,0.0,0.0,0.0,0.0,0.0,-23.49,-17.51,-0.0,-0.0,37.37,-3.01,-41.0,34.36,-6.65
611,-0.0,0.0,-0.0,-0.0,0.0,0.0,-20.31,-15.32,0.0,-0.0,27.98,-2.53,-35.62,25.44,-10.18
621,-0.0,0.0,-0.0,-0.0,-0.0,0.0,-21.65,-16.87,0.0,-0.0,33.75,-3.06,-38.52,30.68,-7.84
631,-0.0,0.0,0.0,-0.0,0.0,0.0,-21.01,-20.54,0.0,0.0,33.12,-2.68,-41.55,30.44,-11.11
641,0.0,0.0,0.0,-0.0,-0.0,0.0,-22.07,-20.33,0.0,-0.0,36.65,-2.69,-42.4,33.96,-8.44
651,0.0,0.0,-0.0,0.0,-0.0,0.0,-20.44,-20.22,-0.0,-0.0,34.26,-2.85,-40.67,31.4,-9.26
661,-0.0,0.0,-0.0,-0.0,-0.0,0.0,-21.31,-18.97,0.0,0.0,34.94,-2.82,-40.28,32.12,-8.16
671,0.0,-0.0,0.0,0.0,0.0,0.0,-20.79,-20.54,0.0,-0.0,37.01,-2.89,-41.32,34.12,-7.2
681,-0.0,0.0,0.0,0.0,-0.0,0.0,-23.74,-18.89,-0.0,0.0,35.8,-3.02,-42.62,32.78,-9.84
691,0.0,-0.0,0.0,-0.0,0.0,0.0,-19.52,-19.98,-0.0,-0.0,33.51,-2.77,-39.5,30.73,-8.76
701,0.0,0.0,0.0,-0.0,0.0,0.0,-19.56,-21.94,0.0,0.0,35.28,-2.68,-41.5,32.6,-8.9
711,-0.0,0.0,-0.0,-0.0,0.0,0.0,-17.62,-19.47,-0.0,-0.0,30.58,-2.34,-37.08,28.24,-8.84
721,-0.0,-0.0,-0.0,-0.0,0.0,0.0,-19.51,-19.83,0.0,0.0,32.99,-2.71,-39.35,30.29,-9.06
731,-0.0,0.0,0.0,-0.0,0.0,0.0,-21.93,-16.86,-0.0,-0.0,32.02,-3.04,-38.79,28.98,-9.81
741,0.0,0.0,-0.0,-0.0,-0.0,0.0,-20.83,-18.19,-0.0,0.0,33.36,-2.6,-39.02,30.76,-8.26
751,-0.0,0.0,0.0,0.0,-0.0,0.0,-25.49,-17.13,-0.0,-0.0,34.5,-2.9,-42.62,31.6,-11.02
761,0.0,-0.0,0.0,0.0,-0.0,0.0,-24.51,-16.07,0.0,0.0,32.41,-2.87,-40.59,29.54,-11.05
771,0.0,-0.0,-0.0,0.0,0.0,0.0,-23.47,-17.14,-0.0,0.0,35.46,-2.83,-40.62,32.63,-7.99
781,-0.0,0.0,-0.0,0.0,-0.0,0.0,-21.79,-16.97,-0.0,-0.0,32.36,-2.87,-38.76,29.5,-9.26
791,-0.0,-0.0,-0.0,0.0,0.0,0.0,-21.58,-22.31,-0.0,0.0,37.43,-2.81,-43.89,34.62,-9.26
801,-0.0,0.0,-0.0,0.0,-0.0,0.0,-22.23,-18.41,-0.0,0.0,33.51,-2.71,-40.64,30.8,-9.84
811,-0.0,0.0,-0.0,0.0,0.0,0.0,-19.25,-20.3,-0.0,-0.0,31.08,-2.59,-39.55,28.48,-11.07
821,-0.0,0.0,0.0,0.0,0.0,0.0,-23.05,-14.52,0.0,0.0,31.7,-2.52,-37.57,29.18,-8.39
831,0.0,0.0,-0.0,0.0,0.0,0.0,-20.71,-22.12,-0.0,-0.0,35.29,-2.59,-42.83,32.71,-10.12
841,0.0,-0.0,-0.0,-0.0,0.0,0.0,-23.59,-14.78,-0.0,0.0,33.2,-2.82,-38.37,30.37,-7.99
851,0.0,-0.0,-0.0,-0.0,-0.0,0.0,-22.06,-18.82,0.0,0.0,34.58,-2.93,-40.88,31.64,-9.23
861,-0.0,-0.0,-0.0,0.0,0.0,0.0,-20.28,-19.4,0.0,-0.0,36.38,-2.94,-39.68,33.43,-6.25
871,-0.0,-0.0,-0.0,-0.0,0.0,0.0,-21.83,-13.77,-0.0,0.0,28.13,-2.76,-35.6,25.37,-10.23
881,0.0,-0.0,0.0,0.0,-0.0,0.0,-23.82,-17.28,0.0,0.0,36.63,-2.99,-41.1,33.63,-7.47
891,0.0,-0.0,-0.0,0.0,-0.0,0.0,-20.27,-16.94,-0.0,-0.0,33.6,-2.83,-37.21,30.77,-6.44
901,0.0,-0.0,0.0,-0.0,0.0,0.0,-24.58,-21.1,0.0,-0.0,38.94,-2.86,-45.68,36.09,-9.6
911,-0.0,0.0,0.0,0.0,-0.0,0.0,-22.98,-20.33,0.0,0.0,37.33,-2.99,-43.32,34.34,-8.98
921,0.0,0.0,-0.0,0.0,-0.0,0.0,-21.6,-14.79,0.0,-0.0,31.6,-2.97,-36.4,28.63,-7.77
931,-0.0,0.0,-0.0,0.0,0.0,0.0,-24.03,-19.19,-0.0,-0.0,33.01,-2.8,-43.23,30.2,-13.02
941,0.0,0.0,0.0,0.0,-0.0,0.0,-20.75,-18.85,0.0,-0.0,31.62,-2.56,-39.6,29.05,-10.55
951,0.0,0.0,-0.0,-0.0,0.0,0.0,-21.68,-21.66,-0.0,0.0,35.78,-2.64,-43.34,33.14,-10.21
961,-0.0,0.0,-0.0,-0.0,-0.0,0.0,-22.44,-23.05,0.0,-0.0,37.86,-2.89,-45.5,34.97,-10.53
971,0.0,0.0,0.0,-0.0,0.0,0.0,-22.05,-17.26,0.0,-0.0,32.23,-2.83,-39.31,29.4,-9.92
981,0.0,-0.0,0.0,0.0,0.0,0.0,-22.56,-18.6,-0.0,0.0,34.11,-2.95,-41.16,31.15,-10.01
991,0.0,-0.0,0.0,0.0,0.0,0.0,-23.42,-18.28,0.0,-0.0,38.1,-3.13,-41.7,34.97,-6.72
1001,-0.0,-0.0,0.0,-0.0,-0.0,0.0,-22.61,-15.22,0.0,0.0,30.87,-2.71,-37.83,28.16,-9.67
1011,-0.0,0.0,-0.0,-0.0,0.0,0.0,-20.45,-20.2,-0.0,-0.0,32.64,-2.53,-40.65,30.11,-10.55
1021,-0.0,0.0,-0.0,0.0,-0.0,0.0,-22.52,-20.65,0.0,0.0,35.18,-2.82,-43.17,32.36,-10.82
1031,-0.0,0.0,-0.0,0.0,-0.0,0.0,-22.66,-17.25,-0.0,-0.0,31.3,-2.7,-39.91,28.59,-11.32
1041,0.0,-0.0,-0.0,-0.0,-0.0,0.0,-21.12,-19.76,0.0,-0.0,37.69,-2.96,-40.89,34.74,-6.15
1051,-0.0,-0.0,0.0,0.0,-0.0,0.0,-19.81,-18.94,-0.0,0.0,35.39,-2.97,-38.75,32.42,-6.33
1061,0.0,0.0,-0.0,0.0,0.0,0.0,-22.99,-19.16,0.0,-0.0,35.28,-2.89,-42.15,32.39,-9.76
1071,0.0,0.0,-0.0,-0.0,0.0,0.0,-21.07,-22.2,0.0,0.0,38.86,-2.79,-43.27,36.06,-7.21
1081,-0.0,-0.0,0.0,0.0,-0.0,0.0,-21.97,-18.27,-0.0,-0.0,34.81,-2.78,-40.23,32.03,-8.2
1091,0.0,-0.0,-0.0,0.0,0.0,0.0,-21.63,-23.39,0.0,-0.0,37.83,-2.78,-45.02,35.05,-9.97
1101,-0.0,-0.0,-0.0,-0.0,0.0,0.0,-21.25,-19.41,0.0,0.0,33.98,-2.93,-40.66,31.05,-9.62
1111,0.0,-0.0,0.0,-0.0,0.0,0.0,-21.55,-18.68,-0.0,-0.0,33.16,-2.78,-40.23,30.38,-9.86
1121,0.0,-0.0,-0.0,0.0,0.0,0.0,-21.76,-18.83,0.0,-0.0,33.46,-2.64,-40.59,30.81,-9.78
1131,-0.0,0.0,0.0,0.0,-0.0,0.0,-22.03,-21.16,-0.0,-0.0,35.55,-2.73,-43.19,32.82,-10.37
1141,-0.0,0.0,0.0,-0.0,0.0,0.0,-22.66,-18.77,-0.0,0.0,34.1,-3.16,-41.43,30.95,-10.48
1151,-0.0,0.0,-0.0,-0.0,-0.0,0.0,-23.94,-16.01,0.0,-0.0,32.62,-3.0,-39.95,29.62,-10.33
1161,0.0,-0.0,-0.0,0.0,0.0,0.0,-25.03,-20.03,-0.0,-0.0,39.17,-3.33,-45.06,35.83,-9.23
1171,0.0,-0.0,0.0,-0.0,0.0,0.0,-23.06,-19.47,-0.0,-0.0,36.11,-3.18,-42.53,32.93,-9.6
1181,-0.0,-0.0,0.0,-0.0,-0.0,0.0,-21.85,-18.4,-0.0,0.0,36.01,-2.98,-40.25,33.03,-7.22
1191,0.0,0.0,0.0,-0.0,-0.0,0.0,-20.24,-22.54,-0.0,-0.0,39.03,-2.9,-42.78,36.13,-6.65
1201,0.0,0.0,-0.0,-0.0,-0.0,0.0,-20.46,-16.39,-0.0,0.0,27.75,-2.78,-36.86,24.97,-11.88
1211,-0.0,0.0,0.0,0.0,0.0,0.0,-24.22,-19.05,-0.0,0.0,36.72,-2.89,-43.27,33.83,-9.44
1221,0.0,0.0,0.0,-0.0,0.0,0.0,-23.64,-18.44,0.0,-0.0,35.43,-3.03,-42.09,32.4,-9.69
1231,-0.0,0.0,-0.0,0.0,0.0,0.0,-21.77,-23.48,-0.0,0.0,37.64,-2.92,-45.25,34.72,-10.53
1241,0.0,-0.0,-0.0,-0.0,-0.0,0.0,-20.78,-18.71,0.0,0.0,31.77,-2.79,-39.49,28.97,-10.52
1251,0.0,0.0,-0.0,0.0,-0.0,0.0,-22.22,-17.17,0.0,-0.0,33.23,-2.49,-39.39,30.74,-8.65
1261,-0.0,-0.0,0.0,-0.0,-0.0,0.0,-20.49,-16.32,0.0,0.0,27.78,-2.43,-36.81,25.34,-11.47
1271,-0.0,-0.0,0.0,-0.0,-0.0,0.0,-19.09,-17.83,0.0,0.0,31.96,-2.59,-36.91,29.37,-7.54
1281,-0.0,-0.0,0.0,0.0,-0.0,0.0,-19.1,-22.04,0.0,0.0,37.06,-2.8,-41.13,34.26,-6.87
1291,0.0,-0.0,-0.0,0.0,0.0,0.0,-20.9,-15.84,-0.0,-0.0,29.36,-2.71,-36.75,26.64,-10.11
1301,0.0,-0.0,0.0,-0.0,-0.0,0.0,-21.4,-16.01,-0.0,0.0,30.93,-2.62,-37.41,28.31,-9.1
1311,0.0,-0.0,0.0,-0.0,0.0,0.0,-22.8,-19.23,0.0,-0.0,32.91,-2.72,-42.03,30.19,-11.84
1321,-0.0,0.0,-0.0,-0.0,0.0,0.0,-20.4,-11.99,-0.0,-0.0,28.22,-2.51,-32.39,25.71,-6.68
1331,0.0,-0.0,-0.0,0.0,-0.0,0.0,-20.4,-16.91,0.0,0.0,30.38,-2.7,-37.31,27.69,-9.62
1341,0.0,-0.0,-0.0,-0.0,-0.0,0.0,-22.0,-14.05,-0.0,0.0,29.5,-2.63,-36.06,26.87,-9.18
1351,0.0,0.0,0.0,0.0,-0.0,0.0,-21.5,-19.62,-0.0,0.0,34.8,-2.73,-41.13,32.07,-9.05
1361,0.0,-0.0,0.0,-0.0,0.0,0.0,-20.71,-17.47,0.0,0.0,31.91,-2.67,-38.19,29.25,-8.94
1371,-0.0,0.0,0.0,-0.0,-0.0,0.0,-21.29,-14.17,0.0,0.0,28.66,-2.87,-35.46,25.79,-9.67
1381,-0.0,-0.0,0.0,-0.0,0.0,0.0,-23.64,-15.49,-0.0,-0.0,32.06,-3.03,-39.13,29.04,-10.09
1391,0.0,0.0,-0.0,-0.0,0.0,0.0,-22.08,-18.73,0.0,0.0,33.14,-3.05,-40.81,30.09,-10.72
1401,-0.0,-0.0,0.0,0.0,0.0,0.0,-24.06,-21.84,-0.0,0.0,40.05,-3.15,-45.9,36.9,-9.0
1411,0.0,0.0,-0.0,-0.0,-0.0,0.0,-23.71,-22.92,-0.0,-0.0,40.1,-3.22,-46.63,36.88,-9.74
1421,0.0,0.0,-0.0,0.0,0.0,0.0,-21.32,-15.05,-0.0,0.0,33.3,-3.12,-36.38,30.18,-6.2
1431,-0.0,0.0,-0.0,0.0,0.0,0.0,-25.25,-18.41,0.0,-0.0,38.38,-3.32,-43.66,35.06,-8.6
1441,0.0,-0.0,0.0,-0.0,0.0,0.0,-24.17,-18.89,0.0,0.0,39.83,-3.48,-43.06,36.35,-6.71
1451,0.0,0.0,-0.0,0.0,-0.0,0.0,-20.67,-22.33,0.0,0.0,40.66,-3.2,-43.0,37.46,-5.54
1461,-0.0,0.0,-0.0,0.0,-0.0,0.0,-21.6,-21.33,-0.0,-0.0,38.45,-3.14,-42.93,35.31,-7.62
1471,0.0,-0.0,0.0,-0.0,0.0,0.0,-19.09,-20.64,0.0,0.0,33.36,-2.9,-39.73,30.46,-9.27
1481,0.0,-0.0,0.0,-0.0,-0.0,0.0,-20.39,-22.45,0.0,0.0,37.62,-2.67,-42.84,34.95,-7.89
1491,0.0,0.0,0.0,0.0,0.0,0.0,-22.7,-20.09,-0.0,-0.0,35.37,-2.4,-42.79,32.97,-9.81
1501,-0.0,-0.0,-0.0,0.0,0.0,0.0,-19.79,-22.36,0.0,0.0,36.77,-2.72,-42.15,34.05,-8.1
1511,-0.0,0.0,-0.0,-0.0,0.0,0.0,-16.89,-20.07,0.0,-0.0,32.2,-2.55,-36.96,29.65,-7.3
1521,0.0,-0.0,0.0,-0.0,0.0,0.0,-19.22,-20.72,-0.0,-0.0,32.03,-2.53,-39.94,29.51,-10.43
1531,-0.0,-0.0,-0.0,0.0,0.0,0.0,-21.85,-21.19,0.0,0.0,34.27,-2.64,-43.04,31.63,-11.41
1541,0.0,0.0,-0.0,-0.0,0.0,0.0,-20.98,-18.47,-0.0,-0.0,32.26,-2.58,-39.44,29.68,-9.76
1551,0.0,-0.0,-0.0,0.0,0.0,0.0,-22.63,-19.22,0.0,-0.0,32.02,-2.63,-41.85,29.4,-12.46
1561,0.0,-0.0,-0.0,0.0,0.0,0.0,-19.08,-20.53,0.0,0.0,31.25,-2.48,-39.61,28.76,-10.84
1571,-0.0,0.0,-0.0,0.0,0.0,0.0,-22.17,-16.19,0.0,-0.0,30.56,-2.76,-38.36,27.8,-10.55
1581,0.0,0.0,0.0,0.0,0.0,0.0,-23.71,-18.21,-0.0,0.0,35.04,-3.0,-41.92,32.04,-9.88
1591,-0.0,-0.0,-0.0,0.0,0.0,0.0,-20.86,-18.83,-0.0,-0.0,33.98,-3.14,-39.69,30.84,-8.85
1601,-0.0,-0.0,-0.0,-0.0,0.0,0.0,-22.71,-19.26,0.0,-0.0,33.97,-3.13,-41.96,30.84,-11.12
1611,0.0,-0.0,-0.0,-0.0,0.0,0.0,-22.92,-15.51,0.0,-0.0,32.1,-3.25,-38.43,28.85,-9.58
1621,0.0,-0.0,-0.0,0.0,-0.0,0.0,-24.07,-17.73,-0.0,0.0,31.96,-2.92,-41.8,29.05,-12.75
1631,0.0,-0.0,-0.0,-0.0,0.0,0.0,-22.21,-16.41,-0.0,0.0,34.86,-3.22,-38.62,31.65,-6.98
1641,-0.0,-0.0,0.0,-0.0,-0.0,0.0,-21.06,-17.68,-0.0,-0.0,30.82,-2.83,-38.75,27.99,-10.75
1651,-0.0,-0.0,0.0,-0.0,0.0,0.0,-17.69,-21.75,0.0,-0.0,33.08,-2.6,-39.44,30.48,-8.96
1661,-0.0,-0.0,-0.0,-0.0,0.0,0.0,-22.22,-18.36,-0.0,-0.0,33.32,-2.48,-40.58,30.84,-9.74
1671,-0.0,-0.0,-0.0,-0.0,0.0,0.0,-18.85,-19.68,0.0,0.0,31.6,-2.24,-38.53,29.36,-9.17
1681,-0.0,0.0,0.0,-0.0,0.0,0.0,-20.57,-22.01,0.0,-0.0,33.07,-2.38,-42.58,30.69,-11.89
1691,0.0,-0.0,0.0,-0.0,-0.0,0.0,-22.72,-17.9,0.0,0.0,32.06,-2.8,-40.62,29.26,-11.36
1701,-0.0,0.0,0.0,0.0,0.0,0.0,-17.77,-16.07,-0.0,0.0,29.29,-2.18,-33.84,27.12,-6.73
1711,-0.0,0.0,-0.0,-0.0,0.0,0.0,-21.28,-19.68,0.0,-0.0,35.09,-2.69,-40.96,32.39,-8.56
1721,0.0,0.0,0.0,0.0,-0.0,0.0,-18.81,-23.14,-0.0,0.0,37.47,-2.88,-41.95,34.59,-7.36
1731,-0.0,-0.0,0.0,0.0,0.0,0.0,-23.05,-19.09,-0.0,0.0,34.07,-2.86,-42.14,31.21,-10.93
1741,-0.0,-0.0,0.0,0.0,0.0,0.0,-21.44,-22.29,-0.0,0.0,35.38,-2.64,-43.73,32.74,-10.98
1751,0.0,-0.0,-0.0,-0.0,-0.0,0.0,-20.29,-18.33,0.0,-0.0,31.37,-2.7,-38.62,28.68,-9.94
1761,0.0,-0.0,0.0,0.0,-0.0,0.0,-22.68,-15.83,0.0,0.0,30.85,-2.66,-38.51,28.19,-10.32
1771,0.0,-0.0,0.0,-0.0,0.0,0.0,-21.42,-17.32,-0.0,-0.0,33.41,-2.48,-38.73,30.93,-7.8
1781,-0.0,0.0,-0.0,0.0,-0.0,0.0,-22.64,-17.46,0.0,-0.0,32.1,-2.49,-40.1,29.61,-10.49
1791,-0.0,-0.0,0.0,-0.0,-0.0,0.0,-20.1,-16.07,-0.0,-0.0,30.59,-2.23,-36.18,28.36,-7.82
1801,-0.0,0.0,-0.0,-0.0,0.0,0.0,-17.77,-19.59,-0.0,-0.0,31.93,-2.54,-37.37,29.39,-7.98
1811,0.0,0.0,-0.0,-0.0,-0.0,0.0,-22.29,-14.96,-0.0,0.0,28.47,-2.59,-37.24,25.87,-11.37
1821,0.0,-0.0,-0.0,-0.0,0.0,0.0,-20.09,-19.22,-0.0,-0.0,36.0,-2.83,-39.31,33.17,-6.14
1831,-0.0,0.0,-0.0,-0.0,-0.0,0.0,-24.13,-16.22,0.0,-0.0,34.99,-2.92,-40.35,32.07,-8.28
1841,-0.0,-0.0,0.0,-0.0,0.0,0.0,-18.97,-16.86,0.0,-0.0,30.89,-2.45,-35.84,28.44,-7.4
1851,-0.0,0.0,-0.0,-0.0,0.0,0.0,-22.53,-15.7,0.0,-0.0,30.25,-2.63,-38.23,27.61,-10.62
1861,-0.0,0.0,0.0,0.0,0.0,0.0,-19.41,-13.61,0.0,-0.0,29.46,-2.8,-33.02,26.65,-6.37
1871,0.0,0.0,0.0,0.0,0.0,0.0,-22.08,-13.99,-0.0,-0.0,26.29,-2.81,-36.06,23.47,-12.59
1881,0.0,0.0,-0.0,0.0,0.0,0.0,-22.34,-14.09,-0.0,0.0,30.23,-2.61,-36.43,27.62,-8.81
1891,-0.0,0.0,-0.0,0.0,-0.0,0.0,-21.18,-19.33,-0.0,0.0,33.66,-2.58,-40.52,31.08,-9.43
1901,-0.0,0.0,0.0,-0.0,0.0,0.0,-17.87,-16.1,0.0,0.0,31.83,-2.5,-33.96,29.33,-4.63
1911,0.0,0.0,-0.0,0.0,0.0,0.0,-20.13,-23.1,0.0,-0.0,39.03,-2.75,-43.22,36.28,-6.94
1921,0.0,0.0,-0.0,-0.0,0.0,0.0,-19.61,-20.06,-0.0,-0.0,32.68,-2.37,-39.66,30.3,-9.36
1931,0.0,0.0,0.0,0.0,0.0,0.0,-17.9,-22.48,-0.0,0.0,33.41,-2.62,-40.38,30.79,-9.59
1941,0.0,0.0,-0.0,0.0,0.0,0.0,-19.15,-18.88,-0.0,0.0,31.91,-2.42,-38.04,29.49,-8.55
1951,-0.0,-0.0,-0.0,0.0,-0.0,0.0,-18.86,-20.58,0.0,-0.0,33.74,-2.74,-39.44,31.0,-8.44
1961,0.0,-0.0,-0.0,-0.0,-0.0,0.0,-21.02,-13.79,-0.0,-0.0,25.01,-2.5,-34.81,22.52,-12.29
1971,0.0,0.0,-0.0,0.0,-0.0,0.0,-20.86,-19.22,-0.0,-0.0,33.26,-2.62,-40.08,30.64,-9.44
1981,-0.0,-0.0,0.0,0.0,-0.0,0.0,-24.45,-19.98,0.0,0.0,37.72,-2.92,-44.43,34.81,-9.62
1991,-0.0,-0.0,0.0,0.0,0.0,0.0,-23.65,-20.9,0.0,-0.0,37.62,-2.64,-44.56,34.98,-9.58
2001,-0.0,0.0,0.0,0.0,-0.0,0.0,-23.83,-19.07,0.0,-0.0,37.52,-2.97,-42.9,34.55,-8.35
2011,-0.0,0.0,-0.0,-0.0,0.0,0.0,-19.74,-23.52,0.0,-0.0,38.04,-2.68,-43.26,35.35,-7.9
2021,0.0,-0.0,0.0,-0.0,-0.0,0.0,-20.1,-19.34,0.0,0.0,34.29,-2.67,-39.44,31.62,-7.82
2031,-0.0,0.0,0.0,-0.0,0.0,0.0,-18.94,-20.61,-0.0,0.0,36.41,-2.35,-39.56,34.06,-5.5
2041,0.0,0.0,0.0,-0.0,-0.0,0.0,-17.92,-20.63,0.0,0.0,34.97,-2.6,-38.55,32.37,-6.18
2051,0.0,-0.0,-0.0,-0.0,0.0,0.0,-16.86,-18.22,-0.0,0.0,29.69,-2.32,-35.08,27.38,-7.7
2061,0.0,0.0,-0.0,0.0,0.0,0.0,-21.41,-21.45,-0.0,0.0,37.25,-2.63,-42.86,34.62,-8.24
2071,0.0,0.0,0.0,0.0,-0.0,0.0,-19.48,-20.75,0.0,0.0,35.72,-2.62,-40.23,33.11,-7.13
2081,0.0,0.0,-0.0,0.0,0.0,0.0,-20.71,-21.3,0.0,0.0,35.29,-2.73,-42.01,32.56,-9.44
2091,0.0,0.0,0.0,-0.0,-0.0,0.0,-21.46,-22.02,0.0,0.0,39.98,-2.63,-43.48,37.35,-6.13
2101,-0.0,-0.0,0.0,-0.0,-0.0,0.0,-19.2,-19.36,0.0,0.0,33.34,-2.54,-38.56,30.8,-7.77
2111,0.0,-0.0,-0.0,0.0,-0.0,0.0,-19.42,-12.22,-0.0,-0.0,26.73,-2.43,-31.64,24.29,-7.34
2121,0.0,-0.0,-0.0,-0.0,0.0,0.0,-22.05,-16.97,-0.0,0.0,30.82,-2.59,-39.02,28.23,-10.79
2131,-0.0,-0.0,-0.0,0.0,0.0,0.0,-19.93,-16.69,-0.0,-0.0,30.67,-2.54,-36.61,28.13,-8.48
2141,-0.0,-0.0,0.0,0.0,-0.0,0.0,-17.35,-20.67,-0.0,0.0,32.15,-2.49,-38.02,29.66,-8.36
2151,-0.0,-0.0,0.0,0.0,0.0,0.0,-21.77,-20.03,-0.0,0.0,34.02,-2.36,-41.8,31.67,-10.13
2161,-0.0,0.0,-0.0,0.0,-0.0,0.0,-20.99,-9.37,-0.0,0.0,25.14,-2.59,-30.36,22.55,-7.82
2171,-0.0,0.0,0.0,-0.0,0.0,0.0,-20.24,-13.19,0.0,-0.0,25.24,-2.32,-33.43,22.91,-10.52
2181,0.0,0.0,0.0,-0.0,0.0,0.0,-20.56,-17.63,0.0,0.0,32.8,-2.52,-38.19,30.28,-7.91
2191,-0.0,0.0,0.0,-0.0,-0.0,0.0,-22.25,-11.26,0.0,0.0,25.43,-2.42,-33.51,23.0,-10.51
2201,-0.0,-0.0,0.0,-0.0,-0.0,0.0,-22.2,-16.12,-0.0,0.0,32.2,-2.57,-38.32,29.63,-8.68
2211,-0.0,0.0,0.0,-0.0,-0.0,0.0,-20.99,-13.36,-0.0,-0.0,27.34,-2.51,-34.35,24.83,-9.52
2221,-0.0,-0.0,-0.0,0.0,0.0,0.0,-21.2,-18.31,-0.0,0.0,30.68,-2.35,-39.51,28.33,-11.18
2231,-0.0,-0.0,-0.0,-0.0,0.0,0.0,-22.08,-17.45,-0.0,-0.0,31.87,-2.42,-39.53,29.45,-10.07
2241,-0.0,0.0,-0.0,0.0,-0.0,0.0,-20.07,-17.53,0.0,0.0,30.47,-2.46,-37.61,28.01,-9.59
2251,0.0,-0.0,0.0,-0.0,-0.0,0.0,-15.13,-24.89,0.0,0.0,36.17,-2.54,-40.02,33.64,-6.38
2261,0.0,-0.0,0.0,-0.0,0.0,0.0,-21.1,-17.06,0.0,-0.0,31.4,-2.59,-38.16,28.81,-9.35
2271,0.0,-0.0,0.0,0.0,-0.0,0.0,-20.4,-13.72,0.0,0.0,26.85,-2.71,-34.12,24.14,-9.98
2281,0.0,-0.0,0.0,0.0,-0.0,0.0,-21.74,-14.44,-0.0,0.0,27.89,-2.17,-36.18,25.72,-10.46
2291,-0.0,-0.0,-0.0,0.0,0.0,0.0,-20.84,-17.01,0.0,-0.0,33.5,-2.48,-37.86,31.03,-6.83
2301,-0.0,0.0,-0.0,-0.0,0.0,0.0,-18.9,-13.31,0.0,0.0,25.08,-2.11,-32.2,22.97,-9.23
2311,0.0,-0.0,0.0,-0.0,-0.0,0.0,-19.75,-18.83,0.0,0.0,33.77,-2.33,-38.58,31.44,-7.14
2321,-0.0,0.0,-0.0,-0.0,-0.0,0.0,-17.44,-18.09,-0.0,-0.0,27.78,-2.09,-35.54,25.69,-9.85
2331,-0.0,0.0,0.0,0.0,-0.0,0.0,-21.29,-14.81,0.0,0.0,30.54,-2.4,-36.1,28.14,-7.96
2341,0.0,-0.0,-0.0,-0.0,0.0,0.0,-21.4,-13.93,0.0,-0.0,30.3,-2.53,-35.33,27.77,-7.56
2351,0.0,0.0,-0.0,0.0,0.0,0.0,-22.44,-16.71,0.0,0.0,32.1,-2.77,-39.16,29.33,-9.83
2361,0.0,0.0,-0.0,-0.0,-0.0,0.0,-22.34,-21.43,-0.0,-0.0,36.4,-2.63,-43.77,33.77,-9.99
2371,-0.0,0.0,-0.0,0.0,0.0,0.0,-19.05,-21.78,-0.0,-0.0,36.6,-2.55,-40.83,34.05,-6.78
2381,0.0,-0.0,-0.0,0.0,0.0,0.0,-21.41,-15.43,-0.0,-0.0,29.18,-2.47,-36.84,26.71,-10.13
2391,-0.0,0.0,0.0,-0.0,0.0,0.0,-21.34,-20.18,0.0,0.0,34.08,-2.4,-41.52,31.68,-9.84
2401,0.0,-0.0,-0.0,0.0,-0.0,0.0,-21.94,-20.3,-0.0,-0.0,33.59,-2.5,-42.24,31.1,-11.15
2411,-0.0,0.0,-0.0,0.0,0.0,0.0,-20.59,-17.11,0.0,0.0,28.33,-2.2,-37.7,26.13,-11.58
2421,0.0,-0.0,-0.0,-0.0,0.0,0.0,-21.22,-17.52,-0.0,-0.0,33.95,-2.65,-38.73,31.31,-7.43
2431,0.0,-0.0,-0.0,-0.0,-0.0,0.0,-21.03,-16.6,0.0,0.0,30.42,-2.38,-37.63,28.04,-9.59
2441,-0.0,-0.0,-0.0,-0.0,-0.0,0.0,-20.69,-18.03,0.0,0.0,32.38,-2.57,-38.72,29.81,-8.91
2451,-0.0,0.0,0.0,0.0,-0.0,0.0,-19.06,-17.14,-0.0,-0.0,32.09,-2.48,-36.2,29.6,-6.6
2461,0.0,-0.0,-0.0,-0.0,-0.0,0.0,-18.23,-18.93,-0.0,0.0,30.09,-2.3,-37.16,27.79,-9.37
2471,-0.0,0.0,0.0,-0.0,-0.0,0.0,-20.09,-19.72,0.0,-0.0,33.86,-2.47,-39.8,31.39,-8.42
2481,-0.0,-0.0,0.0,0.0,-0.0,0.0,-22.98,-17.55,0.0,0.0,33.91,-2.51,-40.53,31.4,-9.13
2491,-0.0,0.0,0.0,-0.0,0.0,0.0,-18.4,-18.35,-0.0,0.0,28.66,-2.19,-36.75,26.48,-10.27
2501,-0.0,-0.0,0.0,0.0,0.0,0.0,-18.06,-15.21,-0.0,0.0,25.86,-2.26,-33.26,23.6,-9.67
2511,0.0,0.0,0.0,0.0,0.0,0.0,-21.41,-17.22,-0.0,0.0,30.87,-2.47,-38.63,28.4,-10.23
2521,-0.0,-0.0,-0.0,0.0,0.0,0.0,-15.35,-18.1,-0.0,-0.0,26.19,-2.01,-33.45,24.18,-9.28
2531,0.0,0.0,-0.0,0.0,-0.0,0.0,-20.03,-14.72,0.0,0.0,27.0,-2.42,-34.75,24.59,-10.16
2541,-0.0,0.0,0.0,0.0,-0.0,0.0,-22.03,-17.42,-0.0,-0.0,34.66,-2.31,-39.45,32.35,-7.1
2551,0.0,-0.0,-0.0,-0.0,0.0,0.0,-19.48,-17.91,-0.0,-0.0,32.18,-2.65,-37.38,29.52,-7.86
2561,-0.0,0.0,0.0,-0.0,0.0,0.0,-22.48,-18.95,0.0,-0.0,32.7,-2.77,-41.43,29.94,-11.49
2571,-0.0,0.0,0.0,0.0,0.0,0.0,-19.2,-18.1,-0.0,-0.0,31.24,-2.36,-37.3,28.88,-8.42
2581,-0.0,0.0,-0.0,-0.0,0.0,0.0,-17.89,-19.11,0.0,-0.0,33.26,-2.62,-37.0,30.65,-6.35
2591,-0.0,0.0,-0.0,0.0,-0.0,0.0,-20.91,-17.89,0.0,-0.0,30.9,-2.49,-38.8,28.41,-10.39
2601,0.0,-0.0,0.0,0.0,0.0,0.0,-19.01,-17.21,-0.0,0.0,32.13,-2.33,-36.22,29.8,-6.42
2611,0.0,0.0,0.0,-0.0,0.0,0.0,-21.63,-16.5,-0.0,0.0,29.1,-2.34,-38.12,26.76,-11.36
2621,0.0,-0.0,0.0,0.0,0.0,0.0,-21.55,-16.05,0.0,-0.0,29.23,-2.49,-37.6,26.73,-10.87
2631,-0.0,-0.0,-0.0,0.0,0.0,0.0,-23.43,-15.56,-0.0,-0.0,32.41,-2.56,-38.99,29.85,-9.14
2641,-0.0,0.0,0.0,-0.0,0.0,0.0,-18.56,-14.82,-0.0,-0.0,25.63,-2.25,-33.38,23.37,-10.01
2651,-0.0,0.0,0.0,0.0,-0.0,0.0,-22.37,-14.66,0.0,-0.0,26.63,-2.33,-37.03,24.3,-12.73
2661,-0.0,-0.0,-0.0,0.0,0.0,0.0,-21.75,-10.5,-0.0,0.0,27.19,-3.04,-32.25,24.15,-8.1
2671,-0.0,0.0,-0.0,0.0,0.0,0.0,-23.22,-16.19,0.0,0.0,31.91,-2.67,-39.4,29.24,-10.16
2681,-0.0,-0.0,-0.0,0.0,0.0,0.0,-17.8,-18.25,-0.0,0.0,29.71,-2.73,-36.06,26.99,-9.07
2691,-0.0,0.0,-0.0,-0.0,-0.0,0.0,-20.59,-20.56,-0.0,0.0,32.77,-2.55,-41.15,30.22,-10.93
2701,-0.0,0.0,0.0,0.0,0.0,0.0,-20.98,-16.56,-0.0,0.0,30.25,-2.63,-37.54,27.61,-9.93
2711,0.0,-0.0,-0.0,0.0,-0.0,0.0,-22.67,-14.32,-0.0,-0.0,30.7,-2.8,-37.0,27.9,-9.09
2721,-0.0,0.0,0.0,-0.0,-0.0,0.0,-18.5,-21.3,-0.0,-0.0,32.37,-2.55,-39.8,29.82,-9.98
2731,0.0,0.0,0.0,0.0,-0.0,0.0,-21.16,-19.5,-0.0,-0.0,31.76,-2.55,-40.66,29.21,-11.45
2741,-0.0,-0.0,-0.0,-0.0,0.0,0.0,-20.53,-12.71,-0.0,-0.0,24.95,-2.81,-33.24,22.14,-11.1
2751,-0.0,-0.0,0.0,0.0,0.0,0.0,-21.24,-19.1,-0.0,0.0,32.27,-2.7,-40.34,29.57,-10.77
2761,0.0,0.0,-0.0,-0.0,-0.0,0.0,-21.5,-20.26,-0.0,-0.0,35.57,-2.82,-41.76,32.75,-9.01
2771,0.0,-0.0,0.0,0.0,0.0,0.0,-20.73,-18.09,-0.0,-0.0,31.6,-2.45,-38.82,29.15,-9.67
2781,0.0,0.0,-0.0,-0.0,0.0,0.0,-20.03,-16.79,0.0,-0.0,30.21,-2.36,-36.82,27.85,-8.97
2791,-0.0,0.0,-0.0,0.0,-0.0,0.0,-21.86,-16.28,0.0,0.0,30.06,-2.59,-38.14,27.48,-10.67
2801,-0.0,0.0,-0.0,0.0,0.0,0.0,-20.82,-15.09,-0.0,-0.0,27.87,-2.73,-35.91,25.14,-10.77
2811,-0.0,0.0,0.0,-0.0,0.0,0.0,-21.11,-19.13,-0.0,-0.0,31.87,-2.43,-40.24,29.44,-10.8
2821,-0.0,-0.0,0.0,-0.0,-0.0,0.0,-18.26,-13.87,0.0,-0.0,23.47,-2.2,-32.13,21.27,-10.87
2831,0.0,-0.0,0.0,-0.0,-0.0,0.0,-19.78,-15.89,-0.0,-0.0,30.35,-2.61,-35.67,27.74,-7.94
2841,-0.0,0.0,-0.0,-0.0,0.0,0.0,-20.65,-18.49,-0.0,-0.0,30.4,-2.45,-39.14,27.95,-11.19
2851,-0.0,-0.0,-0.0,-0.0,-0.0,0.0,-20.73,-17.16,-0.0,0.0,30.83,-2.67,-37.89,28.15,-9.74
2861,-0.0,-0.0,-0.0,-0.0,-0.0,0.0,-19.64,-15.51,0.0,0.0,29.2,-2.43,-35.15,26.77,-8.39
2871,-0.0,0.0,0.0,-0.0,0.0,0.0,-21.09,-23.12,-0.0,0.0,35.93,-2.5,-44.21,33.44,-10.78
2881,0.0,0.0,0.0,0.0,0.0,0.0,-18.44,-11.29,-0.0,-0.0,25.04,-2.23,-29.73,22.8,-6.92
2891,0.0,-0.0,-0.0,0.0,0.0,0.0,-17.77,-17.84,-0.0,0.0,27.9,-2.44,-35.61,25.47,-10.14
2901,-0.0,0.0,0.0,0.0,-0.0,0.0,-20.41,-20.99,0.0,-0.0,34.42,-2.8,-41.4,31.62,-9.79
2911,0.0,0.0,0.0,-0.0,-0.0,0.0,-22.3,-11.63,0.0,-0.0,28.56,-2.75,-33.93,25.8,-8.13
2921,0.0,-0.0,-0.0,0.0,0.0,0.0,-21.89,-17.45,0.0,-0.0,30.61,-2.61,-39.34,28.01,-11.33
2931,0.0,0.0,0.0,0.0,0.0,0.0,-22.64,-17.72,0.0,0.0,33.47,-2.61,-40.36,30.86,-9.5
2941,0.0,0.0,0.0,-0.0,0.0,0.0,-20.85,-19.51,-0.0,0.0,30.61,-2.28,-40.36,28.33,-12.03
2951,-0.0,-0.0,0.0,0.0,-0.0,0.0,-22.93,-12.29,0.0,0.0,26.25,-2.6,-35.22,23.64,-11.58
2961,-0.0,-0.0,-0.0,-0.0,-0.0,0.0,-22.53,-15.2,-0.0,-0.0,32.62,-2.71,-37.72,29.91,-7.81
2971,0.0,0.0,-0.0,0.0,-0.0,0.0,-22.83,-14.5,0.0,0.0,32.17,-3.01,-37.33,29.16,-8.17
2981,0.0,0.0,-0.0,0.0,0.0,0.0,-16.98,-17.66,-0.0,0.0,30.28,-2.5,-34.64,27.78,-6.86
2991,-0.0,-0.0,0.0,0.0,-0.0,0.0,-16.19,-18.91,-0.0,-0.0,29.63,-2.22,-35.1,27.41,-7.69
3001,0.0,0.0,0.0,0.0,-0.0,0.0,-20.36,-14.17,-0.0,-0.0,28.13,-2.35,-34.54,25.78,-8.75
3011,-0.0,0.0,-0.0,0.0,-0.0,0.0,-20.34,-22.57,0.0,-0.0,36.97,-2.72,-42.92,34.25,-8.66
3021,0.0,-0.0,-0.0,0.0,-0.0,0.0,-20.38,-17.26,0.0,0.0,30.53,-2.47,-37.63,28.06,-9.57
3031,-0.0,0.0,-0.0,-0.0,0.0,0.0,-19.64,-16.11,0.0,0.0,29.53,-2.34,-35.76,27.19,-8.56
3041,0.0,-0.0,-0.0,-0.0,-0.0,0.0,-19.83,-23.34,0.0,-0.0,35.93,-2.37,-43.17,33.57,-9.6
3051,0.0,-0.0,0.0,0.0,-0.0,0.0,-20.48,-19.34,0.0,0.0,32.83,-2.27,-39.82,30.56,-9.26
3061,0.0,0.0,0.0,0.0,0.0,0.0,-21.09,-18.38,0.0,-0.0,33.89,-2.4,-39.47,31.49,-7.97
3071,-0.0,0.0,-0.0,-0.0,0.0,0.0,-19.01,-17.06,0.0,0.0,33.09,-2.57,-36.08,30.52,-5.55
3081,0.0,-0.0,0.0,0.0,-0.0,0.0,-18.15,-22.45,-0.0,0.0,35.58,-2.68,-40.59,32.9,-7.69
3091,0.0,0.0,0.0,-0.0,-0.0,0.0,-20.58,-14.8,0.0,0.0,29.5,-2.54,-35.38,26.96,-8.42
3101,-0.0,-0.0,0.0,0.0,-0.0,0.0,-22.2,-21.15,0.0,0.0,37.95,-2.57,-43.35,35.38,-7.97
3111,-0.0,0.0,-0.0,-0.0,0.0,0.0,-21.83,-16.96,0.0,-0.0,37.33,-2.65,-38.79,34.68,-4.11
3121,-0.0,-0.0,0.0,0.0,-0.0,0.0,-19.27,-20.71,-0.0,-0.0,31.34,-2.2,-39.98,29.14,-10.84
3131,0.0,-0.0,-0.0,-0.0,0.0,0.0,-15.91,-15.56,-0.0,-0.0,27.1,-2.12,-31.47,24.98,-6.48
3141,0.0,-0.0,0.0,0.0,0.0,0.0,-18.88,-16.17,0.0,0.0,28.55,-2.12,-35.05,26.43,-8.61
3151,-0.0,0.0,0.0,0.0,-0.0,0.0,-21.27,-19.99,0.0,0.0,34.3,-2.61,-41.26,31.69,-9.58
3161,-0.0,-0.0,-0.0,-0.0,-0.0,0.0,-19.62,-22.25,-0.0,-0.0,35.45,-2.69,-41.87,32.76,-9.11
3171,-0.0,-0.0,-0.0,0.0,0.0,0.0,-19.19,-21.68,-0.0,0.0,34.74,-2.65,-40.87,32.09,-8.77
3181,-0.0,0.0,0.0,-0.0,-0.0,0.0,-19.53,-15.81,-0.0,0.0,29.41,-2.49,-35.33,26.92,-8.41
3191,-0.0,0.0,0.0,-0.0,-0.0,0.0,-19.81,-17.72,-0.0,-0.0,30.4,-2.49,-37.53,27.91,-9.61
3201,-0.0,-0.0,-0.0,-0.0,-0.0,0.0,-21.15,-16.68,-0.0,-0.0,31.19,-2.48,-37.83,28.71,-9.12
3211,-0.0,0.0,-0.0,0.0,-0.0,0.0,-19.2,-23.12,-0.0,-0.0,36.37,-2.59,-42.32,33.78,-8.54
3221,0.0,0.0,-0.0,-0.0,0.0,0.0,-21.39,-18.78,-0.0,0.0,33.52,-2.61,-40.17,30.9,-9.27
3231,-0.0,-0.0,0.0,-0.0,-0.0,0.0,-17.31,-22.98,0.0,0.0,36.44,-2.45,-40.29,34.0,-6.3
3241,0.0,-0.0,0.0,0.0,0.0,0.0,-22.27,-21.87,0.0,-0.0,35.52,-2.33,-44.13,33.19,-10.94
3251,0.0,-0.0,-0.0,0.0,-0.0,0.0,-22.98,-12.82,-0.0,0.0,32.75,-2.58,-35.79,30.16,-5.63
3261,-0.0,-0.0,-0.0,0.0,-0.0,0.0,-21.54,-15.91,0.0,-0.0,31.34,-2.51,-37.46,28.83,-8.63
3271,0.0,0.0,0.0,-0.0,-0.0,0.0,-21.64,-17.48,0.0,-0.0,32.41,-2.4,-39.11,30.01,-9.1
3281,0.0,0.0,0.0,-0.0,0.0,0.0,-16.96,-16.14,-0.0,0.0,31.82,-2.08,-33.1,29.74,-3.37
3291,0.0,-0.0,0.0,-0.0,0.0,0.0,-22.7,-15.38,0.0,-0.0,29.15,-2.37,-38.09,26.78,-11.3
3301,0.0,-0.0,0.0,0.0,-0.0,0.0,-19.53,-16.76,-0.0,0.0,29.37,-2.54,-36.29,26.83,-9.46
3311,-0.0,-0.0,0.0,0.0,-0.0,0.0,-18.66,-19.54,-0.0,-0.0,30.76,-2.32,-38.2,28.45,-9.75
3321,-0.0,0.0,0.0,0.0,-0.0,0.0,-23.18,-12.15,-0.0,-0.0,29.66,-2.64,-35.33,27.02,-8.31
3331,0.0,-0.0,-0.0,0.0,-0.0,0.0,-18.72,-15.94,-0.0,0.0,28.43,-2.31,-34.66,26.12,-8.53
3341,-0.0,0.0,0.0,-0.0,-0.0,0.0,-14.84,-18.99,0.0,-0.0,29.77,-2.04,-33.83,27.73,-6.1
3351,0.0,0.0,-0.0,0.0,0.0,0.0,-19.14,-22.87,0.0,-0.0,35.62,-2.45,-42.01,33.17,-8.84
3361,0.0,-0.0,-0.0,0.0,0.0,0.0,-16.71,-19.28,-0.0,-0.0,29.3,-2.31,-35.98,26.98,-9.0
3371,-0.0,-0.0,-0.0,-0.0,0.0,0.0,-19.44,-17.23,-0.0,-0.0,29.1,-2.26,-36.67,26.84,-9.83
3381,0.0,-0.0,0.0,0.0,0.0,0.0,-22.64,-19.35,0.0,-0.0,35.33,-2.52,-42.0,32.82,-9.18
3391,-0.0,-0.0,-0.0,0.0,-0.0,0.0,-16.24,-19.41,0.0,0.0,29.54,-2.42,-35.65,27.12,-8.53
3401,0.0,0.0,-0.0,0.0,-0.0,0.0,-20.0,-19.32,0.0,0.0,32.45,-2.29,-39.33,30.16,-9.16
3411,0.0,-0.0,-0.0,0.0,-0.0,0.0,-20.45,-18.26,-0.0,0.0,32.29,-2.25,-38.71,30.04,-8.67
3421,-0.0,-0.0,0.0,-0.0,0.0,0.0,-20.6,-18.21,-0.0,0.0,33.28,-2.5,-38.81,30.78,-8.03
3431,-0.0,0.0,0.0,-0.0,0.0,0.0,-19.06,-20.25,-0.0,0.0,30.33,-2.23,-39.31,28.1,-11.21
3441,-0.0,-0.0,-0.0,-0.0,-0.0,0.0,-19.03,-18.62,0.0,-0.0,30.49,-2.19,-37.64,28.3,-9.34
3451,-0.0,0.0,-0.0,-0.0,0.0,0.0,-23.04,-16.75,0.0,-0.0,31.51,-2.62,-39.79,28.89,-10.9
3461,0.0,0.0,0.0,0.0,0.0,0.0,-17.74,-21.95,0.0,0.0,32.78,-2.37,-39.69,30.4,-9.29
3471,-0.0,-0.0,-0.0,-0.0,-0.0,0.0,-22.1,-10.96,0.0,0.0,26.58,-2.4,-33.06,24.18,-8.87
3481,-0.0,-0.0,-0.0,-0.0,0.0,0.0,-23.17,-18.24,0.0,-0.0,31.59,-2.48,-41.41,29.11,-12.3
3491,-0.0,0.0,-0.0,-0.0,-0.0,0.0,-19.9,-19.3,0.0,-0.0,33.14,-2.31,-39.2,30.83,-8.37
3501,0.0,-0.0,-0.0,0.0,0.0,0.0,-22.68,-13.13,0.0,0.0,26.85,-2.7,-35.8,24.15,-11.66
3511,0.0,-0.0,0.0,-0.0,-0.0,0.0,-21.79,-16.58,0.0,-0.0,28.56,-2.46,-38.37,26.1,-12.27
3521,0.0,0.0,0.0,0.0,0.0,0.0,-21.19,-17.12,0.0,-0.0,31.11,-2.52,-38.32,28.59,-9.73
3531,-0.0,0.0,-0.0,0.0,-0.0,0.0,-20.04,-21.03,0.0,-0.0,30.83,-2.5,-41.07,28.33,-12.73
3541,-0.0,0.0,-0.0,-0.0,0.0,0.0,-22.88,-20.03,-0.0,-0.0,32.08,-2.49,-42.91,29.6,-13.32
3551,-0.0,0.0,-0.0,-0.0,0.0,0.0,-19.85,-11.92,-0.0,0.0,22.62,-2.39,-31.77,20.24,-11.53
3561,-0.0,0.0,0.0,0.0,-0.0,0.0,-20.25,-9.27,0.0,-0.0,21.31,-2.41,-29.52,18.9,-10.62
3571,-0.0,0.0,-0.0,0.0,0.0,0.0,-19.0,-19.31,0.0,0.0,30.31,-2.45,-38.31,27.86,-10.45
3581,0.0,-0.0,0.0,0.0,-0.0,0.0,-21.18,-12.63,-0.0,-0.0,26.43,-2.38,-33.81,24.05,-9.76
3591,-0.0,0.0,-0.0,0.0,-0.0,0.0,-23.66,-17.51,0.0,0.0,32.46,-2.72,-41.17,29.74,-11.43
3601,-0.0,-0.0,0.0,0.0,-0.0,0.0,-22.51,-15.64,-0.0,0.0,29.69,-2.52,-38.15,27.17,-10.98
3611,-0.0,-0.0,-0.0,0.0,0.0,0.0,-23.63,-12.48,0.0,0.0,30.15,-2.77,-36.11,27.38,-8.73
3621,0.0,-0.0,0.0,0.0,0.0,0.0,-20.06,-18.85,-0.0,0.0,31.14,-2.39,-38.91,28.74,-10.16
3631,-0.0,-0.0,-0.0,0.0,-0.0,0.0,-21.13,-15.74,-0.0,-0.0,29.68,-2.51,-36.87,27.17,-9.7
3641,-0.0,-0.0,-0.0,-0.0,-0.0,0.0,-18.51,-18.42,0.0,-0.0,29.67,-2.61,-36.92,27.05,-9.87
3651,0.0,0.0,-0.0,0.0,-0.0,0.0,-21.69,-14.87,0.0,-0.0,31.2,-2.79,-36.56,28.41,-8.15
3661,0.0,0.0,0.0,0.0,0.0,0.0,-20.4,-14.22,0.0,0.0,26.1,-2.53,-34.62,23.57,-11.05
3671,0.0,0.0,0.0,-0.0,-0.0,0.0,-19.06,-18.59,-0.0,0.0,30.35,-2.29,-37.65,28.05,-9.59
3681,-0.0,-0.0,-0.0,0.0,0.0,0.0,-22.37,-14.15,-0.0,0.0,29.42,-2.51,-36.52,26.91,-9.6
3691,0.0,0.0,-0.0,0.0,0.0,0.0,-21.61,-10.95,-0.0,-0.0,26.02,-2.44,-32.56,23.58,-8.98
3701,0.0,-0.0,0.0,0.0,-0.0,0.0,-20.29,-18.37,0.0,-0.0,32.64,-2.66,-38.66,29.98,-8.67
3711,-0.0,0.0,-0.0,0.0,0.0,0.0,-22.45,-14.64,-0.0,0.0,29.58,-2.61,-37.1,26.97,-10.13
3721,-0.0,-0.0,-0.0,0.0,-0.0,0.0,-20.31,-22.59,0.0,0.0,35.83,-2.53,-42.9,33.31,-9.59
3731,-0.0,-0.0,0.0,0.0,0.0,0.0,-22.25,-18.58,-0.0,0.0,30.11,-2.48,-40.83,27.63,-13.2
3741,0.0,0.0,0.0,-0.0,-0.0,0.0,-19.4,-16.9,0.0,0.0,30.52,-2.67,-36.31,27.85,-8.46
3751,-0.0,0.0,-0.0,0.0,0.0,0.0,-21.65,-16.25,0.0,0.0,31.09,-2.69,-37.9,28.4,-9.5
3761,0.0,0.0,-0.0,0.0,-0.0,0.0,-22.09,-17.17,0.0,0.0,32.46,-2.5,-39.26,29.95,-9.3
3771,0.0,-0.0,-0.0,-0.0,-0.0,0.0,-22.18,-17.28,0.0,0.0,30.31,-2.56,-39.46,27.75,-11.71
3781,0.0,0.0,-0.0,0.0,-0.0,0.0,-20.98,-16.82,-0.0,-0.0,30.07,-2.49,-37.8,27.58,-10.22
3791,0.0,0.0,-0.0,-0.0,-0.0,0.0,-23.59,-14.71,0.0,0.0,30.07,-2.78,-38.29,27.3,-11.0
3801,0.0,0.0,-0.0,0.0,0.0,0.0,-19.69,-20.43,0.0,-0.0,30.39,-2.32,-40.12,28.07,-12.05
3811,0.0,0.0,0.0,0.0,0.0,0.0,-23.23,-17.44,-0.0,-0.0,31.51,-2.81,-40.66,28.7,-11.96
3821,-0.0,0.0,0.0,-0.0,0.0,0.0,-18.43,-21.42,0.0,0.0,37.15,-2.66,-39.85,34.49,-5.36
3831,-0.0,-0.0,-0.0,0.0,0.0,0.0,-22.2,-14.09,-0.0,0.0,25.7,-2.64,-36.28,23.06,-13.22
3841,-0.0,-0.0,0.0,0.0,0.0,0.0,-21.5,-18.6,0.0,-0.0,31.98,-2.82,-40.1,29.16,-10.95
3851,-0.0,-0.0,-0.0,-0.0,-0.0,0.0,-21.18,-20.37,-0.0,0.0,37.12,-2.95,-41.56,34.17,-7.39
3861,-0.0,0.0,-0.0,-0.0,0.0,0.0,-23.51,-23.3,-0.0,-0.0,42.2,-2.97,-46.8,39.23,-7.58
3871,-0.0,0.0,-0.0,0.0,0.0,0.0,-22.29,-22.25,0.0,0.0,37.5,-2.77,-44.54,34.73,-9.82
3881,0.0,-0.0,0.0,0.0,0.0,0.0,-20.42,-17.95,-0.0,-0.0,29.35,-2.6,-38.37,26.74,-11.62
3891,-0.0,0.0,-0.0,0.0,0.0,0.0,-21.97,-20.09,-0.0,0.0,33.87,-2.8,-42.06,31.07,-10.99
3901,0.0,0.0,-0.0,0.0,-0.0,0.0,-23.97,-15.67,0.0,-0.0,35.28,-3.09,-39.64,32.19,-7.45
3911,0.0,-0.0,-0.0,-0.0,0.0,0.0,-19.79,-22.39,0.0,-0.0,36.7,-2.9,-42.18,33.8,-8.38
3921,-0.0,-0.0,-0.0,-0.0,-0.0,0.0,-19.14,-24.65,-0.0,-0.0,39.38,-2.92,-43.79,36.46,-7.33
3931,0.0,-0.0,-0.0,0.0,-0.0,0.0,-24.09,-9.82,-0.0,-0.0,26.53,-2.67,-33.92,23.86,-10.06
3941,-0.0,0.0,0.0,-0.0,-0.0,0.0,-22.18,-12.79,0.0,0.0,28.41,-2.65,-34.97,25.76,-9.22
3951,-0.0,-0.0,0.0,-0.0,-0.0,0.0,-23.16,-12.86,0.0,0.0,26.6,-2.72,-36.03,23.88,-12.15
3961,-0.0,-0.0,-0.0,-0.0,0.0,0.0,-22.59,-13.82,0.0,-0.0,32.25,-2.77,-36.4,29.48,-6.92
3971,0.0,0.0,0.0,-0.0,-0.0,0.0,-20.82,-16.88,-0.0,0.0,29.86,-2.56,-37.7,27.3,-10.41
3981,0.0,0.0,0.0,-0.0,-0.0,0.0,-17.96,-22.8,0.0,-0.0,33.39,-2.57,-40.76,30.82,-9.93
3991,-0.0,0.0,-0.0,-0.0,-0.0,0.0,-19.25,-17.5,0.0,0.0,31.51,-2.47,-36.75,29.04,-7.71
4001,0.0,0.0,0.0,-0.0,0.0,0.0,-20.74,-16.61,-0.0,0.0,29.07,-2.41,-37.35,26.66,-10.69


