GENERALIZED BORN:
Complex Energy Terms
Frame #,BOND,ANGLE,DIHED,UB,IMP,CMAP,VDWAALS,EEL,1-4 VDW,1-4 EEL,EGB,ESURF,GGAS,GSOLV,TOTAL
1,568.16,1331.58,1790.61,151.15,92.7,-68.55,-1128.14,-10087.74,560.94,8661.63,-2327.37,80.87,1872.34,-2246.5,-374.16
11,581.44,1322.93,1763.61,145.76,109.55,-74.77,-1132.39,-10135.05,550.09,8663.86,-2266.93,78.95,1795.04,-2187.98,-392.94
21,557.95,1270.9,1734.8,146.4,81.68,-42.65,-1107.78,-10115.73,554.98,8671.79,-2275.99,80.21,1752.33,-2195.78,-443.45
31,533.13,1357.64,1732.28,156.03,91.12,-68.85,-1115.4,-10147.57,557.77,8664.43,-2247.5,79.6,1760.57,-2167.9,-407.33
41,540.95,1300.97,1742.93,152.4,84.36,-68.1,-1120.45,-10159.25,571.83,8698.6,-2271.44,77.63,1744.24,-2193.81,-449.57
51,581.44,1331.73,1725.03,159.36,101.43,-86.49,-1119.34,-10042.26,543.47,8704.39,-2352.17,80.04,1898.76,-2272.13,-373.36
61,575.87,1274.68,1748.3,150.41,90.75,-71.86,-1099.41,-10018.7,553.16,8662.24,-2373.54,80.74,1865.43,-2292.8,-427.36
71,598.82,1322.51,1745.99,149.04,86.58,-63.0,-1160.52,-10066.28,562.64,8653.32,-2300.96,78.73,1829.1,-2222.24,-393.14
81,549.21,1347.25,1755.21,147.28,98.09,-52.99,-1122.91,-10062.19,562.64,8646.62,-2345.41,79.29,1868.21,-2266.13,-397.91
91,559.25,1361.04,1748.71,139.03,86.51,-80.37,-1138.98,-10044.29,534.19,8585.97,-2293.88,79.79,1751.07,-2214.09,-463.02
101,570.91,1304.49,1751.46,142.71,83.21,-64.89,-1122.45,-10023.56,540.73,8647.54,-2351.66,79.29,1830.16,-2272.37,-442.21
111,576.14,1291.72,1720.05,155.63,89.6,-76.57,-1139.2,-10011.64,540.52,8702.91,-2391.57,78.36,1849.17,-2313.21,-464.05
121,547.74,1310.61,1733.87,150.05,77.99,-68.68,-1111.12,-10045.92,559.57,8661.53,-2368.86,78.96,1815.63,-2289.9,-474.27
131,562.41,1261.36,1739.14,144.19,93.01,-74.02,-1156.24,-10059.29,553.43,8701.75,-2338.58,78.19,1765.72,-2260.38,-494.67
141,562.76,1305.53,1727.15,147.58,88.34,-70.77,-1125.98,-9992.17,575.51,8676.96,-2385.26,79.39,1894.91,-2305.87,-410.95
151,550.15,1327.98,1751.33,162.52,79.25,-71.25,-1123.35,-10002.68,550.67,8641.06,-2374.96,80.33,1865.68,-2294.63,-428.96
161,559.17,1352.7,1749.14,158.61,93.97,-75.73,-1134.39,-10030.65,568.33,8637.16,-2336.92,78.82,1878.3,-2258.1,-379.8
171,561.98,1371.75,1728.45,155.68,78.25,-56.47,-1123.04,-10061.73,566.1,8676.34,-2340.04,79.61,1897.3,-2260.43,-363.13
181,582.85,1333.85,1710.66,158.01,82.77,-72.93,-1127.49,-10084.37,544.54,8659.34,-2318.48,80.26,1787.23,-2238.22,-450.99
191,559.11,1318.32,1747.15,153.73,85.02,-71.38,-1133.82,-10018.81,564.05,8659.2,-2349.87,78.27,1862.56,-2271.6,-409.05
201,568.54,1334.74,1740.03,151.4,87.09,-64.31,-1132.89,-9994.35,568.95,8664.48,-2365.95,79.44,1923.67,-2286.5,-362.83
211,575.54,1296.33,1738.33,145.18,74.94,-65.13,-1135.47,-10032.48,562.4,8674.61,-2360.36,78.38,1834.25,-2281.98,-447.73
221,561.48,1336.0,1738.17,150.52,78.68,-76.04,-1106.43,-10068.36,574.13,8711.05,-2345.57,78.66,1899.2,-2266.9,-367.71
231,574.48,1329.06,1740.36,157.32,79.32,-73.59,-1129.89,-10046.07,563.46,8653.64,-2343.11,79.04,1848.1,-2264.06,-415.96
241,611.0,1333.68,1739.74,151.5,96.8,-57.27,-1145.32,-9999.93,551.0,8658.45,-2361.23,78.33,1939.65,-2282.9,-343.24
251,558.52,1379.37,1730.05,153.49,83.82,-66.47,-1130.05,-10065.81,551.46,8640.87,-2322.58,78.53,1835.25,-2244.05,-408.79
261,566.47,1294.61,1755.13,151.89,76.97,-74.06,-1129.84,-10120.08,557.23,8638.59,-2264.75,78.93,1716.91,-2185.82,-468.91
271,577.33,1291.8,1753.44,152.82,88.28,-67.96,-1144.06,-10159.73,546.42,8733.22,-2307.61,78.09,1771.55,-2229.52,-457.97
281,570.33,1354.9,1730.66,158.24,84.92,-72.47,-1134.88,-10125.59,557.08,8669.14,-2299.59,77.53,1792.33,-2222.06,-429.73
291,538.77,1302.54,1749.05,149.95,87.44,-72.04,-1106.86,-10167.48,554.68,8728.14,-2284.15,79.69,1764.19,-2204.46,-440.27
301,593.32,1344.09,1713.55,171.94,85.04,-59.1,-1129.74,-10131.75,545.5,8656.27,-2284.14,77.43,1789.13,-2206.71,-417.59
311,577.26,1289.21,1739.66,157.07,102.67,-59.65,-1142.97,-10114.88,547.29,8696.49,-2316.57,77.33,1792.14,-2239.24,-447.1
321,541.33,1330.92,1754.62,147.67,91.28,-67.98,-1140.16,-10102.33,549.99,8683.08,-2326.09,77.93,1788.42,-2248.16,-459.74
331,548.41,1380.61,1716.0,142.4,84.32,-71.79,-1119.7,-10029.59,546.1,8588.73,-2318.9,79.71,1785.5,-2239.19,-453.69
341,568.75,1321.18,1720.32,149.7,89.56,-67.39,-1144.84,-10099.18,555.24,8717.16,-2334.84,78.79,1810.51,-2256.05,-445.54
351,562.46,1312.24,1732.18,155.59,86.76,-58.4,-1146.68,-10042.37,557.78,8661.91,-2371.35,80.12,1821.47,-2291.23,-469.76
361,553.59,1315.07,1725.58,157.44,84.41,-57.12,-1103.39,-10069.73,575.02,8713.31,-2362.64,79.42,1894.18,-2283.22,-389.04
371,547.71,1300.07,1753.2,151.81,85.18,-53.7,-1151.22,-10073.94,565.13,8675.58,-2317.9,78.34,1799.83,-2239.57,-439.74
381,521.51,1343.36,1724.26,158.38,81.59,-68.68,-1155.19,-10069.98,559.63,8706.35,-2354.55,79.61,1801.2,-2274.95,-473.74
391,582.17,1342.6,1734.94,160.52,86.08,-64.31,-1143.18,-10002.4,554.01,8633.79,-2367.45,78.74,1884.21,-2288.71,-404.49
401,570.54,1346.88,1714.3,157.49,86.61,-41.52,-1123.58,-10071.35,565.56,8679.08,-2337.0,80.25,1884.0,-2256.75,-372.75
411,596.08,1339.78,1728.13,146.34,91.68,-71.81,-1122.79,-9999.36,556.7,8631.59,-2372.35,79.63,1896.36,-2292.72,-396.37
421,544.5,1321.11,1735.91,154.62,77.85,-73.35,-1156.67,-9994.42,562.19,8637.33,-2349.29,78.47,1809.07,-2270.82,-461.76
431,571.66,1350.39,1718.07,157.44,87.04,-58.79,-1139.36,-10051.08,546.08,8669.58,-2348.23,78.46,1851.03,-2269.77,-418.74
441,568.95,1297.81,1737.43,155.14,87.29,-60.15,-1131.58,-10039.96,548.58,8621.42,-2340.03,78.83,1784.93,-2261.2,-476.27
451,572.99,1329.09,1719.15,151.52,89.37,-70.94,-1133.94,-10080.4,553.64,8699.14,-2360.16,78.7,1829.62,-2281.46,-451.84
461,571.36,1319.44,1740.47,156.92,97.87,-77.49,-1088.89,-10052.55,550.35,8649.51,-2363.79,80.28,1866.98,-2283.5,-416.52
471,569.9,1345.08,1709.11,152.64,84.21,-68.89,-1132.35,-10000.83,549.9,8661.73,-2400.35,80.0,1870.49,-2320.35,-449.85
481,549.9,1368.26,1751.7,151.82,86.45,-46.07,-1127.66,-10037.23,559.67,8691.27,-2388.79,79.23,1948.12,-2309.56,-361.44
491,576.97,1325.38,1706.97,150.09,81.23,-66.3,-1109.56,-9988.62,541.28,8668.93,-2430.35,80.67,1886.38,-2349.68,-463.3
501,547.77,1330.46,1723.39,142.58,86.87,-61.76,-1146.88,-9994.72,558.2,8643.04,-2379.16,80.07,1828.93,-2299.08,-470.16
511,542.24,1347.92,1741.44,159.97,86.79,-55.68,-1121.16,-9958.89,561.9,8629.9,-2412.92,79.03,1934.43,-2333.89,-399.46
521,575.59,1336.9,1731.48,154.75,82.54,-64.79,-1137.7,-10030.06,547.19,8652.22,-2344.72,78.84,1848.12,-2265.88,-417.76
531,558.77,1360.18,1733.86,147.01,85.98,-66.26,-1137.32,-10001.76,550.95,8628.23,-2369.44,78.5,1859.64,-2290.95,-431.31
541,543.45,1369.36,1743.22,159.82,75.92,-59.14,-1121.08,-10051.73,548.11,8603.36,-2308.54,78.37,1811.31,-2230.16,-418.85
551,567.67,1357.23,1745.49,159.77,90.93,-57.99,-1129.29,-10011.23,545.46,8622.6,-2379.38,79.38,1890.66,-2300.0,-409.34
561,574.13,1337.71,1725.35,162.44,83.98,-48.59,-1132.14,-10021.93,529.46,8653.99,-2379.01,79.44,1864.4,-2299.57,-435.17
571,550.08,1340.13,1735.61,151.05,72.96,-66.34,-1132.26,-10047.88,553.06,8644.73,-2336.85,77.28,1801.12,-2259.57,-458.45
581,562.2,1318.3,1750.81,163.08,80.56,-55.33,-1137.27,-9995.43,561.98,8659.47,-2392.83,78.42,1908.36,-2314.42,-406.05
591,545.57,1317.62,1774.3,142.9,96.82,-70.87,-1092.89,-10027.76,558.82,8651.08,-2369.38,79.61,1895.59,-2289.77,-394.18
601,569.0,1360.11,1732.32,149.08,82.94,-61.69,-1128.98,-9999.73,567.57,8662.77,-2365.55,77.55,1933.38,-2288.0,-354.62
611,561.91,1327.54,1722.77,153.64,79.17,-71.33,-1114.55,-10055.75,571.34,8705.27,-2351.72,80.09,1880.02,-2271.63,-391.6
621,558.12,1320.49,1755.22,146.09,81.89,-63.99,-1118.98,-10096.71,556.66,8683.88,-2332.07,79.24,1822.67,-2252.83,-430.17
631,554.52,1318.88,1741.96,151.39,89.52,-64.59,-1102.85,-10124.91,570.72,8706.75,-2338.5,77.85,1841.4,-2260.65,-419.25
641,566.29,1344.54,1737.34,154.44,75.57,-70.18,-1153.04,-10072.27,548.16,8622.28,-2293.73,77.8,1753.14,-2215.94,-462.79
651,581.55,1303.62,1754.79,168.94,90.27,-74.26,-1131.64,-10109.11,551.23,8691.16,-2303.96,79.01,1826.55,-2224.95,-398.41
661,528.22,1347.71,1719.3,149.12,99.05,-66.37,-1129.98,-10123.88,563.89,8676.62,-2292.76,77.83,1763.69,-2214.93,-451.24
671,557.9,1297.39,1738.43,145.23,84.82,-50.41,-1140.33,-10112.52,550.92,8667.87,-2277.03,77.25,1739.3,-2199.78,-460.48
681,558.51,1306.92,1736.92,149.92,82.19,-61.61,-1117.93,-10114.8,567.69,8663.48,-2303.46,78.17,1771.31,-2225.29,-453.98
691,542.98,1303.3,1733.09,157.99,85.91,-71.61,-1114.26,-10118.76,558.61,8697.49,-2337.02,79.74,1774.75,-2257.28,-482.53
701,538.68,1298.55,1743.25,151.0,87.17,-51.84,-1128.0,-10062.88,565.91,8645.93,-2323.69,79.7,1787.76,-2244.0,-456.24
711,562.68,1349.46,1717.11,160.51,85.16,-56.51,-1109.94,-10129.29,559.43,8656.31,-2290.54,78.04,1794.91,-2212.5,-417.59
721,548.32,1332.29,1729.24,151.42,90.37,-78.03,-1118.74,-10050.93,543.37,8669.8,-2354.16,78.56,1817.12,-2275.6,-458.49
731,589.94,1339.99,1748.22,151.17,93.43,-62.11,-1132.24,-10012.25,548.59,8641.47,-2372.85,79.08,1906.22,-2293.78,-387.56
741,573.51,1335.43,1717.66,151.48,75.01,-65.54,-1117.94,-9983.82,547.82,8619.86,-2389.14,78.97,1853.46,-2310.18,-456.72
751,569.31,1316.47,1748.34,152.65,86.17,-54.02,-1116.79,-10100.72,563.14,8733.88,-2358.6,79.24,1898.43,-2279.37,-380.94
761,548.89,1316.23,1741.47,154.59,85.73,-65.38,-1114.93,-10041.0,548.79,8683.87,-2392.33,78.65,1858.27,-2313.69,-455.42
771,550.04,1346.53,1724.22,157.64,84.95,-59.9,-1110.97,-10087.97,557.54,8664.11,-2327.7,78.7,1826.18,-2249.0,-422.83
781,549.51,1327.78,1724.83,147.26,79.95,-69.62,-1127.24,-10005.87,553.24,8682.03,-2406.68,80.05,1861.87,-2326.64,-464.77
791,572.88,1312.99,1727.28,155.01,87.5,-44.74,-1106.64,-10028.54,541.92,8655.16,-2369.61,79.42,1872.83,-2290.19,-417.36
801,571.83,1329.05,1741.89,155.98,81.26,-75.62,-1121.05,-10054.75,544.97,8653.02,-2337.34,79.13,1826.57,-2258.21,-431.64
811,583.55,1338.49,1727.52,157.22,84.92,-56.59,-1115.08,-10012.94,543.31,8633.16,-2368.07,78.76,1883.56,-2289.31,-405.75
821,540.27,1337.96,1750.5,148.95,78.53,-53.33,-1126.52,-10083.13,560.39,8683.98,-2312.03,78.75,1837.59,-2233.29,-395.7
831,544.99,1337.5,1731.52,156.52,79.34,-61.76,-1111.46,-10046.64,554.53,8672.8,-2351.67,79.9,1857.33,-2271.77,-414.44
841,555.27,1347.34,1743.85,155.95,91.48,-70.15,-1131.4,-10049.2,545.33,8617.35,-2346.95,79.34,1805.82,-2267.61,-461.79
851,552.37,1305.75,1722.24,153.23,92.64,-60.34,-1115.51,-10110.14,571.08,8710.28,-2336.83,79.58,1821.6,-2257.25,-435.65
861,528.88,1345.72,1744.98,152.71,82.12,-51.23,-1123.8,-10045.22,554.31,8661.75,-2364.08,79.73,1850.24,-2284.35,-434.11
871,561.5,1377.4,1728.85,151.63,88.49,-47.4,-1132.31,-9978.54,564.71,8594.24,-2359.51,78.64,1908.57,-2280.87,-372.3
881,541.55,1278.45,1742.26,152.73,89.12,-56.33,-1083.33,-10058.98,563.33,8648.41,-2338.4,78.18,1817.21,-2260.23,-443.02
891,573.71,1352.91,1719.43,157.65,85.44,-60.93,-1139.7,-10036.66,555.33,8646.18,-2344.25,79.02,1853.36,-2265.23,-411.87
901,584.93,1360.43,1744.82,157.05,87.94,-64.96,-1103.49,-10055.79,548.33,8638.18,-2358.16,79.73,1897.44,-2278.43,-380.99
911,559.8,1330.08,1742.89,153.99,77.77,-64.16,-1135.94,-10142.38,547.57,8653.03,-2270.63,78.08,1722.64,-2192.55,-469.91
921,552.63,1285.89,1723.03,142.1,82.5,-65.96,-1106.8,-10164.24,573.09,8707.02,-2294.5,79.64,1729.26,-2214.87,-485.61
931,577.61,1290.02,1733.63,149.82,93.98,-53.86,-1122.07,-10119.69,567.44,8708.03,-2302.47,77.65,1824.93,-2224.82,-399.9
941,536.36,1289.88,1769.09,154.5,87.29,-70.16,-1118.57,-10127.25,555.38,8729.37,-2324.56,78.89,1805.89,-2245.67,-439.78
951,588.63,1363.81,1744.96,150.2,87.78,-86.7,-1143.19,-10052.75,545.2,8619.9,-2301.41,77.52,1817.84,-2223.89,-406.05
961,517.53,1299.45,1729.82,147.01,93.85,-67.07,-1146.7,-10026.47,569.32,8660.37,-2349.94,78.43,1777.1,-2271.51,-494.41
971,560.4,1328.91,1735.11,154.06,91.61,-67.18,-1135.54,-10054.57,548.51,8657.85,-2337.99,78.38,1819.13,-2259.61,-440.48
981,556.38,1324.87,1732.77,144.3,89.19,-71.74,-1136.7,-10092.33,553.62,8675.44,-2318.43,78.19,1775.82,-2240.24,-464.43
991,542.69,1326.15,1756.54,150.03,85.46,-69.73,-1127.54,-10136.36,580.35,8690.8,-2291.11,79.27,1798.4,-2211.84,-413.44
1001,591.21,1342.02,1760.6,157.05,85.54,-66.29,-1098.84,-10067.73,545.93,8628.72,-2328.37,79.19,1878.22,-2249.18,-370.96
1011,563.88,1320.11,1745.26,144.45,94.69,-57.45,-1122.94,-10029.34,562.82,8664.21,-2372.72,79.14,1885.69,-2293.58,-407.89
1021,554.88,1348.32,1715.62,153.55,75.99,-54.52,-1122.9,-10071.51,561.48,8666.85,-2339.1,77.98,1827.76,-2261.11,-433.35
1031,607.56,1286.36,1722.44,162.93,89.26,-63.69,-1158.88,-10007.8,569.08,8671.22,-2363.02,77.61,1878.47,-2285.41,-406.94
1041,566.1,1330.87,1716.45,148.19,87.72,-47.58,-1159.61,-10127.53,559.43,8685.66,-2288.08,77.52,1759.69,-2210.57,-450.87
1051,572.64,1321.78,1753.24,156.7,76.56,-69.74,-1131.9,-10095.59,562.72,8691.27,-2327.84,78.13,1837.68,-2249.71,-412.03
1061,585.01,1271.47,1728.92,158.01,86.54,-68.04,-1122.94,-10120.95,565.49,8674.35,-2305.93,76.83,1757.86,-2229.1,-471.24
1071,558.11,1301.2,1739.57,148.16,80.64,-54.91,-1146.29,-10082.69,554.4,8691.18,-2343.87,78.76,1789.37,-2265.11,-475.74
1081,513.46,1308.31,1755.36,149.25,84.31,-60.88,-1152.48,-10091.11,552.85,8718.25,-2321.91,77.03,1777.34,-2244.89,-467.55
1091,555.31,1349.82,1744.11,152.33,91.73,-75.62,-1152.26,-10033.79,573.94,8662.87,-2366.13,77.88,1868.43,-2288.25,-419.82
1101,569.87,1302.02,1755.41,153.5,85.74,-69.49,-1139.01,-10099.7,561.83,8745.5,-2340.92,79.16,1865.68,-2261.76,-396.08
1111,574.57,1321.65,1740.46,151.95,87.9,-69.49,-1137.26,-10040.94,553.78,8647.48,-2341.98,78.55,1830.12,-2263.43,-433.31
1121,556.96,1346.0,1720.25,152.83,85.05,-65.55,-1147.49,-10066.04,554.2,8650.79,-2330.38,77.32,1787.01,-2253.06,-466.05
1131,577.02,1308.27,1731.35,149.36,81.43,-67.9,-1124.99,-10058.11,566.87,8654.94,-2328.59,76.91,1818.24,-2251.68,-433.44
1141,584.74,1332.31,1727.62,158.37,87.1,-67.18,-1134.38,-10080.96,559.97,8672.45,-2328.81,77.82,1840.04,-2250.99,-410.95
1151,536.06,1320.99,1780.1,138.98,90.22,-71.71,-1156.93,-10145.79,559.7,8707.87,-2279.28,77.34,1759.49,-2201.94,-442.44
1161,551.04,1345.35,1747.63,146.87,84.81,-68.16,-1137.84,-10048.3,561.19,8665.62,-2331.52,78.12,1848.21,-2253.4,-405.19
1171,563.68,1392.66,1742.46,151.59,83.07,-64.8,-1113.05,-10024.27,553.46,8635.81,-2356.59,78.3,1920.61,-2278.28,-357.67
1181,549.38,1362.8,1735.53,151.16,84.71,-63.12,-1152.88,-10124.33,547.7,8630.35,-2261.33,76.27,1721.31,-2185.06,-463.75
1191,577.83,1321.67,1711.25,148.41,84.21,-62.57,-1119.62,-10138.36,543.89,8654.99,-2257.39,77.78,1721.7,-2179.61,-457.91
1201,542.41,1325.01,1729.77,154.22,79.44,-71.57,-1156.64,-10074.89,554.94,8701.33,-2340.84,78.19,1784.03,-2262.65,-478.62
1211,559.49,1365.09,1712.13,152.25,85.3,-70.23,-1143.82,-10110.67,546.71,8653.93,-2282.85,76.4,1750.17,-2206.45,-456.28
1221,562.71,1340.57,1733.51,153.55,87.4,-62.97,-1119.04,-10073.25,562.19,8638.27,-2328.71,79.42,1822.96,-2249.29,-426.33
1231,556.81,1335.93,1742.01,150.11,93.5,-63.83,-1123.17,-10078.64,554.0,8679.74,-2345.18,78.61,1846.47,-2266.58,-420.11
1241,611.49,1370.17,1701.11,156.56,87.55,-66.01,-1147.16,-10044.82,533.29,8656.64,-2354.01,76.56,1858.84,-2277.45,-418.61
1251,574.49,1276.49,1720.03,148.96,77.79,-61.01,-1116.3,-10111.48,566.57,8661.77,-2289.33,78.2,1737.31,-2211.12,-473.81
1261,573.53,1332.73,1712.48,150.87,94.01,-72.43,-1148.21,-10108.52,556.49,8668.07,-2291.96,77.38,1759.02,-2214.58,-455.56
1271,576.76,1315.39,1753.36,152.38,85.46,-68.46,-1113.88,-10088.2,552.24,8648.75,-2311.66,79.93,1813.77,-2231.73,-417.96
1281,594.32,1320.01,1743.09,156.23,82.13,-62.64,-1144.95,-10074.58,530.33,8666.06,-2308.28,77.41,1810.0,-2230.87,-420.87
1291,567.61,1301.91,1730.35,145.49,91.68,-69.38,-1130.28,-10136.47,565.97,8691.28,-2285.53,77.6,1758.17,-2207.93,-449.76
1301,565.85,1337.11,1737.31,158.26,80.63,-79.92,-1134.63,-10042.15,548.24,8702.67,-2371.16,78.61,1873.36,-2292.55,-419.19
1311,514.54,1269.49,1732.7,147.98,91.44,-69.3,-1128.4,-10163.38,564.31,8779.29,-2302.48,77.89,1738.65,-2224.59,-485.94
1321,534.27,1302.34,1728.65,152.66,87.66,-76.47,-1136.67,-10047.39,578.3,8696.89,-2365.98,79.71,1820.23,-2286.27,-466.04
1331,551.35,1315.84,1751.72,155.69,83.64,-63.36,-1124.84,-10134.52,567.92,8700.03,-2317.96,78.32,1803.48,-2239.64,-436.16
1341,645.2,1301.61,1731.0,152.99,84.55,-67.7,-1134.91,-10160.83,532.06,8673.31,-2267.95,77.96,1757.27,-2189.99,-432.72
1351,557.28,1306.06,1739.59,148.78,94.54,-59.55,-1151.92,-10172.13,556.99,8670.16,-2256.74,78.07,1689.8,-2178.67,-488.87
1361,552.14,1361.54,1735.95,152.2,85.24,-65.85,-1136.97,-10214.73,565.81,8714.11,-2229.34,77.38,1749.45,-2151.96,-402.52
1371,550.83,1320.95,1715.09,153.72,84.15,-72.48,-1127.96,-10177.87,561.12,8681.73,-2254.43,75.35,1689.27,-2179.08,-489.82
1381,528.32,1336.6,1735.41,150.46,102.17,-71.73,-1141.66,-10176.07,565.65,8699.96,-2268.51,76.1,1729.11,-2192.41,-463.3
1391,531.96,1374.87,1719.86,149.71,78.75,-68.39,-1124.42,-10162.46,541.68,8700.23,-2281.06,75.8,1741.78,-2205.26,-463.48
1401,563.66,1337.5,1738.32,147.65,78.56,-63.33,-1134.93,-10210.86,547.55,8705.26,-2246.02,76.74,1709.38,-2169.27,-459.89
1411,545.01,1321.9,1740.78,157.64,69.98,-64.29,-1148.34,-10176.28,555.05,8690.32,-2256.1,76.47,1691.76,-2179.63,-487.87
1421,541.28,1312.98,1743.55,153.43,76.53,-65.26,-1168.61,-10139.81,545.23,8725.42,-2286.28,76.96,1724.75,-2209.32,-484.57
1431,573.66,1274.67,1743.61,141.41,77.69,-58.89,-1144.54,-10159.16,551.85,8667.2,-2272.1,76.38,1667.51,-2195.72,-528.21
1441,558.94,1360.06,1747.22,151.44,83.64,-74.39,-1137.61,-10122.4,553.24,8635.09,-2279.95,76.08,1755.22,-2203.87,-448.65
1451,555.38,1332.7,1728.05,163.53,93.7,-65.22,-1144.67,-10212.31,551.36,8721.17,-2250.26,75.75,1723.69,-2174.51,-450.82
1461,569.09,1287.83,1729.02,144.51,77.17,-58.97,-1138.03,-10124.85,561.72,8703.7,-2270.78,76.49,1751.17,-2194.29,-443.12
1471,535.6,1303.44,1757.35,146.04,90.03,-80.96,-1174.97,-10210.17,557.85,8726.45,-2229.95,77.1,1650.65,-2152.85,-502.2
1481,581.43,1309.86,1713.8,156.45,84.74,-76.65,-1119.57,-10185.71,572.38,8678.86,-2227.28,76.91,1715.58,-2150.37,-434.79
1491,562.01,1322.96,1729.84,149.09,93.21,-66.14,-1153.29,-10175.61,557.98,8676.44,-2241.56,76.71,1696.5,-2164.85,-468.35
1501,549.31,1311.04,1756.43,149.16,72.19,-62.34,-1143.56,-10202.22,560.72,8700.72,-2230.2,76.44,1691.43,-2153.76,-462.33
1511,585.11,1316.5,1714.98,157.87,93.04,-66.13,-1141.17,-10213.95,578.55,8672.18,-2208.61,75.98,1696.98,-2132.63,-435.65
1521,539.04,1325.84,1713.23,145.69,86.28,-63.78,-1136.39,-10200.17,566.98,8712.05,-2239.87,75.8,1688.77,-2164.06,-475.29
1531,533.41,1293.17,1728.26,149.53,94.11,-49.92,-1143.26,-10203.95,561.48,8713.08,-2236.54,77.29,1675.9,-2159.25,-483.35
1541,539.14,1320.76,1726.62,162.29,102.52,-50.14,-1127.08,-10161.57,550.16,8603.25,-2215.97,76.06,1665.95,-2139.91,-473.96
1551,571.38,1337.75,1730.67,152.78,86.32,-70.12,-1131.47,-10148.16,545.71,8661.59,-2266.14,78.68,1736.45,-2187.46,-451.01
1561,554.66,1304.83,1727.3,147.67,89.34,-57.2,-1136.08,-10178.13,559.32,8727.67,-2264.53,76.25,1739.38,-2188.28,-448.9
1571,555.75,1355.17,1735.02,154.04,86.9,-68.36,-1116.37,-10257.99,537.41,8698.4,-2209.25,77.2,1679.98,-2132.05,-452.07
1581,574.15,1374.45,1724.28,153.72,89.16,-69.69,-1139.58,-10173.42,562.09,8675.75,-2242.11,76.48,1770.91,-2165.63,-394.72
1591,543.49,1310.14,1738.35,145.34,85.82,-80.07,-1157.23,-10082.71,561.65,8711.1,-2332.1,76.43,1775.88,-2255.67,-479.79
1601,570.36,1288.08,1703.26,142.4,72.95,-68.46,-1137.55,-10129.27,549.26,8692.77,-2294.6,76.53,1683.8,-2218.07,-534.27
1611,605.41,1396.92,1727.4,170.65,102.32,-61.94,-1133.29,-10153.7,529.07,8649.71,-2266.19,77.51,1832.55,-2188.68,-356.13
1621,565.34,1332.64,1750.7,153.77,97.66,-73.42,-1132.23,-10231.54,558.92,8706.66,-2233.15,77.14,1728.48,-2156.01,-427.53
1631,547.26,1292.73,1724.73,149.04,86.31,-59.97,-1123.43,-10169.48,565.83,8732.24,-2289.83,77.44,1745.28,-2212.39,-467.11
1641,561.38,1339.37,1760.92,160.01,72.51,-68.35,-1133.15,-10092.26,545.91,8622.65,-2303.12,77.73,1768.99,-2225.39,-456.4
1651,583.6,1319.07,1754.68,147.63,75.4,-65.67,-1133.88,-10107.61,550.8,8630.1,-2270.95,77.14,1754.13,-2193.81,-439.69
1661,538.74,1373.13,1755.67,157.89,84.69,-72.84,-1143.26,-10171.3,548.91,8671.45,-2226.77,77.78,1743.09,-2148.99,-405.9
1671,559.64,1324.79,1720.54,141.82,74.59,-64.16,-1121.18,-10088.54,541.41,8629.76,-2279.13,77.67,1718.66,-2201.45,-482.79
1681,568.91,1330.49,1753.29,156.38,80.15,-62.09,-1171.89,-10159.93,547.55,8668.0,-2246.29,77.06,1710.85,-2169.24,-458.39
1691,585.75,1339.98,1727.44,152.21,80.4,-66.6,-1139.99,-10137.68,550.63,8651.02,-2243.74,77.2,1743.15,-2166.55,-423.39
1701,550.02,1303.03,1729.05,149.26,85.0,-74.88,-1095.23,-10134.18,569.43,8681.99,-2299.19,77.75,1763.5,-2221.44,-457.94
1711,571.06,1311.67,1735.63,145.63,95.25,-74.96,-1127.02,-10121.0,556.25,8720.77,-2321.97,78.54,1813.29,-2243.42,-430.14
1721,547.36,1353.58,1744.22,154.87,84.45,-60.42,-1116.39,-10113.64,564.18,8682.59,-2324.96,79.93,1840.8,-2245.02,-404.22
1731,564.65,1310.68,1735.81,158.52,81.34,-69.48,-1119.98,-10186.31,548.65,8673.74,-2251.86,78.34,1697.62,-2173.52,-475.89
1741,536.36,1335.16,1741.21,156.54,92.78,-57.6,-1120.04,-10145.16,557.84,8656.84,-2250.07,77.6,1753.93,-2172.47,-418.54
1751,541.61,1293.5,1751.16,152.12,80.6,-64.77,-1133.31,-10187.34,563.04,8714.7,-2265.1,77.34,1711.31,-2187.76,-476.44
1761,566.34,1313.69,1745.22,154.58,83.42,-61.12,-1130.84,-10129.65,530.91,8612.99,-2249.79,78.71,1685.54,-2171.08,-485.55
1771,546.94,1382.0,1725.48,156.87,76.94,-68.48,-1143.7,-10103.06,559.7,8652.16,-2301.08,77.04,1784.87,-2224.03,-439.17
1781,567.98,1320.42,1742.41,151.38,94.19,-75.94,-1142.61,-10136.86,549.98,8691.41,-2283.79,78.71,1762.36,-2205.08,-442.72
1791,545.49,1371.56,1740.91,165.27,83.11,-64.76,-1110.37,-10058.67,550.47,8665.09,-2345.21,77.92,1888.11,-2267.29,-379.18
1801,602.66,1286.63,1725.94,149.76,98.25,-57.15,-1113.07,-10095.25,550.88,8693.38,-2345.8,77.87,1842.04,-2267.93,-425.89
1811,559.23,1361.35,1728.91,150.73,85.6,-55.12,-1126.58,-10090.76,555.03,8674.01,-2319.99,76.74,1842.39,-2243.25,-400.86
1821,560.88,1314.86,1727.54,157.71,81.02,-59.79,-1135.07,-10109.28,549.06,8713.17,-2305.05,77.87,1800.1,-2227.18,-427.08
1831,547.46,1329.57,1723.16,142.96,88.36,-62.77,-1133.82,-10074.95,573.29,8733.97,-2348.99,77.37,1867.24,-2271.62,-404.38
1841,540.99,1323.98,1717.9,160.86,81.62,-55.46,-1142.53,-10031.94,538.22,8645.42,-2326.02,77.2,1779.05,-2248.82,-469.76
1851,561.35,1364.75,1709.81,147.91,82.8,-62.35,-1131.02,-10083.16,541.1,8652.6,-2310.74,79.18,1783.79,-2231.56,-447.77
1861,540.3,1332.81,1717.86,160.19,88.33,-60.74,-1133.79,-10073.69,540.02,8679.12,-2331.21,77.87,1790.42,-2253.34,-462.92
1871,602.44,1319.2,1729.56,159.77,86.38,-39.09,-1141.64,-10029.65,544.43,8644.49,-2330.13,77.86,1875.88,-2252.27,-376.38
1881,568.18,1368.13,1738.39,157.25,90.73,-53.23,-1119.74,-10084.86,563.71,8670.74,-2320.33,79.0,1899.3,-2241.33,-342.04
1891,546.47,1319.92,1749.06,143.53,89.08,-44.97,-1127.87,-10066.66,562.09,8690.36,-2327.38,78.45,1861.01,-2248.93,-387.92
1901,517.65,1320.57,1755.51,147.46,102.5,-57.05,-1133.43,-10051.13,548.05,8604.28,-2302.21,78.05,1754.42,-2224.16,-469.75
1911,559.92,1346.08,1735.05,155.18,75.27,-63.72,-1101.9,-9983.0,531.0,8599.49,-2392.15,79.29,1853.37,-2312.86,-459.49
1921,546.61,1339.64,1739.93,151.94,86.44,-49.41,-1140.24,-10073.86,535.14,8633.18,-2313.09,79.53,1769.37,-2233.56,-464.19
1931,567.35,1315.15,1720.32,161.01,98.54,-66.19,-1126.71,-10098.66,547.21,8681.99,-2320.8,78.68,1800.0,-2242.12,-442.12
1941,563.19,1345.77,1724.08,150.11,84.28,-58.82,-1124.29,-10076.03,554.1,8596.64,-2296.1,78.16,1759.03,-2217.94,-458.91
1951,572.4,1332.63,1727.71,144.73,91.52,-69.83,-1096.83,-10061.88,552.56,8580.02,-2317.45,79.13,1773.04,-2238.33,-465.29
1961,580.78,1349.98,1726.85,150.92,90.39,-62.56,-1130.91,-10038.79,569.03,8573.75,-2304.83,76.77,1809.44,-2228.06,-418.62
1971,537.14,1284.37,1705.18,141.74,89.58,-63.83,-1126.24,-10041.44,572.87,8657.22,-2351.71,79.73,1756.6,-2271.98,-515.38
1981,585.76,1301.71,1716.53,150.34,87.08,-69.57,-1105.34,-9970.41,547.45,8591.72,-2388.94,80.69,1835.27,-2308.25,-472.98
1991,545.53,1303.08,1746.11,156.8,88.04,-67.63,-1128.2,-9989.6,557.67,8634.45,-2362.55,78.89,1846.24,-2283.66,-437.42
2001,563.76,1323.74,1736.84,149.8,82.63,-43.79,-1144.9,-9942.66,542.1,8576.37,-2370.05,77.62,1843.88,-2292.42,-448.54
2011,548.86,1323.85,1728.43,151.03,85.47,-54.48,-1115.15,-9907.13,545.81,8531.62,-2397.9,78.16,1838.31,-2319.74,-481.44
2021,561.56,1346.57,1734.45,165.92,73.76,-58.92,-1125.01,-9966.84,547.31,8577.97,-2346.61,80.53,1856.77,-2266.08,-409.31
2031,572.26,1329.51,1734.95,164.31,92.49,-61.2,-1152.04,-10040.27,561.13,8705.3,-2358.17,79.41,1906.43,-2278.76,-372.32
2041,554.21,1352.01,1715.03,162.57,88.51,-59.62,-1110.58,-10062.23,574.47,8615.62,-2332.54,78.67,1829.99,-2253.86,-423.87
2051,535.41,1376.68,1711.19,151.24,95.79,-54.35,-1130.37,-9930.32,549.16,8562.9,-2409.63,78.62,1867.33,-2331.01,-463.68
2061,513.05,1308.96,1736.4,145.28,88.07,-64.41,-1131.97,-9976.09,556.41,8692.19,-2404.75,78.39,1867.89,-2326.36,-458.47
2071,539.75,1324.43,1702.92,159.79,88.09,-59.6,-1140.86,-10004.9,546.88,8629.83,-2352.04,78.85,1786.34,-2273.19,-486.85
2081,569.1,1279.94,1734.11,146.36,96.96,-42.5,-1138.26,-9999.47,544.2,8627.38,-2381.85,77.55,1817.83,-2304.31,-486.48
2091,569.9,1330.12,1712.74,159.98,86.34,-56.39,-1146.75,-9976.14,561.35,8655.74,-2379.12,78.75,1896.88,-2300.36,-403.48
2101,576.68,1297.86,1716.33,156.99,81.9,-61.6,-1140.46,-9983.32,548.78,8680.27,-2399.07,78.4,1873.44,-2320.67,-447.23
2111,538.75,1281.86,1721.96,154.41,85.97,-53.16,-1150.32,-10036.03,551.14,8633.39,-2316.41,77.74,1727.96,-2238.68,-510.71
2121,568.14,1313.01,1754.53,151.17,78.41,-66.56,-1130.68,-9976.99,560.07,8627.05,-2387.38,78.57,1878.16,-2308.81,-430.66
2131,609.41,1313.53,1757.74,153.96,83.11,-64.45,-1120.35,-9976.3,549.95,8629.84,-2375.28,79.57,1936.43,-2295.71,-359.28
2141,563.54,1320.14,1736.39,149.68,81.56,-73.97,-1139.32,-9945.64,553.1,8629.52,-2410.12,78.99,1875.01,-2331.13,-456.12
2151,585.6,1317.11,1736.26,156.9,83.17,-57.1,-1126.53,-10046.74,553.89,8665.82,-2331.78,79.29,1868.38,-2252.49,-384.12
2161,545.49,1310.38,1746.07,150.35,83.33,-63.03,-1119.6,-10073.45,561.51,8682.72,-2338.67,78.62,1823.76,-2260.05,-436.29
2171,555.98,1333.4,1744.95,153.7,88.89,-78.01,-1132.87,-10021.32,540.26,8646.37,-2353.57,79.14,1831.36,-2274.42,-443.07
2181,529.42,1304.07,1745.75,155.98,94.23,-68.81,-1125.72,-9996.11,572.18,8639.22,-2370.91,78.39,1850.21,-2292.52,-442.31
2191,529.21,1341.62,1749.41,151.87,87.16,-62.75,-1091.4,-10048.09,560.89,8643.15,-2350.54,79.37,1861.08,-2271.17,-410.1
2201,551.66,1338.38,1737.8,155.62,94.84,-62.05,-1125.35,-9988.86,540.45,8658.22,-2401.68,78.42,1900.71,-2323.26,-422.55
2211,549.34,1313.9,1733.1,156.53,76.45,-75.57,-1108.17,-10065.7,553.23,8651.69,-2329.7,78.52,1784.81,-2251.18,-466.38
2221,574.71,1322.53,1707.87,159.17,94.21,-39.51,-1118.81,-10022.41,558.19,8655.85,-2374.91,78.62,1891.79,-2296.29,-404.5
2231,577.32,1338.97,1738.92,160.0,83.38,-77.7,-1170.26,-10053.49,558.87,8709.11,-2363.77,78.83,1865.11,-2284.93,-419.82
2241,569.64,1364.66,1734.11,155.0,78.15,-66.82,-1129.32,-10001.87,562.67,8656.95,-2386.43,78.31,1923.18,-2308.12,-384.94
2251,560.36,1308.41,1748.73,148.14,85.14,-65.37,-1116.03,-10033.95,558.22,8673.8,-2357.55,77.37,1867.44,-2280.18,-412.73
2261,555.48,1340.73,1710.58,149.12,90.18,-53.96,-1123.19,-10040.54,568.33,8649.52,-2336.99,78.57,1846.25,-2258.42,-412.17
2271,583.54,1306.32,1722.26,154.17,87.17,-58.66,-1135.47,-10028.12,564.12,8717.05,-2384.3,77.99,1912.38,-2306.31,-393.93
2281,554.03,1325.11,1738.02,152.53,87.21,-69.68,-1122.06,-10011.06,562.62,8631.43,-2359.71,78.47,1848.16,-2281.24,-433.08
2291,523.25,1340.21,1724.61,150.78,88.4,-47.81,-1105.32,-10012.25,557.26,8628.78,-2362.78,79.12,1847.92,-2283.66,-435.74
2301,577.47,1346.12,1738.31,153.41,83.46,-68.75,-1127.45,-10088.99,536.89,8675.02,-2344.36,78.18,1825.49,-2266.17,-440.68
2311,572.86,1341.77,1755.38,154.06,79.94,-67.15,-1138.43,-10107.36,551.39,8683.8,-2323.83,79.49,1826.26,-2244.34,-418.08
2321,583.55,1331.8,1723.45,152.51,80.09,-76.74,-1123.15,-9993.43,553.11,8695.46,-2407.13,78.19,1926.68,-2328.94,-402.26
2331,548.95,1322.73,1725.97,153.44,87.28,-58.45,-1131.33,-10033.23,545.83,8685.19,-2363.72,78.53,1846.4,-2285.19,-438.8
2341,567.62,1328.46,1732.01,156.25,99.5,-68.65,-1118.2,-9975.87,572.67,8598.38,-2355.47,79.25,1892.17,-2276.23,-384.06
2351,554.73,1361.59,1711.47,149.09,96.29,-80.01,-1129.28,-9963.23,563.32,8594.14,-2367.76,78.13,1858.1,-2289.63,-431.53
2361,563.01,1331.68,1728.37,152.23,93.03,-67.35,-1135.97,-9914.09,555.07,8606.5,-2415.62,79.09,1912.48,-2336.53,-424.05
2371,575.71,1341.35,1701.58,160.69,89.03,-60.21,-1141.19,-9932.36,562.06,8622.07,-2401.0,77.69,1918.73,-2323.31,-404.58
2381,520.29,1350.35,1709.53,155.48,80.4,-54.97,-1139.36,-10033.44,557.09,8695.79,-2346.84,78.45,1841.16,-2268.39,-427.23
2391,579.29,1356.81,1725.29,160.68,76.57,-63.39,-1108.11,-9963.39,557.16,8624.28,-2386.89,79.62,1945.2,-2307.27,-362.07
2401,549.78,1347.92,1725.17,158.05,87.74,-64.33,-1123.22,-9917.22,551.37,8594.37,-2398.35,78.77,1909.63,-2319.58,-409.94
2411,537.68,1290.45,1769.9,156.97,88.07,-69.51,-1145.98,-9981.9,547.96,8624.6,-2352.46,79.4,1818.24,-2273.05,-454.82
2421,576.44,1333.67,1745.12,162.82,87.34,-67.89,-1129.5,-9992.61,564.94,8589.2,-2328.56,78.69,1869.54,-2249.87,-380.33
2431,553.84,1365.75,1726.2,155.66,89.0,-71.46,-1140.6,-9963.99,546.29,8658.53,-2392.13,80.62,1919.22,-2311.52,-392.3
2441,563.63,1298.01,1732.13,153.24,82.25,-59.42,-1115.11,-9939.93,553.79,8575.85,-2385.45,78.98,1844.45,-2306.48,-462.03
2451,595.76,1319.8,1740.93,157.41,77.61,-60.34,-1128.88,-9993.31,530.91,8633.08,-2372.64,79.24,1872.97,-2293.41,-420.44
2461,572.18,1362.66,1754.11,163.26,81.54,-74.67,-1119.19,-10013.48,563.75,8663.45,-2367.32,79.44,1953.62,-2287.88,-334.26
2471,559.86,1298.92,1732.85,143.39,86.43,-56.13,-1155.3,-9985.14,554.83,8610.36,-2344.79,78.7,1790.05,-2266.09,-476.04
2481,576.55,1320.44,1722.48,155.77,79.34,-67.32,-1156.69,-9895.32,556.29,8592.98,-2397.6,77.59,1884.54,-2320.01,-435.48
2491,556.91,1329.42,1771.99,150.61,80.42,-71.48,-1154.56,-9917.88,561.81,8592.69,-2408.53,78.29,1899.94,-2330.24,-430.29
2501,553.03,1302.39,1761.63,145.72,91.75,-70.8,-1163.16,-10038.97,553.74,8665.17,-2323.16,76.88,1800.48,-2246.28,-445.8
2511,551.16,1299.69,1728.97,151.17,86.51,-65.0,-1122.94,-10021.41,551.91,8634.68,-2354.12,77.94,1794.73,-2276.17,-481.44
2521,562.15,1333.61,1721.72,154.3,87.3,-69.3,-1120.58,-10011.98,547.32,8642.08,-2355.18,78.32,1846.64,-2276.86,-430.22
2531,540.64,1296.83,1741.62,142.43,92.6,-57.15,-1147.4,-9975.53,557.82,8643.85,-2368.39,77.41,1835.72,-2290.97,-455.25
2541,571.18,1334.8,1723.59,148.55,85.43,-69.48,-1138.43,-9978.91,534.8,8633.71,-2370.65,78.54,1845.24,-2292.12,-446.87
2551,592.99,1279.0,1741.62,144.85,78.94,-59.89,-1118.52,-9952.04,547.02,8634.45,-2387.27,78.28,1888.44,-2308.99,-420.56
2561,547.23,1378.29,1731.99,154.92,86.36,-60.37,-1119.88,-9930.49,565.43,8551.79,-2381.84,78.92,1905.26,-2302.92,-397.66
2571,580.27,1293.2,1721.72,146.8,90.29,-71.63,-1136.4,-9947.03,558.14,8615.52,-2394.85,78.72,1850.9,-2316.12,-465.22
2581,540.94,1291.2,1749.39,144.2,84.73,-69.4,-1136.24,-9977.66,575.89,8652.45,-2400.38,78.35,1855.5,-2322.03,-466.53
2591,524.96,1380.56,1744.83,158.82,86.64,-63.49,-1158.97,-10047.32,551.15,8696.14,-2355.22,77.84,1873.33,-2277.38,-404.05
2601,563.46,1299.26,1748.13,142.57,90.43,-61.47,-1145.62,-10042.43,532.58,8668.45,-2341.4,79.06,1795.36,-2262.34,-466.97
2611,573.11,1314.02,1728.77,150.54,86.52,-60.09,-1131.96,-10017.49,558.15,8686.29,-2385.47,79.54,1887.86,-2305.93,-418.07
2621,586.94,1350.9,1735.79,164.1,99.52,-57.18,-1146.16,-10042.0,539.0,8649.45,-2338.2,78.92,1880.37,-2259.28,-378.91
2631,574.48,1306.47,1712.04,152.3,79.48,-51.05,-1124.16,-10071.32,551.57,8677.39,-2343.08,79.34,1807.19,-2263.74,-456.55
2641,583.75,1336.74,1730.14,146.54,91.71,-54.99,-1157.54,-10034.01,531.58,8635.37,-2321.02,80.28,1809.31,-2240.74,-431.43
2651,534.98,1260.39,1731.58,144.91,84.72,-65.33,-1112.09,-10068.35,554.6,8677.32,-2330.43,80.07,1742.72,-2250.36,-507.64
2661,590.33,1296.83,1745.07,148.61,97.39,-66.97,-1140.34,-10012.42,545.25,8631.63,-2349.95,77.67,1835.39,-2272.28,-436.89
2671,558.92,1322.4,1747.44,158.54,77.29,-68.76,-1108.32,-10062.71,559.22,8653.94,-2327.26,79.72,1837.95,-2247.55,-409.59
2681,568.09,1290.26,1741.81,150.81,84.36,-67.26,-1120.67,-10073.04,552.49,8634.2,-2294.83,79.42,1761.05,-2215.41,-454.36
2691,565.73,1345.83,1718.9,152.71,86.06,-55.4,-1140.01,-10016.49,552.8,8573.52,-2319.07,78.48,1783.64,-2240.59,-456.95
2701,546.19,1291.41,1720.44,148.15,87.52,-43.69,-1106.81,-10003.78,554.73,8614.81,-2349.18,78.91,1808.96,-2270.27,-461.3
2711,587.02,1320.76,1733.45,149.62,80.4,-56.65,-1153.61,-10030.17,549.12,8639.08,-2324.47,78.19,1819.02,-2246.28,-427.25
2721,533.65,1328.77,1717.91,147.05,91.6,-49.29,-1144.35,-9957.37,555.31,8642.3,-2388.79,79.91,1865.58,-2308.88,-443.3
2731,562.37,1284.7,1739.3,140.98,77.75,-55.36,-1144.46,-10029.54,542.25,8654.33,-2327.07,78.83,1772.32,-2248.24,-475.91
2741,558.14,1333.42,1728.36,156.86,92.1,-63.52,-1119.62,-10047.65,535.8,8590.16,-2322.38,79.62,1764.04,-2242.76,-478.73
2751,534.47,1349.93,1716.12,153.45,90.81,-39.3,-1132.88,-10039.66,546.17,8643.42,-2334.47,80.22,1822.53,-2254.25,-431.72
2761,559.87,1313.85,1708.93,159.11,85.09,-59.9,-1130.79,-10072.49,551.69,8712.19,-2348.07,79.54,1827.55,-2268.54,-440.99
2771,559.33,1337.54,1719.8,158.62,69.84,-62.42,-1148.65,-10091.98,560.62,8650.02,-2289.37,77.22,1752.72,-2212.15,-459.43
2781,539.83,1306.46,1737.04,154.53,86.78,-63.97,-1137.19,-9990.78,555.83,8641.91,-2379.98,79.64,1830.43,-2300.34,-469.92
2791,570.93,1328.1,1713.05,153.75,83.64,-54.44,-1136.95,-10024.44,538.89,8643.16,-2355.56,79.79,1815.7,-2275.78,-460.08
2801,562.21,1305.45,1726.47,151.26,91.64,-60.33,-1137.53,-9993.46,552.04,8650.63,-2375.91,79.06,1848.38,-2296.84,-448.46
2811,557.2,1343.88,1716.0,154.53,80.66,-48.39,-1132.1,-9990.18,554.13,8583.52,-2348.76,78.34,1819.24,-2270.42,-451.18
2821,555.31,1324.15,1722.87,153.38,87.76,-50.73,-1147.57,-9942.86,562.72,8604.1,-2372.72,77.58,1869.15,-2295.15,-426.0
2831,516.07,1298.94,1722.51,163.52,82.32,-59.7,-1118.89,-10033.97,579.95,8682.02,-2355.95,78.79,1832.77,-2277.16,-444.39
2841,523.43,1338.99,1712.52,147.97,87.57,-66.48,-1139.85,-10084.65,554.56,8722.93,-2323.35,78.38,1796.99,-2244.97,-447.97
2851,576.09,1329.83,1754.04,157.54,84.02,-59.02,-1133.37,-9991.34,542.42,8604.68,-2358.75,78.82,1864.92,-2279.94,-415.02
2861,558.36,1366.95,1732.06,154.87,82.03,-58.07,-1124.5,-10025.3,553.35,8598.38,-2323.24,78.44,1838.11,-2244.8,-406.69
2871,577.03,1339.09,1735.51,154.91,84.76,-66.59,-1139.02,-9925.39,539.76,8542.56,-2373.69,79.47,1842.62,-2294.22,-451.6
2881,578.49,1332.46,1743.97,157.91,90.04,-68.22,-1141.69,-10054.37,555.8,8672.93,-2333.08,77.79,1867.33,-2255.29,-387.96
2891,537.83,1319.92,1724.06,153.87,83.24,-65.92,-1134.93,-10026.36,558.06,8672.65,-2365.84,78.25,1822.42,-2287.59,-465.17
2901,557.49,1342.88,1726.25,151.38,82.23,-62.32,-1110.59,-10023.85,554.87,8616.98,-2348.35,77.05,1835.34,-2271.3,-435.96
2911,581.85,1329.44,1731.28,158.27,83.82,-54.45,-1137.17,-9993.62,545.45,8595.44,-2356.31,78.31,1840.31,-2278.0,-437.69
2921,532.58,1324.27,1737.6,155.2,80.91,-49.75,-1145.14,-9949.37,561.92,8647.3,-2406.52,79.31,1895.54,-2327.21,-431.67
2931,554.48,1305.18,1739.0,153.35,81.44,-56.3,-1146.1,-10065.82,547.46,8718.98,-2348.07,77.62,1831.69,-2270.45,-438.77
2941,553.16,1314.06,1719.13,146.67,72.46,-50.29,-1146.74,-10108.25,563.28,8751.52,-2330.06,77.33,1815.0,-2252.73,-437.73
2951,525.59,1254.07,1716.75,145.73,76.87,-56.1,-1143.74,-10083.04,555.09,8722.79,-2353.74,77.87,1714.01,-2275.88,-561.86
2961,546.05,1325.59,1717.83,146.21,87.5,-54.12,-1119.31,-10057.06,557.27,8665.69,-2349.83,78.18,1815.65,-2271.65,-456.0
2971,540.54,1326.42,1742.37,159.05,87.57,-71.08,-1138.61,-10051.94,555.57,8686.0,-2336.55,77.29,1835.89,-2259.26,-423.37
2981,523.64,1311.94,1720.65,157.12,78.12,-57.88,-1130.46,-10026.35,573.67,8638.65,-2351.31,78.09,1789.09,-2273.22,-484.13
2991,581.78,1314.94,1725.64,144.8,82.6,-60.46,-1160.57,-9962.9,549.42,8612.2,-2353.72,78.25,1827.45,-2275.47,-448.02
3001,547.85,1282.61,1736.31,148.82,74.13,-69.51,-1123.68,-10021.92,556.9,8669.31,-2366.93,78.1,1800.82,-2288.83,-488.01
3011,571.45,1344.4,1732.74,148.45,90.51,-73.14,-1122.33,-10033.39,538.41,8658.78,-2346.68,77.46,1855.89,-2269.22,-413.33
3021,556.88,1277.76,1712.64,151.07,80.3,-50.38,-1083.24,-10064.3,536.25,8694.2,-2377.52,78.98,1811.18,-2298.54,-487.37
3031,552.27,1366.8,1755.98,156.58,88.82,-52.01,-1136.77,-10078.06,560.03,8689.92,-2345.1,77.24,1903.57,-2267.86,-364.29
3041,530.4,1385.75,1726.64,147.18,77.12,-54.91,-1148.32,-10068.64,563.97,8661.95,-2323.86,77.31,1821.15,-2246.55,-425.41
3051,522.85,1323.23,1719.3,159.29,82.38,-53.15,-1143.93,-10043.33,564.47,8729.74,-2378.92,78.46,1860.83,-2300.47,-439.63
3061,604.36,1347.36,1730.05,160.09,79.7,-61.31,-1136.89,-9990.08,564.08,8624.26,-2354.24,78.79,1921.62,-2275.45,-353.82
3071,542.28,1328.57,1727.22,156.63,97.16,-55.06,-1148.79,-9969.19,566.21,8666.43,-2405.97,79.14,1911.45,-2326.82,-415.37
3081,556.29,1303.42,1719.91,152.9,81.2,-61.55,-1123.88,-9980.65,562.66,8639.27,-2383.56,78.8,1849.56,-2304.76,-455.2
3091,571.27,1320.72,1719.16,153.2,73.41,-48.58,-1123.1,-10014.81,552.0,8654.25,-2348.71,79.1,1857.52,-2269.61,-412.1
3101,576.6,1344.01,1703.52,160.51,80.74,-57.96,-1161.26,-9967.83,557.47,8622.39,-2366.66,77.71,1858.2,-2288.96,-430.76
3111,553.33,1267.55,1721.07,151.01,89.74,-48.3,-1125.83,-9966.2,566.95,8658.08,-2392.73,79.72,1867.39,-2313.01,-445.61
3121,561.83,1297.81,1736.24,151.51,90.26,-48.09,-1144.36,-10023.38,552.15,8651.03,-2363.73,77.9,1825.02,-2285.83,-460.81
3131,558.84,1321.97,1730.76,152.3,89.11,-55.05,-1147.92,-10060.88,528.7,8655.65,-2330.79,77.7,1773.48,-2253.09,-479.61
3141,562.08,1291.85,1742.53,154.4,86.38,-63.04,-1152.29,-10073.66,552.13,8645.09,-2294.71,77.32,1745.47,-2217.39,-471.92
3151,531.06,1370.91,1730.44,153.41,86.32,-57.81,-1132.63,-10112.42,572.76,8712.12,-2319.48,76.86,1854.18,-2242.62,-388.44
3161,524.73,1348.47,1731.77,156.54,80.21,-64.51,-1152.41,-10014.69,579.61,8673.01,-2358.99,77.41,1862.73,-2281.58,-418.85
3171,519.38,1331.02,1729.0,151.44,97.47,-41.96,-1145.35,-9968.07,548.78,8568.08,-2335.2,77.43,1789.78,-2257.77,-467.99
3181,578.97,1369.18,1742.6,156.38,87.43,-60.95,-1140.32,-9972.26,552.42,8598.87,-2360.17,77.73,1912.32,-2282.43,-370.12
3191,541.54,1333.93,1694.46,154.21,89.78,-51.84,-1137.99,-9989.87,557.1,8617.74,-2347.96,76.46,1809.06,-2271.49,-462.43
3201,591.13,1391.29,1738.71,157.01,83.39,-68.37,-1158.75,-9958.08,530.72,8621.33,-2362.63,78.62,1928.38,-2284.02,-355.64
3211,584.57,1338.86,1752.19,147.98,92.24,-61.14,-1137.63,-9994.37,558.77,8622.67,-2354.81,78.67,1904.15,-2276.13,-371.99
3221,522.59,1347.96,1726.09,153.94,87.0,-56.11,-1154.39,-9997.1,564.13,8628.89,-2360.06,77.99,1823.0,-2282.07,-459.08
3231,559.68,1357.48,1741.95,148.3,81.85,-52.67,-1139.79,-10018.37,565.3,8636.17,-2332.77,78.51,1879.91,-2254.26,-374.35
3241,592.07,1322.67,1725.08,149.48,98.7,-61.95,-1111.26,-10080.55,555.2,8681.38,-2343.1,78.65,1870.83,-2264.45,-393.62
3251,541.68,1304.1,1720.47,148.87,74.25,-59.71,-1120.97,-10017.15,569.32,8666.55,-2370.7,78.95,1827.41,-2291.75,-464.35
3261,594.98,1342.14,1742.66,155.33,86.67,-52.18,-1150.22,-10002.9,543.38,8592.98,-2322.07,79.58,1852.84,-2242.49,-389.64
3271,607.07,1342.32,1742.77,146.37,86.15,-57.47,-1160.05,-9932.91,537.25,8636.33,-2394.03,78.87,1947.83,-2315.17,-367.34
3281,546.94,1334.9,1743.35,148.23,89.14,-73.19,-1159.51,-9955.8,553.15,8643.45,-2399.4,78.52,1870.64,-2320.88,-450.23
3291,575.9,1329.98,1747.6,153.81,91.51,-59.4,-1142.62,-9980.74,554.1,8672.39,-2398.62,79.75,1942.53,-2318.87,-376.34
3301,601.61,1375.96,1720.77,156.66,80.52,-62.34,-1118.34,-9976.87,547.2,8602.62,-2362.7,78.7,1927.8,-2284.0,-356.21
3311,537.47,1352.15,1722.57,150.92,96.81,-67.58,-1126.36,-10025.81,546.85,8650.79,-2359.19,78.6,1837.81,-2280.59,-442.78
3321,568.75,1358.52,1711.31,152.35,80.77,-66.17,-1117.51,-9911.65,555.73,8602.83,-2400.39,80.36,1934.91,-2320.03,-385.11
3331,549.94,1312.82,1736.56,156.95,88.96,-43.54,-1137.55,-9972.24,562.14,8590.05,-2341.42,78.7,1844.08,-2262.72,-418.64
3341,572.58,1317.03,1742.78,152.63,91.06,-54.69,-1151.92,-9931.08,561.01,8630.13,-2417.16,77.82,1929.53,-2339.34,-409.81
3351,579.33,1343.28,1723.63,163.06,85.78,-60.38,-1111.13,-10020.39,555.15,8694.45,-2387.37,79.15,1952.78,-2308.22,-355.44
3361,552.51,1330.96,1769.29,151.24,96.77,-68.04,-1147.3,-10025.04,562.8,8681.53,-2355.48,78.24,1904.72,-2277.25,-372.53
3371,512.47,1351.64,1733.62,153.31,82.47,-60.82,-1125.06,-9945.75,557.56,8724.15,-2461.47,78.08,1983.59,-2383.39,-399.79
3381,571.1,1311.86,1748.41,141.08,79.9,-52.72,-1134.28,-9991.43,539.45,8632.44,-2388.43,78.74,1845.82,-2309.69,-463.88
3391,575.18,1326.79,1732.29,154.37,82.24,-55.04,-1142.46,-10001.94,550.48,8693.19,-2399.27,79.34,1915.1,-2319.93,-404.82
3401,562.33,1335.58,1744.5,150.52,74.0,-63.86,-1128.7,-9962.15,536.93,8662.35,-2427.49,80.3,1911.48,-2347.19,-435.71
3411,586.49,1339.48,1733.69,158.58,88.12,-61.62,-1130.92,-9992.19,547.5,8642.77,-2374.63,79.44,1911.9,-2295.19,-383.29
3421,584.4,1343.6,1741.59,158.76,84.79,-61.28,-1140.29,-9973.9,552.99,8674.23,-2409.13,77.82,1964.89,-2331.31,-366.42
3431,560.82,1354.14,1760.63,155.31,75.21,-63.82,-1133.21,-9955.87,552.64,8637.95,-2375.44,79.09,1943.8,-2296.36,-352.56
3441,546.71,1314.87,1736.96,151.9,90.37,-69.47,-1124.84,-10012.75,576.89,8653.71,-2345.01,79.62,1864.34,-2265.39,-401.05
3451,532.84,1341.7,1705.28,147.82,82.08,-52.09,-1134.68,-9950.67,547.11,8614.62,-2393.75,79.54,1834.0,-2314.21,-480.21
3461,573.53,1335.79,1727.99,153.67,92.81,-50.02,-1132.13,-9940.53,544.3,8589.69,-2401.96,79.79,1895.1,-2322.16,-427.06
3471,558.2,1345.15,1730.54,156.35,97.68,-49.62,-1148.55,-9971.4,556.64,8613.14,-2350.38,79.1,1888.14,-2271.27,-383.13
3481,618.0,1353.54,1704.58,157.99,81.49,-46.47,-1121.05,-9896.93,516.76,8590.21,-2442.53,79.24,1958.12,-2363.29,-405.17
3491,553.92,1320.32,1719.87,155.47,73.22,-41.28,-1131.4,-9982.46,560.46,8648.74,-2388.89,79.42,1876.88,-2309.47,-432.59
3501,537.26,1305.99,1737.27,149.9,81.84,-54.49,-1136.34,-9974.15,553.75,8617.92,-2370.35,79.59,1818.95,-2290.75,-471.8
3511,575.56,1363.0,1745.5,155.52,92.49,-66.75,-1139.35,-10071.53,538.45,8644.41,-2310.48,79.32,1837.31,-2231.17,-393.86
3521,569.82,1325.02,1764.25,143.01,86.53,-64.63,-1154.4,-9946.59,548.96,8617.99,-2405.55,77.9,1889.97,-2327.64,-437.67
3531,582.63,1327.69,1728.44,152.93,99.36,-58.19,-1132.17,-10044.96,527.96,8622.97,-2307.44,78.04,1806.65,-2229.4,-422.75
3541,545.47,1316.12,1752.48,147.48,85.33,-54.0,-1139.7,-10128.72,568.34,8667.58,-2268.02,76.85,1760.37,-2191.17,-430.8
3551,548.2,1340.02,1738.84,146.54,89.19,-53.79,-1163.09,-10050.2,569.76,8655.95,-2325.21,75.67,1821.41,-2249.54,-428.13
3561,565.12,1356.75,1745.4,151.64,101.11,-69.48,-1150.71,-10035.25,561.1,8646.1,-2337.5,76.38,1871.79,-2261.12,-389.33
3571,546.64,1273.59,1727.87,158.17,86.02,-53.95,-1156.47,-10115.97,542.06,8683.79,-2287.88,76.99,1691.75,-2210.89,-519.14
3581,552.82,1322.05,1715.92,145.1,87.75,-65.01,-1123.59,-10078.84,552.06,8671.67,-2311.67,76.72,1779.92,-2234.95,-455.03
3591,545.6,1337.78,1730.99,150.36,97.32,-50.18,-1153.07,-10072.59,553.05,8641.11,-2305.48,76.67,1780.38,-2228.81,-448.43
3601,564.97,1340.57,1719.8,150.45,92.25,-55.44,-1142.2,-10064.74,554.8,8642.8,-2320.13,77.42,1803.25,-2242.71,-439.46
3611,575.57,1305.52,1725.49,159.73,97.48,-52.05,-1117.63,-10089.37,560.37,8646.71,-2279.45,75.79,1811.81,-2203.66,-391.85
3621,551.37,1320.42,1713.88,161.17,89.53,-65.59,-1109.65,-10042.89,558.65,8614.1,-2318.23,77.19,1791.0,-2241.04,-450.04
3631,541.32,1306.0,1704.94,149.37,81.28,-53.1,-1135.83,-10128.3,559.83,8719.0,-2304.97,78.37,1744.51,-2226.6,-482.09
3641,551.22,1313.27,1744.46,154.13,84.73,-74.05,-1137.37,-10038.68,567.59,8684.22,-2346.31,76.56,1849.52,-2269.75,-420.23
3651,567.18,1358.91,1713.56,158.93,82.77,-56.08,-1127.19,-10049.26,545.52,8636.04,-2318.42,77.75,1830.36,-2240.67,-410.31
3661,543.65,1306.74,1703.69,160.35,92.19,-61.22,-1117.58,-10039.43,544.55,8700.45,-2359.65,78.19,1833.39,-2281.46,-448.07
3671,542.41,1303.05,1699.22,146.32,91.34,-64.9,-1124.95,-10165.0,566.03,8721.75,-2282.73,76.21,1715.26,-2206.52,-491.25
3681,595.28,1299.0,1747.78,151.24,74.92,-47.64,-1119.95,-10117.83,553.66,8626.59,-2288.2,76.15,1763.06,-2212.05,-448.99
3691,588.23,1314.2,1724.43,159.94,78.03,-40.99,-1136.78,-10048.83,567.9,8636.79,-2336.3,77.62,1842.92,-2258.68,-415.76
3701,537.24,1348.32,1697.07,158.66,77.61,-53.55,-1136.8,-10098.53,552.89,8667.22,-2312.92,76.69,1750.12,-2236.22,-486.1
3711,563.38,1292.38,1741.65,151.36,94.56,-54.52,-1147.76,-10156.04,573.99,8708.5,-2282.66,76.16,1767.5,-2206.5,-438.99
3721,505.28,1317.09,1749.51,148.57,82.71,-65.66,-1146.36,-10098.33,559.6,8670.88,-2310.96,76.44,1723.29,-2234.53,-511.23
3731,568.52,1332.33,1717.37,154.58,92.61,-54.3,-1152.75,-10095.6,548.33,8712.05,-2336.6,77.0,1823.15,-2259.6,-436.45
3741,530.8,1342.96,1730.05,150.6,90.38,-56.57,-1127.24,-10095.86,554.72,8685.67,-2328.37,77.45,1805.51,-2250.92,-445.41
3751,569.15,1353.6,1713.94,155.38,90.79,-57.5,-1160.07,-10119.78,552.41,8693.77,-2279.29,76.7,1791.68,-2202.59,-410.91
3761,545.95,1308.13,1734.89,144.96,105.23,-62.11,-1156.89,-10126.94,570.9,8712.47,-2269.38,77.28,1776.61,-2192.1,-415.49
3771,552.29,1269.64,1730.78,146.45,93.44,-45.2,-1142.61,-10216.61,549.98,8742.44,-2253.8,79.3,1680.59,-2174.5,-493.91
3781,566.36,1319.07,1726.87,155.62,83.68,-51.7,-1150.86,-10077.05,558.3,8640.2,-2312.94,77.49,1770.49,-2235.45,-464.96
3791,551.89,1323.27,1708.23,151.83,90.24,-49.88,-1144.22,-10122.02,564.29,8655.66,-2287.65,77.7,1729.28,-2209.95,-480.67
3801,520.96,1369.59,1720.48,158.51,80.51,-57.04,-1160.74,-10116.61,559.08,8737.0,-2333.04,77.57,1811.74,-2255.48,-443.73
3811,580.11,1405.75,1718.81,155.27,81.93,-65.47,-1137.75,-10087.97,539.88,8643.31,-2308.63,78.9,1833.89,-2229.72,-395.84
3821,569.84,1358.63,1725.64,160.75,94.98,-65.92,-1138.23,-10105.19,542.94,8644.23,-2309.44,78.23,1787.65,-2231.21,-443.56
3831,534.67,1335.39,1752.9,143.99,89.81,-76.65,-1128.31,-10093.37,555.19,8689.19,-2339.52,78.6,1802.81,-2260.92,-458.11
3841,564.33,1330.35,1724.04,153.32,80.49,-69.79,-1123.9,-10108.87,558.97,8653.4,-2318.07,77.38,1762.34,-2240.69,-478.36
3851,588.99,1310.98,1754.38,158.77,80.51,-74.63,-1134.61,-10067.12,538.35,8651.03,-2319.56,78.07,1806.65,-2241.49,-434.85
3861,521.05,1350.47,1739.8,156.98,88.77,-70.76,-1135.07,-10100.93,544.52,8661.28,-2286.52,77.57,1756.11,-2208.94,-452.83
3871,569.22,1352.25,1755.54,152.57,85.99,-76.74,-1116.61,-10070.04,553.96,8621.08,-2294.6,78.69,1827.22,-2215.91,-388.69
3881,581.65,1284.01,1737.75,154.22,80.63,-70.78,-1129.77,-10087.16,555.04,8661.88,-2320.62,78.85,1767.48,-2241.77,-474.3
3891,561.0,1272.81,1723.14,153.37,99.22,-72.79,-1111.49,-10142.69,563.9,8672.76,-2272.95,78.37,1719.23,-2194.58,-475.35
3901,561.16,1328.73,1743.13,161.5,77.95,-70.25,-1119.15,-10052.78,556.07,8624.25,-2294.66,78.12,1810.61,-2216.54,-405.93
3911,531.16,1294.67,1740.78,150.81,85.67,-61.94,-1130.14,-10163.05,568.63,8721.74,-2282.1,79.43,1738.33,-2202.67,-464.34
3921,563.81,1337.35,1759.88,150.11,84.49,-79.34,-1124.32,-10003.2,551.04,8634.17,-2348.81,79.87,1873.98,-2268.94,-394.95
3931,527.58,1339.61,1756.28,145.92,83.49,-69.44,-1134.18,-10027.24,567.71,8664.9,-2347.47,77.82,1854.62,-2269.65,-415.04
3941,544.9,1372.72,1751.92,150.06,82.62,-82.43,-1145.29,-10091.99,551.52,8729.03,-2345.21,78.28,1863.05,-2266.93,-403.88
3951,578.48,1327.57,1760.18,154.38,97.48,-60.1,-1143.99,-9971.02,547.86,8630.47,-2382.12,79.34,1921.3,-2302.78,-381.48
3961,519.37,1352.41,1740.73,149.48,86.84,-74.66,-1136.71,-10061.06,550.61,8637.15,-2299.11,79.23,1764.16,-2219.87,-455.72
3971,576.27,1339.96,1749.2,154.23,90.47,-68.8,-1118.1,-9980.05,555.32,8584.13,-2342.12,78.86,1882.63,-2263.26,-380.63
3981,513.56,1300.73,1740.47,149.49,84.66,-66.12,-1142.85,-10016.82,561.18,8668.42,-2353.38,77.69,1792.72,-2275.69,-482.96
3991,540.25,1310.9,1717.66,147.61,85.04,-59.35,-1116.74,-10020.03,579.25,8654.85,-2349.88,78.7,1839.44,-2271.17,-431.74
4001,542.32,1345.57,1718.54,148.29,93.01,-65.11,-1100.11,-10023.48,573.2,8614.41,-2330.7,78.88,1846.64,-2251.82,-405.18

Receptor Energy Terms
Frame #,BOND,ANGLE,DIHED,UB,IMP,CMAP,VDWAALS,EEL,1-4 VDW,1-4 EEL,EGB,ESURF,GGAS,GSOLV,TOTAL
1,561.19,1316.22,1738.09,147.12,92.38,-68.55,-1120.62,-10119.13,545.02,8713.04,-2310.53,78.69,1804.77,-2231.85,-427.08
11,569.67,1307.46,1710.58,142.63,109.53,-74.77,-1126.58,-10162.4,533.79,8712.26,-2251.14,76.64,1722.17,-2174.5,-452.33
21,550.52,1254.66,1683.7,143.82,80.98,-42.65,-1097.64,-10144.44,539.4,8722.99,-2261.17,78.11,1691.36,-2183.06,-491.7
31,523.86,1342.88,1679.54,152.45,90.99,-68.85,-1106.43,-10177.13,542.37,8716.36,-2232.59,77.46,1696.04,-2155.13,-459.09
41,532.93,1282.09,1695.19,148.19,83.92,-68.1,-1111.94,-10190.3,554.63,8752.52,-2256.05,75.59,1679.12,-2180.46,-501.34
51,569.82,1312.35,1674.67,154.11,101.2,-86.49,-1111.78,-10069.98,529.04,8754.84,-2338.22,77.99,1827.8,-2260.23,-432.43
61,565.68,1255.97,1696.39,146.45,90.47,-71.86,-1089.05,-10050.37,538.87,8711.96,-2356.66,78.68,1794.51,-2277.97,-483.46
71,591.98,1305.85,1693.95,145.63,85.37,-63.0,-1153.96,-10094.31,546.16,8704.23,-2286.43,76.53,1761.91,-2209.91,-448.0
81,540.17,1328.92,1705.51,143.87,97.76,-52.99,-1113.96,-10092.65,546.93,8699.02,-2328.91,77.02,1802.58,-2251.89,-449.31
91,547.95,1345.44,1696.53,135.29,86.03,-80.37,-1132.36,-10075.04,520.67,8639.84,-2278.29,77.63,1683.98,-2200.66,-516.68
101,560.28,1290.57,1701.21,139.79,82.94,-64.89,-1114.25,-10052.81,524.73,8698.81,-2336.21,76.98,1766.39,-2259.23,-492.83
111,565.17,1269.69,1670.56,151.41,89.32,-76.57,-1130.1,-10040.33,524.55,8756.01,-2376.41,76.12,1779.71,-2300.29,-520.58
121,538.16,1293.89,1681.01,145.68,77.96,-68.68,-1102.31,-10076.94,543.47,8713.68,-2351.89,76.65,1745.93,-2275.24,-529.31
131,551.57,1242.2,1688.09,139.26,91.73,-74.02,-1147.03,-10093.03,537.09,8753.38,-2320.37,76.11,1689.24,-2244.25,-555.01
141,553.11,1285.84,1675.62,144.19,87.71,-70.77,-1117.98,-10023.94,560.93,8732.11,-2368.22,77.11,1826.82,-2291.11,-464.29
151,541.2,1306.18,1698.62,158.17,78.83,-71.25,-1115.65,-10033.7,534.32,8693.08,-2358.87,78.22,1789.79,-2280.65,-490.86
161,551.02,1336.6,1698.63,155.28,93.8,-75.73,-1125.34,-10060.63,552.13,8689.18,-2321.86,76.72,1814.94,-2245.15,-430.21
171,555.21,1348.04,1679.17,151.87,77.2,-56.47,-1112.98,-10093.07,549.28,8726.83,-2322.53,77.51,1825.08,-2245.02,-419.94
181,565.24,1316.94,1661.44,151.46,82.35,-72.93,-1118.03,-10113.85,532.71,8709.16,-2302.74,78.07,1714.49,-2224.66,-510.17
191,551.49,1298.47,1695.56,148.02,84.83,-71.38,-1126.46,-10048.15,546.7,8708.75,-2333.19,75.97,1787.82,-2257.22,-469.4
201,562.34,1318.37,1686.39,147.25,86.81,-64.31,-1122.24,-10025.3,550.42,8712.91,-2348.35,77.2,1852.64,-2271.15,-418.51
211,564.32,1279.67,1683.83,141.37,74.57,-65.13,-1126.3,-10063.22,545.52,8726.37,-2343.39,76.14,1761.0,-2267.26,-506.26
221,554.22,1320.14,1685.69,147.12,77.51,-76.04,-1096.67,-10097.03,556.38,8762.49,-2332.0,76.5,1833.82,-2255.5,-421.68
231,567.89,1312.57,1689.81,153.67,78.91,-73.59,-1119.19,-10075.88,548.6,8704.89,-2328.44,76.99,1787.68,-2251.45,-463.77
241,602.92,1315.22,1688.3,146.87,95.98,-57.27,-1134.99,-10030.13,532.41,8709.09,-2345.63,76.19,1868.39,-2269.43,-401.04
251,551.61,1360.03,1677.36,149.61,83.38,-66.47,-1121.44,-10097.59,535.83,8691.09,-2304.78,76.4,1763.39,-2228.38,-464.98
261,556.28,1273.97,1703.24,148.06,76.71,-74.06,-1119.6,-10150.22,542.96,8690.67,-2249.61,76.73,1648.02,-2172.88,-524.86
271,569.34,1273.97,1701.0,149.05,87.65,-67.96,-1135.25,-10190.87,528.7,8785.77,-2291.39,75.87,1701.4,-2215.52,-514.11
281,560.55,1338.52,1681.29,154.53,83.94,-72.47,-1126.28,-10156.69,543.39,8722.62,-2283.45,75.43,1729.4,-2208.03,-478.63
291,523.09,1281.15,1698.57,146.04,87.05,-72.04,-1099.62,-10197.0,539.94,8782.43,-2269.71,77.46,1689.6,-2192.24,-502.64
301,582.84,1328.92,1659.52,168.37,85.03,-59.1,-1120.47,-10162.93,531.77,8706.24,-2267.15,75.4,1720.19,-2191.75,-471.55
311,567.24,1272.8,1685.53,151.94,102.64,-59.65,-1134.42,-10147.25,531.99,8746.15,-2297.09,75.06,1716.97,-2222.03,-505.06
321,534.03,1311.96,1701.81,144.44,90.82,-67.98,-1133.08,-10135.67,533.61,8736.32,-2307.73,75.68,1716.25,-2232.04,-515.79
331,537.76,1363.4,1665.56,138.06,83.58,-71.79,-1112.55,-10056.55,528.75,8640.2,-2306.15,77.54,1716.41,-2228.62,-512.21
341,560.07,1304.77,1670.41,145.86,88.38,-67.39,-1135.8,-10128.71,540.49,8768.87,-2318.14,76.52,1746.93,-2241.62,-494.69
351,555.0,1295.87,1678.95,151.55,86.13,-58.4,-1140.64,-10070.23,541.26,8709.11,-2354.24,77.76,1748.59,-2276.48,-527.88
361,542.41,1300.02,1676.63,152.31,83.88,-57.12,-1098.56,-10099.11,559.49,8765.02,-2348.03,77.27,1824.98,-2270.76,-445.78
371,533.99,1277.72,1701.1,147.06,84.95,-53.7,-1140.87,-10110.87,549.45,8729.66,-2296.64,76.21,1718.49,-2220.43,-501.94
381,513.54,1323.86,1672.73,154.29,80.49,-68.68,-1146.06,-10097.41,545.44,8756.63,-2340.24,77.42,1734.82,-2262.82,-528.0
391,573.98,1320.42,1681.67,157.13,85.69,-64.31,-1133.56,-10031.74,538.46,8687.0,-2353.71,76.67,1814.74,-2277.05,-462.31
401,559.42,1329.82,1663.1,153.72,85.61,-41.52,-1114.18,-10099.6,548.3,8727.37,-2321.77,78.12,1812.04,-2243.66,-431.61
411,587.19,1321.18,1671.6,143.21,90.71,-71.81,-1113.75,-10030.82,540.69,8682.05,-2356.83,77.56,1820.24,-2279.28,-459.04
421,532.56,1302.62,1686.18,150.23,77.85,-73.35,-1147.71,-10022.52,547.16,8685.34,-2333.52,76.19,1738.36,-2257.33,-518.97
431,561.73,1326.43,1666.04,154.18,86.65,-58.79,-1131.17,-10080.84,531.92,8720.69,-2330.98,76.2,1776.83,-2254.77,-477.94
441,560.48,1275.9,1686.48,150.47,85.99,-60.15,-1123.63,-10067.68,533.52,8673.54,-2325.75,76.61,1714.92,-2249.14,-534.22
451,563.49,1305.77,1669.09,146.67,87.43,-70.94,-1124.55,-10109.81,534.78,8749.27,-2344.77,76.63,1751.19,-2268.14,-516.96
461,557.4,1298.62,1689.54,153.23,97.82,-77.49,-1082.54,-10081.85,536.15,8703.66,-2348.84,78.01,1794.55,-2270.83,-476.28
471,560.01,1325.8,1657.83,148.91,83.68,-68.89,-1120.49,-10034.78,535.26,8713.23,-2381.37,78.0,1800.55,-2303.36,-502.81
481,541.32,1345.53,1702.23,148.88,85.34,-46.07,-1121.82,-10069.49,544.4,8742.77,-2371.31,77.03,1873.07,-2294.28,-421.21
491,564.13,1306.97,1659.12,145.06,79.69,-66.3,-1103.05,-10020.63,526.35,8720.45,-2412.36,78.42,1811.79,-2333.94,-522.15
501,538.52,1312.83,1671.73,139.37,86.58,-61.76,-1137.69,-10023.75,542.23,8690.95,-2362.33,77.89,1759.01,-2284.44,-525.43
511,535.05,1330.18,1693.24,156.65,86.18,-55.68,-1111.36,-9988.55,545.32,8678.91,-2395.81,76.82,1869.95,-2319.0,-449.04
521,565.75,1316.27,1678.21,150.18,82.21,-64.79,-1128.05,-10063.54,533.36,8700.21,-2324.59,76.75,1769.82,-2247.84,-478.02
531,547.26,1337.03,1674.86,142.46,85.81,-66.26,-1127.08,-10032.27,535.52,8680.64,-2352.36,76.32,1777.97,-2276.04,-498.06
541,536.88,1351.86,1688.92,155.74,75.91,-59.14,-1112.23,-10083.02,531.08,8653.5,-2291.09,76.27,1739.5,-2214.83,-475.32
551,561.84,1340.68,1691.16,154.81,90.46,-57.99,-1120.66,-10043.92,530.33,8673.33,-2359.64,77.03,1820.04,-2282.61,-462.57
561,564.31,1320.7,1673.38,156.5,83.55,-48.59,-1123.95,-10052.88,515.8,8705.29,-2362.19,77.28,1794.1,-2284.91,-490.81
571,540.04,1317.69,1679.64,144.52,72.6,-66.34,-1123.45,-10077.07,534.84,8694.79,-2319.75,74.99,1717.26,-2244.76,-527.5
581,553.87,1301.41,1698.86,159.41,79.19,-55.33,-1128.64,-10024.15,546.41,8707.9,-2376.0,76.12,1838.94,-2299.88,-460.94
591,537.45,1294.65,1722.49,136.96,96.79,-70.87,-1083.83,-10056.34,540.33,8700.11,-2352.63,77.18,1817.75,-2275.45,-457.7
601,559.72,1338.58,1680.22,144.79,82.29,-61.69,-1118.75,-10032.88,551.61,8713.12,-2347.11,75.3,1857.01,-2271.81,-414.8
611,553.67,1306.06,1670.88,149.21,77.41,-71.33,-1103.96,-10085.68,556.55,8757.17,-2335.25,77.81,1809.97,-2257.45,-447.48
621,545.05,1303.91,1702.02,142.49,81.63,-63.99,-1107.99,-10128.61,540.05,8737.43,-2314.94,77.05,1751.99,-2237.88,-485.9
631,545.39,1302.25,1688.33,146.99,89.37,-64.59,-1093.75,-10157.58,556.17,8758.4,-2321.14,75.71,1770.98,-2245.44,-474.45
641,555.38,1326.93,1683.96,149.33,75.52,-70.18,-1145.12,-10101.0,533.05,8668.96,-2276.57,75.55,1676.83,-2201.02,-524.19
651,574.52,1280.78,1696.82,163.28,90.15,-74.26,-1122.93,-10139.64,536.17,8743.54,-2286.82,76.65,1748.43,-2210.18,-461.75
661,519.86,1330.71,1668.79,144.6,98.77,-66.37,-1122.12,-10154.63,549.4,8727.54,-2275.47,75.46,1696.54,-2200.01,-503.47
671,544.85,1277.15,1687.53,142.19,84.01,-50.41,-1131.59,-10143.5,535.92,8720.98,-2260.67,74.96,1667.14,-2185.72,-518.57
681,549.61,1291.81,1684.79,146.47,81.61,-61.61,-1109.22,-10146.33,553.34,8714.11,-2284.86,75.7,1704.58,-2209.16,-504.58
691,532.79,1288.98,1680.95,155.35,85.43,-71.61,-1104.94,-10148.96,544.23,8748.82,-2319.98,77.46,1711.05,-2242.52,-531.47
701,531.42,1282.0,1691.49,146.71,87.03,-51.84,-1120.63,-10093.12,546.39,8698.07,-2307.7,77.37,1717.53,-2230.33,-512.8
711,550.92,1335.48,1666.36,156.17,84.91,-56.51,-1101.8,-10160.19,545.3,8709.52,-2275.07,75.77,1730.16,-2199.3,-469.14
721,536.09,1314.08,1675.12,147.49,89.72,-78.03,-1110.58,-10076.26,529.64,8717.24,-2342.27,76.55,1744.51,-2265.72,-521.21
731,581.32,1319.84,1697.96,145.88,92.69,-62.11,-1124.4,-10044.06,532.31,8692.61,-2353.62,76.61,1832.04,-2277.01,-444.97
741,563.89,1318.24,1663.93,147.79,74.45,-65.54,-1109.62,-10011.71,532.27,8672.54,-2374.42,76.68,1786.23,-2297.74,-511.51
751,559.48,1297.45,1695.56,149.2,85.93,-54.02,-1108.72,-10133.03,547.72,8787.49,-2340.68,76.95,1827.07,-2263.73,-436.66
761,541.82,1302.01,1690.38,151.11,84.23,-65.38,-1106.75,-10071.2,533.91,8737.6,-2377.22,76.27,1797.73,-2300.95,-503.22
771,541.88,1326.91,1675.19,153.41,83.86,-59.9,-1103.56,-10118.64,541.38,8716.25,-2311.04,76.34,1756.78,-2234.7,-477.92
781,538.72,1312.63,1671.29,143.35,79.91,-69.62,-1117.83,-10035.52,537.69,8733.14,-2390.51,77.67,1793.77,-2312.84,-519.07
791,565.7,1294.12,1673.03,150.84,87.36,-44.74,-1098.96,-10058.93,524.64,8704.27,-2351.93,77.06,1797.34,-2274.88,-477.53
801,563.27,1309.11,1691.19,151.35,79.64,-75.62,-1112.59,-10085.13,525.64,8703.45,-2319.38,76.73,1750.32,-2242.65,-492.33
811,573.84,1324.46,1675.52,153.1,83.73,-56.59,-1105.64,-10041.85,528.37,8683.09,-2352.96,76.45,1818.04,-2276.51,-458.47
821,530.61,1315.92,1699.81,143.96,76.71,-53.33,-1117.89,-10113.85,541.42,8733.48,-2294.46,76.36,1756.83,-2218.1,-461.27
831,534.45,1320.21,1678.54,151.52,77.88,-61.76,-1103.85,-10079.16,539.14,8725.55,-2334.2,77.61,1782.52,-2256.59,-474.07
841,550.2,1329.94,1689.75,150.97,91.44,-70.15,-1123.83,-10081.36,529.81,8669.05,-2328.66,76.92,1735.83,-2251.75,-515.91
851,541.0,1290.25,1669.04,149.7,91.39,-60.34,-1107.39,-10141.21,556.22,8763.19,-2319.89,77.11,1751.85,-2242.78,-490.93
861,523.95,1328.17,1692.62,148.77,81.57,-51.23,-1116.72,-10076.03,536.28,8713.99,-2347.67,77.35,1781.35,-2270.32,-488.97
871,552.0,1358.24,1675.74,147.46,86.89,-47.4,-1125.1,-10005.95,545.73,8644.63,-2345.35,76.43,1832.24,-2268.92,-436.68
881,532.47,1265.83,1686.33,148.93,88.74,-56.33,-1075.35,-10085.93,549.1,8697.01,-2323.86,75.87,1750.81,-2247.98,-497.17
891,565.43,1335.57,1668.77,153.96,84.48,-60.93,-1131.58,-10068.16,539.3,8696.05,-2326.03,76.53,1782.89,-2249.5,-466.61
901,579.15,1342.46,1690.17,154.0,87.88,-64.96,-1097.48,-10087.36,531.88,8692.97,-2342.55,77.42,1828.71,-2265.12,-436.41
911,551.91,1313.34,1689.36,150.74,76.94,-64.16,-1127.59,-10174.17,529.1,8703.93,-2253.01,75.78,1649.39,-2177.24,-527.85
921,545.95,1270.53,1671.21,137.83,82.39,-65.96,-1099.68,-10195.68,555.13,8760.14,-2278.21,77.47,1661.85,-2200.74,-538.89
931,567.72,1273.43,1677.3,146.44,93.39,-53.86,-1114.96,-10151.85,550.72,8759.48,-2284.87,75.44,1747.81,-2209.44,-461.62
941,526.32,1270.3,1714.2,150.39,87.24,-70.16,-1110.4,-10155.72,537.77,8778.88,-2307.36,76.42,1728.83,-2230.94,-502.12
951,578.32,1346.14,1691.33,146.84,87.11,-86.7,-1136.23,-10083.86,528.87,8672.49,-2285.18,75.22,1744.3,-2209.95,-465.65
961,507.4,1283.26,1679.64,143.57,93.01,-67.07,-1139.07,-10057.45,553.31,8712.73,-2332.42,76.11,1709.35,-2256.3,-546.96
971,551.11,1309.31,1683.89,150.19,91.1,-67.18,-1127.47,-10083.87,532.28,8706.65,-2320.88,76.14,1746.01,-2244.73,-498.73
981,549.36,1306.49,1681.08,141.22,86.44,-71.74,-1129.2,-10124.79,537.91,8727.2,-2299.46,75.81,1703.98,-2223.65,-519.67
991,536.93,1305.55,1704.59,147.1,85.14,-69.73,-1119.47,-10167.3,562.59,8744.26,-2275.34,76.91,1729.66,-2198.43,-468.77
1001,584.35,1324.31,1710.45,153.99,84.95,-66.29,-1089.73,-10099.6,530.48,8679.44,-2309.97,76.82,1812.34,-2233.15,-420.81
1011,553.8,1305.9,1693.66,141.63,94.07,-57.45,-1114.43,-10059.72,546.92,8714.22,-2356.03,76.84,1818.6,-2279.2,-460.6
1021,545.45,1329.46,1661.45,150.08,75.82,-54.52,-1112.17,-10100.22,546.58,8716.53,-2323.79,75.7,1758.45,-2248.09,-489.63
1031,596.29,1272.29,1670.62,158.56,88.66,-63.69,-1148.39,-10040.62,553.56,8722.61,-2344.42,75.3,1809.89,-2269.12,-459.22
1041,554.12,1309.34,1662.81,145.75,86.33,-47.58,-1150.91,-10157.32,543.45,8737.0,-2273.41,75.27,1682.99,-2198.14,-515.15
1051,563.7,1300.82,1703.44,150.63,74.92,-69.74,-1124.59,-10129.66,546.46,8743.47,-2309.23,75.94,1759.46,-2233.29,-473.83
1061,576.37,1250.23,1676.95,152.09,86.4,-68.04,-1115.18,-10152.44,550.8,8722.59,-2287.94,74.49,1679.76,-2213.45,-533.69
1071,551.07,1283.25,1685.88,144.4,80.36,-54.91,-1139.0,-10110.08,537.2,8742.74,-2330.06,76.51,1720.92,-2253.55,-532.64
1081,503.77,1286.3,1704.92,143.76,83.52,-60.88,-1142.96,-10122.61,536.97,8769.97,-2305.25,74.9,1702.77,-2230.36,-527.59
1091,544.84,1333.97,1691.71,148.46,91.61,-75.62,-1144.46,-10063.84,557.23,8711.83,-2348.63,75.63,1795.72,-2272.99,-477.27
1101,557.84,1284.61,1705.7,149.03,85.18,-69.49,-1131.21,-10129.22,546.56,8792.99,-2323.01,76.6,1791.98,-2246.41,-454.42
1111,566.9,1301.01,1690.99,145.87,87.76,-69.49,-1128.77,-10070.02,535.28,8696.59,-2324.89,76.1,1756.11,-2248.79,-492.68
1121,546.66,1322.48,1669.67,147.62,84.46,-65.55,-1139.08,-10099.79,537.95,8703.85,-2312.97,75.11,1708.27,-2237.86,-529.59
1131,565.56,1290.87,1681.52,145.44,81.32,-67.9,-1114.82,-10085.2,549.46,8705.06,-2317.38,75.15,1751.31,-2242.24,-490.93
1141,571.74,1316.61,1677.77,153.68,86.38,-67.18,-1123.45,-10108.58,544.13,8726.62,-2319.18,76.13,1777.71,-2243.05,-465.35
1151,532.55,1303.62,1729.91,135.5,89.93,-71.71,-1145.88,-10166.84,540.68,8757.26,-2269.96,75.28,1705.02,-2194.68,-489.66
1161,543.35,1324.46,1693.77,141.02,84.53,-68.16,-1128.31,-10073.64,543.78,8716.43,-2320.61,76.04,1777.22,-2244.57,-467.34
1171,556.68,1374.9,1688.28,147.67,82.2,-64.8,-1104.48,-10052.4,537.5,8686.18,-2342.77,76.08,1851.74,-2266.69,-414.95
1181,539.03,1344.73,1686.44,146.58,83.33,-63.12,-1142.35,-10152.62,533.32,8681.61,-2247.6,74.12,1656.95,-2173.48,-516.53
1191,566.46,1304.11,1660.56,144.08,83.84,-62.57,-1111.0,-10165.07,526.99,8703.9,-2245.4,75.66,1651.3,-2169.74,-518.44
1201,528.83,1306.34,1675.51,150.62,79.19,-71.57,-1144.65,-10099.77,538.87,8751.11,-2330.48,76.2,1714.49,-2254.28,-539.79
1211,546.51,1344.8,1663.04,147.62,84.75,-70.23,-1133.04,-10137.15,529.95,8703.19,-2271.71,74.6,1679.44,-2197.11,-517.67
1221,551.78,1317.9,1685.61,149.34,87.18,-62.97,-1112.23,-10102.83,547.31,8691.41,-2312.97,76.87,1752.51,-2236.1,-483.59
1231,549.82,1318.17,1689.85,147.15,93.03,-63.83,-1113.82,-10113.26,538.26,8731.6,-2326.15,76.35,1776.99,-2249.81,-472.82
1241,602.74,1349.4,1651.89,151.39,85.95,-66.01,-1138.07,-10073.91,515.38,8706.9,-2339.44,74.52,1785.66,-2264.92,-479.26
1251,562.42,1262.56,1669.27,145.32,77.22,-61.01,-1107.5,-10140.52,551.71,8713.87,-2275.02,75.96,1673.32,-2199.06,-525.73
1261,563.79,1312.59,1664.39,146.33,93.27,-72.43,-1138.68,-10136.59,541.31,8717.34,-2277.51,75.23,1691.31,-2202.28,-510.96
1271,569.63,1298.63,1702.15,148.68,85.2,-68.46,-1105.89,-10113.39,534.98,8698.17,-2299.58,77.69,1749.7,-2221.89,-472.19
1281,585.83,1307.48,1689.29,153.27,81.99,-62.64,-1131.62,-10096.97,512.71,8712.52,-2298.2,75.87,1751.86,-2222.33,-470.47
1291,557.93,1286.65,1679.66,141.97,91.55,-69.38,-1122.04,-10168.67,552.12,8744.46,-2269.1,75.43,1694.25,-2193.67,-499.42
1301,558.67,1314.75,1688.22,153.27,79.84,-79.92,-1125.8,-10073.27,531.34,8751.81,-2353.2,76.62,1798.92,-2276.58,-477.66
1311,508.84,1252.03,1680.26,144.57,90.39,-69.3,-1119.0,-10194.4,544.43,8829.32,-2285.86,75.61,1667.15,-2210.25,-543.1
1321,527.05,1284.81,1678.76,148.84,85.97,-76.47,-1125.54,-10081.14,563.55,8747.33,-2348.38,77.85,1753.16,-2270.53,-517.37
1331,541.69,1300.16,1702.79,152.57,83.23,-63.36,-1113.98,-10166.77,553.16,8749.45,-2301.85,76.53,1738.96,-2225.31,-486.35
1341,630.96,1282.44,1681.87,148.5,83.74,-67.7,-1122.46,-10189.54,515.94,8722.85,-2254.31,76.43,1686.58,-2177.88,-491.3
1351,548.92,1288.29,1688.04,144.91,94.21,-59.55,-1136.25,-10198.16,539.05,8718.22,-2245.3,76.81,1627.67,-2168.49,-540.81
1361,540.55,1342.65,1685.58,147.89,84.76,-65.85,-1124.28,-10245.17,550.33,8764.94,-2214.31,75.74,1681.39,-2138.57,-457.18
1371,538.04,1303.68,1665.37,149.69,83.74,-72.48,-1110.57,-10205.79,546.32,8732.86,-2244.52,74.51,1630.85,-2170.01,-539.16
1381,521.26,1317.48,1684.8,146.98,101.96,-71.73,-1126.11,-10204.14,549.19,8750.76,-2257.69,75.13,1670.47,-2182.56,-512.09
1391,522.34,1355.48,1667.43,145.72,78.48,-68.39,-1108.43,-10190.69,525.82,8749.87,-2269.6,74.72,1677.63,-2194.89,-517.26
1401,554.38,1319.44,1686.88,143.87,78.33,-63.33,-1116.91,-10240.04,533.54,8753.51,-2233.57,75.7,1649.68,-2157.87,-508.18
1411,535.12,1307.31,1693.22,153.45,69.7,-64.29,-1132.2,-10201.57,538.22,8739.98,-2248.65,75.49,1638.93,-2173.17,-534.24
1421,533.0,1294.42,1692.12,148.81,75.23,-65.26,-1150.79,-10166.87,526.21,8776.11,-2277.73,75.86,1662.96,-2201.87,-538.91
1431,568.36,1258.77,1692.5,138.23,77.59,-58.89,-1131.4,-10191.21,534.5,8720.72,-2258.46,75.08,1609.16,-2183.38,-574.22
1441,552.69,1342.23,1696.81,147.04,83.42,-74.39,-1121.51,-10149.01,534.38,8684.52,-2269.35,74.72,1696.17,-2194.63,-498.46
1451,547.29,1315.72,1674.8,159.57,91.69,-65.22,-1129.2,-10239.95,534.19,8771.43,-2239.43,74.65,1660.32,-2164.78,-504.46
1461,558.73,1271.21,1679.81,138.5,76.31,-58.97,-1122.26,-10152.55,545.83,8753.23,-2258.91,75.19,1689.84,-2183.72,-493.88
1471,527.36,1283.59,1708.84,141.64,89.83,-80.96,-1158.34,-10238.52,541.56,8775.45,-2218.29,75.91,1590.45,-2142.39,-551.93
1481,571.91,1291.16,1660.47,153.63,83.85,-76.65,-1103.77,-10216.73,556.76,8730.65,-2213.84,75.71,1651.29,-2138.13,-486.84
1491,553.2,1303.89,1680.91,145.29,91.71,-66.14,-1140.39,-10207.8,540.56,8727.82,-2226.71,75.32,1629.06,-2151.39,-522.34
1501,538.8,1297.28,1705.3,146.26,71.65,-62.34,-1129.34,-10229.17,544.38,8750.77,-2220.18,75.24,1633.59,-2144.94,-511.35
1511,576.2,1293.41,1664.34,152.84,92.71,-66.13,-1128.12,-10243.2,561.29,8723.22,-2196.16,74.57,1626.57,-2121.59,-495.02
1521,528.78,1309.33,1664.29,142.07,85.85,-63.78,-1120.26,-10227.12,550.9,8761.97,-2229.37,74.74,1632.03,-2154.62,-522.6
1531,523.08,1277.69,1673.09,145.98,92.95,-49.92,-1128.15,-10233.02,545.71,8762.05,-2225.06,76.36,1609.46,-2148.69,-539.24
1541,531.95,1301.08,1674.25,157.26,102.37,-50.14,-1110.65,-10188.99,534.41,8653.27,-2205.73,75.14,1604.81,-2130.59,-525.78
1551,561.06,1321.22,1682.51,149.7,85.85,-70.12,-1117.58,-10176.04,529.04,8711.92,-2254.12,77.35,1677.56,-2176.77,-499.21
1561,544.66,1291.55,1679.05,144.96,88.29,-57.2,-1121.45,-10204.7,543.44,8777.82,-2255.27,75.19,1686.43,-2180.08,-493.65
1571,548.14,1336.46,1686.58,150.77,85.71,-68.36,-1103.39,-10288.54,520.5,8750.14,-2195.32,75.66,1618.01,-2119.66,-501.65
1581,568.83,1356.7,1673.75,149.98,88.95,-69.69,-1121.96,-10198.55,543.89,8724.93,-2234.95,75.46,1716.81,-2159.48,-442.67
1591,529.89,1291.34,1688.29,141.7,85.31,-80.07,-1141.95,-10111.91,549.11,8760.3,-2320.33,75.3,1712.01,-2245.03,-533.02
1601,562.67,1272.82,1652.44,136.62,72.72,-68.46,-1121.47,-10161.29,532.02,8743.81,-2281.91,75.47,1621.91,-2206.43,-584.53
1611,596.2,1379.2,1674.83,166.44,101.92,-61.94,-1118.34,-10183.62,509.46,8700.43,-2252.81,76.24,1764.58,-2176.57,-411.99
1621,558.07,1314.77,1700.43,149.98,96.52,-73.42,-1118.39,-10260.02,541.96,8757.98,-2221.16,75.67,1667.87,-2145.49,-477.62
1631,536.63,1276.07,1675.04,145.53,85.73,-59.97,-1111.45,-10200.64,549.74,8783.63,-2276.21,76.07,1680.32,-2200.13,-519.82
1641,553.58,1321.31,1710.39,156.12,71.94,-68.35,-1121.15,-10121.89,528.87,8672.9,-2289.2,76.08,1703.72,-2213.12,-509.39
1651,566.65,1301.07,1706.53,142.85,74.8,-65.67,-1116.34,-10133.55,537.03,8679.08,-2262.08,76.07,1692.46,-2186.01,-493.55
1661,523.1,1353.51,1703.48,153.78,84.61,-72.84,-1128.18,-10199.49,534.77,8719.24,-2215.09,76.57,1671.99,-2138.52,-466.54
1671,550.61,1309.79,1670.84,138.46,74.45,-64.16,-1106.29,-10118.34,523.07,8679.43,-2267.37,76.52,1657.85,-2190.86,-533.01
1681,560.93,1310.75,1702.22,151.11,79.22,-62.09,-1158.46,-10190.69,532.82,8717.37,-2231.69,75.65,1643.18,-2156.04,-512.86
1691,578.16,1318.99,1676.13,147.76,80.06,-66.6,-1126.24,-10166.26,532.95,8700.73,-2230.02,75.56,1675.66,-2154.46,-478.8
1701,542.5,1282.16,1675.79,145.19,84.62,-74.88,-1082.12,-10164.33,551.81,8728.49,-2284.8,76.26,1689.23,-2208.54,-519.31
1711,560.67,1293.39,1684.5,141.37,95.22,-74.96,-1114.11,-10147.69,539.78,8768.92,-2309.94,77.03,1747.1,-2232.92,-485.82
1721,540.6,1336.76,1694.51,151.18,83.52,-60.42,-1100.94,-10142.29,544.87,8727.66,-2309.55,78.6,1775.45,-2230.96,-455.51
1731,558.43,1295.35,1686.64,154.97,80.72,-69.48,-1101.57,-10213.26,531.32,8719.95,-2239.81,77.33,1643.06,-2162.48,-519.41
1741,522.92,1314.67,1692.59,152.17,92.14,-57.6,-1106.37,-10175.06,541.17,8707.19,-2236.17,76.12,1683.82,-2160.05,-476.23
1751,531.65,1279.02,1701.0,149.11,80.45,-64.77,-1118.95,-10214.69,549.2,8765.93,-2254.79,76.19,1657.95,-2178.59,-520.64
1761,556.34,1293.2,1691.98,148.87,82.49,-61.12,-1117.32,-10161.48,516.93,8660.36,-2232.61,77.19,1610.26,-2155.42,-545.16
1771,539.89,1361.47,1674.48,152.15,76.68,-68.48,-1123.55,-10132.78,541.71,8701.1,-2289.21,76.15,1722.66,-2213.06,-490.4
1781,555.13,1299.77,1693.5,146.59,93.58,-75.94,-1125.31,-10164.34,534.03,8740.12,-2272.07,77.6,1697.13,-2194.46,-497.33
1791,534.65,1353.59,1690.6,162.67,82.28,-64.76,-1096.32,-10088.76,534.18,8712.76,-2330.6,76.59,1820.88,-2254.01,-433.12
1801,591.44,1263.58,1676.81,144.73,97.85,-57.15,-1097.5,-10124.81,535.19,8745.78,-2333.44,76.62,1775.91,-2256.82,-480.91
1811,546.13,1342.18,1680.04,146.09,84.98,-55.12,-1109.02,-10116.35,540.15,8722.63,-2311.89,75.73,1781.7,-2236.16,-454.45
1821,550.15,1295.18,1677.54,153.64,80.52,-59.79,-1120.33,-10137.78,533.19,8762.59,-2292.42,76.59,1734.91,-2215.83,-480.91
1831,539.75,1311.37,1673.27,138.97,88.05,-62.77,-1118.32,-10104.1,553.13,8784.67,-2336.52,76.13,1804.02,-2260.39,-456.38
1841,532.76,1305.64,1668.69,156.79,80.81,-55.46,-1127.03,-10065.11,520.51,8695.92,-2310.64,76.06,1713.52,-2234.59,-521.07
1851,555.34,1346.89,1660.8,143.44,82.59,-62.35,-1117.56,-10113.03,523.78,8703.14,-2296.67,77.64,1723.03,-2219.04,-496.01
1861,532.5,1318.25,1667.28,156.64,85.92,-60.74,-1122.7,-10098.64,524.34,8728.07,-2322.64,76.32,1730.91,-2246.32,-515.4
1871,589.66,1293.85,1676.81,154.53,85.91,-39.09,-1128.73,-10059.52,529.44,8695.35,-2315.39,76.04,1798.22,-2239.35,-441.13
1881,552.0,1344.96,1685.63,151.94,90.73,-53.23,-1109.27,-10115.41,548.19,8720.38,-2304.08,76.86,1815.92,-2227.22,-411.3
1891,535.48,1302.94,1698.64,139.55,88.19,-44.97,-1116.07,-10098.34,544.83,8742.4,-2311.9,76.63,1792.63,-2235.27,-442.64
1901,510.38,1302.92,1704.66,144.24,101.34,-57.05,-1125.11,-10081.61,529.86,8656.92,-2286.59,76.04,1686.53,-2210.56,-524.02
1911,550.5,1328.87,1685.15,150.3,75.2,-63.72,-1093.78,-10016.4,514.58,8653.06,-2374.82,77.22,1783.75,-2297.6,-513.85
1921,536.43,1323.3,1691.05,149.37,85.49,-49.41,-1129.49,-10105.79,519.32,8684.33,-2296.64,77.55,1704.6,-2219.09,-514.49
1931,559.68,1293.68,1667.36,155.42,98.23,-66.19,-1115.58,-10128.98,531.53,8736.5,-2306.32,76.77,1731.65,-2229.55,-497.9
1941,552.66,1326.86,1675.31,145.64,84.19,-58.82,-1112.37,-10106.42,536.61,8646.75,-2280.22,76.38,1690.42,-2203.84,-513.42
1951,559.95,1317.7,1677.39,140.52,90.08,-69.83,-1084.97,-10094.44,536.93,8632.74,-2300.98,77.52,1706.06,-2223.46,-517.4
1961,570.44,1334.3,1675.61,145.56,90.34,-62.56,-1117.03,-10068.2,553.65,8622.64,-2290.66,75.23,1744.76,-2215.43,-470.67
1971,527.46,1267.13,1653.43,138.1,89.48,-63.83,-1113.23,-10071.03,555.87,8707.7,-2336.63,77.98,1691.08,-2258.65,-567.57
1981,576.74,1283.28,1663.82,145.92,86.75,-69.57,-1092.4,-9996.39,532.45,8640.06,-2376.72,79.0,1770.64,-2297.72,-527.08
1991,540.97,1286.29,1695.14,153.2,87.94,-67.63,-1120.46,-10020.25,540.32,8687.59,-2347.69,76.79,1783.09,-2270.89,-487.8
2001,558.04,1305.99,1684.79,145.68,81.87,-43.79,-1133.62,-9976.67,524.77,8627.3,-2352.11,75.75,1774.36,-2276.36,-502.0
2011,541.38,1310.09,1679.67,148.14,85.14,-54.48,-1104.77,-9937.56,528.47,8579.75,-2381.56,76.3,1775.83,-2305.26,-529.43
2021,554.41,1327.32,1682.73,162.27,73.42,-58.92,-1114.95,-9993.65,530.33,8626.25,-2332.46,78.4,1789.2,-2254.06,-464.86
2031,564.85,1311.95,1683.59,160.28,91.63,-61.2,-1140.32,-10069.3,543.73,8756.75,-2345.04,77.83,1841.94,-2267.22,-425.27
2041,543.61,1335.13,1664.99,158.23,86.88,-59.62,-1098.96,-10090.1,555.99,8666.88,-2319.14,76.75,1763.03,-2242.39,-479.36
2051,525.68,1360.76,1659.69,147.35,95.47,-54.35,-1120.53,-9960.15,535.46,8611.87,-2392.4,76.49,1801.24,-2315.91,-514.67
2061,502.89,1291.76,1685.16,141.02,87.93,-64.41,-1120.46,-10009.99,540.16,8740.32,-2385.64,76.58,1794.37,-2309.06,-514.69
2071,532.76,1309.76,1653.24,156.03,87.07,-59.6,-1128.87,-10036.88,531.48,8679.92,-2334.87,77.08,1724.92,-2257.79,-532.87
2081,562.26,1261.56,1682.4,143.07,94.77,-42.5,-1126.53,-10029.97,527.64,8675.03,-2364.73,75.72,1747.73,-2289.0,-541.27
2091,563.09,1310.05,1662.05,156.25,85.91,-56.39,-1134.38,-10008.41,545.27,8706.08,-2361.11,76.98,1829.52,-2284.13,-454.61
2101,569.57,1273.57,1665.43,150.29,79.34,-61.6,-1127.96,-10012.87,529.8,8727.5,-2383.55,76.61,1793.08,-2306.94,-513.86
2111,530.69,1262.06,1670.68,149.53,85.8,-53.16,-1137.73,-10063.81,534.44,8685.27,-2305.7,76.49,1663.77,-2229.21,-565.44
2121,554.2,1291.9,1704.88,146.1,77.84,-66.56,-1122.53,-10008.57,542.86,8679.79,-2371.55,76.43,1799.92,-2295.13,-495.21
2131,600.25,1297.48,1705.77,149.63,82.36,-64.45,-1110.58,-10007.37,534.12,8679.34,-2358.54,77.59,1866.56,-2280.95,-414.39
2141,556.84,1304.41,1682.35,145.38,80.69,-73.97,-1129.31,-9975.55,535.95,8678.86,-2393.99,76.87,1805.65,-2317.12,-511.47
2151,578.19,1297.62,1685.31,152.87,82.52,-57.1,-1116.41,-10080.84,539.93,8717.29,-2312.78,77.4,1799.39,-2235.38,-435.99
2161,537.01,1286.77,1696.0,145.6,82.08,-63.03,-1109.24,-10106.68,545.6,8733.43,-2320.54,76.67,1747.56,-2243.86,-496.31
2171,545.63,1313.69,1693.37,149.8,88.22,-78.01,-1120.59,-10052.38,524.3,8699.01,-2339.68,77.42,1763.04,-2262.26,-499.22
2181,522.76,1288.52,1696.36,152.57,93.76,-68.81,-1114.33,-10025.97,554.93,8690.54,-2357.67,76.93,1790.34,-2280.74,-490.4
2191,520.89,1324.49,1698.19,147.67,84.2,-62.75,-1078.98,-10075.1,543.81,8690.15,-2337.48,77.67,1792.57,-2259.81,-467.23
2201,537.97,1318.69,1688.36,152.35,94.02,-62.05,-1111.76,-10016.36,524.59,8708.7,-2389.24,77.12,1834.5,-2312.11,-477.61
2211,542.43,1298.95,1684.36,153.32,75.68,-75.57,-1096.66,-10090.25,536.47,8699.41,-2319.14,76.86,1728.13,-2242.28,-514.15
2221,562.64,1305.8,1658.61,155.03,93.32,-39.51,-1110.5,-10053.81,541.26,8710.27,-2362.36,77.37,1823.12,-2285.0,-461.88
2231,571.17,1318.89,1687.32,155.44,83.37,-77.7,-1158.76,-10080.26,539.1,8760.74,-2351.73,77.02,1799.32,-2274.71,-475.39
2241,559.5,1352.0,1685.9,149.72,77.6,-66.82,-1116.42,-10030.45,546.49,8704.28,-2372.18,76.69,1861.8,-2295.5,-433.7
2251,551.34,1290.75,1699.01,144.42,85.11,-65.37,-1109.67,-10065.59,541.39,8728.97,-2343.77,75.61,1800.36,-2268.16,-467.8
2261,547.96,1324.72,1660.06,144.91,90.1,-53.96,-1111.07,-10067.91,549.42,8700.0,-2325.35,77.02,1784.25,-2248.33,-464.08
2271,571.93,1290.9,1672.93,150.58,86.61,-58.66,-1125.8,-10055.4,548.27,8769.89,-2372.86,76.13,1851.26,-2296.74,-445.48
2281,547.4,1308.18,1687.08,148.32,87.14,-69.68,-1110.4,-10037.39,543.33,8681.37,-2347.92,76.69,1785.34,-2271.22,-485.88
2291,513.03,1324.81,1675.04,148.07,87.93,-47.81,-1094.55,-10039.13,540.27,8680.08,-2352.42,77.37,1787.74,-2275.05,-487.3
2301,564.74,1327.56,1687.21,149.4,82.91,-68.75,-1117.69,-10116.98,521.25,8725.79,-2332.52,76.49,1755.42,-2256.03,-500.61
2311,560.35,1323.46,1703.59,150.7,78.76,-67.15,-1127.96,-10138.57,535.93,8734.41,-2306.89,77.58,1753.52,-2229.31,-475.79
2321,572.66,1310.76,1673.24,147.89,80.08,-76.74,-1111.31,-10023.3,535.82,8745.32,-2391.67,76.49,1854.42,-2315.18,-460.76
2331,540.58,1301.75,1676.67,149.42,86.98,-58.45,-1122.46,-10065.64,529.93,8737.68,-2345.93,76.4,1776.46,-2269.53,-493.06
2341,558.19,1312.09,1682.44,151.99,98.41,-68.65,-1109.9,-10005.85,555.5,8646.95,-2338.04,76.92,1821.19,-2261.12,-439.93
2351,546.11,1344.97,1660.63,143.95,95.99,-80.01,-1119.43,-9993.67,547.09,8645.77,-2353.08,76.06,1791.39,-2277.03,-485.64
2361,553.62,1318.17,1677.73,148.69,92.29,-67.35,-1124.73,-9941.8,539.59,8654.52,-2400.88,77.16,1850.74,-2323.72,-472.99
2371,567.51,1327.16,1652.6,157.45,87.17,-60.21,-1131.04,-9956.48,545.32,8668.43,-2390.1,75.95,1857.91,-2314.15,-456.24
2381,513.24,1326.52,1659.03,150.84,78.01,-54.97,-1129.35,-10065.26,538.04,8743.71,-2329.7,76.65,1759.83,-2253.05,-493.22
2391,570.07,1338.6,1670.74,157.36,76.34,-63.39,-1098.64,-9991.59,540.77,8676.13,-2374.46,77.89,1876.39,-2296.57,-420.18
2401,539.86,1328.18,1678.94,153.37,87.5,-64.33,-1113.24,-9945.02,534.22,8644.07,-2386.14,76.89,1843.54,-2309.25,-465.71
2411,529.29,1263.95,1717.05,151.59,86.9,-69.51,-1134.25,-10014.52,530.41,8675.75,-2334.73,77.46,1736.64,-2257.26,-520.62
2421,567.21,1317.88,1693.95,158.79,85.65,-67.89,-1112.45,-10017.13,545.09,8637.13,-2319.95,77.61,1808.24,-2242.34,-434.11
2431,542.92,1347.03,1675.36,151.37,88.67,-71.46,-1129.3,-9991.4,533.74,8708.05,-2378.67,78.85,1854.99,-2299.82,-444.83
2441,557.21,1277.87,1681.52,147.02,81.58,-59.42,-1105.0,-9971.83,535.8,8625.88,-2368.42,77.09,1770.62,-2291.32,-520.7
2451,586.39,1300.6,1687.28,152.06,77.58,-60.34,-1118.52,-10023.45,514.61,8684.87,-2356.47,77.49,1801.09,-2278.98,-477.89
2461,566.69,1346.92,1703.0,159.45,79.69,-74.67,-1107.9,-10045.36,546.51,8714.56,-2350.39,77.5,1888.89,-2272.89,-384.0
2471,547.92,1275.35,1681.35,137.75,85.74,-56.13,-1138.84,-10014.19,540.02,8658.5,-2331.28,77.51,1717.46,-2253.77,-536.31
2481,565.08,1301.17,1673.04,151.63,79.15,-67.32,-1144.19,-9924.65,541.34,8643.92,-2384.49,76.12,1819.18,-2308.37,-489.19
2491,550.75,1313.11,1722.1,147.06,80.31,-71.48,-1142.93,-9950.02,544.94,8639.95,-2391.18,76.59,1833.79,-2314.59,-480.8
2501,544.38,1282.15,1711.96,141.14,91.59,-70.8,-1149.71,-10070.21,539.44,8712.75,-2306.64,75.39,1732.68,-2231.25,-498.57
2511,544.73,1279.21,1678.52,146.76,85.39,-65.0,-1110.91,-10053.9,535.69,8685.09,-2337.0,76.2,1725.57,-2260.8,-535.23
2521,552.54,1319.48,1671.14,151.12,86.94,-69.3,-1106.27,-10039.54,529.18,8688.4,-2342.28,77.02,1783.69,-2265.27,-481.58
2531,532.31,1277.2,1692.9,138.69,91.72,-57.15,-1135.96,-10003.1,541.35,8693.31,-2354.07,75.59,1771.28,-2278.48,-507.2
2541,564.88,1317.21,1668.4,144.03,85.14,-69.48,-1125.68,-10011.62,517.64,8682.66,-2352.12,76.47,1773.18,-2275.66,-502.47
2551,577.87,1260.71,1692.29,141.96,78.58,-59.89,-1103.33,-9980.43,532.13,8684.09,-2373.68,76.85,1823.98,-2296.83,-472.85
2561,539.96,1354.99,1681.44,149.45,85.6,-60.37,-1111.32,-9963.89,549.21,8602.47,-2363.42,76.89,1827.53,-2286.53,-459.0
2571,569.94,1274.49,1672.41,142.31,87.98,-71.63,-1125.76,-9979.85,542.59,8667.2,-2377.67,76.75,1779.68,-2300.92,-521.24
2581,532.16,1276.29,1695.37,141.32,83.76,-69.4,-1120.15,-10007.86,558.67,8701.81,-2387.85,77.29,1791.97,-2310.56,-518.59
2591,517.15,1361.68,1690.34,153.64,86.46,-63.49,-1147.86,-10081.02,533.75,8749.18,-2337.73,75.88,1799.84,-2261.85,-462.01
2601,556.1,1285.0,1697.05,138.8,89.93,-61.47,-1136.87,-10072.55,518.16,8718.68,-2325.85,77.0,1732.82,-2248.85,-516.03
2611,561.2,1295.36,1675.24,145.63,86.45,-60.09,-1120.05,-10048.99,545.05,8735.59,-2368.15,77.73,1815.38,-2290.42,-475.04
2621,577.42,1332.87,1683.53,160.61,99.32,-57.18,-1139.38,-10074.95,523.26,8703.65,-2321.39,76.68,1809.15,-2244.71,-435.55
2631,564.64,1294.64,1659.28,148.96,77.39,-51.05,-1114.1,-10106.72,534.57,8730.01,-2324.31,77.47,1737.63,-2246.84,-509.21
2641,576.12,1316.92,1677.7,142.84,90.71,-54.99,-1150.72,-10058.9,515.85,8687.33,-2310.31,78.16,1742.85,-2232.14,-489.3
2651,525.23,1241.04,1678.9,140.27,84.69,-65.33,-1103.48,-10102.25,538.09,8729.01,-2313.06,78.05,1666.16,-2235.01,-568.85
2661,582.37,1277.38,1692.82,145.52,95.77,-66.97,-1128.47,-10045.4,527.04,8681.24,-2331.86,75.91,1761.3,-2255.95,-494.65
2671,550.18,1302.9,1693.64,152.63,77.19,-68.76,-1097.24,-10097.21,544.31,8703.41,-2307.75,77.68,1761.06,-2230.07,-469.01
2681,555.07,1270.89,1690.83,145.45,83.96,-67.26,-1112.8,-10108.13,538.16,8688.31,-2276.33,77.43,1684.47,-2198.9,-514.43
2691,558.51,1327.46,1668.45,148.02,85.81,-55.4,-1131.18,-10047.35,535.8,8624.86,-2302.78,76.47,1714.98,-2226.32,-511.34
2701,536.15,1273.11,1669.47,144.74,87.2,-43.69,-1096.92,-10037.3,538.18,8663.55,-2329.98,77.01,1734.49,-2252.98,-518.48
2711,577.26,1296.08,1682.24,145.46,79.6,-56.65,-1146.0,-10065.58,530.45,8695.58,-2306.7,76.05,1738.44,-2230.64,-492.2
2721,523.95,1312.9,1666.17,143.43,91.59,-49.29,-1134.63,-9988.69,541.14,8693.73,-2372.25,77.81,1800.3,-2294.44,-494.14
2731,557.45,1267.89,1688.66,137.31,77.65,-55.36,-1133.24,-10063.12,524.04,8707.13,-2310.1,76.81,1708.4,-2233.29,-524.88
2741,552.56,1313.47,1677.86,152.64,91.04,-63.52,-1112.38,-10082.01,519.52,8641.72,-2304.52,77.73,1690.91,-2226.79,-535.88
2751,521.57,1331.92,1663.79,149.26,88.7,-39.3,-1122.34,-10071.24,531.51,8693.36,-2316.17,78.14,1747.22,-2238.03,-490.81
2761,554.28,1297.16,1656.47,154.7,84.93,-59.9,-1121.45,-10105.72,534.21,8761.54,-2329.31,77.41,1756.21,-2251.89,-495.68
2771,550.67,1316.85,1668.09,153.51,69.41,-62.42,-1137.08,-10123.01,542.56,8700.24,-2272.98,75.43,1678.81,-2197.55,-518.74
2781,529.5,1284.8,1684.58,149.67,86.02,-63.97,-1126.7,-10025.89,541.09,8694.01,-2361.48,77.76,1753.09,-2283.71,-530.63
2791,556.35,1310.17,1662.96,150.28,83.56,-54.44,-1123.98,-10054.03,526.11,8694.39,-2340.67,78.22,1751.37,-2262.45,-511.09
2801,550.85,1290.49,1675.41,147.26,89.9,-60.33,-1121.83,-10022.69,535.82,8702.42,-2364.08,78.01,1787.29,-2286.07,-498.78
2811,552.91,1325.16,1666.33,150.06,78.86,-48.39,-1115.27,-10017.3,535.93,8632.82,-2336.72,77.06,1761.1,-2259.67,-498.56
2821,546.73,1306.79,1670.76,149.15,87.16,-50.73,-1129.29,-9972.58,544.63,8656.43,-2361.51,76.57,1809.06,-2284.94,-475.88
2831,507.9,1282.7,1671.94,159.5,80.23,-59.7,-1106.59,-10066.99,562.07,8733.31,-2339.34,77.23,1764.36,-2262.11,-497.75
2841,512.04,1321.64,1663.7,144.18,87.33,-66.48,-1130.36,-10117.91,538.18,8774.27,-2307.67,77.06,1726.61,-2230.61,-504.0
2851,562.88,1310.76,1703.63,150.92,83.56,-59.02,-1117.93,-10018.86,525.53,8655.63,-2347.41,77.39,1797.09,-2270.02,-472.93
2861,548.77,1348.18,1682.71,150.5,81.74,-58.07,-1117.65,-10053.93,535.29,8652.04,-2310.5,76.75,1769.58,-2233.74,-464.17
2871,570.48,1320.69,1685.78,150.68,83.81,-66.59,-1125.58,-9950.84,523.45,8593.4,-2366.2,78.37,1785.27,-2287.83,-502.56
2881,565.28,1315.61,1692.54,154.64,89.88,-68.22,-1127.67,-10085.81,540.6,8724.06,-2319.58,76.56,1800.93,-2243.02,-442.09
2891,530.83,1301.28,1673.29,148.12,82.95,-65.92,-1117.49,-10058.39,538.67,8721.72,-2352.19,77.3,1755.06,-2274.89,-519.83
2901,551.83,1322.07,1676.28,147.08,81.99,-62.32,-1092.67,-10056.29,536.87,8668.39,-2334.33,76.16,1773.23,-2258.17,-484.94
2911,569.02,1313.93,1681.41,153.9,82.9,-54.45,-1119.44,-10024.72,528.28,8645.68,-2343.32,77.15,1776.5,-2266.16,-489.66
2921,524.27,1310.0,1683.41,150.87,79.3,-49.75,-1127.04,-9981.53,544.64,8698.3,-2392.41,78.27,1832.48,-2314.14,-481.65
2931,547.11,1288.79,1689.42,150.23,80.42,-56.3,-1132.65,-10097.44,531.7,8770.62,-2333.61,76.44,1771.9,-2257.17,-485.27
2941,545.75,1295.26,1671.53,143.17,71.71,-50.29,-1130.47,-10134.03,546.1,8803.89,-2322.09,76.34,1762.62,-2245.75,-483.13
2951,516.93,1236.51,1667.99,141.93,76.42,-56.1,-1128.48,-10113.88,540.34,8773.41,-2339.36,76.7,1655.05,-2262.66,-607.61
2961,534.51,1307.87,1667.43,141.49,87.27,-54.12,-1103.75,-10088.47,541.19,8717.79,-2336.07,77.06,1751.22,-2259.01,-507.79
2971,530.15,1312.5,1694.06,155.66,87.46,-71.08,-1126.31,-10079.56,539.72,8736.07,-2324.78,76.21,1778.68,-2248.57,-469.89
2981,519.25,1292.74,1671.0,152.03,77.1,-57.88,-1113.31,-10058.06,556.27,8685.49,-2335.0,76.91,1724.64,-2258.09,-533.44
2991,572.75,1295.53,1671.55,139.28,81.47,-60.46,-1142.97,-9995.97,532.61,8660.29,-2336.39,77.21,1754.07,-2259.18,-505.11
3001,539.49,1262.86,1686.4,145.84,73.53,-69.51,-1110.27,-10056.6,540.77,8722.34,-2351.61,77.0,1734.85,-2274.61,-539.76
3011,557.73,1329.46,1682.38,143.38,89.98,-73.14,-1107.42,-10062.85,524.09,8705.24,-2331.68,76.14,1788.85,-2255.54,-466.69
3021,545.51,1260.58,1662.31,147.68,80.22,-50.38,-1067.42,-10094.23,519.06,8743.83,-2363.2,77.71,1747.17,-2285.48,-538.32
3031,543.52,1353.63,1702.35,152.96,88.12,-52.01,-1121.05,-10104.09,543.43,8740.04,-2335.81,76.18,1846.9,-2259.63,-412.73
3041,519.81,1366.71,1673.29,143.28,77.0,-54.91,-1131.35,-10098.46,546.37,8710.98,-2311.47,76.27,1752.73,-2235.19,-482.47
3051,514.24,1308.33,1668.24,155.98,82.18,-53.15,-1127.12,-10072.46,547.4,8777.82,-2367.59,77.5,1801.47,-2290.1,-488.63
3061,595.71,1331.21,1678.42,154.67,79.19,-61.31,-1120.11,-10021.51,545.42,8676.49,-2340.92,77.57,1858.16,-2263.35,-405.19
3071,532.78,1307.6,1674.9,150.93,92.16,-55.06,-1132.2,-9998.23,548.81,8713.57,-2391.66,78.04,1835.26,-2313.62,-478.36
3081,550.76,1287.54,1670.14,148.55,80.74,-61.55,-1105.8,-10009.24,545.1,8688.46,-2373.39,77.96,1794.68,-2295.43,-500.75
3091,563.31,1306.63,1668.24,150.37,71.64,-48.58,-1105.28,-10042.06,535.49,8702.66,-2337.88,78.02,1802.41,-2259.85,-457.44
3101,565.07,1327.76,1654.9,157.02,79.41,-57.96,-1144.79,-9997.7,543.17,8671.34,-2352.72,76.49,1798.21,-2276.23,-478.01
3111,544.86,1251.58,1667.74,147.57,89.44,-48.3,-1108.92,-9985.89,548.13,8705.11,-2387.72,78.6,1811.31,-2309.12,-497.82
3121,551.08,1279.26,1684.77,146.28,89.74,-48.09,-1126.69,-10046.65,535.2,8701.08,-2357.09,76.86,1765.98,-2280.23,-514.25
3131,552.69,1308.15,1680.96,147.43,88.08,-55.05,-1130.78,-10080.88,510.33,8705.34,-2326.9,76.23,1726.26,-2250.67,-524.41
3141,552.27,1275.09,1687.74,150.81,85.74,-63.04,-1137.53,-10092.56,537.86,8693.3,-2292.4,76.18,1689.67,-2216.22,-526.54
3151,524.35,1353.7,1679.33,149.21,85.96,-57.81,-1112.99,-10131.3,550.7,8761.78,-2318.29,75.74,1802.93,-2242.54,-439.62
3161,511.36,1329.87,1682.68,152.23,79.95,-64.51,-1137.01,-10044.06,560.3,8723.31,-2346.32,76.27,1794.11,-2270.06,-475.95
3171,512.72,1308.57,1679.74,146.59,97.24,-41.96,-1127.97,-9998.44,532.2,8619.82,-2322.38,76.39,1728.51,-2245.99,-517.48
3181,566.12,1353.01,1692.25,153.11,86.11,-60.95,-1123.57,-10000.13,533.03,8650.76,-2350.85,76.74,1849.73,-2274.11,-424.38
3191,533.8,1317.57,1644.61,149.77,89.59,-51.84,-1119.45,-10022.54,539.95,8669.44,-2335.5,75.56,1750.9,-2259.94,-509.04
3201,578.48,1369.65,1690.06,151.47,83.1,-68.37,-1143.81,-9985.75,515.29,8673.15,-2355.23,77.59,1863.27,-2277.65,-414.37
3211,570.76,1324.17,1703.25,145.35,91.96,-61.14,-1119.82,-10021.88,543.27,8672.73,-2343.81,77.68,1848.67,-2266.13,-417.46
3221,511.2,1331.11,1675.79,148.74,85.29,-56.11,-1138.16,-10026.03,548.15,8676.74,-2347.95,77.01,1756.73,-2270.94,-514.21
3231,551.83,1340.91,1690.95,145.31,80.72,-52.67,-1124.47,-10049.64,548.5,8685.93,-2317.85,77.32,1817.38,-2240.53,-423.16
3241,583.97,1297.09,1675.28,145.27,98.48,-61.95,-1093.77,-10110.04,537.16,8732.28,-2330.17,77.65,1803.76,-2252.52,-448.76
3251,535.23,1289.82,1671.66,145.96,74.24,-59.71,-1105.89,-10047.43,552.96,8717.2,-2359.09,78.04,1774.05,-2281.04,-507.0
3261,586.76,1322.2,1691.95,151.9,85.48,-52.18,-1134.66,-10033.99,526.8,8645.97,-2308.17,78.37,1790.24,-2229.8,-439.57
3271,597.74,1324.79,1691.69,143.1,86.04,-57.47,-1143.45,-9962.86,521.93,8686.1,-2381.39,77.81,1887.63,-2303.58,-415.95
3281,537.07,1318.52,1690.95,144.83,89.12,-73.19,-1142.13,-9984.2,534.61,8694.41,-2388.77,77.58,1809.97,-2311.18,-501.21
3291,565.04,1313.31,1695.35,150.11,90.93,-59.4,-1127.47,-10010.51,540.29,8724.88,-2385.28,78.44,1882.51,-2306.85,-424.34
3301,592.55,1357.85,1671.1,151.95,80.42,-62.34,-1102.61,-10006.96,531.6,8650.64,-2349.81,77.52,1864.2,-2272.28,-408.08
3311,522.99,1335.77,1671.28,147.2,96.64,-67.58,-1108.66,-10049.28,532.63,8697.7,-2350.41,77.71,1778.71,-2272.7,-493.99
3321,560.44,1341.79,1663.8,148.6,80.46,-66.17,-1100.6,-9940.26,538.76,8654.0,-2390.11,79.44,1880.82,-2310.67,-429.85
3331,542.02,1292.7,1686.4,153.01,88.77,-43.54,-1124.1,-10001.56,546.13,8640.47,-2328.6,77.28,1780.3,-2251.32,-471.02
3341,562.42,1299.88,1692.03,149.58,90.73,-54.69,-1138.14,-9959.39,542.16,8680.15,-2405.03,76.5,1864.73,-2328.52,-463.8
3351,568.37,1325.17,1671.18,160.44,85.51,-60.38,-1094.2,-10047.41,539.8,8742.28,-2376.65,78.23,1890.76,-2298.43,-407.67
3361,544.47,1314.16,1717.97,146.82,96.57,-68.04,-1132.9,-10053.2,546.66,8731.04,-2344.65,77.31,1843.55,-2267.34,-423.79
3371,502.98,1334.74,1684.03,148.69,81.55,-60.82,-1105.77,-9971.39,541.07,8772.99,-2453.25,77.3,1928.08,-2375.94,-447.87
3381,563.62,1294.21,1698.1,137.26,79.59,-52.72,-1119.86,-10021.2,522.81,8685.85,-2376.72,77.58,1787.66,-2299.14,-511.48
3391,566.04,1306.58,1682.94,150.19,82.19,-55.04,-1125.78,-10030.75,532.93,8743.49,-2387.01,78.2,1852.79,-2308.8,-456.01
3401,553.02,1319.5,1692.37,146.95,73.92,-63.86,-1114.14,-9990.76,520.93,8711.37,-2415.45,79.2,1849.29,-2336.25,-486.96
3411,580.67,1321.82,1682.58,154.33,87.97,-61.62,-1118.72,-10013.61,529.06,8691.71,-2369.03,78.44,1854.18,-2290.59,-436.41
3421,574.03,1330.23,1691.65,156.03,84.74,-61.28,-1122.84,-10000.83,538.71,8724.45,-2397.94,76.71,1914.89,-2321.23,-406.33
3431,552.16,1336.37,1712.14,151.13,75.05,-63.82,-1117.33,-9984.52,535.9,8688.74,-2362.84,77.79,1885.82,-2285.05,-399.23
3441,535.08,1286.69,1686.0,145.85,90.23,-69.47,-1106.9,-10033.4,560.88,8702.63,-2339.68,78.33,1797.59,-2261.34,-463.75
3451,526.62,1324.91,1652.7,143.52,81.93,-52.09,-1115.67,-9978.26,526.96,8662.64,-2382.04,78.57,1773.26,-2303.47,-530.21
3461,564.02,1315.91,1677.7,150.72,91.94,-50.02,-1117.28,-9971.31,529.22,8641.51,-2388.9,78.82,1832.41,-2310.08,-477.67
3471,548.88,1327.71,1680.12,152.13,96.57,-49.62,-1133.3,-9999.03,539.33,8660.85,-2336.58,77.81,1823.64,-2258.76,-435.12
3481,609.29,1335.04,1655.75,154.54,81.09,-46.47,-1109.79,-9924.37,502.03,8640.94,-2430.2,77.83,1898.04,-2352.36,-454.33
3491,542.35,1299.27,1670.42,149.81,72.65,-41.28,-1115.53,-10009.37,545.61,8696.33,-2376.13,78.13,1810.27,-2298.0,-487.73
3501,525.92,1287.43,1685.76,145.54,80.04,-54.49,-1120.46,-10003.94,538.85,8671.17,-2358.44,78.5,1755.82,-2279.94,-524.12
3511,566.08,1347.6,1694.81,151.46,92.33,-66.75,-1122.66,-10102.69,520.78,8697.19,-2298.48,78.31,1778.16,-2220.16,-442.0
3521,559.27,1309.08,1711.22,138.46,85.9,-64.63,-1136.73,-9975.11,534.0,8665.61,-2391.17,76.87,1827.08,-2314.3,-487.22
3531,574.7,1308.74,1676.76,148.81,99.24,-58.19,-1119.89,-10071.87,512.05,8673.27,-2295.91,76.46,1743.62,-2219.44,-475.83
3541,539.74,1296.64,1702.12,142.04,85.26,-54.0,-1123.25,-10160.36,549.0,8716.85,-2252.79,75.72,1694.03,-2177.07,-483.03
3551,541.92,1327.5,1691.65,142.59,88.52,-53.79,-1145.87,-10078.51,550.49,8705.2,-2314.7,74.79,1769.7,-2239.9,-470.2
3561,556.32,1338.58,1695.13,147.81,100.62,-69.48,-1134.28,-10060.98,542.8,8696.19,-2328.24,75.4,1812.72,-2252.84,-440.12
3571,536.33,1257.14,1674.62,153.9,85.78,-53.95,-1140.83,-10145.72,528.33,8734.84,-2276.74,76.13,1630.45,-2200.62,-570.17
3581,545.84,1298.93,1664.78,140.79,87.23,-65.01,-1108.41,-10106.63,535.57,8724.64,-2302.18,75.79,1717.72,-2226.39,-508.67
3591,534.2,1319.03,1681.65,147.0,96.33,-50.18,-1137.25,-10098.78,539.84,8691.25,-2297.03,75.77,1723.1,-2221.27,-498.17
3601,555.82,1320.55,1667.71,146.0,90.58,-55.44,-1123.88,-10090.7,535.74,8689.52,-2309.9,76.42,1735.89,-2233.48,-497.59
3611,565.46,1285.28,1676.96,154.77,97.28,-52.05,-1100.68,-10121.44,543.84,8696.67,-2266.61,74.81,1746.09,-2191.8,-445.71
3621,543.52,1300.25,1662.96,156.63,88.37,-65.59,-1095.06,-10069.52,540.69,8663.9,-2307.95,76.11,1726.16,-2231.85,-505.69
3631,533.27,1290.55,1654.37,145.76,81.02,-53.1,-1119.82,-10161.15,545.75,8767.93,-2289.18,77.32,1684.59,-2211.86,-527.27
3641,540.76,1297.09,1693.55,150.36,84.57,-74.05,-1118.84,-10063.26,551.15,8733.45,-2339.75,75.78,1794.8,-2263.97,-469.17
3651,559.88,1336.21,1662.76,155.03,81.48,-56.08,-1113.08,-10078.28,527.1,8687.46,-2308.59,76.76,1762.49,-2231.83,-469.34
3661,536.75,1282.8,1655.15,154.72,90.21,-61.22,-1101.72,-10069.09,524.38,8750.72,-2348.77,77.4,1762.7,-2271.38,-508.68
3671,529.51,1284.8,1651.45,142.78,90.86,-64.9,-1106.72,-10194.03,550.5,8771.72,-2271.46,75.29,1655.97,-2196.16,-540.2
3681,587.22,1282.38,1696.97,148.24,74.22,-47.64,-1104.14,-10149.33,536.42,8678.01,-2277.59,75.33,1702.36,-2202.27,-499.91
3691,581.59,1296.78,1670.95,154.83,77.57,-40.99,-1119.62,-10080.12,550.26,8686.31,-2322.25,76.56,1777.56,-2245.69,-468.13
3701,528.44,1330.26,1646.13,154.73,76.59,-53.55,-1121.05,-10130.9,534.27,8718.1,-2298.54,75.66,1683.02,-2222.88,-539.86
3711,553.36,1273.31,1689.87,148.77,94.27,-54.52,-1130.02,-10188.76,557.49,8758.72,-2268.56,75.23,1702.49,-2193.33,-490.84
3721,497.81,1295.18,1701.18,144.38,81.56,-65.66,-1131.54,-10126.51,542.72,8723.57,-2301.23,75.35,1662.7,-2225.88,-563.19
3731,559.77,1318.89,1668.16,151.13,91.85,-54.3,-1135.06,-10125.29,531.65,8759.8,-2324.17,76.0,1766.59,-2248.17,-481.58
3741,521.36,1321.77,1682.21,147.56,88.87,-56.57,-1110.37,-10123.8,540.4,8738.1,-2319.92,76.62,1749.54,-2243.3,-493.76
3751,558.52,1330.95,1661.34,150.94,89.84,-57.5,-1142.13,-10151.07,537.83,8744.36,-2264.03,75.65,1723.07,-2188.39,-465.31
3761,539.6,1288.28,1680.97,141.1,104.91,-62.11,-1141.86,-10155.22,550.19,8763.43,-2257.24,75.88,1709.29,-2181.36,-472.07
3771,544.76,1251.29,1679.92,142.86,93.13,-45.2,-1126.09,-10236.87,534.28,8793.38,-2249.56,78.13,1631.47,-2171.43,-539.97
3781,556.64,1299.86,1677.57,149.86,83.07,-51.7,-1132.45,-10100.39,541.66,8689.43,-2306.73,76.55,1713.56,-2230.18,-516.62
3791,542.56,1307.5,1658.09,145.76,90.03,-49.88,-1129.57,-10154.61,546.02,8709.37,-2274.53,76.53,1665.27,-2198.0,-532.73
3801,507.34,1354.02,1663.28,153.07,80.49,-57.04,-1145.87,-10141.58,543.11,8784.85,-2321.92,76.15,1741.66,-2245.77,-504.11
3811,568.56,1382.88,1669.67,150.56,81.27,-65.47,-1120.54,-10115.61,523.21,8693.54,-2297.9,77.81,1768.07,-2220.09,-452.01
3821,558.58,1336.96,1671.66,155.76,94.78,-65.92,-1121.1,-10139.79,526.2,8693.94,-2291.73,77.13,1711.07,-2214.59,-503.52
3831,525.95,1320.12,1702.94,138.81,89.69,-76.65,-1111.44,-10123.05,538.09,8738.47,-2327.82,77.65,1742.92,-2250.17,-507.25
3841,553.47,1315.28,1671.23,149.65,80.49,-69.79,-1108.45,-10141.3,540.81,8701.84,-2302.29,76.28,1693.22,-2226.02,-532.79
3851,578.39,1294.91,1702.06,155.48,80.04,-74.63,-1120.68,-10098.99,522.87,8703.3,-2304.82,76.72,1742.75,-2228.11,-485.35
3861,512.1,1334.47,1685.88,153.98,88.1,-70.76,-1119.07,-10125.84,529.59,8709.7,-2275.83,76.38,1698.15,-2199.45,-501.29
3871,560.01,1333.05,1705.44,149.19,85.94,-76.74,-1103.87,-10101.75,537.85,8670.0,-2278.14,77.2,1759.11,-2200.94,-441.83
3881,571.2,1264.4,1687.32,150.36,80.07,-70.78,-1115.44,-10121.61,540.3,8712.94,-2303.56,77.45,1698.73,-2226.11,-527.38
3891,550.03,1251.66,1673.39,149.77,99.07,-72.79,-1098.38,-10174.37,550.63,8724.1,-2258.13,76.98,1653.11,-2181.15,-528.04
3901,548.34,1307.86,1692.57,155.92,76.8,-70.25,-1106.0,-10083.72,541.47,8674.69,-2281.92,76.96,1737.69,-2204.96,-467.27
3911,525.28,1277.45,1691.0,147.14,85.33,-61.94,-1118.87,-10190.61,550.1,8773.64,-2272.08,78.09,1678.53,-2193.99,-515.46
3921,556.04,1318.42,1708.43,146.52,84.14,-79.34,-1112.78,-10030.91,534.91,8683.2,-2335.96,78.27,1808.62,-2257.69,-449.07
3931,523.18,1319.87,1706.93,141.85,81.4,-69.44,-1118.76,-10054.89,549.34,8712.84,-2335.72,76.71,1792.32,-2259.01,-466.69
3941,538.86,1351.68,1702.05,146.22,82.57,-82.43,-1132.47,-10125.09,534.83,8780.1,-2330.47,77.15,1796.32,-2253.33,-457.01
3951,569.76,1311.58,1710.02,151.44,97.48,-60.1,-1129.97,-10001.22,532.63,8680.16,-2369.23,78.07,1861.78,-2291.15,-429.38
3961,507.76,1334.28,1688.0,144.86,85.69,-74.66,-1120.21,-10088.65,532.01,8682.94,-2288.07,78.12,1692.02,-2209.95,-517.92
3971,568.83,1319.71,1696.9,149.85,90.28,-68.8,-1101.68,-10011.4,538.17,8636.11,-2330.96,77.91,1817.97,-2253.05,-435.08
3981,507.33,1280.38,1690.95,145.2,82.61,-66.12,-1126.71,-10047.73,544.99,8714.67,-2342.16,76.78,1725.56,-2265.38,-539.82
3991,532.65,1292.84,1669.62,143.21,84.76,-59.35,-1104.06,-10052.05,562.3,8706.54,-2340.76,77.9,1776.46,-2262.87,-486.41
4001,533.47,1324.0,1668.45,144.26,91.97,-65.11,-1082.09,-10054.97,555.29,8667.08,-2320.96,78.09,1782.34,-2242.88,-460.53

Ligand Energy Terms
Frame #,BOND,ANGLE,DIHED,UB,IMP,CMAP,VDWAALS,EEL,1-4 VDW,1-4 EEL,EGB,ESURF,GGAS,GSOLV,TOTAL
1,6.97,15.36,52.52,4.03,0.32,0.0,-3.25,28.76,15.92,-51.41,-18.51,2.7,69.23,-15.8,53.42
11,11.77,15.47,53.03,3.13,0.03,0.0,-1.45,25.91,16.3,-48.4,-18.69,2.74,75.78,-15.94,59.84
21,7.43,16.24,51.1,2.57,0.7,0.0,-4.35,27.8,15.57,-51.2,-19.06,2.74,65.87,-16.32,49.55
31,9.26,14.76,52.74,3.58,0.13,0.0,-4.01,28.18,15.41,-51.94,-18.42,2.7,68.12,-15.72,52.4
41,8.02,18.88,47.74,4.22,0.44,0.0,-3.66,29.06,17.21,-53.92,-18.83,2.72,67.99,-16.11,51.88
51,11.62,19.38,50.36,5.25,0.22,0.0,-2.9,27.44,14.43,-50.45,-18.96,2.74,75.34,-16.22,59.12
61,10.19,18.71,51.92,3.96,0.28,0.0,-4.63,28.33,14.29,-49.73,-19.04,2.71,73.32,-16.33,56.99
71,6.83,16.66,52.04,3.41,1.21,0.0,-1.57,26.86,16.48,-50.92,-18.07,2.73,71.0,-15.34,55.66
81,9.04,18.33,49.7,3.42,0.34,0.0,-4.7,28.95,15.7,-52.4,-19.4,2.71,68.37,-16.69,51.68
91,11.3,15.6,52.17,3.74,0.48,0.0,-2.74,29.85,13.52,-53.86,-19.59,2.74,70.06,-16.85,53.21
101,10.64,13.92,50.25,2.92,0.28,0.0,-4.21,27.99,15.99,-51.27,-18.71,2.71,66.5,-16.0,50.5
111,10.97,22.03,49.5,4.22,0.28,0.0,-4.27,27.7,15.97,-53.1,-18.98,2.77,73.3,-16.21,57.09
121,9.57,16.72,52.86,4.37,0.02,0.0,-4.65,29.2,16.1,-52.15,-19.58,2.73,72.05,-16.84,55.2
131,10.84,19.16,51.05,4.92,1.28,0.0,-4.6,28.41,16.34,-51.63,-18.24,2.72,75.77,-15.52,60.24
141,9.65,19.69,51.53,3.38,0.63,0.0,-3.7,29.52,14.58,-55.15,-19.14,2.74,70.15,-16.39,53.75
151,8.95,21.8,52.71,4.35,0.42,0.0,-2.07,28.49,16.35,-52.02,-19.21,2.71,78.98,-16.49,62.49
161,8.15,16.1,50.51,3.32,0.17,0.0,-3.91,28.19,16.2,-52.02,-19.33,2.75,66.71,-16.58,50.13
171,6.77,23.71,49.28,3.82,1.04,0.0,-4.91,27.35,16.83,-50.5,-19.0,2.72,73.39,-16.28,57.1
181,17.61,16.91,49.22,6.55,0.42,0.0,-4.74,27.36,11.83,-49.82,-18.84,2.73,75.33,-16.11,59.23
191,7.62,19.85,51.59,5.71,0.18,0.0,-3.25,26.97,17.35,-49.55,-18.73,2.71,76.48,-16.02,60.47
201,6.19,16.37,53.64,4.15,0.28,0.0,-6.08,27.97,18.54,-48.43,-19.4,2.72,72.62,-16.67,55.95
211,11.22,16.66,54.5,3.81,0.38,0.0,-4.84,28.7,16.88,-51.76,-19.45,2.73,75.54,-16.73,58.81
221,7.26,15.86,52.48,3.4,1.16,0.0,-4.73,27.92,17.75,-51.44,-17.95,2.68,69.67,-15.27,54.4
231,6.59,16.49,50.55,3.65,0.41,0.0,-5.05,28.38,14.86,-51.25,-19.16,2.74,64.63,-16.42,48.21
241,8.07,18.46,51.44,4.63,0.83,0.0,-5.14,28.1,18.6,-50.64,-18.6,2.71,74.35,-15.9,58.45
251,6.92,19.35,52.69,3.88,0.45,0.0,-3.72,27.85,15.64,-50.23,-19.25,2.75,72.81,-16.5,56.31
261,10.19,20.64,51.89,3.83,0.26,0.0,-5.16,28.96,14.27,-52.08,-19.18,2.72,72.8,-16.45,56.35
271,7.99,17.83,52.44,3.77,0.62,0.0,-3.51,28.3,17.72,-52.56,-18.33,2.71,72.61,-15.61,57.0
281,9.78,16.37,49.37,3.72,0.98,0.0,-3.68,29.43,13.68,-53.47,-19.3,2.73,66.18,-16.58,49.6
291,15.68,21.39,50.48,3.91,0.39,0.0,-2.36,27.6,14.74,-54.3,-17.33,2.73,77.54,-14.6,62.94
301,10.48,15.17,54.03,3.56,0.01,0.0,-4.47,27.99,13.73,-49.97,-19.58,2.71,70.54,-16.88,53.66
311,10.02,16.41,54.13,5.13,0.03,0.0,-4.46,28.53,15.3,-49.66,-20.16,2.75,75.44,-17.41,58.03
321,7.3,18.96,52.81,3.23,0.46,0.0,-2.87,29.66,16.38,-53.24,-19.35,2.71,72.69,-16.64,56.06
331,10.65,17.21,50.43,4.34,0.74,0.0,-2.06,27.33,17.35,-51.47,-18.24,2.7,74.54,-15.54,59.0
341,8.69,16.42,49.92,3.84,1.18,0.0,-4.46,27.75,14.75,-51.7,-19.71,2.77,66.38,-16.94,49.44
351,7.46,16.37,53.23,4.04,0.63,0.0,-2.84,25.78,16.52,-47.2,-18.64,2.73,74.0,-15.91,58.09
361,11.18,15.06,48.94,5.13,0.53,0.0,-2.18,28.36,15.53,-51.72,-18.14,2.73,70.83,-15.41,55.42
371,13.72,22.36,52.1,4.76,0.23,0.0,-5.27,29.21,15.68,-54.08,-18.88,2.67,78.7,-16.21,62.49
381,7.98,19.5,51.52,4.09,1.1,0.0,-4.38,27.16,14.19,-50.29,-18.61,2.77,70.86,-15.84,55.02
391,8.2,22.18,53.27,3.39,0.39,0.0,-4.53,28.56,15.55,-53.22,-18.59,2.74,73.79,-15.85,57.94
401,11.12,17.06,51.2,3.78,1.0,0.0,-4.63,27.62,17.26,-48.29,-19.06,2.72,76.1,-16.33,59.77
411,8.89,18.6,56.53,3.14,0.97,0.0,-4.87,28.6,16.02,-50.45,-18.38,2.7,77.43,-15.68,61.75
421,11.94,18.48,49.74,4.39,0.0,0.0,-4.54,26.15,15.03,-48.01,-18.41,2.75,73.18,-15.66,57.52
431,9.93,23.96,52.04,3.27,0.38,0.0,-3.64,26.86,14.17,-51.11,-19.05,2.74,75.85,-16.31,59.54
441,8.48,21.91,50.95,4.67,1.3,0.0,-3.28,27.93,15.06,-52.12,-19.13,2.75,74.89,-16.38,58.51
451,9.5,23.32,50.06,4.85,1.94,0.0,-4.99,26.89,18.86,-50.13,-18.59,2.74,80.31,-15.85,64.46
461,13.95,20.82,50.93,3.69,0.05,0.0,-2.46,28.44,14.2,-54.15,-18.75,2.78,75.47,-15.97,59.5
471,9.89,19.27,51.28,3.73,0.53,0.0,-5.3,28.29,14.64,-51.49,-19.54,2.71,70.83,-16.82,54.01
481,8.59,22.73,49.47,2.94,1.11,0.0,-0.76,27.56,15.28,-51.5,-18.02,2.71,75.42,-15.31,60.11
491,12.84,18.41,47.85,5.03,1.55,0.0,-2.58,28.06,14.92,-51.52,-17.88,2.7,74.56,-15.18,59.39
501,9.24,17.63,51.66,3.21,0.28,0.0,-4.41,26.56,15.96,-47.91,-19.19,2.75,72.24,-16.44,55.79
511,7.19,17.74,48.2,3.32,0.61,0.0,-5.4,26.57,16.58,-49.01,-18.84,2.73,65.79,-16.11,49.69
521,9.84,20.63,53.27,4.56,0.33,0.0,-4.37,28.35,13.83,-47.99,-19.69,2.74,78.46,-16.95,61.51
531,11.51,23.15,59.01,4.54,0.17,0.0,-5.43,27.62,15.43,-52.41,-19.05,2.73,83.58,-16.32,67.26
541,6.57,17.5,54.31,4.08,0.01,0.0,-4.7,27.35,17.03,-50.14,-18.89,2.71,72.03,-16.18,55.85
551,5.83,16.56,54.33,4.96,0.47,0.0,-5.29,28.61,15.14,-50.73,-19.72,2.74,69.87,-16.98,52.89
561,9.83,17.01,51.97,5.94,0.43,0.0,-4.48,28.63,13.67,-51.3,-19.47,2.74,71.7,-16.73,54.97
571,10.04,22.44,55.97,6.53,0.35,0.0,-5.05,26.96,18.21,-50.06,-18.91,2.73,85.4,-16.18,69.22
581,8.33,16.89,51.95,3.66,1.37,0.0,-4.7,26.93,15.57,-48.43,-19.43,2.75,71.56,-16.68,54.88
591,8.12,22.96,51.8,5.94,0.04,0.0,-5.35,27.17,18.49,-49.03,-19.57,2.73,80.14,-16.84,63.3
601,9.28,21.52,52.1,4.29,0.65,0.0,-5.92,29.08,15.96,-50.35,-19.04,2.7,76.62,-16.34,60.27
611,8.25,21.48,51.89,4.44,1.77,0.0,-5.83,27.91,14.79,-51.9,-19.19,2.72,72.8,-16.47,56.33
621,13.07,16.58,53.2,3.6,0.26,0.0,-5.65,28.56,16.61,-53.54,-19.09,2.7,72.68,-16.39,56.29
631,9.13,16.63,53.63,4.4,0.16,0.0,-3.69,28.62,14.55,-51.64,-18.7,2.7,71.78,-16.0,55.79
641,10.92,17.6,53.38,5.11,0.06,0.0,-3.44,26.09,15.11,-46.68,-18.94,2.74,78.15,-16.2,61.95
651,7.02,22.84,57.97,5.67,0.12,0.0,-5.18,29.5,15.07,-52.39,-19.75,2.73,80.62,-17.02,63.6
661,8.36,17.01,50.51,4.52,0.28,0.0,-4.54,28.9,14.49,-50.91,-18.95,2.7,68.62,-16.25,52.38
671,13.05,20.24,50.9,3.04,0.81,0.0,-4.67,29.82,14.99,-53.12,-19.54,2.69,75.07,-16.85,58.22
681,8.9,15.12,52.13,3.46,0.58,0.0,-5.34,28.42,14.35,-50.64,-19.48,2.72,66.99,-16.76,50.23
691,10.19,14.31,52.14,2.64,0.49,0.0,-4.94,27.84,14.38,-51.32,-19.23,2.72,65.72,-16.51,49.21
701,7.26,16.55,51.76,4.29,0.14,0.0,-3.69,28.57,19.51,-52.14,-18.86,2.7,72.25,-16.16,56.09
711,11.76,13.98,50.75,4.34,0.25,0.0,-3.9,29.59,14.13,-53.21,-18.86,2.72,67.67,-16.14,51.54
721,12.24,18.21,54.12,3.93,0.65,0.0,-3.28,26.23,13.73,-47.44,-18.7,2.75,78.37,-15.95,62.43
731,8.62,20.15,50.26,5.29,0.75,0.0,-4.49,28.52,16.29,-51.15,-19.73,2.76,74.24,-16.98,57.26
741,9.62,17.19,53.73,3.69,0.56,0.0,-5.45,28.21,15.56,-52.68,-19.55,2.74,70.42,-16.8,53.62
751,9.83,19.02,52.78,3.45,0.23,0.0,-4.44,29.44,15.41,-53.61,-19.12,2.7,72.12,-16.43,55.69
761,7.07,14.22,51.09,3.48,1.5,0.0,-4.16,29.28,14.88,-53.73,-18.65,2.72,63.63,-15.92,47.71
771,8.16,19.61,49.02,4.23,1.09,0.0,-3.59,29.38,16.16,-52.14,-19.49,2.73,71.93,-16.76,55.17
781,10.78,15.15,53.54,3.91,0.04,0.0,-5.02,28.26,15.55,-51.11,-19.36,2.72,71.11,-16.64,54.47
791,7.18,18.87,54.25,4.17,0.14,0.0,-4.34,27.29,17.29,-49.11,-18.6,2.67,75.73,-15.92,59.8
801,8.56,19.94,50.7,4.62,1.62,0.0,-4.85,26.92,19.33,-50.43,-18.61,2.7,76.4,-15.91,60.49
811,9.7,14.03,52.0,4.12,1.19,0.0,-5.78,27.58,14.94,-49.93,-18.12,2.69,67.85,-15.43,52.42
821,9.66,22.04,50.69,4.99,1.82,0.0,-4.75,27.48,18.97,-49.5,-18.57,2.7,81.39,-15.87,65.52
831,10.54,17.29,52.98,5.0,1.46,0.0,-6.03,29.25,15.39,-52.76,-18.75,2.69,73.12,-16.06,57.06
841,5.07,17.4,54.1,4.98,0.03,0.0,-4.48,28.77,15.52,-51.7,-18.63,2.71,69.69,-15.92,53.77
851,11.37,15.5,53.19,3.53,1.25,0.0,-4.94,29.48,14.87,-52.91,-19.13,2.71,71.34,-16.42,54.92
861,4.94,17.55,52.37,3.95,0.55,0.0,-3.64,28.67,18.04,-52.24,-18.5,2.69,70.19,-15.8,54.38
871,9.49,19.16,53.11,4.17,1.6,0.0,-2.77,26.67,18.98,-50.38,-18.15,2.69,80.02,-15.46,64.57
881,9.07,12.62,55.92,3.8,0.38,0.0,-4.03,27.38,14.23,-48.6,-19.62,2.73,70.78,-16.89,53.89
891,8.29,17.34,50.66,3.69,0.96,0.0,-5.06,28.87,16.03,-49.87,-19.23,2.73,70.92,-16.51,54.41
901,5.78,17.97,54.65,3.05,0.06,0.0,-2.33,29.89,16.45,-54.78,-18.3,2.72,70.73,-15.59,55.14
911,7.89,16.74,53.54,3.25,0.83,0.0,-4.59,28.51,18.47,-50.9,-18.66,2.68,73.73,-15.97,57.76
921,6.68,15.36,51.81,4.27,0.11,0.0,-4.42,29.13,17.96,-53.11,-18.58,2.7,67.8,-15.88,51.92
931,9.89,16.59,56.33,3.38,0.59,0.0,-3.25,28.59,16.72,-51.45,-18.61,2.72,77.4,-15.9,61.5
941,10.04,19.58,54.89,4.11,0.05,0.0,-4.94,27.18,17.61,-49.51,-19.51,2.74,79.01,-16.77,62.23
951,10.31,17.67,53.63,3.36,0.67,0.0,-2.62,29.65,16.33,-52.59,-19.56,2.75,76.42,-16.82,59.6
961,10.12,16.19,50.18,3.43,0.84,0.0,-3.98,27.75,16.01,-52.37,-18.53,2.7,68.19,-15.82,52.36
971,9.29,19.6,51.22,3.87,0.5,0.0,-3.68,25.86,16.23,-48.81,-18.25,2.71,74.07,-15.54,58.53
981,7.02,18.38,51.7,3.08,2.75,0.0,-3.9,27.68,15.71,-51.76,-18.25,2.7,70.66,-15.55,55.11
991,5.76,20.6,51.95,2.93,0.32,0.0,-4.14,29.1,17.77,-53.46,-18.05,2.72,70.83,-15.33,55.5
1001,6.86,17.72,50.15,3.07,0.59,0.0,-5.16,27.57,15.45,-50.72,-18.52,2.7,65.53,-15.82,49.72
1011,10.08,14.22,51.6,2.82,0.61,0.0,-4.01,27.72,15.89,-50.01,-18.73,2.73,68.92,-16.0,52.91
1021,9.43,18.85,54.17,3.48,0.17,0.0,-5.64,28.2,14.9,-49.68,-20.17,2.77,73.89,-17.4,56.49
1031,11.27,14.07,51.81,4.37,0.6,0.0,-6.07,28.51,15.52,-51.39,-18.95,2.7,68.69,-16.25,52.44
1041,11.98,21.53,53.64,2.45,1.39,0.0,-3.8,28.24,15.97,-51.34,-18.34,2.7,80.06,-15.64,64.42
1051,8.93,20.96,49.79,6.07,1.64,0.0,-2.66,29.31,16.26,-52.2,-19.32,2.71,78.1,-16.61,61.5
1061,8.64,21.25,51.97,5.92,0.14,0.0,-3.56,27.43,14.68,-48.23,-18.55,2.69,78.24,-15.86,62.37
1071,7.04,17.94,53.69,3.76,0.28,0.0,-3.29,26.82,17.19,-51.56,-17.52,2.7,71.89,-14.81,57.07
1081,9.69,22.01,50.44,5.49,0.8,0.0,-3.86,28.13,15.88,-51.72,-18.75,2.72,76.85,-16.02,60.83
1091,10.47,15.86,52.4,3.86,0.12,0.0,-3.93,26.93,16.71,-48.96,-19.05,2.74,73.46,-16.32,57.14
1101,12.03,17.41,49.71,4.47,0.56,0.0,-4.42,26.85,15.28,-47.49,-19.46,2.75,74.4,-16.71,57.69
1111,7.67,20.65,49.48,6.08,0.14,0.0,-4.19,26.67,18.5,-49.11,-19.69,2.75,75.9,-16.93,58.97
1121,10.3,23.52,50.58,5.22,0.59,0.0,-3.36,29.57,16.25,-53.05,-18.49,2.69,79.6,-15.79,63.81
1131,11.46,17.39,49.83,3.92,0.11,0.0,-2.36,27.0,17.41,-50.12,-18.85,2.74,74.66,-16.11,58.54
1141,13.0,15.7,49.85,4.68,0.72,0.0,-2.69,28.3,15.85,-54.17,-17.69,2.72,71.25,-14.97,56.27
1151,3.51,17.37,50.19,3.48,0.29,0.0,-4.08,27.08,19.02,-49.39,-19.5,2.78,67.47,-16.72,50.75
1161,7.69,20.89,53.86,5.85,0.28,0.0,-3.17,28.1,17.41,-50.81,-18.85,2.74,80.11,-16.11,64.0
1171,7.0,17.76,54.18,3.92,0.87,0.0,-3.53,27.95,15.97,-50.37,-18.93,2.73,73.74,-16.2,57.54
1181,10.36,18.08,49.09,4.58,1.38,0.0,-5.04,28.02,14.38,-51.26,-18.76,2.73,69.57,-16.03,53.54
1191,11.36,17.56,50.7,4.34,0.37,0.0,-3.89,27.75,16.9,-48.91,-18.98,2.7,76.17,-16.28,59.89
1201,13.57,18.67,54.26,3.59,0.25,0.0,-5.11,28.4,16.07,-49.77,-19.2,2.71,79.94,-16.48,63.45
1211,12.98,20.28,49.09,4.63,0.54,0.0,-3.24,27.22,16.76,-49.27,-19.29,2.75,79.01,-16.54,62.47
1221,10.92,22.67,47.9,4.21,0.23,0.0,-3.46,28.29,14.89,-53.14,-18.63,2.72,72.51,-15.91,56.6
1231,6.99,17.76,52.16,2.97,0.47,0.0,-4.58,29.82,15.74,-51.86,-19.18,2.7,69.45,-16.48,52.97
1241,8.75,20.77,49.22,5.17,1.6,0.0,-3.26,27.42,17.91,-50.25,-18.92,2.74,77.33,-16.18,61.15
1251,12.07,13.94,50.76,3.65,0.57,0.0,-4.11,28.25,14.86,-52.1,-18.28,2.71,67.88,-15.57,52.31
1261,9.74,20.14,48.09,4.54,0.74,0.0,-4.15,26.78,15.18,-49.27,-18.56,2.76,71.81,-15.8,56.0
1271,7.12,16.76,51.21,3.69,0.25,0.0,-2.93,26.05,17.26,-49.43,-18.41,2.73,70.0,-15.67,54.33
1281,8.49,12.53,53.8,2.95,0.14,0.0,-3.86,25.91,17.62,-46.46,-19.78,2.75,71.13,-17.03,54.1
1291,9.67,15.26,50.7,3.52,0.13,0.0,-3.08,28.98,13.85,-53.18,-18.29,2.72,65.85,-15.57,50.28
1301,7.18,22.35,49.09,4.99,0.79,0.0,-2.48,26.44,16.89,-49.14,-18.81,2.75,76.12,-16.06,60.06
1311,5.7,17.46,52.43,3.4,1.04,0.0,-5.24,28.18,19.88,-50.03,-18.41,2.7,72.82,-15.71,57.11
1321,7.22,17.52,49.88,3.82,1.68,0.0,-4.22,27.89,14.75,-50.44,-18.49,2.74,68.12,-15.75,52.37
1331,9.66,15.68,48.93,3.12,0.41,0.0,-3.58,28.47,14.75,-49.43,-19.16,2.73,68.02,-16.43,51.59
1341,14.24,19.17,49.13,4.49,0.81,0.0,-3.33,26.41,16.12,-49.54,-18.57,2.75,77.51,-15.82,61.69
1351,8.36,17.77,51.55,3.87,0.34,0.0,-4.16,25.4,17.94,-48.06,-18.86,2.74,73.0,-16.12,56.88
1361,11.6,18.89,50.37,4.31,0.49,0.0,-3.79,27.77,15.48,-50.83,-19.26,2.75,74.28,-16.51,57.78
1371,12.79,17.26,49.72,4.03,0.42,0.0,-2.72,27.01,14.8,-51.13,-18.08,2.72,72.17,-15.36,56.82
1381,7.06,19.12,50.6,3.47,0.21,0.0,-2.01,27.57,16.46,-50.8,-19.16,2.73,71.68,-16.42,55.25
1391,9.61,19.4,52.43,4.0,0.27,0.0,-3.83,26.82,15.86,-49.64,-18.39,2.75,74.91,-15.64,59.28
1401,9.28,18.05,51.44,3.78,0.23,0.0,-5.1,27.2,14.01,-48.25,-19.82,2.74,70.64,-17.07,53.56
1411,9.89,14.59,47.55,4.19,0.28,0.0,-2.4,26.58,16.83,-49.65,-18.19,2.74,67.86,-15.45,52.41
1421,8.29,18.56,51.43,4.62,1.3,0.0,-4.61,27.44,19.02,-50.69,-18.4,2.75,75.36,-15.65,59.71
1431,5.3,15.91,51.11,3.18,0.11,0.0,-2.54,28.87,17.36,-53.52,-18.5,2.7,65.77,-15.8,49.97
1441,6.25,17.83,50.41,4.4,0.21,0.0,-5.42,26.81,18.86,-49.43,-18.72,2.73,69.93,-15.99,53.94
1451,8.09,16.98,53.24,3.97,2.01,0.0,-3.74,27.24,17.17,-50.26,-18.98,2.77,74.7,-16.21,58.5
1461,10.36,16.62,49.21,6.0,0.86,0.0,-4.69,27.01,15.89,-49.54,-19.09,2.76,71.73,-16.33,55.4
1471,8.24,19.84,48.51,4.4,0.2,0.0,-4.92,27.27,16.29,-49.0,-19.14,2.76,70.83,-16.38,54.45
1481,9.51,18.7,53.33,2.82,0.89,0.0,-4.27,28.3,15.61,-51.79,-18.55,2.73,73.1,-15.82,57.28
1491,8.81,19.07,48.93,3.81,1.49,0.0,-4.05,28.4,17.41,-51.38,-18.55,2.7,72.49,-15.85,56.64
1501,10.51,13.76,51.13,2.89,0.54,0.0,-3.14,26.37,16.34,-50.05,-17.9,2.72,68.35,-15.17,53.18
1511,8.92,23.09,50.64,5.03,0.33,0.0,-3.62,28.16,17.26,-51.05,-18.31,2.73,78.76,-15.58,63.18
1521,10.25,16.51,48.94,3.63,0.43,0.0,-2.99,27.51,16.08,-49.92,-19.25,2.73,70.44,-16.52,53.93
1531,10.33,15.48,55.17,3.54,1.16,0.0,-3.42,27.5,15.77,-48.97,-19.18,2.72,76.57,-16.45,60.11
1541,7.19,19.68,52.36,5.03,0.15,0.0,-4.21,26.98,15.75,-50.02,-19.25,2.73,72.91,-16.52,56.39
1551,10.32,16.54,48.16,3.08,0.47,0.0,-3.89,27.19,16.67,-50.33,-18.89,2.71,68.21,-16.18,52.03
1561,10.0,13.28,48.24,2.71,1.05,0.0,-3.37,26.55,15.88,-50.15,-18.47,2.73,64.19,-15.74,48.45
1571,7.62,18.71,48.44,3.27,1.19,0.0,-3.34,27.79,16.91,-51.74,-18.57,2.73,68.84,-15.84,53.0
1581,5.32,17.76,50.53,3.74,0.21,0.0,-4.31,27.34,18.2,-49.18,-19.19,2.74,69.61,-16.45,53.16
1591,13.61,18.8,50.06,3.64,0.51,0.0,-3.61,27.5,12.53,-49.2,-18.71,2.73,73.84,-15.98,57.86
1601,7.69,15.26,50.82,5.77,0.23,0.0,-3.46,29.12,17.24,-51.04,-18.28,2.71,71.63,-15.58,56.05
1611,9.21,17.72,52.57,4.21,0.4,0.0,-4.07,28.16,19.61,-50.72,-19.06,2.71,77.09,-16.34,60.74
1621,7.27,17.87,50.27,3.79,1.14,0.0,-3.86,27.93,16.96,-51.32,-18.58,2.73,70.03,-15.86,54.18
1631,10.64,16.66,49.7,3.51,0.58,0.0,-1.36,27.99,16.09,-51.4,-18.41,2.74,72.41,-15.67,56.74
1641,7.8,18.05,50.54,3.88,0.57,0.0,-3.37,26.64,17.04,-50.26,-18.07,2.76,70.89,-15.31,55.57
1651,16.95,18.0,48.15,4.78,0.6,0.0,-3.9,26.66,13.77,-48.97,-18.75,2.74,76.03,-16.01,60.02
1661,15.64,19.61,52.19,4.11,0.08,0.0,-3.79,26.39,14.14,-47.79,-18.23,2.75,80.59,-15.48,65.11
1671,9.03,15.0,49.7,3.36,0.14,0.0,-3.59,26.93,18.34,-49.67,-17.51,2.73,69.23,-14.77,54.46
1681,7.98,19.75,51.07,5.27,0.94,0.0,-3.41,27.29,14.72,-49.37,-18.85,2.74,74.23,-16.11,58.12
1691,7.58,20.99,51.31,4.46,0.35,0.0,-4.97,26.44,17.68,-49.71,-18.51,2.75,74.12,-15.76,58.36
1701,7.52,20.87,53.26,4.07,0.38,0.0,-4.11,27.32,17.62,-46.5,-19.26,2.72,80.43,-16.53,63.89
1711,10.39,18.28,51.12,4.26,0.02,0.0,-2.93,26.6,16.47,-48.15,-19.5,2.76,76.08,-16.74,59.34
1721,6.76,16.82,49.71,3.69,0.93,0.0,-4.89,24.6,19.32,-45.07,-18.94,2.75,71.87,-16.19,55.68
1731,6.22,15.33,49.17,3.55,0.62,0.0,-5.03,25.28,17.33,-46.21,-19.04,2.76,66.27,-16.29,49.98
1741,13.44,20.49,48.62,4.37,0.64,0.0,-3.81,26.93,16.66,-50.35,-18.3,2.76,77.0,-15.54,61.45
1751,9.95,14.48,50.16,3.01,0.15,0.0,-2.47,27.75,13.84,-51.22,-18.51,2.72,65.65,-15.79,49.86
1761,9.99,20.48,53.24,5.71,0.93,0.0,-4.27,26.59,13.98,-47.37,-18.7,2.76,79.29,-15.94,63.34
1771,7.05,20.53,51.0,4.72,0.27,0.0,-5.49,27.2,17.99,-48.93,-19.24,2.74,74.33,-16.5,57.84
1781,12.85,20.64,48.91,4.79,0.61,0.0,-4.96,26.62,15.94,-48.7,-19.14,2.73,76.71,-16.41,60.3
1791,10.85,17.97,50.31,2.6,0.83,0.0,-3.8,26.48,16.29,-47.67,-19.38,2.74,73.86,-16.64,57.22
1801,11.21,23.05,49.13,5.03,0.41,0.0,-4.25,27.97,15.7,-52.4,-18.87,2.75,75.84,-16.12,59.72
1811,13.1,19.17,48.87,4.65,0.62,0.0,-4.1,26.66,14.88,-48.62,-18.96,2.76,75.22,-16.2,59.02
1821,10.73,19.68,50.0,4.07,0.5,0.0,-3.88,27.05,15.87,-49.42,-19.26,2.75,74.59,-16.51,58.08
1831,7.71,18.2,49.89,3.99,0.31,0.0,-4.64,26.93,20.16,-50.69,-18.58,2.74,71.86,-15.85,56.02
1841,8.23,18.35,49.21,4.07,0.81,0.0,-3.8,27.87,17.71,-50.5,-18.16,2.72,71.94,-15.45,56.49
1851,6.02,17.86,49.0,4.48,0.21,0.0,-4.14,27.44,17.32,-50.54,-18.82,2.74,67.66,-16.08,51.58
1861,7.8,14.57,50.58,3.55,2.41,0.0,-1.99,26.53,15.68,-48.95,-17.31,2.72,70.17,-14.6,55.57
1871,12.78,25.35,52.75,5.24,0.47,0.0,-5.93,28.52,14.98,-50.87,-19.75,2.74,83.3,-17.01,66.3
1881,16.17,23.17,52.76,5.31,0.0,0.0,-4.78,27.26,15.52,-49.64,-18.46,2.73,85.77,-15.73,70.04
1891,10.99,16.98,50.42,3.98,0.9,0.0,-4.03,29.06,17.26,-52.03,-19.3,2.71,73.53,-16.58,56.94
1901,7.28,17.65,50.86,3.22,1.17,0.0,-2.25,27.93,18.19,-52.64,-18.75,2.73,71.4,-16.01,55.39
1911,9.42,17.22,49.9,4.88,0.07,0.0,-2.68,28.66,16.43,-53.57,-17.82,2.7,70.33,-15.11,55.22
1921,10.17,16.34,48.88,2.57,0.95,0.0,-4.31,28.2,15.82,-51.16,-18.49,2.73,67.47,-15.76,51.71
1931,7.67,21.47,52.95,5.59,0.31,0.0,-4.37,29.4,15.68,-54.5,-19.31,2.75,74.19,-16.56,57.63
1941,10.53,18.92,48.77,4.47,0.08,0.0,-4.23,27.83,17.49,-50.12,-19.11,2.72,73.75,-16.39,57.36
1951,12.45,14.94,50.32,4.21,1.44,0.0,-2.97,28.39,15.64,-52.71,-18.86,2.74,71.7,-16.12,55.58
1961,10.34,15.68,51.24,5.36,0.05,0.0,-4.0,27.22,15.37,-48.89,-18.65,2.74,72.37,-15.9,56.47
1971,9.68,17.25,51.75,3.64,0.1,0.0,-4.8,27.25,17.0,-50.48,-18.96,2.74,71.39,-16.23,55.17
1981,9.02,18.43,52.71,4.42,0.34,0.0,-4.68,26.16,15.01,-48.34,-19.11,2.77,73.07,-16.35,56.72
1991,4.56,16.79,50.97,3.61,0.11,0.0,-2.01,28.84,17.35,-53.15,-18.44,2.73,67.07,-15.71,51.36
2001,5.72,17.75,52.05,4.12,0.76,0.0,-4.84,28.45,17.32,-50.93,-18.18,2.69,70.41,-15.5,54.91
2011,7.48,13.76,48.76,2.89,0.33,0.0,-2.97,26.56,17.34,-48.14,-18.52,2.73,66.01,-15.78,50.23
2021,7.15,19.26,51.72,3.65,0.34,0.0,-4.36,26.2,16.98,-48.27,-18.89,2.75,72.67,-16.14,56.53
2031,7.41,17.56,51.37,4.02,0.86,0.0,-2.73,28.5,17.41,-51.45,-18.99,2.73,72.94,-16.25,56.69
2041,10.6,16.88,50.04,4.35,1.63,0.0,-4.83,27.17,18.48,-51.26,-18.72,2.72,73.06,-16.0,57.06
2051,9.73,15.92,51.5,3.9,0.31,0.0,-4.15,26.82,13.69,-48.97,-19.61,2.74,68.75,-16.86,51.88
2061,10.16,17.2,51.24,4.26,0.14,0.0,-4.33,27.84,16.25,-48.13,-19.23,2.73,74.64,-16.5,58.13
2071,6.99,14.67,49.68,3.76,1.02,0.0,-3.89,27.15,15.4,-50.09,-18.79,2.73,64.69,-16.06,48.63
2081,6.83,18.38,51.71,3.29,2.19,0.0,-4.74,26.75,16.56,-47.65,-18.96,2.74,73.34,-16.22,57.12
2091,6.81,20.06,50.7,3.73,0.43,0.0,-4.66,27.54,16.08,-50.34,-19.06,2.7,70.35,-16.36,53.99
2101,7.11,24.29,50.9,6.71,2.56,0.0,-4.9,26.18,18.98,-47.23,-18.73,2.74,84.6,-15.98,68.61
2111,8.06,19.8,51.28,4.88,0.17,0.0,-1.0,28.18,16.7,-51.89,-18.41,2.71,76.18,-15.7,60.49
2121,13.94,21.1,49.65,5.07,0.57,0.0,-2.59,28.62,17.21,-52.74,-18.17,2.72,80.83,-15.45,65.37
2131,9.15,16.05,51.97,4.33,0.74,0.0,-5.38,27.24,15.83,-49.5,-19.04,2.7,70.43,-16.34,54.09
2141,6.7,15.72,54.05,4.3,0.87,0.0,-4.64,27.14,17.16,-49.34,-19.02,2.71,71.96,-16.31,55.65
2151,7.41,19.49,50.95,4.02,0.65,0.0,-3.54,28.01,13.95,-51.47,-18.76,2.71,69.47,-16.05,53.42
2161,8.48,23.61,50.07,4.75,1.24,0.0,-5.05,28.16,15.91,-50.71,-18.92,2.7,76.45,-16.21,60.24
2171,10.35,19.71,51.58,3.9,0.67,0.0,-4.21,28.99,15.97,-52.64,-18.58,2.7,74.32,-15.87,58.45
2181,6.66,15.56,49.39,3.41,0.47,0.0,-2.03,26.57,17.25,-51.32,-17.62,2.72,65.95,-14.9,51.05
2191,8.33,17.13,51.23,4.2,2.96,0.0,-4.52,25.6,17.08,-47.0,-18.98,2.74,75.0,-16.24,58.76
2201,13.69,19.69,49.45,3.27,0.81,0.0,-3.33,27.5,15.86,-50.48,-19.13,2.75,76.47,-16.38,60.1
2211,6.91,14.95,48.75,3.21,0.78,0.0,-3.81,25.84,16.76,-47.72,-18.64,2.73,65.66,-15.91,49.75
2221,12.06,16.73,49.26,4.14,0.89,0.0,2.55,28.73,16.94,-54.42,-18.07,2.73,76.88,-15.34,61.54
2231,6.15,20.08,51.6,4.56,0.01,0.0,-4.24,26.93,19.77,-51.63,-18.45,2.74,73.22,-15.71,57.5
2241,10.14,12.65,48.21,5.28,0.55,0.0,-3.93,25.39,16.18,-47.33,-18.4,2.74,67.16,-15.66,51.49
2251,9.02,17.66,49.72,3.72,0.03,0.0,1.39,29.09,16.83,-55.17,-17.46,2.7,72.3,-14.76,57.54
2261,7.51,16.0,50.52,4.21,0.08,0.0,-4.04,27.53,18.91,-50.49,-18.69,2.73,70.24,-15.96,54.28
2271,11.61,15.41,49.33,3.59,0.56,0.0,-2.72,27.86,15.85,-52.84,-18.2,2.74,68.65,-15.47,53.18
2281,6.63,16.93,50.95,4.21,0.07,0.0,-3.95,27.34,19.3,-49.94,-18.55,2.74,71.54,-15.81,55.73
2291,10.22,15.4,49.57,2.71,0.47,0.0,-2.26,27.33,16.99,-51.29,-18.31,2.74,69.13,-15.57,53.57
2301,12.73,18.56,51.1,4.01,0.55,0.0,-1.69,26.82,15.64,-50.76,-17.7,2.73,76.98,-14.97,62.0
2311,12.51,18.31,51.8,3.36,1.18,0.0,-3.57,26.68,15.46,-50.61,-18.4,2.71,75.11,-15.69,59.42
2321,10.89,21.05,50.21,4.62,0.01,0.0,-3.64,25.84,17.3,-49.86,-18.06,2.73,76.43,-15.33,61.1
2331,8.37,20.98,49.31,4.03,0.3,0.0,-3.13,27.83,15.9,-52.49,-18.46,2.71,71.09,-15.75,55.34
2341,9.43,16.36,49.56,4.26,1.09,0.0,-3.88,26.27,17.17,-48.57,-18.23,2.75,71.7,-15.48,56.22
2351,8.62,16.62,50.84,5.14,0.3,0.0,-4.0,29.02,16.23,-51.63,-18.84,2.73,71.15,-16.11,55.04
2361,9.38,13.5,50.64,3.54,0.74,0.0,-5.09,27.33,15.49,-48.02,-19.68,2.72,67.51,-16.96,50.56
2371,8.2,14.18,48.98,3.24,1.86,0.0,-2.55,24.7,16.74,-46.36,-19.06,2.76,69.0,-16.3,52.7
2381,7.05,23.82,50.5,4.64,2.38,0.0,-2.6,26.81,19.05,-47.92,-18.27,2.71,83.75,-15.56,68.19
2391,9.22,18.21,54.56,3.33,0.24,0.0,-1.63,27.1,16.39,-51.85,-17.67,2.7,75.55,-14.97,60.59
2401,9.92,19.74,46.23,4.68,0.25,0.0,-2.92,26.7,17.15,-49.7,-17.55,2.72,72.04,-14.82,57.22
2411,8.39,26.51,52.85,5.38,1.17,0.0,-5.19,28.25,17.55,-51.14,-18.96,2.74,83.77,-16.22,67.55
2421,9.24,15.79,51.17,4.02,1.7,0.0,-4.5,24.97,19.85,-47.93,-18.01,2.75,74.29,-15.27,59.02
2431,10.92,18.72,50.83,4.29,0.33,0.0,-4.06,27.33,12.55,-49.52,-19.57,2.76,71.39,-16.81,54.58
2441,6.42,20.14,50.61,6.22,0.68,0.0,-3.08,27.87,17.99,-50.03,-18.99,2.72,76.82,-16.26,60.56
2451,9.37,19.2,53.65,5.35,0.02,0.0,-2.56,28.04,16.3,-51.79,-19.83,2.75,77.58,-17.08,60.5
2461,5.49,15.74,51.12,3.81,1.85,0.0,-4.48,28.53,17.25,-51.11,-19.37,2.71,68.21,-16.65,51.55
2471,11.94,23.56,51.5,5.64,0.69,0.0,-4.61,26.39,14.81,-48.14,-19.57,2.78,81.79,-16.79,65.0
2481,11.46,19.28,49.44,4.14,0.19,0.0,-2.34,27.79,14.95,-50.94,-18.77,2.75,73.98,-16.02,57.97
2491,6.16,16.31,49.89,3.55,0.11,0.0,-3.78,25.79,16.87,-47.26,-18.14,2.71,67.66,-15.43,52.22
2501,8.65,20.25,49.66,4.58,0.16,0.0,-4.09,25.88,14.3,-47.58,-19.11,2.73,71.82,-16.38,55.44
2511,6.42,20.49,50.45,4.4,1.12,0.0,-4.51,27.0,16.22,-50.41,-18.49,2.74,71.19,-15.74,55.45
2521,9.61,14.13,50.58,3.18,0.37,0.0,-4.58,25.67,18.14,-46.32,-19.04,2.77,70.78,-16.27,54.51
2531,8.33,19.63,48.72,3.75,0.88,0.0,-3.82,26.72,16.46,-49.46,-19.21,2.73,71.2,-16.49,54.71
2541,6.3,17.59,55.19,4.53,0.29,0.0,-6.55,28.21,17.16,-48.96,-19.6,2.72,73.76,-16.88,56.89
2551,15.12,18.3,49.34,2.89,0.36,0.0,-4.92,26.41,14.89,-49.64,-19.24,2.74,72.74,-16.51,56.23
2561,7.27,23.3,50.55,5.47,0.77,0.0,-2.75,28.07,16.22,-50.68,-18.8,2.73,78.22,-16.08,62.14
2571,10.33,18.7,49.31,4.5,2.31,0.0,-4.19,28.02,15.55,-51.67,-18.51,2.71,72.87,-15.79,57.07
2581,8.78,14.91,54.02,2.88,0.97,0.0,-3.05,27.02,17.22,-49.36,-19.0,2.72,73.4,-16.27,57.13
2591,7.81,18.88,54.49,5.18,0.18,0.0,-5.47,28.76,17.39,-53.04,-18.34,2.69,74.18,-15.65,58.54
2601,7.37,14.27,51.08,3.77,0.5,0.0,-3.49,27.8,14.43,-50.23,-18.7,2.7,65.48,-16.0,49.48
2611,11.91,18.66,53.54,4.91,0.07,0.0,-5.61,27.83,13.1,-49.31,-19.96,2.73,75.1,-17.22,57.88
2621,9.52,18.03,52.26,3.49,0.2,0.0,-1.71,29.4,15.74,-54.19,-18.01,2.72,72.73,-15.29,57.44
2631,9.83,11.84,52.76,3.34,2.09,0.0,-3.41,28.53,17.0,-52.63,-18.04,2.71,69.34,-15.34,54.01
2641,7.63,19.82,52.44,3.7,1.01,0.0,-1.35,27.5,15.74,-51.96,-18.5,2.73,74.53,-15.78,58.76
2651,9.75,19.35,52.69,4.63,0.03,0.0,-4.07,29.28,16.51,-51.69,-18.47,2.67,76.47,-15.8,60.67
2661,7.96,19.45,52.25,3.09,1.62,0.0,-4.97,27.08,18.21,-49.6,-18.49,2.7,75.09,-15.79,59.31
2671,8.74,19.5,53.8,5.9,0.1,0.0,-5.4,29.24,14.9,-49.46,-19.91,2.74,77.33,-17.18,60.15
2681,13.02,19.37,50.98,5.36,0.4,0.0,-2.42,29.19,14.33,-54.11,-18.35,2.68,76.12,-15.67,60.45
2691,7.22,18.37,50.44,4.69,0.26,0.0,-4.47,28.32,17.0,-51.34,-18.79,2.7,70.5,-16.09,54.41
2701,10.04,18.3,50.97,3.41,0.32,0.0,-4.39,27.19,16.55,-48.74,-18.81,2.74,73.65,-16.07,57.58
2711,9.76,24.68,51.21,4.17,0.8,0.0,-3.13,30.29,18.67,-56.5,-17.85,2.67,79.94,-15.19,64.75
2721,9.69,15.87,51.74,3.62,0.01,0.0,-4.72,28.53,14.17,-51.43,-19.36,2.72,67.48,-16.64,50.84
2731,4.92,16.81,50.63,3.67,0.1,0.0,-5.27,29.62,18.21,-52.8,-19.03,2.73,65.9,-16.3,49.6
2741,5.58,19.95,50.49,4.22,1.05,0.0,-0.97,29.05,16.28,-51.57,-18.6,2.69,74.08,-15.91,58.17
2751,12.9,18.01,52.33,4.2,2.11,0.0,-4.96,27.3,14.66,-49.94,-19.24,2.72,76.6,-16.52,60.09
2761,5.6,16.68,52.46,4.4,0.16,0.0,-3.85,28.42,17.49,-49.35,-19.05,2.72,72.01,-16.33,55.68
2771,8.65,20.7,51.71,5.11,0.43,0.0,-4.03,27.44,18.06,-50.22,-18.85,2.73,77.85,-16.12,61.73
2781,10.34,21.66,52.46,4.86,0.76,0.0,-4.27,29.8,14.74,-52.1,-19.32,2.73,78.24,-16.6,61.65
2791,14.58,17.93,50.09,3.46,0.08,0.0,-2.96,27.24,12.78,-51.22,-19.68,2.77,71.99,-16.91,55.08
2801,11.36,14.96,51.06,4.0,1.74,0.0,-3.98,27.49,16.22,-51.79,-19.2,2.75,71.06,-16.44,54.61
2811,4.29,18.71,49.67,4.47,1.81,0.0,-5.5,26.39,18.2,-49.31,-18.39,2.72,68.74,-15.68,53.06
2821,8.58,17.36,52.11,4.23,0.6,0.0,-4.62,29.14,18.09,-52.32,-19.01,2.72,73.16,-16.29,56.87
2831,8.17,16.24,50.57,4.02,2.09,0.0,-3.31,27.91,17.88,-51.28,-19.05,2.75,72.29,-16.3,55.98
2841,11.38,17.35,48.82,3.79,0.24,0.0,0.06,28.61,16.38,-51.34,-18.55,2.72,75.28,-15.83,59.45
2851,13.22,19.08,50.41,6.62,0.46,0.0,-4.9,26.92,16.9,-50.95,-18.89,2.75,77.76,-16.14,61.62
2861,9.58,18.77,49.34,4.37,0.28,0.0,0.78,27.79,18.06,-53.66,-17.87,2.73,75.32,-15.14,60.18
2871,6.55,18.4,49.73,4.24,0.95,0.0,-0.99,27.89,16.31,-50.84,-18.48,2.72,72.23,-15.76,56.48
2881,13.21,16.85,51.43,3.27,0.16,0.0,-2.89,27.99,15.2,-51.13,-18.78,2.73,74.08,-16.05,58.03
2891,7.0,18.64,50.77,5.75,0.28,0.0,-4.38,28.61,19.39,-49.07,-18.78,2.71,76.98,-16.07,60.92
2901,5.66,20.81,49.97,4.31,0.24,0.0,-3.86,28.48,18.0,-51.41,-19.36,2.74,72.2,-16.63,55.57
2911,12.83,15.51,49.87,4.37,0.92,0.0,-5.26,28.45,17.17,-50.24,-18.74,2.71,73.61,-16.03,57.58
2921,8.31,14.27,54.19,4.33,1.61,0.0,-4.68,28.06,17.28,-50.99,-19.0,2.7,72.37,-16.3,56.07
2931,7.37,16.39,49.58,3.12,1.02,0.0,-2.11,27.88,15.77,-51.64,-18.66,2.73,67.39,-15.93,51.46
2941,7.41,18.8,47.6,3.5,0.75,0.0,-3.02,27.89,17.18,-52.37,-18.46,2.75,67.75,-15.71,52.04
2951,8.66,17.56,48.76,3.81,0.45,0.0,-2.6,27.91,14.75,-50.62,-19.09,2.73,68.68,-16.35,52.33
2961,11.54,17.71,50.4,4.72,0.23,0.0,-3.08,28.68,16.07,-52.09,-19.12,2.72,74.18,-16.4,57.78
2971,10.39,13.92,48.32,3.39,0.11,0.0,-1.39,26.43,15.84,-50.07,-18.53,2.73,66.94,-15.8,51.14
2981,4.39,19.2,49.65,5.09,1.01,0.0,-5.08,26.16,17.39,-46.85,-18.76,2.75,70.96,-16.01,54.95
2991,9.03,19.41,54.09,5.52,1.14,0.0,-5.09,26.93,16.81,-48.09,-19.91,2.72,79.76,-17.19,62.57
3001,8.36,19.75,49.91,2.98,0.6,0.0,-1.6,28.6,16.13,-53.03,-18.21,2.75,71.7,-15.46,56.24
3011,13.72,14.94,50.36,5.07,0.53,0.0,-3.83,25.88,14.33,-46.46,-19.13,2.74,74.54,-16.39,58.15
3021,11.37,17.18,50.33,3.39,0.08,0.0,-4.53,27.11,17.18,-49.62,-19.15,2.73,72.48,-16.42,56.06
3031,8.75,13.18,53.64,3.62,0.7,0.0,-4.31,27.81,16.59,-50.12,-19.39,2.76,69.86,-16.63,53.23
3041,10.59,19.04,53.35,3.9,0.12,0.0,-4.1,27.18,17.6,-49.04,-18.23,2.74,78.65,-15.5,63.15
3051,8.6,14.9,51.06,3.31,0.2,0.0,-3.7,27.21,17.07,-48.08,-18.73,2.75,70.56,-15.97,54.59
3061,8.66,16.16,51.63,5.42,0.52,0.0,-5.49,28.89,18.67,-52.22,-18.49,2.72,72.22,-15.77,56.45
3071,9.5,20.97,52.32,5.71,5.0,0.0,-4.24,25.4,17.4,-47.13,-18.89,2.74,84.91,-16.15,68.76
3081,5.54,15.88,49.77,4.35,0.46,0.0,-3.52,27.42,17.56,-49.19,-19.06,2.76,68.27,-16.3,51.97
3091,7.96,14.1,50.92,2.83,1.77,0.0,-4.6,27.06,16.51,-48.41,-19.09,2.72,68.14,-16.37,51.77
3101,11.53,16.25,48.62,3.49,1.34,0.0,-4.36,26.69,14.3,-48.95,-19.01,2.74,68.91,-16.28,52.64
3111,8.48,15.97,53.33,3.44,0.3,0.0,-5.07,25.96,18.82,-47.02,-19.57,2.78,74.21,-16.79,57.41
3121,10.76,18.56,51.47,5.23,0.52,0.0,-3.28,27.83,16.95,-50.05,-19.8,2.75,77.98,-17.05,60.93
3131,6.16,13.82,49.8,4.87,1.03,0.0,-5.54,28.15,18.37,-49.69,-18.55,2.73,66.98,-15.82,51.16
3141,9.81,16.76,54.78,3.58,0.64,0.0,-2.35,26.88,14.27,-48.21,-19.02,2.74,76.18,-16.27,59.91
3151,6.72,17.21,51.11,4.21,0.36,0.0,-4.96,28.07,22.06,-49.65,-18.74,2.72,75.12,-16.01,59.1
3161,13.37,18.6,49.09,4.31,0.26,0.0,-3.66,26.97,19.31,-50.3,-18.6,2.73,77.95,-15.87,62.08
3171,6.66,22.45,49.27,4.85,0.23,0.0,-3.89,27.76,16.58,-51.74,-18.57,2.73,72.16,-15.83,56.32
3181,12.85,16.17,50.36,3.27,1.32,0.0,-2.82,27.7,19.39,-51.89,-18.15,2.72,76.35,-15.43,60.92
3191,7.73,16.36,49.85,4.44,0.19,0.0,-4.06,28.97,17.15,-51.7,-18.43,2.73,68.93,-15.7,53.23
3201,12.65,21.64,48.64,5.54,0.29,0.0,-2.69,29.19,15.43,-51.82,-18.55,2.73,78.88,-15.83,63.05
3211,13.81,14.68,48.94,2.63,0.28,0.0,-4.08,26.69,15.5,-50.06,-18.79,2.77,68.39,-16.01,52.38
3221,11.39,16.85,50.3,5.19,1.71,0.0,-3.84,26.84,15.99,-47.85,-18.76,2.72,76.57,-16.04,60.53
3231,7.85,16.57,51.0,2.99,1.13,0.0,-3.93,27.07,16.8,-49.76,-18.55,2.76,69.73,-15.79,53.94
3241,8.1,25.59,49.8,4.21,0.22,0.0,-3.77,28.06,18.04,-50.9,-19.26,2.73,79.34,-16.53,62.81
3251,6.45,14.28,48.81,2.91,0.01,0.0,-1.62,27.3,16.35,-50.66,-18.56,2.76,63.84,-15.8,48.04
3261,8.22,19.94,50.72,3.43,1.18,0.0,-3.45,28.49,16.58,-52.99,-18.98,2.72,72.12,-16.26,55.85
3271,9.33,17.52,51.07,3.26,0.11,0.0,-4.12,26.98,15.32,-49.76,-18.97,2.78,69.71,-16.2,53.51
3281,9.87,16.38,52.4,3.4,0.01,0.0,-3.52,27.88,18.54,-50.96,-18.8,2.74,74.01,-16.07,57.94
3291,10.87,16.67,52.25,3.71,0.58,0.0,-4.02,28.45,13.81,-52.49,-19.35,2.75,69.83,-16.6,53.22
3301,9.06,18.11,49.67,4.7,0.1,0.0,-4.23,28.11,15.6,-48.02,-19.42,2.73,73.11,-16.68,56.42
3311,14.48,16.38,51.28,3.72,0.16,0.0,-3.77,26.03,14.21,-46.9,-19.69,2.78,75.6,-16.91,58.68
3321,8.31,16.73,47.5,3.75,0.31,0.0,-2.71,27.76,16.96,-51.17,-18.79,2.72,67.43,-16.06,51.37
3331,7.92,20.13,50.16,3.93,0.2,0.0,-3.59,28.8,16.01,-50.42,-19.39,2.75,73.12,-16.64,56.48
3341,10.16,17.15,50.75,3.06,0.32,0.0,-4.18,27.31,18.85,-50.02,-18.51,2.72,73.4,-15.79,57.61
3351,10.96,18.11,52.45,2.62,0.26,0.0,-3.99,25.83,15.35,-47.83,-19.01,2.77,73.76,-16.24,57.52
3361,8.04,16.8,51.32,4.42,0.2,0.0,-3.61,26.0,16.14,-49.51,-18.51,2.75,69.8,-15.75,54.04
3371,9.49,16.9,49.59,4.62,0.91,0.0,-4.26,25.99,16.49,-48.85,-18.48,2.75,70.9,-15.73,55.17
3381,7.49,17.65,50.31,3.82,0.31,0.0,-2.35,28.89,16.64,-53.41,-18.83,2.74,69.36,-16.08,53.27
3391,9.15,20.21,49.35,4.17,0.05,0.0,-4.14,26.94,17.55,-50.3,-18.49,2.73,72.99,-15.76,57.23
3401,9.31,16.07,52.13,3.58,0.08,0.0,-2.3,26.71,15.99,-49.02,-18.67,2.73,72.55,-15.94,56.61
3411,5.83,17.65,51.11,4.25,0.15,0.0,-1.82,26.53,18.44,-48.93,-18.49,2.73,73.21,-15.76,57.45
3421,10.37,13.37,49.94,2.73,0.05,0.0,-4.48,26.89,14.29,-50.22,-18.8,2.76,62.92,-16.05,46.88
3431,8.66,17.77,48.49,4.18,0.15,0.0,-4.74,27.24,16.74,-50.78,-18.59,2.73,67.71,-15.86,51.85
3441,11.63,28.17,50.96,6.05,0.14,0.0,-5.18,27.44,16.01,-48.91,-19.1,2.72,86.31,-16.38,69.93
3451,6.22,16.78,52.58,4.3,0.15,0.0,-4.58,26.57,20.15,-48.03,-19.26,2.77,74.16,-16.49,57.67
3461,9.52,19.88,50.3,2.95,0.87,0.0,-2.35,27.55,15.08,-51.83,-19.41,2.75,71.98,-16.66,55.32
3471,9.32,17.44,50.42,4.22,1.11,0.0,-5.3,26.61,17.31,-47.71,-19.72,2.74,73.42,-16.97,56.45
3481,8.72,18.5,48.83,3.45,0.4,0.0,-1.02,26.78,14.73,-50.73,-18.94,2.77,69.65,-16.16,53.49
3491,11.57,21.05,49.45,5.66,0.57,0.0,-4.1,24.87,14.85,-47.58,-18.53,2.75,76.34,-15.78,60.56
3501,11.34,18.56,51.52,4.36,1.8,0.0,-2.71,29.41,14.9,-53.25,-19.65,2.75,75.92,-16.9,59.01
3511,9.49,15.4,50.69,4.06,0.17,0.0,-3.64,28.75,17.67,-52.78,-18.68,2.71,69.79,-15.97,53.82
3521,10.54,15.94,53.03,4.55,0.63,0.0,-4.51,26.04,14.96,-47.61,-20.19,2.78,73.57,-17.41,56.16
3531,7.93,18.95,51.68,4.12,0.12,0.0,-3.12,27.21,15.91,-50.3,-18.48,2.76,72.49,-15.72,56.77
3541,5.72,19.48,50.36,5.44,0.07,0.0,-4.32,27.65,19.34,-49.27,-19.21,2.74,74.48,-16.47,58.01
3551,6.28,12.51,47.19,3.95,0.66,0.0,-3.72,26.85,19.28,-49.25,-18.55,2.72,63.75,-15.82,47.92
3561,8.8,18.17,50.27,3.83,0.49,0.0,-2.85,27.39,18.29,-50.09,-19.5,2.77,74.3,-16.73,57.56
3571,10.31,16.45,53.26,4.27,0.24,0.0,-3.15,28.38,13.73,-51.06,-19.09,2.75,72.42,-16.35,56.08
3581,6.98,23.12,51.15,4.3,0.52,0.0,-2.1,28.19,16.49,-52.97,-18.2,2.72,75.68,-15.48,60.2
3591,11.4,18.75,49.35,3.36,0.99,0.0,-3.68,27.55,13.21,-50.15,-18.66,2.75,70.78,-15.9,54.88
3601,9.15,20.02,52.09,4.45,1.67,0.0,-4.21,25.83,19.05,-46.72,-19.05,2.77,81.34,-16.29,65.05
3611,10.11,20.24,48.52,4.96,0.2,0.0,-3.29,28.06,16.53,-49.96,-18.47,2.75,75.37,-15.72,59.65
3621,7.84,20.17,50.93,4.54,1.15,0.0,-2.58,25.6,17.96,-49.8,-18.19,2.74,75.81,-15.44,60.37
3631,8.04,15.45,50.57,3.61,0.26,0.0,-3.38,28.21,14.08,-48.94,-19.72,2.75,67.92,-16.97,50.95
3641,10.46,16.17,50.9,3.77,0.16,0.0,-3.95,26.05,16.44,-49.23,-18.08,2.74,70.77,-15.34,55.43
3651,7.3,22.7,50.8,3.9,1.29,0.0,-3.11,27.78,18.42,-51.42,-17.57,2.71,77.63,-14.86,62.77
3661,6.91,23.93,48.54,5.63,1.99,0.0,-2.28,28.52,20.17,-50.27,-19.3,2.72,83.14,-16.59,66.56
3671,12.89,18.24,47.78,3.54,0.48,0.0,-4.48,27.97,15.53,-49.97,-18.74,2.71,71.98,-16.02,55.96
3681,8.06,16.62,50.81,3.0,0.7,0.0,-3.17,27.48,17.24,-51.42,-18.59,2.73,69.32,-15.86,53.45
3691,6.65,17.42,53.48,5.1,0.45,0.0,-3.95,28.04,17.64,-49.52,-19.15,2.73,75.32,-16.42,58.9
3701,8.8,18.05,50.94,3.93,1.02,0.0,-3.28,27.71,18.62,-50.88,-18.64,2.71,74.92,-15.94,58.98
3711,10.02,19.07,51.78,2.59,0.29,0.0,-3.89,28.01,16.5,-50.22,-18.91,2.74,74.16,-16.17,57.99
3721,7.47,21.91,48.33,4.19,1.15,0.0,-2.15,28.51,16.88,-52.69,-18.48,2.73,73.59,-15.75,57.83
3731,8.76,13.44,49.22,3.44,0.76,0.0,-4.63,27.22,16.68,-47.76,-18.8,2.73,67.14,-16.07,51.07
3741,9.44,21.19,47.84,3.04,1.51,0.0,-2.88,27.28,14.32,-52.44,-18.34,2.75,69.3,-15.59,53.71
3751,10.62,22.65,52.6,4.44,0.96,0.0,-5.25,27.3,14.58,-50.58,-19.89,2.73,77.31,-17.16,60.16
3761,6.35,19.85,53.92,3.86,0.32,0.0,-4.06,27.76,20.71,-50.96,-19.13,2.76,77.76,-16.38,61.38
3771,7.53,18.34,50.86,3.59,0.31,0.0,-5.13,28.33,15.71,-50.95,-19.84,2.75,68.6,-17.1,51.5
3781,9.72,19.21,49.29,5.76,0.62,0.0,-5.22,26.8,16.64,-49.23,-18.55,2.73,73.58,-15.82,57.76
3791,9.33,15.78,50.14,6.06,0.21,0.0,-2.95,30.23,18.27,-53.71,-18.69,2.71,73.35,-15.98,57.38
3801,13.62,15.57,57.21,5.44,0.02,0.0,-4.26,26.53,15.97,-47.84,-20.01,2.74,82.25,-17.27,64.98
3811,11.55,22.87,49.14,4.71,0.66,0.0,-4.81,28.66,16.68,-50.22,-20.27,2.75,79.23,-17.53,61.7
3821,11.25,21.67,53.98,4.99,0.2,0.0,-4.66,27.53,16.74,-49.71,-19.21,2.75,81.99,-16.46,65.53
3831,8.72,15.27,49.96,5.19,0.13,0.0,-3.45,27.68,17.1,-49.28,-19.45,2.75,71.32,-16.7,54.62
3841,10.86,15.07,52.81,3.67,0.0,0.0,-4.36,27.66,18.16,-48.44,-19.02,2.73,75.43,-16.29,59.14
3851,10.6,16.07,52.31,3.29,0.47,0.0,-4.81,29.15,15.49,-52.27,-19.45,2.72,70.3,-16.73,53.56
3861,8.95,16.0,53.92,3.0,0.67,0.0,-4.25,26.13,14.93,-48.41,-19.29,2.76,70.94,-16.53,54.41
3871,9.21,19.2,50.1,3.38,0.05,0.0,-3.58,27.26,16.11,-48.92,-19.32,2.77,72.81,-16.55,56.26
3881,10.45,19.61,50.43,3.86,0.56,0.0,-4.78,29.01,14.74,-51.05,-18.64,2.7,72.83,-15.95,56.89
3891,10.98,21.15,49.74,3.6,0.15,0.0,-3.2,27.82,13.27,-51.35,-18.32,2.72,72.17,-15.6,56.57
3901,12.82,20.87,50.56,5.58,1.15,0.0,-1.62,26.55,14.6,-50.44,-18.12,2.73,80.06,-15.39,64.67
3911,5.89,17.22,49.78,3.66,0.35,0.0,-1.0,27.76,18.53,-51.91,-18.72,2.74,70.29,-15.98,54.3
3921,7.77,18.93,51.46,3.59,0.35,0.0,-2.18,25.93,16.13,-49.02,-18.45,2.75,72.94,-15.7,57.24
3931,4.4,19.74,49.35,4.07,2.09,0.0,-3.94,25.99,18.37,-47.94,-18.78,2.73,72.13,-16.04,56.09
3941,6.04,21.03,49.87,3.84,0.05,0.0,-1.4,27.45,16.69,-51.06,-18.56,2.72,72.5,-15.84,56.66
3951,8.72,15.99,50.16,2.94,0.0,0.0,-2.68,26.07,15.23,-49.68,-18.25,2.72,66.75,-15.53,51.21
3961,11.61,18.13,52.73,4.62,1.15,0.0,-5.16,24.86,18.6,-45.79,-18.87,2.74,80.75,-16.12,64.62
3971,7.44,20.25,52.29,4.38,0.2,0.0,-4.5,27.86,17.15,-51.98,-18.27,2.71,73.09,-15.56,57.52
3981,6.23,20.35,49.53,4.29,2.05,0.0,-5.36,25.06,16.19,-46.25,-18.76,2.7,72.1,-16.06,56.04
3991,7.6,18.06,48.04,4.39,0.28,0.0,0.22,27.88,16.95,-51.69,-18.01,2.71,71.74,-15.3,56.43
4001,8.85,21.56,50.1,4.03,1.04,0.0,-4.38,29.27,17.91,-52.67,-18.46,2.7,75.71,-15.76,59.95

Delta Energy Terms
Frame #,BOND,ANGLE,DIHED,UB,IMP,CMAP,VDWAALS,EEL,1-4 VDW,1-4 EEL,EGB,ESURF,GGAS,GSOLV,TOTAL
1,-0.0,-0.0,0.0,0.0,-0.0,0.0,-4.27,2.62,0.0,0.0,1.67,-0.52,-1.65,1.15,-0.5
11,-0.0,0.0,-0.0,0.0,-0.0,0.0,-4.36,1.45,0.0,0.0,2.9,-0.43,-2.92,2.46,-0.45
21,0.0,-0.0,-0.0,0.0,-0.0,0.0,-5.8,0.91,0.0,0.0,4.25,-0.65,-4.89,3.6,-1.29
31,-0.0,-0.0,-0.0,0.0,0.0,0.0,-4.97,1.38,0.0,0.0,3.51,-0.56,-3.58,2.95,-0.63
41,0.0,0.0,-0.0,-0.0,-0.0,0.0,-4.86,1.98,-0.0,0.0,3.44,-0.68,-2.88,2.77,-0.11
51,-0.0,-0.0,0.0,0.0,0.0,0.0,-4.66,0.28,-0.0,-0.0,5.02,-0.69,-4.38,4.33,-0.06
61,-0.0,-0.0,-0.0,-0.0,0.0,0.0,-5.73,3.34,0.0,-0.0,2.15,-0.65,-2.39,1.51,-0.89
71,0.0,-0.0,0.0,-0.0,0.0,0.0,-4.99,1.18,0.0,0.0,3.55,-0.53,-3.8,3.01,-0.79
81,-0.0,-0.0,0.0,-0.0,-0.0,0.0,-4.25,1.51,-0.0,-0.0,2.9,-0.45,-2.74,2.45,-0.29
91,0.0,-0.0,0.0,0.0,0.0,0.0,-3.87,0.9,0.0,-0.0,4.0,-0.58,-2.97,3.42,0.45
101,0.0,-0.0,0.0,0.0,0.0,0.0,-3.99,1.26,0.0,-0.0,3.26,-0.4,-2.73,2.85,0.12
111,-0.0,0.0,0.0,0.0,-0.0,0.0,-4.83,0.99,-0.0,0.0,3.82,-0.53,-3.84,3.29,-0.55
121,-0.0,0.0,0.0,0.0,0.0,0.0,-4.16,1.82,-0.0,0.0,2.61,-0.43,-2.35,2.18,-0.16
131,0.0,-0.0,-0.0,-0.0,0.0,0.0,-4.62,5.33,0.0,-0.0,0.03,-0.65,0.71,-0.61,0.1
141,-0.0,0.0,0.0,-0.0,0.0,0.0,-4.31,2.25,-0.0,0.0,2.1,-0.46,-2.06,1.64,-0.42
151,0.0,-0.0,0.0,-0.0,-0.0,0.0,-5.63,2.52,-0.0,0.0,3.12,-0.61,-3.1,2.51,-0.59
161,0.0,0.0,0.0,0.0,0.0,0.0,-5.13,1.79,0.0,-0.0,4.27,-0.65,-3.34,3.62,0.28
171,-0.0,-0.0,-0.0,0.0,0.0,0.0,-5.15,3.99,0.0,0.0,1.49,-0.63,-1.16,0.87,-0.29
181,0.0,0.0,0.0,0.0,-0.0,0.0,-4.72,2.13,-0.0,-0.0,3.1,-0.54,-2.6,2.55,-0.04
191,0.0,-0.0,-0.0,0.0,-0.0,0.0,-4.11,2.36,-0.0,0.0,2.05,-0.41,-1.75,1.63,-0.12
201,0.0,0.0,0.0,0.0,0.0,0.0,-4.57,2.98,-0.0,-0.0,1.8,-0.49,-1.59,1.32,-0.27
211,0.0,-0.0,-0.0,0.0,-0.0,0.0,-4.33,2.04,0.0,0.0,2.49,-0.48,-2.29,2.01,-0.28
221,-0.0,-0.0,0.0,-0.0,0.0,0.0,-5.03,0.74,0.0,0.0,4.38,-0.52,-4.29,3.86,-0.43
231,-0.0,-0.0,0.0,0.0,-0.0,0.0,-5.65,1.43,-0.0,-0.0,4.5,-0.69,-4.22,3.81,-0.41
241,-0.0,0.0,0.0,-0.0,0.0,0.0,-5.18,2.09,0.0,-0.0,3.0,-0.57,-3.09,2.43,-0.66
251,0.0,-0.0,-0.0,-0.0,0.0,0.0,-4.89,3.93,-0.0,0.0,1.44,-0.61,-0.95,0.83,-0.12
261,0.0,-0.0,-0.0,0.0,0.0,0.0,-5.09,1.18,0.0,0.0,4.03,-0.52,-3.91,3.51,-0.4
271,0.0,0.0,0.0,0.0,0.0,0.0,-5.3,2.84,0.0,0.0,2.1,-0.5,-2.46,1.61,-0.85
281,0.0,-0.0,-0.0,0.0,-0.0,0.0,-4.92,1.67,-0.0,0.0,3.16,-0.62,-3.25,2.55,-0.71
291,0.0,-0.0,0.0,0.0,-0.0,0.0,-4.87,1.92,0.0,-0.0,2.88,-0.5,-2.95,2.38,-0.57
301,-0.0,-0.0,0.0,-0.0,-0.0,0.0,-4.8,3.19,-0.0,-0.0,2.59,-0.68,-1.61,1.91,0.31
311,0.0,0.0,-0.0,-0.0,0.0,0.0,-4.1,3.83,-0.0,0.0,0.68,-0.48,-0.26,0.2,-0.07
321,-0.0,-0.0,0.0,-0.0,-0.0,0.0,-4.21,3.68,-0.0,0.0,0.99,-0.47,-0.53,0.52,-0.01
331,0.0,0.0,-0.0,0.0,-0.0,0.0,-5.09,-0.37,-0.0,0.0,5.5,-0.53,-5.46,4.97,-0.49
341,0.0,0.0,-0.0,-0.0,-0.0,0.0,-4.58,1.78,0.0,0.0,3.01,-0.5,-2.8,2.51,-0.29
351,0.0,0.0,0.0,-0.0,-0.0,0.0,-3.21,2.08,0.0,-0.0,1.53,-0.37,-1.13,1.16,0.04
361,0.0,0.0,0.0,-0.0,-0.0,0.0,-2.66,1.03,0.0,0.0,3.53,-0.58,-1.63,2.95,1.32
371,0.0,-0.0,-0.0,0.0,-0.0,0.0,-5.08,7.72,0.0,-0.0,-2.39,-0.54,2.64,-2.93,-0.29
381,-0.0,-0.0,0.0,-0.0,0.0,0.0,-4.75,0.27,0.0,-0.0,4.29,-0.58,-4.48,3.71,-0.76
391,0.0,-0.0,0.0,0.0,-0.0,0.0,-5.09,0.77,-0.0,0.0,4.86,-0.67,-4.32,4.19,-0.13
401,0.0,0.0,-0.0,0.0,-0.0,0.0,-4.77,0.63,0.0,-0.0,3.83,-0.59,-4.14,3.24,-0.91
411,-0.0,-0.0,0.0,0.0,-0.0,0.0,-4.17,2.86,0.0,0.0,2.86,-0.63,-1.31,2.23,0.92
421,-0.0,-0.0,0.0,0.0,-0.0,0.0,-4.42,1.95,0.0,0.0,2.63,-0.47,-2.47,2.16,-0.31
431,0.0,-0.0,-0.0,0.0,-0.0,0.0,-4.55,2.9,0.0,0.0,1.8,-0.48,-1.65,1.31,-0.34
441,0.0,-0.0,0.0,0.0,0.0,0.0,-4.67,-0.21,-0.0,0.0,4.84,-0.53,-4.88,4.32,-0.57
451,-0.0,-0.0,-0.0,0.0,-0.0,0.0,-4.39,2.52,0.0,-0.0,3.2,-0.66,-1.88,2.53,0.66
461,0.0,0.0,0.0,0.0,0.0,0.0,-3.89,0.86,0.0,0.0,3.8,-0.51,-3.03,3.29,0.26
471,-0.0,0.0,0.0,-0.0,0.0,0.0,-6.56,5.67,0.0,-0.0,0.55,-0.71,-0.89,-0.16,-1.05
481,0.0,-0.0,0.0,-0.0,0.0,0.0,-5.08,4.71,-0.0,0.0,0.54,-0.51,-0.37,0.04,-0.34
491,-0.0,-0.0,0.0,0.0,-0.0,0.0,-3.93,3.95,0.0,0.0,-0.11,-0.44,0.02,-0.56,-0.54
501,-0.0,-0.0,-0.0,-0.0,0.0,0.0,-4.79,2.47,-0.0,-0.0,2.36,-0.56,-2.32,1.8,-0.52
511,0.0,0.0,0.0,0.0,-0.0,0.0,-4.4,3.09,0.0,-0.0,1.73,-0.52,-1.31,1.22,-0.1
521,0.0,0.0,-0.0,-0.0,0.0,0.0,-5.29,5.13,0.0,-0.0,-0.44,-0.65,-0.15,-1.09,-1.24
531,0.0,-0.0,-0.0,0.0,-0.0,0.0,-4.81,2.89,0.0,-0.0,1.97,-0.55,-1.92,1.41,-0.51
541,-0.0,0.0,-0.0,0.0,0.0,0.0,-4.16,3.94,0.0,0.0,1.44,-0.6,-0.22,0.84,0.62
551,0.0,-0.0,0.0,-0.0,-0.0,0.0,-3.34,4.08,0.0,0.0,-0.02,-0.39,0.74,-0.41,0.34
561,0.0,0.0,0.0,0.0,0.0,0.0,-3.71,2.31,0.0,-0.0,2.65,-0.58,-1.39,2.07,0.67
571,0.0,-0.0,0.0,0.0,0.0,0.0,-3.76,2.23,-0.0,0.0,1.81,-0.44,-1.53,1.37,-0.17
581,0.0,0.0,0.0,-0.0,0.0,0.0,-3.93,1.8,-0.0,-0.0,2.59,-0.45,-2.14,2.15,0.01
591,0.0,0.0,0.0,-0.0,0.0,0.0,-3.7,1.41,0.0,-0.0,2.82,-0.3,-2.3,2.52,0.22
601,0.0,-0.0,0.0,-0.0,-0.0,0.0,-4.32,4.07,-0.0,0.0,0.6,-0.44,-0.25,0.15,-0.1
611,0.0,-0.0,-0.0,-0.0,0.0,0.0,-4.76,2.02,-0.0,0.0,2.73,-0.43,-2.74,2.29,-0.45
621,0.0,0.0,-0.0,-0.0,0.0,0.0,-5.35,3.35,-0.0,0.0,1.95,-0.51,-2.0,1.44,-0.56
631,-0.0,-0.0,-0.0,-0.0,-0.0,0.0,-5.41,4.04,-0.0,-0.0,1.34,-0.56,-1.37,0.78,-0.58
641,0.0,0.0,-0.0,0.0,0.0,0.0,-4.48,2.65,-0.0,-0.0,1.78,-0.5,-1.83,1.28,-0.55
651,0.0,0.0,-0.0,0.0,-0.0,0.0,-3.53,1.03,0.0,-0.0,2.6,-0.37,-2.5,2.24,-0.26
661,0.0,0.0,0.0,0.0,-0.0,0.0,-3.32,1.85,0.0,0.0,1.65,-0.33,-1.47,1.32,-0.15
671,-0.0,-0.0,-0.0,-0.0,0.0,0.0,-4.07,1.15,-0.0,-0.0,3.18,-0.4,-2.92,2.78,-0.14
681,-0.0,-0.0,-0.0,-0.0,-0.0,0.0,-3.36,3.11,0.0,-0.0,0.88,-0.25,-0.25,0.63,0.38
691,0.0,-0.0,0.0,-0.0,0.0,0.0,-4.37,2.36,-0.0,0.0,2.18,-0.44,-2.01,1.74,-0.27
701,-0.0,0.0,0.0,0.0,0.0,0.0,-3.69,1.67,0.0,0.0,2.86,-0.37,-2.02,2.49,0.47
711,0.0,0.0,-0.0,-0.0,0.0,0.0,-4.24,1.32,0.0,0.0,3.39,-0.45,-2.92,2.94,0.01
721,0.0,0.0,-0.0,0.0,0.0,0.0,-4.88,-0.89,0.0,0.0,6.81,-0.75,-5.77,6.06,0.3
731,-0.0,0.0,0.0,0.0,-0.0,0.0,-3.35,3.29,-0.0,-0.0,0.49,-0.29,-0.06,0.21,0.15
741,-0.0,0.0,0.0,0.0,0.0,0.0,-2.87,-0.32,-0.0,0.0,4.82,-0.46,-3.19,4.36,1.17
751,0.0,-0.0,-0.0,0.0,-0.0,0.0,-3.63,2.87,0.0,0.0,1.2,-0.42,-0.76,0.79,0.03
761,-0.0,0.0,0.0,-0.0,-0.0,0.0,-4.02,0.93,0.0,-0.0,3.53,-0.34,-3.1,3.19,0.09
771,0.0,-0.0,0.0,0.0,0.0,0.0,-3.83,1.29,-0.0,0.0,2.83,-0.38,-2.53,2.46,-0.08
781,-0.0,0.0,-0.0,-0.0,0.0,0.0,-4.39,1.38,-0.0,0.0,3.19,-0.34,-3.01,2.85,-0.16
791,0.0,-0.0,-0.0,-0.0,0.0,0.0,-3.33,3.09,-0.0,0.0,0.92,-0.31,-0.24,0.61,0.37
801,-0.0,0.0,-0.0,-0.0,-0.0,0.0,-3.61,3.46,0.0,-0.0,0.65,-0.3,-0.15,0.35,0.2
811,0.0,0.0,0.0,-0.0,0.0,0.0,-3.66,1.34,-0.0,-0.0,3.01,-0.38,-2.32,2.63,0.31
821,0.0,-0.0,-0.0,0.0,-0.0,0.0,-3.87,3.24,0.0,-0.0,1.0,-0.31,-0.63,0.69,0.06
831,0.0,-0.0,0.0,0.0,-0.0,0.0,-1.58,3.28,-0.0,0.0,1.28,-0.4,1.69,0.88,2.57
841,-0.0,0.0,0.0,-0.0,-0.0,0.0,-3.09,3.39,-0.0,0.0,0.34,-0.29,0.3,0.06,0.36
851,0.0,-0.0,0.0,-0.0,-0.0,0.0,-3.18,1.59,-0.0,0.0,2.19,-0.24,-1.59,1.95,0.36
861,-0.0,0.0,-0.0,0.0,-0.0,0.0,-3.44,2.14,0.0,0.0,2.09,-0.32,-1.3,1.77,0.47
871,-0.0,-0.0,-0.0,0.0,0.0,0.0,-4.43,0.73,0.0,-0.0,3.99,-0.48,-3.7,3.51,-0.19
881,-0.0,-0.0,-0.0,0.0,-0.0,0.0,-3.94,-0.43,0.0,-0.0,5.07,-0.43,-4.38,4.64,0.27
891,-0.0,-0.0,-0.0,-0.0,0.0,0.0,-3.06,2.62,0.0,0.0,1.01,-0.23,-0.44,0.78,0.34
901,-0.0,-0.0,0.0,-0.0,0.0,0.0,-3.68,1.68,0.0,0.0,2.69,-0.41,-2.0,2.27,0.28
911,-0.0,-0.0,0.0,0.0,0.0,0.0,-3.76,3.28,-0.0,-0.0,1.04,-0.38,-0.48,0.66,0.19
921,-0.0,-0.0,0.0,-0.0,-0.0,0.0,-2.7,2.31,0.0,0.0,2.29,-0.53,-0.4,1.76,1.36
931,0.0,-0.0,-0.0,0.0,-0.0,0.0,-3.86,3.57,0.0,-0.0,1.02,-0.5,-0.29,0.51,0.23
941,0.0,0.0,-0.0,0.0,-0.0,0.0,-3.24,1.29,-0.0,-0.0,2.31,-0.26,-1.94,2.05,0.1
951,0.0,0.0,0.0,0.0,0.0,0.0,-4.34,1.45,-0.0,-0.0,3.33,-0.45,-2.88,2.88,0.0
961,0.0,0.0,0.0,-0.0,0.0,0.0,-3.66,3.23,0.0,-0.0,1.0,-0.39,-0.44,0.61,0.18
971,-0.0,0.0,0.0,0.0,-0.0,0.0,-4.39,3.44,0.0,0.0,1.13,-0.48,-0.95,0.66,-0.29
981,-0.0,0.0,0.0,-0.0,-0.0,0.0,-3.6,4.78,0.0,-0.0,-0.73,-0.32,1.18,-1.04,0.14
991,0.0,-0.0,0.0,-0.0,0.0,0.0,-3.93,1.84,0.0,-0.0,2.28,-0.36,-2.08,1.92,-0.16
1001,0.0,0.0,0.0,0.0,-0.0,0.0,-3.95,4.3,-0.0,-0.0,0.12,-0.33,0.35,-0.22,0.13
1011,0.0,0.0,-0.0,-0.0,0.0,0.0,-4.49,2.66,-0.0,0.0,2.05,-0.43,-1.83,1.62,-0.21
1021,0.0,0.0,0.0,-0.0,-0.0,0.0,-5.1,0.51,0.0,-0.0,4.86,-0.49,-4.58,4.38,-0.21
1031,-0.0,0.0,-0.0,-0.0,-0.0,0.0,-4.42,4.32,0.0,-0.0,0.35,-0.4,-0.11,-0.05,-0.15
1041,-0.0,0.0,-0.0,0.0,0.0,0.0,-4.9,1.55,-0.0,-0.0,3.67,-0.46,-3.36,3.21,-0.14
1051,-0.0,0.0,-0.0,0.0,-0.0,0.0,-4.65,4.76,0.0,0.0,0.71,-0.52,0.11,0.19,0.3
1061,-0.0,-0.0,-0.0,0.0,-0.0,0.0,-4.2,4.07,-0.0,0.0,0.56,-0.35,-0.14,0.21,0.08
1071,0.0,-0.0,-0.0,-0.0,-0.0,0.0,-4.0,0.57,-0.0,0.0,3.71,-0.45,-3.43,3.26,-0.17
1081,0.0,-0.0,0.0,-0.0,-0.0,0.0,-5.66,3.38,0.0,0.0,2.09,-0.59,-2.28,1.49,-0.78
1091,-0.0,-0.0,-0.0,-0.0,-0.0,0.0,-3.86,3.11,0.0,0.0,1.55,-0.49,-0.75,1.06,0.31
1101,-0.0,-0.0,0.0,-0.0,-0.0,0.0,-3.38,2.68,0.0,-0.0,1.55,-0.19,-0.7,1.36,0.66
1111,0.0,-0.0,-0.0,-0.0,0.0,0.0,-4.3,2.41,-0.0,0.0,2.6,-0.3,-1.89,2.29,0.4
1121,-0.0,-0.0,0.0,-0.0,-0.0,0.0,-5.04,4.18,-0.0,0.0,1.07,-0.48,-0.86,0.59,-0.27
1131,-0.0,0.0,0.0,-0.0,0.0,0.0,-7.81,0.09,-0.0,0.0,7.64,-0.97,-7.72,6.67,-1.05
1141,-0.0,-0.0,-0.0,-0.0,0.0,0.0,-8.24,-0.68,-0.0,-0.0,8.06,-1.03,-8.91,7.04,-1.88
1151,0.0,0.0,-0.0,0.0,-0.0,0.0,-6.97,-6.03,-0.0,-0.0,10.18,-0.72,-13.0,9.46,-3.54
1161,0.0,0.0,-0.0,-0.0,0.0,0.0,-6.36,-2.76,-0.0,0.0,7.94,-0.66,-9.12,7.28,-1.85
1171,-0.0,0.0,0.0,0.0,-0.0,0.0,-5.05,0.18,0.0,-0.0,5.12,-0.5,-4.87,4.61,-0.25
1181,-0.0,-0.0,0.0,0.0,0.0,0.0,-5.49,0.28,0.0,0.0,5.04,-0.59,-5.21,4.45,-0.76
1191,0.0,-0.0,-0.0,-0.0,0.0,0.0,-4.72,-1.04,0.0,-0.0,6.99,-0.58,-5.77,6.41,0.64
1201,0.0,-0.0,0.0,0.0,-0.0,0.0,-6.89,-3.51,0.0,0.0,8.84,-0.72,-10.4,8.12,-2.28
1211,-0.0,0.0,0.0,-0.0,-0.0,0.0,-7.54,-0.74,-0.0,0.0,8.15,-0.95,-8.28,7.2,-1.08
1221,0.0,-0.0,-0.0,0.0,-0.0,0.0,-3.35,1.28,-0.0,0.0,2.89,-0.17,-2.07,2.72,0.66
1231,0.0,0.0,-0.0,-0.0,-0.0,0.0,-4.77,4.8,-0.0,-0.0,0.15,-0.44,0.03,-0.29,-0.26
1241,0.0,-0.0,-0.0,-0.0,0.0,0.0,-5.82,1.67,0.0,0.0,4.35,-0.7,-4.15,3.65,-0.5
1251,-0.0,-0.0,0.0,-0.0,-0.0,0.0,-4.68,0.79,-0.0,0.0,3.97,-0.47,-3.89,3.5,-0.39
1261,0.0,0.0,-0.0,0.0,-0.0,0.0,-5.39,1.29,0.0,-0.0,4.11,-0.6,-4.1,3.5,-0.59
1271,-0.0,0.0,-0.0,-0.0,-0.0,0.0,-5.06,-0.87,-0.0,0.0,6.33,-0.5,-5.93,5.83,-0.1
1281,0.0,-0.0,0.0,0.0,0.0,0.0,-9.47,-3.53,-0.0,0.0,9.71,-1.21,-13.0,8.5,-4.5
1291,-0.0,0.0,0.0,0.0,-0.0,0.0,-5.16,3.22,-0.0,0.0,1.86,-0.54,-1.94,1.31,-0.63
1301,0.0,0.0,-0.0,0.0,0.0,0.0,-6.35,4.67,0.0,-0.0,0.85,-0.76,-1.68,0.09,-1.58
1311,-0.0,-0.0,0.0,-0.0,0.0,0.0,-4.16,2.84,0.0,0.0,1.78,-0.41,-1.32,1.37,0.05
1321,-0.0,-0.0,-0.0,-0.0,-0.0,0.0,-6.91,5.86,-0.0,0.0,0.89,-0.88,-1.04,0.0,-1.04
1331,-0.0,-0.0,0.0,-0.0,-0.0,0.0,-7.28,3.78,-0.0,-0.0,3.04,-0.94,-3.5,2.11,-1.4
1341,0.0,0.0,0.0,-0.0,0.0,0.0,-9.12,2.31,-0.0,0.0,4.94,-1.23,-6.82,3.71,-3.1
1351,0.0,0.0,0.0,-0.0,-0.0,0.0,-11.51,0.64,-0.0,0.0,7.42,-1.48,-10.87,5.94,-4.93
1361,0.0,0.0,0.0,-0.0,-0.0,0.0,-8.89,2.66,0.0,0.0,4.23,-1.12,-6.23,3.11,-3.12
1371,0.0,-0.0,-0.0,0.0,0.0,0.0,-14.67,0.91,-0.0,0.0,8.17,-1.89,-13.76,6.28,-7.48
1381,-0.0,0.0,-0.0,-0.0,-0.0,0.0,-13.53,0.5,0.0,-0.0,8.34,-1.76,-13.03,6.58,-6.46
1391,0.0,-0.0,-0.0,-0.0,0.0,0.0,-12.16,1.41,0.0,0.0,6.93,-1.67,-10.75,5.26,-5.5
1401,-0.0,0.0,0.0,-0.0,0.0,0.0,-12.92,1.98,-0.0,0.0,7.37,-1.7,-10.94,5.67,-5.27
1411,-0.0,-0.0,-0.0,0.0,-0.0,0.0,-13.74,-1.29,0.0,-0.0,10.74,-1.76,-15.03,8.98,-6.04
1421,0.0,0.0,-0.0,-0.0,0.0,0.0,-13.2,-0.37,0.0,-0.0,9.84,-1.64,-13.57,8.2,-5.38
1431,0.0,-0.0,0.0,0.0,0.0,0.0,-10.61,3.18,-0.0,-0.0,4.86,-1.4,-7.42,3.46,-3.96
1441,0.0,-0.0,0.0,-0.0,0.0,0.0,-10.69,-0.19,-0.0,0.0,8.12,-1.38,-10.88,6.74,-4.14
1451,0.0,0.0,0.0,0.0,0.0,0.0,-11.73,0.4,0.0,0.0,8.15,-1.67,-11.33,6.47,-4.86
1461,0.0,0.0,-0.0,-0.0,-0.0,0.0,-11.08,0.69,0.0,0.0,7.21,-1.45,-10.4,5.76,-4.64
1471,-0.0,-0.0,-0.0,0.0,-0.0,0.0,-11.71,1.08,0.0,-0.0,7.48,-1.57,-10.64,5.91,-4.72
1481,-0.0,-0.0,-0.0,0.0,-0.0,0.0,-11.53,2.72,0.0,-0.0,5.11,-1.54,-8.81,3.57,-5.23
1491,0.0,-0.0,-0.0,0.0,0.0,0.0,-8.85,3.79,0.0,-0.0,3.7,-1.3,-5.05,2.4,-2.66
1501,0.0,0.0,-0.0,0.0,-0.0,0.0,-11.08,0.57,-0.0,-0.0,7.87,-1.52,-10.51,6.35,-4.16
1511,-0.0,-0.0,-0.0,0.0,0.0,0.0,-9.43,1.08,-0.0,0.0,5.86,-1.31,-8.35,4.54,-3.81
1521,0.0,-0.0,-0.0,-0.0,0.0,0.0,-13.14,-0.56,0.0,0.0,8.75,-1.67,-13.7,7.08,-6.62
1531,0.0,-0.0,-0.0,0.0,-0.0,0.0,-11.7,1.58,-0.0,-0.0,7.69,-1.8,-10.12,5.89,-4.23
1541,-0.0,0.0,-0.0,-0.0,0.0,0.0,-12.21,0.44,0.0,0.0,9.01,-1.81,-11.77,7.2,-4.57
1551,-0.0,-0.0,-0.0,-0.0,0.0,0.0,-10.0,0.68,-0.0,-0.0,6.87,-1.38,-9.31,5.48,-3.83
1561,-0.0,-0.0,0.0,0.0,0.0,0.0,-11.26,0.02,0.0,-0.0,9.21,-1.67,-11.24,7.54,-3.7
1571,-0.0,-0.0,0.0,-0.0,0.0,0.0,-9.63,2.77,-0.0,-0.0,4.63,-1.18,-6.87,3.45,-3.42
1581,-0.0,0.0,-0.0,-0.0,-0.0,0.0,-13.3,-2.21,-0.0,-0.0,12.03,-1.73,-15.51,10.3,-5.2
1591,-0.0,-0.0,-0.0,0.0,0.0,0.0,-11.67,1.71,-0.0,0.0,6.94,-1.6,-9.96,5.34,-4.63
1601,0.0,-0.0,0.0,0.0,-0.0,0.0,-12.63,2.89,0.0,-0.0,5.59,-1.65,-9.73,3.94,-5.79
1611,-0.0,-0.0,-0.0,-0.0,0.0,0.0,-10.88,1.77,0.0,0.0,5.68,-1.44,-9.11,4.23,-4.88
1621,-0.0,-0.0,0.0,-0.0,0.0,0.0,-9.98,0.55,-0.0,0.0,6.59,-1.25,-9.42,5.34,-4.09
1631,-0.0,0.0,0.0,0.0,0.0,0.0,-10.62,3.17,-0.0,0.0,4.79,-1.37,-7.45,3.42,-4.03
1641,-0.0,0.0,-0.0,0.0,0.0,0.0,-8.63,3.0,-0.0,-0.0,4.15,-1.11,-5.63,3.04,-2.58
1651,-0.0,0.0,0.0,-0.0,-0.0,0.0,-13.63,-0.72,0.0,-0.0,9.88,-1.68,-14.36,8.2,-6.15
1661,0.0,0.0,-0.0,-0.0,0.0,0.0,-11.29,1.8,-0.0,0.0,6.56,-1.54,-9.49,5.01,-4.47
1671,0.0,0.0,0.0,-0.0,-0.0,0.0,-11.29,2.87,-0.0,0.0,5.75,-1.58,-8.42,4.18,-4.25
1681,-0.0,-0.0,0.0,-0.0,-0.0,0.0,-10.02,3.46,0.0,0.0,4.25,-1.34,-6.56,2.91,-3.65
1691,-0.0,-0.0,0.0,-0.0,-0.0,0.0,-8.78,2.14,-0.0,-0.0,4.79,-1.11,-6.63,3.68,-2.95
1701,-0.0,0.0,0.0,0.0,0.0,0.0,-8.99,2.83,0.0,0.0,4.86,-1.23,-6.16,3.63,-2.53
1711,0.0,-0.0,0.0,-0.0,-0.0,0.0,-9.98,0.09,0.0,0.0,7.48,-1.24,-9.89,6.24,-3.65
1721,-0.0,-0.0,-0.0,-0.0,-0.0,0.0,-10.56,4.05,-0.0,0.0,3.54,-1.41,-6.52,2.13,-4.39
1731,0.0,0.0,-0.0,-0.0,0.0,0.0,-13.38,1.67,0.0,-0.0,6.99,-1.75,-11.71,5.25,-6.46
1741,0.0,-0.0,-0.0,0.0,-0.0,0.0,-9.86,2.97,0.0,-0.0,4.4,-1.28,-6.89,3.12,-3.77
1751,-0.0,0.0,0.0,-0.0,0.0,0.0,-11.89,-0.4,0.0,-0.0,8.2,-1.57,-12.29,6.63,-5.67
1761,0.0,-0.0,0.0,0.0,0.0,0.0,-9.25,5.24,0.0,-0.0,1.52,-1.24,-4.01,0.28,-3.73
1771,-0.0,0.0,0.0,-0.0,0.0,0.0,-14.65,2.52,-0.0,0.0,7.37,-1.85,-12.13,5.52,-6.61
1781,-0.0,0.0,-0.0,0.0,-0.0,0.0,-12.35,0.86,-0.0,-0.0,7.42,-1.62,-11.49,5.8,-5.69
1791,0.0,0.0,0.0,-0.0,0.0,0.0,-10.25,3.61,-0.0,-0.0,4.76,-1.41,-6.64,3.35,-3.28
1801,0.0,-0.0,0.0,0.0,0.0,0.0,-11.32,1.6,-0.0,-0.0,6.51,-1.5,-9.72,5.02,-4.7
1811,0.0,0.0,-0.0,-0.0,0.0,0.0,-13.46,-1.08,0.0,-0.0,10.86,-1.76,-14.54,9.1,-5.44
1821,-0.0,0.0,-0.0,-0.0,0.0,0.0,-10.86,1.46,0.0,0.0,6.63,-1.47,-9.4,5.16,-4.24
1831,-0.0,-0.0,-0.0,0.0,0.0,0.0,-10.86,2.22,0.0,-0.0,6.12,-1.5,-8.64,4.62,-4.02
1841,-0.0,-0.0,0.0,0.0,0.0,0.0,-11.71,5.3,-0.0,0.0,2.79,-1.57,-6.41,1.22,-5.19
1851,0.0,-0.0,-0.0,0.0,-0.0,0.0,-9.33,2.43,0.0,0.0,4.75,-1.2,-6.9,3.56,-3.34
1861,0.0,-0.0,0.0,0.0,-0.0,0.0,-9.09,-1.58,0.0,0.0,8.75,-1.17,-10.67,7.58,-3.09
1871,0.0,-0.0,-0.0,-0.0,0.0,0.0,-6.99,1.35,0.0,-0.0,5.01,-0.92,-5.64,4.09,-1.55
1881,-0.0,0.0,0.0,0.0,-0.0,0.0,-5.69,3.3,0.0,0.0,2.2,-0.59,-2.39,1.61,-0.78
1891,-0.0,-0.0,0.0,0.0,0.0,0.0,-7.77,2.62,0.0,0.0,3.82,-0.9,-5.15,2.92,-2.23
1901,-0.0,-0.0,-0.0,0.0,0.0,0.0,-6.07,2.55,0.0,-0.0,3.13,-0.72,-3.51,2.4,-1.11
1911,0.0,0.0,0.0,0.0,-0.0,0.0,-5.44,4.74,-0.0,0.0,0.48,-0.63,-0.7,-0.15,-0.85
1921,0.0,0.0,-0.0,0.0,0.0,0.0,-6.43,3.74,0.0,0.0,2.04,-0.75,-2.7,1.29,-1.41
1931,-0.0,-0.0,-0.0,0.0,-0.0,0.0,-6.76,0.92,-0.0,0.0,4.83,-0.84,-5.85,3.99,-1.86
1941,-0.0,0.0,-0.0,-0.0,0.0,0.0,-7.69,2.55,0.0,-0.0,3.23,-0.95,-5.14,2.28,-2.85
1951,-0.0,0.0,-0.0,0.0,-0.0,0.0,-8.89,4.17,0.0,-0.0,2.39,-1.14,-4.72,1.25,-3.47
1961,-0.0,-0.0,-0.0,-0.0,0.0,0.0,-9.88,2.19,-0.0,0.0,4.48,-1.2,-7.69,3.27,-4.42
1971,0.0,0.0,-0.0,0.0,-0.0,0.0,-8.2,2.34,-0.0,-0.0,3.88,-0.99,-5.87,2.9,-2.97
1981,0.0,0.0,0.0,-0.0,-0.0,0.0,-8.25,-0.18,-0.0,0.0,6.89,-1.08,-8.44,5.82,-2.62
1991,0.0,0.0,0.0,-0.0,0.0,0.0,-5.73,1.8,0.0,-0.0,3.58,-0.63,-3.93,2.94,-0.98
2001,-0.0,-0.0,-0.0,0.0,-0.0,0.0,-6.44,5.55,0.0,0.0,0.24,-0.81,-0.89,-0.57,-1.46
2011,0.0,-0.0,0.0,-0.0,0.0,0.0,-7.41,3.87,0.0,0.0,2.17,-0.88,-3.53,1.29,-2.24
2021,-0.0,-0.0,0.0,-0.0,0.0,0.0,-5.7,0.6,-0.0,0.0,4.73,-0.62,-5.09,4.11,-0.98
2031,-0.0,-0.0,-0.0,0.0,0.0,0.0,-8.98,0.53,0.0,0.0,5.86,-1.14,-8.45,4.71,-3.74
2041,0.0,0.0,-0.0,0.0,0.0,0.0,-6.79,0.69,0.0,-0.0,5.32,-0.8,-6.09,4.52,-1.57
2051,-0.0,-0.0,0.0,-0.0,0.0,0.0,-5.68,3.02,0.0,0.0,2.38,-0.61,-2.66,1.77,-0.89
2061,0.0,0.0,0.0,-0.0,-0.0,0.0,-7.18,6.06,-0.0,0.0,0.13,-0.92,-1.12,-0.79,-1.91
2071,-0.0,-0.0,0.0,-0.0,0.0,0.0,-8.1,4.83,0.0,0.0,1.62,-0.96,-3.27,0.66,-2.61
2081,0.0,0.0,-0.0,-0.0,-0.0,0.0,-6.99,3.75,0.0,0.0,1.83,-0.92,-3.24,0.91,-2.33
2091,0.0,0.0,0.0,0.0,0.0,0.0,-7.71,4.72,-0.0,-0.0,1.04,-0.92,-2.99,0.13,-2.86
2101,-0.0,-0.0,0.0,-0.0,-0.0,0.0,-7.61,3.37,0.0,-0.0,3.21,-0.96,-4.24,2.25,-1.98
2111,0.0,0.0,0.0,0.0,-0.0,0.0,-11.59,-0.4,0.0,-0.0,7.7,-1.47,-11.99,6.23,-5.76
2121,0.0,0.0,0.0,-0.0,0.0,0.0,-5.56,2.96,0.0,0.0,2.34,-0.58,-2.59,1.77,-0.82
2131,0.0,-0.0,-0.0,-0.0,-0.0,0.0,-4.4,3.84,-0.0,-0.0,2.3,-0.72,-0.56,1.58,1.02
2141,0.0,-0.0,-0.0,0.0,-0.0,0.0,-5.37,2.77,-0.0,-0.0,2.89,-0.59,-2.6,2.3,-0.3
2151,0.0,-0.0,0.0,0.0,0.0,0.0,-6.58,6.09,0.0,0.0,-0.24,-0.82,-0.49,-1.06,-1.55
2161,-0.0,-0.0,0.0,-0.0,-0.0,0.0,-5.32,5.07,-0.0,-0.0,0.79,-0.76,-0.25,0.03,-0.22
2171,0.0,0.0,0.0,0.0,-0.0,0.0,-8.07,2.07,0.0,0.0,4.69,-0.98,-6.0,3.71,-2.29
2181,0.0,0.0,-0.0,-0.0,-0.0,0.0,-9.36,3.29,0.0,-0.0,4.38,-1.26,-6.07,3.11,-2.96
2191,0.0,0.0,-0.0,-0.0,0.0,0.0,-7.9,1.41,-0.0,-0.0,5.91,-1.04,-6.49,4.87,-1.62
2201,-0.0,-0.0,-0.0,-0.0,0.0,0.0,-10.26,-0.01,0.0,0.0,6.69,-1.45,-10.27,5.23,-5.03
2211,0.0,-0.0,0.0,-0.0,-0.0,0.0,-7.69,-1.29,0.0,0.0,8.08,-1.07,-8.98,7.01,-1.97
2221,-0.0,0.0,0.0,0.0,-0.0,0.0,-10.87,2.67,-0.0,-0.0,5.52,-1.48,-8.2,4.04,-4.16
2231,0.0,0.0,-0.0,-0.0,0.0,0.0,-7.25,-0.17,-0.0,0.0,6.42,-0.93,-7.42,5.49,-1.93
2241,-0.0,0.0,-0.0,-0.0,0.0,0.0,-8.97,3.2,-0.0,-0.0,4.15,-1.11,-5.78,3.04,-2.73
2251,-0.0,-0.0,-0.0,-0.0,-0.0,0.0,-7.76,2.54,-0.0,0.0,3.68,-0.93,-5.22,2.74,-2.47
2261,-0.0,-0.0,-0.0,-0.0,-0.0,0.0,-8.08,-0.16,-0.0,0.0,7.06,-1.18,-8.24,5.88,-2.36
2271,0.0,-0.0,0.0,0.0,-0.0,0.0,-6.95,-0.58,0.0,0.0,6.77,-0.87,-7.53,5.89,-1.64
2281,0.0,0.0,0.0,-0.0,-0.0,0.0,-7.72,-1.01,0.0,0.0,6.76,-0.96,-8.73,5.8,-2.93
2291,-0.0,-0.0,0.0,0.0,-0.0,0.0,-8.5,-0.45,0.0,-0.0,7.95,-0.99,-8.96,6.95,-2.0
2301,0.0,-0.0,-0.0,0.0,-0.0,0.0,-8.08,1.17,0.0,0.0,5.87,-1.04,-6.91,4.83,-2.08
2311,-0.0,0.0,-0.0,0.0,0.0,0.0,-6.9,4.53,-0.0,-0.0,1.47,-0.81,-2.37,0.66,-1.71
2321,-0.0,0.0,0.0,-0.0,0.0,0.0,-8.2,4.02,-0.0,0.0,2.6,-1.03,-4.17,1.57,-2.61
2331,0.0,-0.0,0.0,0.0,-0.0,0.0,-5.73,4.58,0.0,-0.0,0.66,-0.59,-1.15,0.08,-1.08
2341,-0.0,0.0,-0.0,-0.0,-0.0,0.0,-4.43,3.71,-0.0,0.0,0.79,-0.42,-0.72,0.37,-0.35
2351,0.0,-0.0,0.0,0.0,-0.0,0.0,-5.85,1.41,-0.0,0.0,4.17,-0.66,-4.44,3.51,-0.93
2361,0.0,0.0,-0.0,-0.0,-0.0,0.0,-6.16,0.38,-0.0,0.0,4.94,-0.78,-5.77,4.15,-1.62
2371,-0.0,0.0,0.0,0.0,-0.0,0.0,-7.6,-0.58,0.0,0.0,8.16,-1.02,-8.18,7.14,-1.04
2381,0.0,0.0,-0.0,-0.0,0.0,0.0,-7.41,5.0,0.0,-0.0,1.12,-0.91,-2.41,0.22,-2.19
2391,-0.0,-0.0,-0.0,0.0,-0.0,0.0,-7.85,1.11,-0.0,-0.0,5.24,-0.97,-6.74,4.27,-2.48
2401,0.0,0.0,0.0,-0.0,0.0,0.0,-7.06,1.11,0.0,0.0,5.34,-0.84,-5.95,4.5,-1.45
2411,-0.0,0.0,-0.0,-0.0,-0.0,0.0,-6.54,4.37,0.0,0.0,1.23,-0.8,-2.17,0.43,-1.74
2421,-0.0,-0.0,-0.0,0.0,-0.0,0.0,-12.54,-0.45,0.0,0.0,9.4,-1.66,-12.99,7.74,-5.25
2431,-0.0,-0.0,-0.0,-0.0,0.0,0.0,-7.24,0.09,0.0,0.0,6.1,-0.99,-7.16,5.11,-2.05
2441,-0.0,-0.0,-0.0,-0.0,0.0,0.0,-7.02,4.03,-0.0,-0.0,1.95,-0.84,-2.99,1.11,-1.88
2451,0.0,-0.0,0.0,-0.0,-0.0,0.0,-7.8,2.1,0.0,0.0,3.66,-1.0,-5.7,2.65,-3.05
2461,-0.0,0.0,0.0,0.0,0.0,0.0,-6.82,3.34,0.0,0.0,2.44,-0.78,-3.47,1.66,-1.81
2471,-0.0,-0.0,-0.0,-0.0,-0.0,0.0,-11.86,2.66,0.0,0.0,6.05,-1.59,-9.2,4.47,-4.73
2481,-0.0,0.0,0.0,0.0,0.0,0.0,-10.17,1.54,0.0,0.0,5.66,-1.29,-8.63,4.37,-4.25
2491,-0.0,0.0,-0.0,-0.0,0.0,0.0,-7.85,6.35,0.0,0.0,0.8,-1.02,-1.5,-0.22,-1.72
2501,-0.0,-0.0,0.0,0.0,0.0,0.0,-9.37,5.35,0.0,-0.0,2.58,-1.23,-4.02,1.35,-2.67
2511,-0.0,0.0,0.0,0.0,-0.0,0.0,-7.52,5.49,0.0,0.0,1.37,-1.0,-2.03,0.37,-1.66
2521,0.0,0.0,0.0,0.0,0.0,0.0,-9.73,1.89,0.0,-0.0,6.15,-1.47,-7.83,4.68,-3.15
2531,0.0,0.0,0.0,0.0,0.0,0.0,-7.61,0.86,0.0,0.0,4.9,-0.9,-6.75,4.0,-2.76
2541,-0.0,0.0,-0.0,-0.0,0.0,0.0,-6.21,4.5,0.0,-0.0,1.07,-0.65,-1.71,0.42,-1.29
2551,-0.0,0.0,-0.0,0.0,0.0,0.0,-10.27,1.98,0.0,-0.0,5.65,-1.31,-8.29,4.35,-3.94
2561,-0.0,0.0,-0.0,-0.0,-0.0,0.0,-5.81,5.32,-0.0,0.0,0.39,-0.69,-0.49,-0.3,-0.79
2571,-0.0,0.0,0.0,-0.0,-0.0,0.0,-6.44,4.8,0.0,-0.0,1.33,-0.74,-1.65,0.59,-1.06
2581,0.0,-0.0,-0.0,0.0,0.0,0.0,-13.04,3.17,0.0,-0.0,6.47,-1.66,-9.87,4.8,-5.07
2591,-0.0,0.0,-0.0,0.0,-0.0,0.0,-5.64,4.94,-0.0,0.0,0.84,-0.73,-0.7,0.11,-0.58
2601,0.0,0.0,0.0,-0.0,-0.0,0.0,-5.26,2.32,0.0,-0.0,3.15,-0.64,-2.94,2.51,-0.42
2611,0.0,-0.0,0.0,0.0,0.0,0.0,-6.3,3.67,0.0,0.0,2.63,-0.92,-2.63,1.71,-0.92
2621,0.0,0.0,0.0,-0.0,-0.0,0.0,-5.07,3.55,0.0,0.0,1.2,-0.48,-1.52,0.72,-0.8
2631,0.0,0.0,-0.0,0.0,0.0,0.0,-6.65,6.87,0.0,0.0,-0.73,-0.84,0.21,-1.56,-1.35
2641,0.0,0.0,0.0,-0.0,0.0,0.0,-5.47,-2.6,-0.0,-0.0,7.79,-0.6,-8.08,7.19,-0.89
2651,0.0,0.0,-0.0,0.0,0.0,0.0,-4.54,4.63,-0.0,0.0,1.1,-0.65,0.09,0.45,0.54
2661,0.0,0.0,0.0,0.0,-0.0,0.0,-6.9,5.89,-0.0,0.0,0.4,-0.94,-1.01,-0.54,-1.55
2671,0.0,0.0,0.0,0.0,-0.0,0.0,-5.69,5.26,0.0,-0.0,0.4,-0.7,-0.43,-0.3,-0.73
2681,0.0,-0.0,0.0,0.0,0.0,0.0,-5.45,5.91,-0.0,0.0,-0.15,-0.69,0.46,-0.84,-0.38
2691,-0.0,-0.0,-0.0,0.0,0.0,0.0,-4.37,2.53,0.0,0.0,2.5,-0.69,-1.83,1.81,-0.02
2701,0.0,0.0,-0.0,-0.0,0.0,0.0,-5.51,6.33,-0.0,0.0,-0.38,-0.84,0.82,-1.22,-0.4
2711,-0.0,0.0,-0.0,-0.0,-0.0,0.0,-4.48,5.12,0.0,0.0,0.08,-0.53,0.64,-0.45,0.19
2721,0.0,-0.0,-0.0,0.0,0.0,0.0,-5.0,2.79,0.0,0.0,2.82,-0.62,-2.21,2.2,-0.01
2731,-0.0,-0.0,0.0,0.0,0.0,0.0,-5.94,3.97,0.0,-0.0,2.06,-0.71,-1.98,1.35,-0.63
2741,0.0,-0.0,-0.0,0.0,0.0,0.0,-6.27,5.31,-0.0,-0.0,0.75,-0.81,-0.95,-0.06,-1.01
2751,-0.0,0.0,0.0,-0.0,0.0,0.0,-5.58,4.28,0.0,0.0,0.94,-0.64,-1.29,0.3,-1.0
2761,0.0,-0.0,-0.0,-0.0,-0.0,0.0,-5.48,4.81,0.0,0.0,0.28,-0.6,-0.67,-0.32,-0.99
2771,-0.0,0.0,-0.0,0.0,-0.0,0.0,-7.54,3.6,0.0,-0.0,2.46,-0.94,-3.94,1.52,-2.42
2781,-0.0,0.0,-0.0,0.0,0.0,0.0,-6.22,5.31,0.0,-0.0,0.82,-0.85,-0.9,-0.03,-0.94
2791,0.0,-0.0,0.0,0.0,-0.0,0.0,-10.0,2.35,0.0,-0.0,4.79,-1.2,-7.66,3.59,-4.07
2801,-0.0,0.0,-0.0,0.0,0.0,0.0,-11.72,1.75,0.0,-0.0,7.38,-1.7,-9.97,5.67,-4.3
2811,-0.0,-0.0,-0.0,-0.0,-0.0,0.0,-11.33,0.73,0.0,0.0,6.36,-1.44,-10.6,4.92,-5.68
2821,0.0,-0.0,-0.0,-0.0,0.0,0.0,-13.66,0.59,0.0,-0.0,7.79,-1.71,-13.07,6.08,-7.0
2831,-0.0,0.0,-0.0,0.0,0.0,0.0,-8.99,5.11,-0.0,-0.0,2.44,-1.19,-3.88,1.25,-2.63
2841,0.0,0.0,0.0,0.0,0.0,0.0,-9.55,4.65,-0.0,-0.0,2.88,-1.4,-4.89,1.48,-3.42
2851,0.0,0.0,-0.0,-0.0,-0.0,0.0,-10.54,0.6,0.0,-0.0,7.55,-1.32,-9.93,6.23,-3.71
2861,-0.0,0.0,-0.0,0.0,0.0,0.0,-7.63,0.84,0.0,0.0,5.13,-1.04,-6.79,4.09,-2.7
2871,-0.0,-0.0,0.0,-0.0,0.0,0.0,-12.45,-2.43,-0.0,-0.0,10.99,-1.62,-14.88,9.37,-5.52
2881,0.0,0.0,0.0,-0.0,0.0,0.0,-11.13,3.45,0.0,0.0,5.28,-1.51,-7.68,3.77,-3.9
2891,0.0,-0.0,-0.0,-0.0,-0.0,0.0,-13.05,3.43,0.0,0.0,5.14,-1.76,-9.62,3.37,-6.25
2901,0.0,0.0,0.0,0.0,0.0,0.0,-14.06,3.97,0.0,-0.0,5.34,-1.84,-10.09,3.5,-6.59
2911,0.0,-0.0,-0.0,0.0,-0.0,0.0,-12.46,2.66,-0.0,0.0,5.75,-1.55,-9.8,4.19,-5.61
2921,-0.0,0.0,0.0,0.0,-0.0,0.0,-13.42,4.1,0.0,-0.0,4.89,-1.66,-9.32,3.23,-6.09
2931,0.0,-0.0,-0.0,-0.0,0.0,0.0,-11.33,3.74,-0.0,-0.0,4.2,-1.56,-7.59,2.64,-4.95
2941,-0.0,-0.0,-0.0,0.0,0.0,0.0,-13.26,-2.11,-0.0,0.0,10.49,-1.76,-15.37,8.73,-6.64
2951,0.0,0.0,0.0,0.0,0.0,0.0,-12.65,2.93,-0.0,-0.0,4.7,-1.57,-9.73,3.14,-6.59
2961,-0.0,0.0,-0.0,0.0,-0.0,0.0,-12.49,2.74,0.0,-0.0,5.36,-1.6,-9.75,3.76,-5.99
2971,-0.0,0.0,-0.0,-0.0,-0.0,0.0,-10.92,1.19,0.0,0.0,6.76,-1.65,-9.73,5.11,-4.62
2981,0.0,0.0,0.0,0.0,0.0,0.0,-12.07,5.55,0.0,-0.0,2.44,-1.57,-6.52,0.87,-5.65
2991,0.0,-0.0,-0.0,0.0,0.0,0.0,-12.52,6.14,0.0,-0.0,2.58,-1.68,-6.38,0.9,-5.48
3001,-0.0,-0.0,-0.0,-0.0,0.0,0.0,-11.81,6.08,-0.0,-0.0,2.89,-1.65,-5.73,1.24,-4.49
3011,0.0,-0.0,-0.0,0.0,0.0,0.0,-11.08,3.58,0.0,0.0,4.12,-1.42,-7.5,2.71,-4.79
3021,0.0,-0.0,-0.0,0.0,0.0,0.0,-11.29,2.82,0.0,-0.0,4.82,-1.46,-8.47,3.36,-5.11
3031,-0.0,0.0,-0.0,0.0,-0.0,0.0,-11.41,-1.78,0.0,-0.0,10.1,-1.7,-13.19,8.4,-4.79
3041,0.0,-0.0,0.0,0.0,0.0,0.0,-12.87,2.64,0.0,-0.0,5.84,-1.7,-10.23,4.14,-6.09
3051,0.0,0.0,-0.0,0.0,0.0,0.0,-13.12,1.92,0.0,0.0,7.4,-1.8,-11.2,5.6,-5.59
3061,0.0,0.0,0.0,-0.0,0.0,0.0,-11.29,2.54,-0.0,-0.0,5.17,-1.5,-8.75,3.67,-5.08
3071,-0.0,0.0,0.0,-0.0,-0.0,0.0,-12.36,3.64,0.0,-0.0,4.59,-1.64,-8.72,2.95,-5.77
3081,-0.0,-0.0,0.0,0.0,0.0,0.0,-14.56,1.17,0.0,0.0,8.89,-1.92,-13.39,6.96,-6.43
3091,-0.0,-0.0,0.0,0.0,-0.0,0.0,-13.21,0.18,0.0,-0.0,8.25,-1.64,-13.03,6.61,-6.42
3101,-0.0,0.0,0.0,-0.0,0.0,0.0,-12.12,3.19,0.0,0.0,5.07,-1.52,-8.93,3.55,-5.38
3111,0.0,0.0,-0.0,-0.0,0.0,0.0,-11.84,-6.28,0.0,-0.0,14.56,-1.65,-18.12,12.91,-5.21
3121,0.0,0.0,0.0,-0.0,-0.0,0.0,-14.39,-4.56,0.0,-0.0,13.16,-1.71,-18.94,11.45,-7.49
3131,-0.0,-0.0,0.0,0.0,0.0,0.0,-11.6,-8.15,-0.0,-0.0,14.66,-1.26,-19.76,13.4,-6.36
3141,0.0,0.0,-0.0,-0.0,0.0,0.0,-12.41,-7.98,0.0,-0.0,16.71,-1.61,-20.39,15.1,-5.29
3151,-0.0,0.0,-0.0,-0.0,0.0,0.0,-14.68,-9.19,-0.0,0.0,17.54,-1.6,-23.87,15.94,-7.93
3161,-0.0,0.0,-0.0,0.0,0.0,0.0,-11.74,2.4,-0.0,0.0,5.94,-1.59,-9.34,4.35,-4.98
3171,0.0,0.0,0.0,-0.0,-0.0,0.0,-13.49,2.61,0.0,-0.0,5.74,-1.69,-10.88,4.05,-6.83
3181,0.0,0.0,-0.0,-0.0,0.0,0.0,-13.93,0.17,-0.0,-0.0,8.83,-1.73,-13.76,7.1,-6.66
3191,0.0,0.0,-0.0,-0.0,0.0,0.0,-14.47,3.71,0.0,0.0,5.98,-1.83,-10.77,4.15,-6.62
3201,-0.0,0.0,0.0,-0.0,0.0,0.0,-12.25,-1.52,-0.0,-0.0,11.16,-1.7,-13.77,9.46,-4.31
3211,-0.0,0.0,0.0,0.0,0.0,0.0,-13.73,0.82,0.0,-0.0,7.79,-1.77,-12.91,6.01,-6.9
3221,0.0,-0.0,0.0,0.0,0.0,0.0,-12.39,2.09,-0.0,-0.0,6.65,-1.74,-10.3,4.91,-5.39
3231,0.0,0.0,-0.0,-0.0,-0.0,0.0,-11.39,4.2,-0.0,-0.0,3.63,-1.57,-7.19,2.06,-5.13
3241,-0.0,0.0,0.0,0.0,-0.0,0.0,-13.71,1.44,-0.0,0.0,6.33,-1.73,-12.27,4.6,-7.68
3251,0.0,-0.0,-0.0,-0.0,0.0,0.0,-13.46,2.98,-0.0,-0.0,6.95,-1.86,-10.48,5.09,-5.39
3261,-0.0,0.0,0.0,-0.0,-0.0,0.0,-12.11,2.6,-0.0,-0.0,5.09,-1.51,-9.51,3.58,-5.93
3271,-0.0,-0.0,-0.0,-0.0,-0.0,0.0,-12.48,2.97,-0.0,-0.0,6.33,-1.72,-9.51,4.61,-4.9
3281,0.0,0.0,0.0,-0.0,-0.0,0.0,-13.86,0.52,0.0,-0.0,8.17,-1.8,-13.34,6.37,-6.97
3291,-0.0,-0.0,0.0,-0.0,0.0,0.0,-11.12,1.32,-0.0,0.0,6.01,-1.43,-9.8,4.58,-5.22
3301,0.0,-0.0,-0.0,0.0,0.0,0.0,-11.49,1.98,-0.0,-0.0,6.52,-1.56,-9.51,4.96,-4.55
3311,0.0,0.0,-0.0,-0.0,0.0,0.0,-13.94,-2.56,0.0,-0.0,10.91,-1.89,-16.5,9.02,-7.48
3321,0.0,0.0,-0.0,0.0,-0.0,0.0,-14.2,0.86,-0.0,-0.0,8.51,-1.8,-13.34,6.71,-6.63
3331,-0.0,0.0,0.0,-0.0,-0.0,0.0,-9.86,0.52,0.0,-0.0,6.57,-1.32,-9.34,5.24,-4.1
3341,-0.0,0.0,0.0,0.0,0.0,0.0,-9.61,1.01,0.0,-0.0,6.37,-1.4,-8.6,4.97,-3.63
3351,0.0,0.0,0.0,0.0,0.0,0.0,-12.94,1.19,-0.0,0.0,8.29,-1.85,-11.74,6.44,-5.3
3361,0.0,0.0,-0.0,-0.0,-0.0,0.0,-10.79,2.16,0.0,0.0,7.67,-1.82,-8.63,5.85,-2.78
3371,0.0,0.0,0.0,-0.0,0.0,0.0,-15.04,-0.35,0.0,-0.0,10.26,-1.98,-15.38,8.29,-7.1
3381,-0.0,0.0,-0.0,-0.0,0.0,0.0,-12.07,0.88,-0.0,-0.0,7.11,-1.58,-11.2,5.53,-5.67
3391,-0.0,0.0,0.0,-0.0,-0.0,0.0,-12.54,1.86,0.0,-0.0,6.23,-1.6,-10.68,4.63,-6.05
3401,-0.0,0.0,-0.0,-0.0,0.0,0.0,-12.26,1.9,0.0,-0.0,6.64,-1.63,-10.36,5.01,-5.35
3411,-0.0,-0.0,-0.0,-0.0,0.0,0.0,-10.39,-5.11,0.0,-0.0,12.89,-1.73,-15.5,11.16,-4.33
3421,-0.0,-0.0,0.0,-0.0,-0.0,0.0,-12.97,0.04,0.0,0.0,7.61,-1.64,-12.93,5.97,-6.96
3431,0.0,0.0,-0.0,0.0,0.0,0.0,-11.14,1.41,0.0,0.0,5.99,-1.44,-9.73,4.56,-5.18
3441,0.0,0.0,0.0,-0.0,-0.0,0.0,-12.77,-6.79,0.0,-0.0,13.77,-1.44,-19.56,12.33,-7.23
3451,0.0,-0.0,0.0,0.0,0.0,0.0,-14.44,1.02,0.0,0.0,7.55,-1.8,-13.42,5.75,-7.67
3461,0.0,-0.0,0.0,0.0,0.0,0.0,-12.51,3.22,0.0,-0.0,6.35,-1.77,-9.28,4.58,-4.71
3471,0.0,-0.0,-0.0,-0.0,0.0,0.0,-9.94,1.02,-0.0,0.0,5.92,-1.45,-8.92,4.47,-4.46
3481,0.0,0.0,0.0,0.0,-0.0,0.0,-10.23,0.67,0.0,-0.0,6.6,-1.37,-9.57,5.23,-4.33
3491,0.0,0.0,0.0,0.0,0.0,0.0,-11.77,2.04,-0.0,0.0,5.76,-1.46,-9.73,4.3,-5.43
3501,-0.0,0.0,0.0,-0.0,-0.0,0.0,-13.17,0.39,0.0,0.0,7.75,-1.66,-12.78,6.09,-6.69
3511,0.0,-0.0,-0.0,0.0,0.0,0.0,-13.05,2.41,-0.0,-0.0,6.67,-1.71,-10.64,4.96,-5.68
3521,-0.0,0.0,0.0,-0.0,0.0,0.0,-13.16,2.48,-0.0,-0.0,5.81,-1.75,-10.68,4.06,-6.62
3531,-0.0,-0.0,0.0,-0.0,0.0,0.0,-9.16,-0.29,0.0,-0.0,6.95,-1.18,-9.45,5.76,-3.69
3541,0.0,-0.0,0.0,-0.0,-0.0,0.0,-12.13,3.99,-0.0,-0.0,3.98,-1.61,-8.14,2.37,-5.77
3551,0.0,-0.0,0.0,0.0,0.0,0.0,-13.49,1.46,-0.0,-0.0,8.04,-1.85,-12.03,6.19,-5.85
3561,0.0,0.0,-0.0,0.0,-0.0,0.0,-13.57,-1.65,-0.0,0.0,10.24,-1.78,-15.23,8.46,-6.77
3571,0.0,-0.0,-0.0,0.0,0.0,0.0,-12.49,1.37,0.0,-0.0,7.96,-1.88,-11.12,6.08,-5.05
3581,-0.0,-0.0,-0.0,-0.0,0.0,0.0,-13.08,-0.4,-0.0,-0.0,8.72,-1.79,-13.48,6.92,-6.56
3591,0.0,-0.0,0.0,0.0,-0.0,0.0,-12.14,-1.36,0.0,0.0,10.21,-1.85,-13.5,8.36,-5.14
3601,0.0,-0.0,-0.0,0.0,0.0,0.0,-14.11,0.13,0.0,0.0,8.82,-1.76,-13.98,7.06,-6.92
3611,0.0,0.0,0.0,-0.0,0.0,0.0,-13.67,4.02,-0.0,0.0,5.62,-1.77,-9.65,3.85,-5.79
3621,-0.0,0.0,-0.0,-0.0,-0.0,0.0,-12.01,1.04,-0.0,-0.0,7.91,-1.65,-10.97,6.25,-4.71
3631,0.0,0.0,-0.0,0.0,-0.0,0.0,-12.64,4.64,0.0,0.0,3.92,-1.69,-8.0,2.23,-5.77
3641,-0.0,0.0,0.0,0.0,0.0,0.0,-14.58,-1.46,-0.0,0.0,11.52,-1.96,-16.05,9.56,-6.49
3651,-0.0,0.0,0.0,0.0,0.0,0.0,-10.99,1.24,0.0,-0.0,7.75,-1.73,-9.76,6.02,-3.74
3661,0.0,-0.0,-0.0,0.0,-0.0,0.0,-13.59,1.13,-0.0,0.0,8.43,-1.93,-12.45,6.5,-5.96
3671,0.0,-0.0,-0.0,0.0,-0.0,0.0,-13.75,1.06,0.0,0.0,7.47,-1.8,-12.69,5.67,-7.02
3681,-0.0,0.0,-0.0,-0.0,-0.0,0.0,-12.64,4.03,0.0,-0.0,7.99,-1.91,-8.62,6.08,-2.54
3691,0.0,0.0,0.0,-0.0,0.0,0.0,-13.2,3.24,-0.0,-0.0,5.1,-1.67,-9.96,3.43,-6.53
3701,0.0,0.0,0.0,-0.0,-0.0,0.0,-12.48,4.67,0.0,0.0,4.27,-1.67,-7.81,2.59,-5.22
3711,0.0,-0.0,-0.0,0.0,0.0,0.0,-13.85,4.71,-0.0,-0.0,4.82,-1.81,-9.14,3.01,-6.13
3721,-0.0,0.0,-0.0,0.0,-0.0,0.0,-12.66,-0.33,-0.0,0.0,8.75,-1.64,-12.99,7.11,-5.88
3731,-0.0,-0.0,0.0,0.0,0.0,0.0,-13.05,2.48,0.0,-0.0,6.36,-1.72,-10.58,4.64,-5.94
3741,-0.0,-0.0,-0.0,-0.0,0.0,0.0,-13.99,0.66,-0.0,-0.0,9.89,-1.91,-13.33,7.97,-5.36
3751,-0.0,0.0,0.0,0.0,0.0,0.0,-12.7,3.99,-0.0,-0.0,4.63,-1.68,-8.71,2.95,-5.76
3761,-0.0,-0.0,0.0,-0.0,0.0,0.0,-10.97,0.53,0.0,-0.0,6.99,-1.36,-10.44,5.64,-4.8
3771,-0.0,0.0,-0.0,0.0,-0.0,0.0,-11.4,-8.08,-0.0,-0.0,15.61,-1.58,-19.47,14.03,-5.44
3781,-0.0,-0.0,0.0,-0.0,0.0,0.0,-13.19,-3.46,0.0,-0.0,12.34,-1.78,-16.65,10.55,-6.1
3791,-0.0,0.0,0.0,-0.0,-0.0,0.0,-11.69,2.35,-0.0,0.0,5.57,-1.54,-9.34,4.03,-5.31
3801,0.0,0.0,0.0,-0.0,0.0,0.0,-10.61,-1.56,-0.0,-0.0,8.88,-1.32,-12.17,7.56,-4.6
3811,-0.0,-0.0,-0.0,0.0,-0.0,0.0,-12.4,-1.01,-0.0,-0.0,9.55,-1.66,-13.41,7.89,-5.52
3821,0.0,-0.0,0.0,0.0,0.0,0.0,-12.47,7.07,0.0,0.0,1.5,-1.65,-5.4,-0.16,-5.56
3831,0.0,-0.0,-0.0,-0.0,0.0,0.0,-13.43,2.0,0.0,0.0,7.75,-1.8,-11.42,5.95,-5.47
3841,0.0,-0.0,0.0,0.0,0.0,0.0,-11.09,4.77,-0.0,0.0,3.24,-1.63,-6.32,1.61,-4.71
3851,-0.0,-0.0,-0.0,-0.0,-0.0,0.0,-9.11,2.71,0.0,0.0,4.71,-1.37,-6.4,3.35,-3.06
3861,-0.0,-0.0,0.0,0.0,-0.0,0.0,-11.75,-1.22,0.0,-0.0,8.6,-1.57,-12.97,7.03,-5.94
3871,0.0,-0.0,0.0,0.0,-0.0,0.0,-9.15,4.46,-0.0,-0.0,2.85,-1.27,-4.7,1.57,-3.12
3881,0.0,0.0,-0.0,0.0,-0.0,0.0,-9.54,5.45,0.0,0.0,1.58,-1.29,-4.09,0.29,-3.81
3891,-0.0,0.0,0.0,0.0,-0.0,0.0,-9.91,3.86,-0.0,0.0,3.5,-1.33,-6.05,2.17,-3.88
3901,0.0,0.0,0.0,0.0,0.0,0.0,-11.53,4.39,-0.0,0.0,5.39,-1.57,-7.14,3.81,-3.33
3911,-0.0,0.0,0.0,-0.0,-0.0,0.0,-10.28,-0.2,-0.0,-0.0,8.7,-1.4,-10.48,7.3,-3.18
3921,-0.0,-0.0,-0.0,0.0,0.0,0.0,-9.36,1.79,0.0,-0.0,5.59,-1.15,-7.57,4.45,-3.12
3931,0.0,-0.0,-0.0,-0.0,0.0,0.0,-11.49,1.66,0.0,-0.0,7.02,-1.63,-9.83,5.39,-4.44
3941,0.0,0.0,-0.0,0.0,0.0,0.0,-11.42,5.64,0.0,0.0,3.82,-1.59,-5.77,2.24,-3.54
3951,0.0,0.0,0.0,0.0,0.0,0.0,-11.34,4.12,0.0,-0.0,5.36,-1.45,-7.22,3.91,-3.31
3961,-0.0,0.0,-0.0,0.0,-0.0,0.0,-11.34,2.73,-0.0,0.0,7.83,-1.63,-8.61,6.2,-2.42
3971,0.0,-0.0,-0.0,-0.0,0.0,0.0,-11.92,3.49,0.0,-0.0,7.11,-1.76,-8.43,5.35,-3.08
3981,-0.0,0.0,0.0,0.0,-0.0,0.0,-10.78,5.85,0.0,0.0,7.54,-1.79,-4.93,5.75,0.82
3991,0.0,-0.0,-0.0,0.0,-0.0,0.0,-12.9,4.14,-0.0,-0.0,8.9,-1.9,-8.76,7.0,-1.76
4001,0.0,0.0,0.0,-0.0,-0.0,0.0,-13.63,2.22,-0.0,-0.0,8.72,-1.9,-11.41,6.82,-4.59


