GENERALIZED BORN:
Complex Energy Terms
Frame #,BOND,ANGLE,DIHED,UB,IMP,CMAP,VDWAALS,EEL,1-4 VDW,1-4 EEL,EGB,ESURF,GGAS,GSOLV,TOTAL
1,494.84,1149.52,1548.7,134.01,83.4,-70.16,-965.6,-9092.73,510.97,7799.0,-7091.62,73.68,1591.96,-7017.94,-5425.97
11,478.35,1186.94,1562.78,135.69,85.0,-68.3,-998.53,-9034.91,510.91,7798.77,-7138.03,71.72,1656.71,-7066.31,-5409.6
21,478.67,1184.89,1559.03,135.55,75.48,-53.17,-1027.67,-9082.2,517.19,7827.94,-7107.62,72.22,1615.68,-7035.39,-5419.71
31,524.86,1167.69,1565.15,142.14,77.71,-68.74,-1021.23,-9063.87,503.47,7799.29,-7131.18,72.27,1626.47,-7058.91,-5432.44
41,501.52,1170.26,1553.37,138.24,73.35,-57.96,-990.49,-8965.2,517.09,7724.73,-7180.8,72.58,1664.92,-7108.22,-5443.31
51,489.96,1194.81,1540.08,134.07,79.42,-68.46,-1003.87,-9011.32,514.94,7785.44,-7176.71,73.07,1655.07,-7103.63,-5448.56
61,515.74,1160.8,1554.83,137.16,81.41,-64.17,-1022.32,-9021.18,503.01,7803.01,-7161.94,72.13,1648.29,-7089.8,-5441.52
71,457.89,1193.77,1540.06,138.46,81.84,-59.22,-999.82,-9033.49,506.76,7838.62,-7187.03,72.98,1664.87,-7114.05,-5449.19
81,508.96,1181.41,1529.93,137.91,87.5,-52.43,-994.62,-8982.97,510.89,7732.84,-7176.0,73.9,1659.42,-7102.09,-5442.67
91,492.54,1206.44,1560.81,140.11,87.04,-67.84,-1011.27,-9009.77,512.44,7792.25,-7181.69,73.16,1702.75,-7108.52,-5405.77
101,477.17,1211.18,1569.36,146.23,72.79,-64.57,-1020.83,-8981.73,527.22,7801.65,-7188.27,71.32,1738.47,-7116.95,-5378.48
111,517.26,1194.83,1538.67,134.35,82.44,-64.35,-984.9,-9020.61,513.07,7790.2,-7157.88,71.76,1700.96,-7086.12,-5385.16
121,489.85,1171.96,1530.08,141.06,76.24,-57.56,-1033.54,-8943.61,524.81,7785.07,-7220.47,72.14,1684.36,-7148.32,-5463.96
131,529.58,1197.38,1550.44,136.75,81.06,-58.74,-1007.07,-8963.15,512.17,7762.83,-7218.26,71.99,1741.26,-7146.26,-5405.01
141,483.15,1201.4,1532.69,136.85,80.71,-60.5,-1015.35,-8811.08,508.88,7758.75,-7345.05,72.94,1815.51,-7272.11,-5456.6
151,496.03,1168.58,1530.32,135.82,81.01,-58.02,-1015.37,-8937.24,507.41,7798.16,-7247.4,72.57,1706.71,-7174.83,-5468.12
161,550.44,1125.62,1539.44,138.54,73.92,-61.13,-1001.45,-8969.75,504.5,7799.92,-7226.49,70.83,1700.06,-7155.66,-5455.6
171,503.36,1194.96,1548.59,135.52,67.48,-55.71,-1017.57,-8800.6,524.49,7699.24,-7273.97,70.77,1799.76,-7203.2,-5403.43
181,527.92,1167.29,1571.33,145.48,85.04,-85.32,-993.78,-8969.4,505.2,7797.62,-7224.32,72.73,1751.36,-7151.59,-5400.23
191,503.02,1129.96,1541.02,136.3,87.65,-64.94,-1003.16,-8881.85,525.57,7797.89,-7286.34,71.29,1771.46,-7215.05,-5443.59
201,512.6,1178.17,1540.71,138.1,75.57,-73.41,-996.92,-8895.29,521.88,7765.78,-7265.15,73.07,1767.21,-7192.07,-5424.86
211,499.88,1207.38,1545.09,143.35,80.44,-73.94,-1010.25,-8814.15,521.89,7745.02,-7330.35,72.44,1844.7,-7257.91,-5413.21
221,496.07,1171.19,1554.52,135.8,79.14,-60.81,-1019.18,-8902.88,506.01,7739.69,-7248.62,70.42,1699.56,-7178.21,-5478.65
231,469.48,1211.06,1536.44,131.29,76.63,-62.48,-999.39,-8878.91,504.43,7760.57,-7295.45,72.68,1749.13,-7222.77,-5473.64
241,495.68,1157.31,1566.62,131.66,83.87,-60.71,-1019.31,-8602.88,503.41,7761.68,-7548.99,71.19,2017.33,-7477.79,-5460.46
251,521.87,1154.6,1548.32,141.18,59.32,-61.71,-1006.98,-8554.47,516.75,7733.75,-7578.6,71.2,2052.64,-7507.4,-5454.76
261,508.43,1168.6,1537.5,140.93,76.7,-52.81,-1002.12,-8711.14,516.85,7793.98,-7474.35,71.38,1976.91,-7402.97,-5426.06
271,513.68,1165.62,1532.96,131.12,94.82,-57.2,-1002.06,-8620.72,514.21,7715.75,-7489.38,71.66,1988.17,-7417.72,-5429.55
281,499.57,1209.84,1541.52,138.3,64.1,-62.84,-992.04,-8768.02,518.51,7813.39,-7433.67,72.56,1962.33,-7361.11,-5398.78
291,538.01,1173.18,1548.31,129.84,71.87,-66.33,-972.65,-8633.48,512.55,7719.14,-7494.21,72.13,2020.43,-7422.08,-5401.65
301,490.19,1226.95,1549.51,136.48,71.99,-55.78,-1019.75,-8783.12,508.37,7749.94,-7387.63,71.61,1874.76,-7316.03,-5441.26
311,536.48,1154.53,1549.51,140.3,81.36,-73.49,-975.06,-8844.84,497.4,7718.09,-7274.84,73.03,1784.28,-7201.81,-5417.53
321,493.65,1196.4,1534.96,135.57,71.78,-60.41,-997.68,-8898.82,504.65,7756.95,-7281.01,71.99,1737.05,-7209.02,-5471.96
331,524.71,1196.08,1551.47,144.39,68.4,-71.55,-1001.48,-8866.0,522.08,7746.52,-7292.73,72.09,1814.6,-7220.63,-5406.03
341,535.94,1226.32,1540.81,134.08,75.55,-53.58,-1003.11,-8883.68,498.57,7739.75,-7266.08,72.42,1810.65,-7193.66,-5383.02
351,519.64,1209.47,1525.33,143.67,87.58,-49.41,-1008.22,-8975.49,500.05,7773.31,-7197.66,72.8,1725.94,-7124.86,-5398.92
361,535.8,1207.1,1553.65,134.28,86.68,-77.27,-1015.89,-8948.68,519.94,7764.6,-7202.11,71.1,1760.21,-7131.01,-5370.8
371,506.86,1145.14,1532.86,130.52,73.17,-68.6,-1024.86,-8961.2,511.8,7839.67,-7243.21,71.39,1685.35,-7171.82,-5486.47
381,505.93,1163.1,1540.46,137.99,78.25,-60.24,-976.67,-8991.41,523.24,7804.31,-7235.68,72.68,1724.96,-7163.0,-5438.04
391,527.99,1196.65,1538.9,136.42,74.23,-54.39,-1021.56,-8983.94,523.02,7750.8,-7163.66,70.68,1688.13,-7092.98,-5404.85
401,492.08,1152.81,1546.13,130.28,80.56,-58.45,-987.15,-8968.55,514.46,7763.32,-7171.47,71.5,1665.49,-7099.97,-5434.48
411,511.82,1202.66,1546.58,137.78,88.16,-69.32,-1026.11,-8950.92,506.78,7757.09,-7193.41,70.69,1704.52,-7122.72,-5418.2
421,504.31,1192.35,1536.67,137.23,69.79,-68.66,-1012.28,-9020.86,508.39,7823.48,-7213.56,72.46,1670.41,-7141.1,-5470.69
431,512.42,1143.33,1566.99,140.84,67.86,-66.75,-999.89,-8920.97,516.78,7781.58,-7252.85,70.59,1742.19,-7182.26,-5440.06
441,543.87,1195.37,1559.46,134.85,84.08,-64.36,-1001.0,-8922.93,498.88,7778.85,-7276.7,71.0,1807.08,-7205.7,-5398.62
451,511.61,1202.73,1563.18,140.53,72.28,-84.59,-987.96,-8923.99,501.97,7757.8,-7244.92,71.98,1753.55,-7172.93,-5419.38
461,508.31,1194.98,1535.93,134.44,82.74,-71.09,-994.31,-8842.14,514.52,7722.42,-7297.46,73.32,1785.82,-7224.15,-5438.33
471,524.01,1217.02,1558.35,136.79,78.27,-76.89,-1003.9,-8819.92,505.19,7745.43,-7325.14,72.36,1864.34,-7252.78,-5388.44
481,523.76,1148.26,1559.04,135.78,86.04,-84.82,-1002.24,-8773.51,517.37,7799.4,-7393.08,72.39,1909.07,-7320.69,-5411.62
491,519.03,1179.22,1549.89,138.49,92.36,-71.0,-1016.48,-8866.65,519.79,7777.48,-7293.72,71.71,1822.12,-7222.01,-5399.88
501,523.47,1201.82,1546.84,140.66,69.51,-71.53,-999.07,-8857.33,496.93,7740.53,-7286.78,71.93,1791.83,-7214.85,-5423.02
511,513.24,1195.43,1548.95,136.89,70.66,-74.43,-1019.53,-8999.01,507.78,7764.02,-7161.66,70.59,1644.01,-7091.08,-5447.07
521,499.89,1216.33,1552.52,131.66,70.8,-63.39,-1008.26,-8943.54,516.02,7709.94,-7174.96,70.86,1681.97,-7104.1,-5422.13
531,535.69,1223.63,1559.94,144.26,78.95,-69.76,-1005.96,-8977.42,511.54,7757.37,-7193.29,70.37,1758.24,-7122.92,-5364.68
541,530.12,1209.71,1534.43,138.41,78.78,-60.81,-1022.15,-8971.59,518.31,7722.03,-7159.09,70.43,1677.24,-7088.65,-5411.42
551,518.7,1179.38,1557.85,134.01,78.79,-70.35,-992.81,-9031.43,511.9,7717.45,-7093.66,70.82,1603.5,-7022.84,-5419.34
561,511.6,1183.21,1557.62,132.25,71.9,-60.01,-978.48,-9179.12,502.18,7726.9,-6990.25,70.77,1468.05,-6919.48,-5451.43
571,507.63,1201.12,1566.11,139.44,74.33,-66.52,-1006.28,-9248.63,500.05,7729.75,-6915.16,69.66,1396.99,-6845.5,-5448.52
581,492.76,1171.82,1538.64,140.07,70.16,-70.95,-1026.5,-9053.22,520.58,7791.5,-7116.33,71.6,1574.87,-7044.72,-5469.85
591,549.31,1207.55,1559.01,138.71,81.37,-82.03,-1011.69,-9262.05,522.1,7753.99,-6895.23,70.17,1456.28,-6825.07,-5368.79
601,525.19,1168.53,1560.1,137.68,77.51,-57.37,-969.05,-9140.1,526.94,7759.66,-7071.36,71.42,1589.08,-6999.94,-5410.86
611,526.13,1220.16,1552.6,143.49,85.63,-62.13,-1016.2,-9354.53,507.18,7779.81,-6831.86,70.7,1382.14,-6761.16,-5379.02
621,531.65,1200.57,1564.52,133.88,79.27,-73.53,-1006.34,-9221.78,502.85,7724.42,-6934.36,70.29,1435.5,-6864.07,-5428.56
631,494.49,1186.4,1528.87,129.47,63.88,-72.3,-991.65,-9329.05,506.99,7780.03,-6880.1,70.57,1297.13,-6809.53,-5512.4
641,554.37,1225.44,1554.43,135.1,85.54,-72.03,-1019.08,-9297.39,487.51,7703.15,-6852.5,70.0,1357.05,-6782.5,-5425.46
651,508.29,1211.74,1557.29,133.96,72.79,-78.31,-994.92,-9023.38,534.15,7743.7,-7137.56,70.31,1665.3,-7067.24,-5401.94
661,505.35,1195.38,1536.29,133.24,82.82,-69.79,-1002.09,-9072.46,509.4,7713.96,-7087.07,69.63,1532.11,-7017.44,-5485.33
671,491.4,1190.04,1545.76,140.83,81.61,-56.7,-1007.36,-9253.46,512.6,7794.07,-6949.8,70.18,1438.8,-6879.62,-5440.82
681,522.49,1123.45,1537.79,132.1,87.54,-63.99,-1020.0,-9117.51,503.44,7759.17,-7054.97,70.08,1464.49,-6984.89,-5520.4
691,513.37,1214.58,1567.07,139.24,68.69,-69.81,-1016.63,-9416.2,503.47,7750.21,-6738.48,70.97,1253.99,-6667.51,-5413.52
701,518.41,1123.47,1548.31,133.21,85.22,-66.51,-1004.43,-9122.44,536.64,7816.15,-7104.51,71.59,1568.02,-7032.92,-5464.89
711,550.3,1141.28,1536.8,134.08,84.1,-71.23,-1005.98,-9101.48,510.22,7765.5,-7077.35,71.34,1543.6,-7006.01,-5462.4
721,515.1,1174.17,1564.08,138.86,74.63,-76.04,-1014.9,-9003.92,515.6,7829.74,-7205.62,68.76,1717.32,-7136.86,-5419.54
731,487.23,1212.2,1551.15,138.16,81.28,-67.77,-1009.02,-9258.87,501.7,7768.37,-6933.07,69.08,1404.42,-6863.99,-5459.57
741,521.11,1138.59,1553.0,137.86,79.32,-62.25,-991.25,-9050.01,511.79,7720.23,-7085.21,71.45,1558.4,-7013.75,-5455.35
751,493.22,1221.26,1567.78,141.0,73.41,-82.87,-998.91,-8969.42,497.73,7726.49,-7173.84,71.83,1669.69,-7102.0,-5432.31
761,514.44,1191.11,1562.5,137.92,74.59,-67.25,-1011.75,-9021.85,523.4,7761.75,-7153.59,70.71,1664.88,-7082.88,-5418.0
771,518.38,1200.74,1556.56,134.83,70.59,-75.58,-1013.01,-9127.48,498.22,7799.09,-7079.19,71.57,1562.35,-7007.62,-5445.28
781,505.71,1184.38,1544.77,134.42,79.6,-63.55,-1004.35,-9368.3,498.22,7754.88,-6787.33,71.45,1265.78,-6715.88,-5450.1
791,509.07,1183.32,1554.06,142.13,72.31,-60.87,-983.68,-9035.77,508.06,7762.73,-7148.82,72.49,1651.38,-7076.33,-5424.96
801,534.25,1180.77,1524.83,133.87,88.63,-64.57,-1017.56,-9092.39,506.0,7764.81,-7090.31,69.71,1558.66,-7020.6,-5461.94
811,506.94,1186.03,1544.13,133.55,90.91,-77.23,-990.03,-9100.6,518.73,7772.39,-7111.19,69.56,1584.82,-7041.63,-5456.81
821,537.69,1151.64,1546.45,127.58,71.26,-71.34,-1010.22,-9161.06,496.37,7768.48,-7031.5,70.46,1456.86,-6961.04,-5504.18
831,513.92,1180.91,1539.96,129.86,66.88,-58.51,-1009.69,-9038.44,502.71,7720.15,-7108.2,70.66,1547.76,-7037.54,-5489.78
841,529.67,1227.08,1544.68,139.6,78.82,-57.68,-1025.6,-9126.66,501.26,7771.67,-7054.75,69.7,1582.86,-6985.05,-5402.18
851,518.95,1192.07,1531.69,148.15,78.42,-62.12,-1008.93,-9221.67,514.79,7780.48,-6969.26,69.99,1471.82,-6899.28,-5427.46
861,522.88,1213.69,1551.8,136.37,82.82,-53.59,-990.35,-9212.41,511.3,7745.3,-6959.48,68.73,1507.8,-6890.75,-5382.94
871,500.62,1196.41,1545.8,130.99,91.55,-71.87,-997.12,-9133.33,511.36,7774.06,-7062.86,69.44,1548.45,-6993.41,-5444.96
881,544.96,1220.18,1557.74,136.08,72.05,-57.92,-1007.99,-8989.75,507.32,7717.92,-7156.51,70.39,1700.58,-7086.13,-5385.54
891,498.13,1179.69,1546.06,132.35,74.08,-63.45,-1004.8,-9182.54,501.95,7736.84,-6958.02,68.59,1418.32,-6889.43,-5471.11
901,537.38,1172.89,1534.97,131.82,79.89,-65.18,-992.64,-8910.9,509.85,7725.14,-7227.65,69.98,1723.21,-7157.67,-5434.46
911,526.65,1189.74,1541.14,141.72,72.76,-67.08,-1000.56,-9015.86,528.55,7764.9,-7119.32,70.36,1681.96,-7048.96,-5367.0
921,497.76,1208.9,1556.94,136.9,71.28,-79.54,-991.17,-9141.8,522.13,7748.0,-7031.32,70.98,1529.4,-6960.34,-5430.94
931,492.53,1176.08,1582.74,136.44,84.66,-66.51,-981.08,-9214.22,529.95,7763.39,-6976.91,70.87,1503.98,-6906.04,-5402.06
941,508.62,1177.43,1551.74,137.24,80.29,-49.4,-1004.77,-9050.53,499.47,7755.35,-7126.95,70.2,1605.43,-7056.75,-5451.32
951,518.43,1168.54,1571.19,138.41,70.01,-71.92,-988.81,-9239.62,519.91,7782.06,-6954.92,71.08,1468.19,-6883.84,-5415.64
961,514.71,1188.68,1580.09,142.1,73.96,-57.43,-1023.36,-9204.94,512.91,7755.23,-6946.89,69.35,1481.95,-6877.55,-5395.59
971,514.36,1158.86,1547.12,128.83,79.96,-69.84,-983.54,-9188.63,527.56,7740.39,-6977.23,70.34,1455.07,-6906.89,-5451.82
981,534.24,1230.71,1569.0,130.02,71.99,-63.29,-1015.92,-9136.4,500.81,7687.82,-6985.35,70.57,1508.98,-6914.78,-5405.8
991,500.57,1203.97,1544.61,132.39,76.64,-70.1,-989.83,-9142.46,516.92,7689.9,-6971.53,72.08,1462.61,-6899.45,-5436.84
1001,523.02,1181.43,1570.78,140.06,74.29,-76.74,-1007.53,-8871.29,510.03,7733.59,-7261.89,71.32,1777.63,-7190.57,-5412.93
1011,481.49,1214.67,1572.44,133.73,67.34,-71.07,-998.53,-9033.63,511.08,7719.62,-7097.96,70.8,1597.14,-7027.17,-5430.02
1021,557.08,1166.39,1538.59,139.98,74.51,-69.0,-997.84,-8995.99,501.44,7704.26,-7143.62,71.49,1619.43,-7072.13,-5452.7
1031,520.43,1174.15,1560.4,134.8,73.32,-74.57,-1009.33,-9244.57,512.99,7748.12,-6920.6,71.08,1395.75,-6849.52,-5453.77
1041,515.01,1200.78,1574.0,139.45,84.77,-71.09,-987.19,-9102.02,508.13,7673.89,-7029.91,71.37,1535.73,-6958.54,-5422.81
1051,497.2,1190.2,1534.1,143.28,79.25,-53.97,-1006.36,-9162.87,535.71,7766.38,-7005.58,71.95,1522.93,-6933.63,-5410.7
1061,513.69,1180.76,1538.26,139.19,71.23,-65.65,-995.22,-9272.48,520.35,7761.42,-6920.72,70.21,1391.55,-6850.51,-5458.96
1071,520.7,1190.83,1559.88,141.65,81.92,-81.67,-975.68,-9269.48,505.33,7795.15,-6953.56,71.65,1468.63,-6881.91,-5413.28
1081,526.72,1216.81,1575.24,133.45,89.71,-77.08,-1000.1,-9207.62,501.76,7753.43,-6958.77,72.54,1512.31,-6886.22,-5373.92
1091,512.91,1170.31,1542.41,137.21,73.58,-58.19,-987.83,-9276.62,522.01,7774.26,-6918.48,72.18,1410.05,-6846.3,-5436.25
1101,488.68,1228.41,1551.64,137.48,91.45,-72.76,-980.04,-9346.71,514.2,7772.81,-6851.3,71.02,1385.15,-6780.28,-5395.13
1111,501.73,1201.79,1554.71,134.11,76.36,-68.9,-1013.21,-9267.33,499.69,7720.61,-6890.2,72.46,1339.57,-6817.74,-5478.17
1121,498.06,1193.27,1536.16,134.34,76.81,-65.18,-987.5,-9311.9,511.01,7765.23,-6874.44,71.63,1350.3,-6802.81,-5452.51
1131,535.2,1199.6,1551.25,140.42,75.29,-72.37,-990.77,-9223.0,509.12,7706.46,-6915.67,72.18,1431.2,-6843.49,-5412.29
1141,528.37,1205.88,1555.91,139.17,81.18,-65.23,-986.83,-9266.62,504.05,7724.33,-6902.93,72.36,1420.21,-6830.57,-5410.36
1151,488.15,1192.98,1531.66,134.92,77.05,-71.26,-1002.79,-9276.03,520.82,7772.3,-6886.63,70.92,1367.81,-6815.71,-5447.91
1161,499.56,1166.27,1553.28,137.26,74.6,-76.2,-997.97,-9272.96,516.6,7756.46,-6921.61,70.93,1356.89,-6850.68,-5493.79
1171,534.82,1167.58,1574.02,136.01,85.55,-80.8,-1006.95,-9218.22,510.21,7783.97,-6946.3,72.35,1486.19,-6873.95,-5387.75
1181,508.39,1194.04,1537.27,137.31,75.08,-64.95,-1013.57,-9224.36,512.97,7780.7,-6974.24,72.77,1442.89,-6901.47,-5458.58
1191,514.25,1227.17,1573.92,135.27,78.37,-64.87,-1027.16,-9146.3,497.62,7797.37,-7042.34,71.22,1585.64,-6971.11,-5385.47
1201,475.72,1219.25,1553.13,142.2,71.95,-76.69,-1006.35,-9158.53,510.43,7787.31,-7033.72,73.0,1518.42,-6960.72,-5442.3
1211,487.25,1205.21,1545.37,141.63,71.09,-74.51,-996.97,-9063.3,500.31,7749.42,-7120.78,70.5,1565.51,-7050.28,-5484.77
1221,516.86,1190.71,1569.49,137.72,78.72,-60.88,-1007.91,-9163.52,516.07,7690.95,-6971.9,70.72,1468.21,-6901.19,-5432.98
1231,474.58,1183.51,1550.0,123.96,77.31,-89.39,-990.92,-9224.62,516.17,7709.93,-6917.68,70.65,1330.54,-6847.02,-5516.49
1241,487.68,1200.12,1574.53,135.71,83.26,-87.24,-1004.28,-9226.78,502.81,7706.44,-6906.35,70.85,1372.26,-6835.5,-5463.24
1251,517.41,1182.51,1572.24,139.23,75.1,-67.75,-1018.01,-8992.02,519.67,7744.7,-7162.73,72.22,1673.08,-7090.52,-5417.43
1261,494.23,1233.86,1550.86,140.28,62.55,-87.91,-1020.24,-9264.92,516.48,7745.06,-6899.45,71.87,1370.24,-6827.58,-5457.34
1271,540.32,1179.86,1541.14,141.03,77.12,-67.71,-1018.36,-9259.51,486.92,7741.73,-6902.61,69.05,1362.54,-6833.57,-5471.03
1281,481.14,1191.49,1556.93,127.43,83.65,-81.26,-1005.1,-8919.92,511.19,7761.73,-7257.46,71.04,1707.28,-7186.43,-5479.15
1291,522.44,1162.81,1562.43,137.2,74.72,-70.4,-986.04,-9188.27,506.5,7742.71,-6987.33,70.24,1464.09,-6917.09,-5453.0
1301,529.45,1192.49,1575.79,137.76,73.47,-73.54,-1012.53,-9053.39,504.76,7771.75,-7129.7,70.04,1646.02,-7059.66,-5413.64
1311,525.31,1201.9,1586.14,141.14,81.7,-74.95,-999.19,-8955.96,522.7,7771.39,-7223.09,69.47,1800.19,-7153.62,-5353.43
1321,538.17,1173.79,1544.44,138.37,65.93,-71.28,-1010.23,-8819.07,498.61,7736.08,-7320.4,71.8,1794.81,-7248.6,-5453.79
1331,494.79,1180.29,1560.0,136.9,78.77,-63.45,-1017.8,-9009.5,524.8,7748.62,-7140.54,69.88,1633.44,-7070.65,-5437.22
1341,499.96,1170.74,1550.1,124.88,79.4,-69.8,-1003.9,-8985.77,521.53,7770.91,-7199.55,70.0,1658.04,-7129.55,-5471.51
1351,525.42,1203.85,1562.54,142.47,67.24,-73.04,-981.72,-9058.89,501.03,7780.77,-7141.73,70.47,1669.68,-7071.27,-5401.59
1361,469.52,1145.17,1562.68,131.67,71.38,-86.47,-975.17,-9102.73,524.12,7780.2,-7084.59,71.76,1520.37,-7012.83,-5492.47
1371,531.07,1225.07,1550.72,138.4,76.78,-75.54,-1001.01,-8958.02,526.55,7700.5,-7196.04,72.27,1714.52,-7123.77,-5409.25
1381,508.6,1170.82,1559.98,139.8,77.99,-69.64,-978.56,-8906.86,507.02,7733.43,-7256.48,71.46,1742.56,-7185.02,-5442.46
1391,497.14,1183.51,1566.12,143.19,78.11,-84.84,-990.96,-9108.11,521.25,7748.65,-7075.63,71.23,1554.06,-7004.4,-5450.34
1401,494.23,1179.79,1556.37,132.44,87.13,-73.66,-963.2,-9042.26,511.73,7767.96,-7123.21,70.54,1650.52,-7052.67,-5402.15
1411,532.39,1222.27,1534.4,141.05,78.46,-68.21,-991.31,-9171.92,513.07,7732.9,-6989.18,71.42,1523.11,-6917.76,-5394.65
1421,521.12,1256.59,1567.23,144.45,68.38,-78.83,-1014.93,-9254.9,514.14,7749.9,-6901.24,69.85,1473.14,-6831.39,-5358.25
1431,549.39,1186.37,1560.09,137.05,81.18,-61.45,-982.72,-9187.68,507.34,7722.54,-6956.16,70.49,1512.12,-6885.68,-5373.55
1441,512.95,1181.38,1542.49,135.37,76.21,-65.32,-995.91,-9140.83,493.73,7744.96,-7021.58,70.34,1485.03,-6951.24,-5466.22
1451,502.87,1208.43,1543.15,134.17,74.88,-69.81,-1014.25,-9099.67,502.6,7713.79,-7033.87,70.34,1496.16,-6963.53,-5467.37
1461,520.97,1199.34,1535.78,141.26,75.39,-75.4,-1017.04,-9179.0,503.01,7745.73,-6966.68,69.06,1450.04,-6897.62,-5447.58
1471,525.34,1217.15,1549.22,137.04,80.15,-75.84,-1005.92,-9077.08,513.41,7704.77,-7038.48,70.72,1568.25,-6967.76,-5399.51
1481,511.64,1141.98,1542.76,125.83,82.55,-77.97,-980.91,-9148.85,518.0,7752.32,-7016.31,70.01,1467.35,-6946.3,-5478.94
1491,530.2,1174.91,1555.54,141.11,76.08,-62.7,-974.77,-8944.2,511.95,7684.6,-7186.28,72.13,1692.73,-7114.15,-5421.42
1501,500.07,1161.8,1577.71,139.09,78.18,-63.17,-1000.29,-8980.53,526.02,7765.81,-7214.29,71.06,1704.68,-7143.22,-5438.54
1511,505.84,1242.4,1546.39,148.07,83.33,-66.84,-1009.7,-9179.26,516.84,7781.58,-7028.02,70.62,1568.66,-6957.41,-5388.75
1521,518.78,1250.32,1554.06,132.34,86.77,-70.17,-1020.81,-9116.3,488.72,7693.66,-7017.02,69.36,1517.37,-6947.67,-5430.3
1531,488.11,1226.15,1542.97,136.17,74.36,-72.39,-986.71,-9236.74,520.62,7788.59,-6974.94,70.98,1481.13,-6903.97,-5422.83
1541,512.18,1206.48,1523.47,142.88,75.97,-67.11,-997.4,-9160.86,515.97,7734.25,-6983.33,70.81,1485.85,-6912.52,-5426.67
1551,529.93,1209.51,1517.59,141.71,84.58,-73.77,-1000.11,-9251.42,506.9,7753.12,-6903.46,70.26,1418.03,-6833.2,-5415.17
1561,502.66,1191.24,1559.34,135.39,75.52,-66.66,-998.19,-9306.93,529.72,7757.55,-6866.85,70.65,1379.64,-6796.2,-5416.56
1571,525.49,1174.23,1572.75,135.73,82.51,-67.44,-982.13,-9356.99,520.51,7754.65,-6812.24,71.38,1359.31,-6740.86,-5381.54
1581,508.03,1221.81,1549.61,145.79,90.57,-69.04,-998.76,-9379.4,532.6,7734.39,-6778.77,70.89,1335.6,-6707.88,-5372.28
1591,506.65,1215.78,1553.04,146.12,76.15,-66.11,-971.83,-9241.48,530.5,7735.77,-6898.86,70.59,1484.6,-6828.27,-5343.67
1601,491.93,1209.02,1550.92,130.6,71.82,-58.27,-1018.61,-9006.65,514.53,7724.3,-7137.19,69.5,1609.6,-7067.69,-5458.09
1611,498.84,1192.82,1560.16,134.0,75.65,-56.51,-991.64,-8952.21,514.76,7734.22,-7192.94,71.61,1710.09,-7121.33,-5411.25
1621,487.72,1152.14,1529.64,128.88,67.34,-72.78,-995.7,-9173.14,522.06,7807.7,-7020.08,72.42,1453.87,-6947.66,-5493.79
1631,534.68,1203.89,1557.58,129.93,85.9,-64.79,-986.19,-9060.18,495.03,7679.15,-7070.12,71.45,1574.97,-6998.68,-5423.7
1641,511.6,1185.74,1554.47,128.02,84.27,-67.88,-974.18,-9006.02,535.97,7791.59,-7205.39,72.05,1743.57,-7133.34,-5389.76
1651,483.74,1178.12,1536.25,136.2,80.87,-60.36,-1006.22,-8964.17,513.41,7744.01,-7221.63,70.96,1641.85,-7150.68,-5508.82
1661,502.94,1194.89,1545.93,136.83,79.23,-61.02,-1013.46,-8933.63,519.59,7771.07,-7267.38,70.62,1742.38,-7196.76,-5454.38
1671,523.31,1203.82,1544.89,140.65,74.48,-71.38,-998.11,-8881.37,523.11,7770.4,-7305.31,70.82,1829.79,-7234.49,-5404.7
1681,493.81,1239.21,1551.41,136.0,62.54,-77.3,-1016.29,-8898.63,510.64,7748.78,-7267.7,71.67,1750.17,-7196.03,-5445.87
1691,515.03,1223.53,1550.31,137.37,73.41,-71.63,-1010.55,-9007.0,517.92,7702.38,-7126.43,72.09,1630.78,-7054.34,-5423.56
1701,501.69,1180.75,1558.78,138.46,86.8,-67.85,-1017.32,-9258.95,497.82,7772.25,-6934.5,71.76,1392.41,-6862.74,-5470.32
1711,496.44,1169.17,1547.37,134.33,85.38,-63.32,-1008.67,-9071.62,505.32,7794.19,-7144.66,69.57,1588.59,-7075.09,-5486.5
1721,507.0,1202.46,1554.57,137.34,58.33,-69.41,-996.54,-9234.86,524.34,7757.83,-6938.62,71.2,1441.06,-6867.42,-5426.36
1731,514.22,1179.61,1546.84,138.82,75.6,-66.01,-1001.45,-9173.2,523.74,7718.07,-6941.69,71.14,1456.24,-6870.55,-5414.31
1741,485.94,1134.15,1537.42,134.12,70.0,-53.44,-1003.24,-9233.98,515.19,7811.85,-6986.57,71.38,1398.02,-6915.19,-5517.17
1751,509.68,1214.54,1544.02,139.0,87.43,-67.24,-1015.99,-9059.26,517.42,7757.61,-7106.93,70.45,1627.21,-7036.48,-5409.27
1761,518.79,1214.77,1550.21,139.96,74.99,-67.12,-1013.04,-9234.74,511.65,7711.48,-6907.57,71.8,1406.96,-6835.78,-5428.82
1771,491.93,1165.86,1552.16,131.77,71.16,-76.87,-990.93,-9149.43,514.74,7752.51,-7015.33,71.27,1462.91,-6944.06,-5481.15
1781,483.46,1192.42,1524.61,130.23,71.6,-47.0,-984.85,-9129.32,527.95,7793.63,-7074.25,71.4,1562.73,-7002.85,-5440.12
1791,496.5,1174.37,1526.31,130.44,80.75,-54.54,-1007.24,-9192.61,517.46,7772.08,-6979.54,71.13,1443.52,-6908.4,-5464.88
1801,519.36,1217.12,1540.28,138.37,79.29,-72.5,-999.26,-9135.11,510.97,7709.75,-7010.15,70.98,1508.28,-6939.17,-5430.89
1811,525.3,1223.95,1537.12,137.22,91.12,-65.77,-1012.56,-9153.66,509.03,7722.71,-6990.85,72.35,1514.45,-6918.5,-5404.05
1821,565.31,1219.69,1534.6,132.28,79.38,-64.97,-992.77,-9180.54,509.68,7733.99,-6981.06,73.15,1536.65,-6907.91,-5371.26
1831,511.92,1164.61,1540.59,134.78,71.47,-65.94,-1008.29,-9262.74,530.27,7812.43,-6941.93,70.72,1429.11,-6871.2,-5442.09
1841,495.53,1236.36,1536.69,136.5,64.91,-68.02,-997.03,-9194.37,510.28,7745.79,-6965.05,70.38,1466.65,-6894.66,-5428.01
1851,496.6,1204.39,1540.5,140.48,78.44,-49.0,-1007.93,-9172.77,504.92,7767.88,-7012.48,70.3,1503.51,-6942.18,-5438.66
1861,482.65,1152.3,1567.78,129.81,76.95,-65.48,-1011.93,-9033.99,524.65,7744.58,-7120.89,71.13,1567.31,-7049.76,-5482.45
1871,539.38,1248.19,1546.02,150.11,75.55,-81.41,-1028.62,-8917.81,522.3,7671.88,-7166.42,71.32,1725.6,-7095.1,-5369.5
1881,490.1,1169.9,1524.84,127.53,70.22,-56.41,-1005.17,-8976.13,511.08,7719.85,-7166.79,70.42,1575.8,-7096.37,-5520.57
1891,546.48,1187.74,1549.95,138.87,80.36,-72.93,-1010.21,-9027.65,511.69,7694.26,-7102.94,70.93,1598.55,-7032.01,-5433.46
1901,549.82,1217.9,1572.09,140.04,82.29,-75.46,-1021.17,-9041.05,504.16,7711.53,-7099.02,69.55,1640.15,-7029.47,-5389.32
1911,503.08,1190.23,1567.42,135.95,81.42,-70.59,-1014.32,-9044.49,526.98,7739.92,-7109.95,70.94,1615.6,-7039.01,-5423.41
1921,513.59,1122.36,1528.84,129.63,86.85,-64.07,-1016.69,-9199.35,526.44,7768.32,-6970.36,72.46,1395.92,-6897.9,-5501.98
1931,528.72,1218.41,1529.07,143.09,85.19,-64.9,-1021.96,-9125.45,508.35,7724.65,-7028.6,71.74,1525.16,-6956.86,-5431.71
1941,507.11,1192.58,1541.38,135.14,76.58,-66.97,-1021.41,-9148.74,504.51,7703.41,-6993.79,70.58,1423.61,-6923.21,-5499.61
1951,513.03,1195.12,1545.57,134.78,73.69,-64.22,-988.01,-9106.5,503.97,7735.86,-7077.99,71.94,1543.28,-7006.05,-5462.76
1961,516.68,1178.39,1562.49,131.81,78.29,-56.86,-1008.66,-9111.58,512.66,7698.37,-7020.44,71.7,1501.58,-6948.73,-5447.15
1971,518.92,1158.72,1549.74,131.9,80.5,-61.43,-1004.07,-9139.09,524.97,7730.84,-7018.78,70.9,1490.98,-6947.87,-5456.9
1981,530.23,1161.41,1537.99,126.47,82.97,-61.33,-988.95,-9060.24,519.7,7728.06,-7113.69,72.28,1576.31,-7041.41,-5465.1
1991,495.19,1186.99,1559.93,131.58,81.36,-61.13,-989.99,-9215.2,522.38,7780.52,-7007.66,72.25,1491.63,-6935.4,-5443.77
2001,511.92,1175.57,1543.4,142.41,71.45,-59.34,-1012.51,-9190.86,509.6,7742.17,-6975.09,71.17,1433.81,-6903.93,-5470.12
2011,525.91,1176.95,1552.08,134.81,77.09,-69.68,-1005.36,-9166.82,516.41,7742.85,-6986.88,71.22,1484.23,-6915.67,-5431.43
2021,518.33,1178.44,1558.28,132.61,74.81,-85.79,-1014.42,-9132.01,524.74,7705.04,-6994.48,71.96,1460.03,-6922.52,-5462.49
2031,511.16,1176.94,1553.26,140.47,75.86,-55.79,-1031.37,-9122.1,521.52,7756.64,-7036.52,70.43,1526.57,-6966.09,-5439.51
2041,515.43,1219.22,1575.27,138.85,80.26,-63.91,-1020.14,-9142.87,498.0,7762.37,-7034.76,71.32,1562.46,-6963.44,-5400.98
2051,502.68,1203.08,1548.53,135.14,81.1,-67.93,-1004.39,-9011.85,523.77,7756.48,-7154.98,72.19,1666.6,-7082.79,-5416.19
2061,502.49,1160.77,1559.01,137.79,73.21,-62.28,-1006.06,-8998.31,518.96,7737.56,-7149.15,72.02,1623.14,-7077.13,-5453.99
2071,484.17,1238.26,1579.38,139.91,74.72,-75.07,-1002.67,-9073.31,529.46,7727.06,-7088.81,72.23,1621.91,-7016.57,-5394.66
2081,493.29,1209.22,1571.94,139.87,88.62,-63.57,-1015.01,-9184.3,522.26,7823.56,-7038.96,71.43,1585.89,-6967.52,-5381.63
2091,522.81,1132.86,1545.3,137.17,86.55,-77.62,-965.49,-9084.34,522.42,7704.69,-7082.08,71.64,1524.36,-7010.44,-5486.08
2101,493.04,1223.26,1546.0,133.6,79.6,-69.72,-989.57,-9094.98,510.81,7765.66,-7095.37,72.42,1597.69,-7022.94,-5425.25
2111,503.13,1261.63,1576.61,140.43,74.52,-69.08,-1037.63,-8948.14,501.43,7751.88,-7179.75,71.7,1754.77,-7108.06,-5353.29
2121,507.3,1179.21,1559.48,131.46,81.36,-62.07,-978.49,-9103.15,519.25,7750.23,-7077.28,72.14,1584.58,-7005.13,-5420.56
2131,525.4,1155.76,1556.86,132.98,76.84,-66.09,-999.5,-9115.44,518.73,7752.61,-7048.97,72.18,1538.16,-6976.78,-5438.62
2141,490.5,1203.17,1552.43,139.95,70.66,-63.03,-1006.62,-9131.39,512.09,7754.5,-7039.95,71.27,1522.25,-6968.68,-5446.43
2151,478.22,1217.98,1551.96,134.14,80.65,-68.77,-1034.52,-9113.78,513.35,7763.98,-7037.95,70.76,1523.19,-6967.19,-5444.0
2161,547.01,1194.87,1586.39,135.85,82.8,-79.65,-1002.23,-9083.68,502.12,7702.57,-7076.53,71.33,1586.04,-7005.2,-5419.16
2171,502.05,1226.42,1557.59,132.57,71.01,-73.38,-1021.72,-8964.29,494.22,7698.65,-7164.75,72.81,1623.12,-7091.94,-5468.82
2181,506.82,1172.19,1566.84,130.23,74.76,-66.8,-1007.17,-8954.79,493.43,7736.44,-7185.45,71.76,1651.95,-7113.69,-5461.74
2191,536.53,1202.74,1557.97,135.67,76.87,-77.34,-1002.84,-9019.07,507.34,7713.41,-7099.84,71.06,1631.29,-7028.78,-5397.49
2201,525.22,1187.18,1545.32,138.22,73.0,-82.22,-983.23,-8975.89,501.01,7708.24,-7160.17,70.26,1636.85,-7089.91,-5453.06
2211,506.49,1195.38,1545.66,135.07,71.27,-52.19,-1007.03,-9062.24,507.46,7728.92,-7110.34,72.77,1568.77,-7037.57,-5468.8
2221,490.72,1178.45,1554.52,132.25,80.95,-68.66,-1007.47,-8920.54,524.79,7756.48,-7253.8,71.48,1721.48,-7182.32,-5460.84
2231,533.72,1208.9,1555.21,136.72,78.1,-64.97,-1000.02,-9011.7,515.87,7699.7,-7117.66,71.78,1651.51,-7045.88,-5394.36
2241,505.81,1243.48,1549.43,143.21,77.83,-61.88,-990.0,-8796.82,522.0,7713.44,-7368.13,71.17,1906.5,-7296.96,-5390.46
2251,512.06,1181.45,1563.0,126.18,85.25,-71.35,-1024.55,-8930.01,509.62,7690.11,-7167.44,72.08,1641.75,-7095.36,-5453.6
2261,502.61,1202.2,1559.67,136.5,71.38,-60.17,-991.63,-8772.57,487.84,7782.8,-7410.86,73.06,1918.63,-7337.79,-5419.17
2271,514.14,1200.05,1554.54,145.21,68.69,-72.06,-983.85,-8733.7,513.97,7706.87,-7410.84,70.8,1913.86,-7340.04,-5426.18
2281,529.61,1193.7,1544.95,134.44,77.62,-74.34,-1020.84,-8645.24,510.52,7697.67,-7479.24,71.31,1948.11,-7407.94,-5459.82
2291,548.07,1202.33,1541.31,138.56,69.98,-72.91,-980.05,-8681.18,498.95,7703.47,-7469.58,72.61,1968.52,-7396.98,-5428.46
2301,481.35,1207.0,1557.46,138.76,80.11,-61.97,-994.93,-8817.34,515.57,7752.49,-7371.43,71.88,1858.49,-7299.55,-5441.06
2311,504.52,1193.2,1549.29,134.59,81.01,-79.72,-1005.82,-8741.82,507.02,7727.55,-7418.38,72.52,1869.81,-7345.86,-5476.05
2321,529.59,1164.33,1550.6,128.54,70.26,-75.36,-1008.57,-8926.94,508.02,7775.45,-7249.81,71.56,1715.91,-7178.25,-5462.34
2331,486.05,1222.06,1566.21,137.64,77.15,-78.42,-999.41,-8907.98,512.27,7780.74,-7304.75,71.92,1796.3,-7232.83,-5436.53
2341,533.16,1177.8,1567.14,144.18,73.1,-82.29,-1015.66,-9029.15,514.09,7755.87,-7146.71,70.98,1638.24,-7075.73,-5437.49
2351,490.14,1211.42,1550.0,135.59,66.84,-74.4,-977.16,-8795.05,507.78,7811.7,-7387.47,71.2,1926.85,-7316.27,-5389.42
2361,503.88,1173.54,1563.89,132.61,79.06,-66.61,-1029.52,-8941.93,508.73,7770.76,-7217.85,70.16,1694.4,-7147.69,-5453.29
2371,516.47,1220.57,1539.87,137.67,74.26,-70.98,-1019.47,-8786.1,487.59,7726.08,-7345.85,72.66,1825.96,-7273.19,-5447.23
2381,535.22,1129.18,1556.74,133.41,79.61,-65.85,-978.35,-8763.49,493.86,7798.49,-7439.32,71.64,1918.81,-7367.68,-5448.88
2391,508.64,1174.64,1534.52,134.26,71.97,-61.47,-1014.28,-8935.09,523.12,7794.77,-7274.37,70.76,1731.07,-7203.61,-5472.54
2401,510.63,1158.22,1561.9,125.18,82.12,-69.96,-1022.29,-8823.45,517.29,7697.67,-7306.4,70.91,1737.31,-7235.49,-5498.18
2411,501.38,1260.97,1529.49,137.98,76.93,-71.83,-1000.21,-9049.28,521.65,7716.8,-7104.5,71.0,1623.88,-7033.51,-5409.62
2421,535.3,1184.49,1540.95,130.78,69.61,-73.6,-994.81,-9193.41,505.6,7759.81,-6983.44,71.11,1464.73,-6912.33,-5447.6
2431,561.27,1188.75,1530.86,138.32,88.27,-74.73,-980.81,-9070.19,524.62,7664.04,-7056.81,72.1,1570.4,-6984.71,-5414.3
2441,487.57,1212.86,1542.85,128.42,78.59,-72.62,-990.29,-8949.11,530.59,7762.44,-7243.64,71.65,1731.29,-7171.99,-5440.7
2451,498.64,1193.02,1552.66,134.32,75.58,-62.35,-998.74,-9170.3,522.6,7770.5,-7040.91,70.6,1515.92,-6970.31,-5454.39
2461,479.24,1196.91,1561.27,134.85,75.58,-63.85,-1005.58,-9204.72,530.71,7823.44,-7003.57,73.17,1527.85,-6930.4,-5402.55
2471,504.53,1138.94,1579.39,137.78,74.89,-64.89,-995.34,-9074.74,529.41,7737.32,-7085.87,73.48,1567.29,-7012.39,-5445.1
2481,509.86,1185.96,1574.49,144.17,86.85,-79.19,-1020.11,-8990.43,529.86,7728.67,-7142.85,70.35,1670.13,-7072.49,-5402.36
2491,472.53,1184.38,1548.84,132.66,73.96,-62.61,-996.85,-9122.58,529.71,7714.09,-6993.39,71.26,1474.15,-6922.13,-5447.98
2501,491.43,1175.34,1555.28,134.13,81.25,-64.53,-995.58,-8947.97,508.33,7739.69,-7202.63,71.89,1677.37,-7130.74,-5453.38
2511,523.13,1163.38,1564.4,132.41,72.87,-67.07,-997.27,-8909.78,526.62,7712.8,-7193.37,71.7,1721.49,-7121.67,-5400.19
2521,505.0,1172.69,1554.04,137.1,85.3,-71.73,-969.09,-8822.48,505.63,7738.77,-7356.77,73.18,1835.23,-7283.58,-5448.35
2531,511.07,1190.91,1552.58,136.68,86.33,-57.4,-992.08,-9019.8,509.77,7762.11,-7142.02,72.36,1680.17,-7069.65,-5389.48
2541,554.76,1221.9,1556.69,144.45,69.68,-61.11,-1007.19,-8918.82,502.56,7689.66,-7170.91,73.1,1752.58,-7097.82,-5345.24
2551,517.07,1180.06,1553.0,128.32,88.88,-78.76,-981.95,-8946.42,508.64,7731.42,-7191.83,74.39,1700.27,-7117.45,-5417.18
2561,524.9,1149.19,1560.96,131.79,76.21,-63.57,-977.99,-8995.23,534.84,7726.68,-7144.76,75.27,1667.78,-7069.49,-5401.7
2571,512.47,1215.46,1568.16,133.37,89.53,-70.12,-977.82,-8815.85,503.48,7711.37,-7311.67,75.46,1870.03,-7236.21,-5366.17
2581,503.0,1159.44,1568.27,132.79,78.2,-69.11,-989.96,-9049.56,529.31,7745.91,-7103.04,74.22,1608.3,-7028.81,-5420.51
2591,510.6,1197.12,1566.09,136.47,86.55,-80.21,-961.01,-9091.32,510.29,7700.41,-7049.55,74.76,1574.98,-6974.8,-5399.81
2601,502.83,1173.89,1564.51,127.64,78.51,-86.29,-992.65,-8828.6,507.52,7721.23,-7303.66,75.98,1768.59,-7227.67,-5459.08
2611,525.3,1198.06,1564.83,139.0,70.08,-68.19,-990.15,-8818.42,512.89,7714.39,-7296.63,75.01,1847.78,-7221.62,-5373.83
2621,522.13,1200.33,1561.9,138.42,78.09,-82.97,-1004.32,-8775.94,513.44,7737.64,-7385.75,74.3,1888.72,-7311.45,-5422.73
2631,517.89,1220.68,1542.84,134.11,71.44,-70.42,-979.09,-8788.86,512.63,7685.22,-7323.97,75.08,1846.43,-7248.89,-5402.45
2641,486.16,1188.69,1552.3,136.62,75.75,-68.69,-988.63,-8920.18,514.88,7733.46,-7226.26,74.64,1710.36,-7151.62,-5441.25
2651,520.64,1190.4,1583.57,125.9,81.69,-78.54,-970.48,-8774.35,511.06,7739.77,-7401.91,75.45,1929.66,-7326.46,-5396.8
2661,487.46,1172.6,1547.72,137.49,73.46,-76.14,-997.08,-8839.14,516.06,7763.27,-7323.02,74.45,1785.7,-7248.57,-5462.87
2671,535.99,1164.59,1531.85,134.74,72.92,-74.46,-983.24,-8882.19,518.44,7769.27,-7306.21,74.26,1787.91,-7231.95,-5444.04
2681,548.52,1183.7,1545.38,127.57,81.63,-67.13,-960.19,-8704.22,520.07,7713.28,-7455.69,75.33,1988.61,-7380.37,-5391.76
2691,507.25,1195.9,1541.27,141.19,71.55,-66.34,-999.05,-9009.87,516.94,7731.87,-7127.61,75.68,1630.71,-7051.92,-5421.22
2701,523.99,1208.41,1557.23,137.27,79.66,-65.82,-952.63,-8665.18,529.31,7728.91,-7512.63,74.55,2081.16,-7438.08,-5356.92
2711,496.25,1203.89,1554.9,142.62,79.25,-64.01,-958.3,-8704.09,502.11,7758.81,-7474.29,73.83,2011.43,-7400.46,-5389.03
2721,495.76,1136.26,1562.61,131.54,74.43,-63.73,-993.42,-8722.37,518.3,7742.02,-7429.66,73.34,1881.39,-7356.31,-5474.93
2731,510.08,1236.32,1548.61,137.36,73.23,-61.9,-988.02,-8873.59,499.74,7764.48,-7309.75,72.82,1846.32,-7236.93,-5390.61
2741,514.16,1223.91,1533.74,134.95,67.46,-52.29,-1003.79,-8762.27,504.66,7700.02,-7363.45,73.76,1860.57,-7289.69,-5429.12
2751,512.38,1194.39,1562.75,134.86,86.12,-70.87,-990.17,-8764.82,506.86,7697.43,-7358.53,74.65,1868.92,-7283.88,-5414.97
2761,518.14,1188.43,1579.2,143.44,92.85,-73.69,-961.05,-8677.38,511.91,7706.32,-7461.07,73.94,2028.16,-7387.13,-5358.97
2771,501.7,1236.42,1542.89,136.59,67.74,-46.06,-986.16,-8748.79,520.9,7694.57,-7411.87,73.71,1919.8,-7338.16,-5418.36
2781,515.69,1203.92,1552.38,132.81,82.24,-57.91,-979.27,-8768.27,522.58,7716.58,-7397.65,73.15,1920.75,-7324.51,-5403.76
2791,517.48,1151.06,1554.18,126.03,65.21,-59.16,-994.98,-8863.69,498.17,7744.23,-7310.28,72.89,1738.54,-7237.39,-5498.85
2801,492.04,1189.03,1550.97,132.07,81.39,-72.63,-1000.39,-8893.18,516.48,7717.62,-7266.64,74.05,1713.39,-7192.59,-5479.2
2811,498.65,1155.15,1566.49,133.41,84.2,-70.83,-965.58,-8899.95,523.28,7678.84,-7243.24,73.6,1703.65,-7169.63,-5465.98
2821,504.86,1176.52,1549.32,131.89,70.11,-56.33,-994.51,-8716.32,497.64,7721.03,-7426.81,72.93,1884.2,-7353.88,-5469.68
2831,493.58,1217.62,1539.44,130.84,77.45,-68.88,-1000.13,-8857.19,518.76,7718.5,-7292.69,72.51,1769.98,-7220.18,-5450.2
2841,535.26,1207.34,1552.39,134.1,82.44,-63.61,-991.38,-8880.68,501.61,7709.49,-7270.19,72.4,1786.97,-7197.79,-5410.82
2851,545.37,1169.85,1567.09,130.95,89.43,-63.59,-968.14,-8883.75,488.66,7704.06,-7270.32,74.03,1779.95,-7196.28,-5416.34
2861,510.18,1157.11,1548.7,133.71,73.91,-65.43,-980.27,-8862.51,510.49,7684.49,-7262.79,73.44,1710.38,-7189.35,-5478.97
2871,525.17,1161.73,1551.82,130.75,73.33,-62.88,-1013.48,-8875.58,494.94,7723.11,-7263.61,72.51,1708.9,-7191.1,-5482.19
2881,524.41,1208.07,1532.54,138.65,70.18,-58.75,-977.7,-8913.17,505.96,7736.3,-7277.01,72.76,1766.49,-7204.24,-5437.75
2891,529.92,1224.11,1552.26,138.66,78.1,-57.82,-1015.54,-8980.73,508.78,7712.74,-7180.13,73.11,1690.47,-7107.02,-5416.55
2901,533.49,1150.69,1551.75,135.64,72.34,-69.05,-1003.96,-8972.36,497.28,7774.0,-7204.39,73.34,1669.82,-7131.05,-5461.22
2911,475.49,1183.87,1563.64,128.67,78.52,-57.22,-972.52,-8967.97,522.94,7650.87,-7143.73,73.8,1606.31,-7069.92,-5463.61
2921,505.9,1184.21,1543.82,141.01,72.0,-55.93,-963.98,-8955.64,519.61,7669.15,-7200.22,73.14,1660.15,-7127.07,-5466.92
2931,512.82,1217.04,1533.0,141.38,80.85,-61.24,-989.34,-8949.96,501.04,7650.01,-7145.1,71.86,1635.59,-7073.23,-5437.64
2941,536.16,1212.75,1539.8,138.57,75.36,-77.45,-1003.38,-8961.91,523.01,7731.94,-7203.67,73.96,1714.84,-7129.7,-5414.86
2951,503.78,1239.12,1548.27,137.36,75.16,-61.1,-995.08,-8984.67,524.66,7662.3,-7132.72,73.54,1649.8,-7059.18,-5409.38
2961,540.2,1168.83,1551.23,132.35,71.23,-61.94,-978.92,-9036.22,495.44,7708.54,-7095.14,73.78,1590.74,-7021.36,-5430.61
2971,538.69,1244.49,1564.78,143.28,68.29,-57.4,-995.77,-9059.6,519.29,7636.11,-7041.61,71.22,1602.15,-6970.39,-5368.24
2981,528.86,1145.26,1539.06,127.72,66.78,-56.55,-987.49,-8965.01,504.66,7703.1,-7144.14,73.58,1606.39,-7070.56,-5464.17
2991,537.73,1164.75,1547.71,142.86,76.8,-65.37,-980.83,-9022.05,505.86,7668.61,-7090.45,73.19,1576.06,-7017.25,-5441.19
3001,503.84,1166.39,1557.16,134.07,82.85,-65.12,-985.28,-9024.09,501.99,7717.06,-7136.33,73.1,1588.87,-7063.23,-5474.36
3011,507.6,1227.31,1566.17,137.4,75.53,-74.47,-971.71,-9061.19,512.83,7712.13,-7091.16,74.01,1631.6,-7017.15,-5385.55
3021,530.15,1189.21,1578.67,132.56,81.31,-63.91,-970.6,-9037.9,522.12,7681.85,-7096.59,73.81,1643.47,-7022.78,-5379.31
3031,484.11,1173.96,1553.5,135.9,75.34,-76.2,-1002.29,-9058.01,501.21,7706.41,-7070.87,72.28,1493.93,-6998.59,-5504.66
3041,522.02,1215.26,1563.15,134.97,83.41,-58.01,-1008.47,-8833.32,517.31,7648.54,-7251.52,72.63,1784.87,-7178.89,-5394.02
3051,514.89,1207.17,1556.48,134.33,74.51,-67.35,-1003.99,-8858.12,510.48,7730.3,-7263.86,72.02,1798.7,-7191.84,-5393.13
3061,505.73,1217.01,1554.28,139.4,87.15,-62.23,-1010.43,-8850.01,518.67,7716.76,-7289.65,73.96,1816.33,-7215.69,-5399.36
3071,503.92,1124.3,1547.53,130.53,74.83,-64.69,-965.1,-8999.26,512.86,7704.84,-7129.52,72.75,1569.76,-7056.77,-5487.01
3081,544.86,1181.09,1548.86,142.29,81.27,-78.93,-1008.54,-9046.61,511.38,7712.11,-7069.16,71.6,1587.76,-6997.56,-5409.8
3091,527.49,1201.34,1558.06,131.91,80.32,-64.2,-993.95,-8996.88,491.28,7692.32,-7128.05,73.46,1627.69,-7054.59,-5426.9
3101,517.99,1182.22,1568.85,135.91,74.65,-67.0,-964.35,-9080.54,511.31,7685.66,-7054.28,73.22,1564.7,-6981.07,-5416.37
3111,513.35,1143.06,1546.44,139.05,74.8,-54.75,-956.48,-9200.41,505.32,7733.09,-6983.47,71.75,1443.48,-6911.73,-5468.25
3121,510.94,1186.41,1551.36,133.86,81.6,-66.62,-1006.07,-9108.67,502.44,7697.48,-7020.53,73.39,1482.71,-6947.14,-5464.43
3131,504.68,1221.64,1545.82,134.6,70.81,-61.88,-975.26,-9120.43,514.51,7693.32,-7021.68,72.87,1527.82,-6948.81,-5420.99
3141,510.88,1186.85,1552.73,146.03,84.49,-60.33,-993.13,-9001.82,518.38,7721.37,-7149.08,73.11,1665.45,-7075.97,-5410.52
3151,489.61,1170.94,1540.27,130.86,76.35,-75.04,-982.81,-9004.6,497.35,7673.97,-7097.89,72.84,1516.91,-7025.05,-5508.14
3161,482.62,1193.84,1585.52,140.37,71.38,-86.11,-1005.7,-8893.64,519.35,7715.75,-7252.74,72.7,1723.36,-7180.04,-5456.68
3171,524.73,1206.51,1575.69,128.19,71.77,-65.97,-974.01,-8840.53,514.19,7671.02,-7288.48,72.14,1811.57,-7216.33,-5404.76
3181,506.86,1205.15,1550.01,144.44,82.83,-69.15,-987.37,-9027.97,516.28,7702.12,-7085.99,71.73,1623.2,-7014.26,-5391.06
3191,525.26,1181.56,1559.02,134.68,75.76,-80.98,-1002.27,-8849.62,494.93,7670.49,-7237.14,71.2,1708.84,-7165.95,-5457.1
3201,524.2,1174.58,1539.6,134.89,77.32,-45.57,-984.34,-9000.67,507.71,7745.78,-7156.43,72.24,1673.5,-7084.19,-5410.69
3211,511.68,1219.45,1560.25,136.72,74.05,-63.59,-993.84,-9005.31,512.63,7710.18,-7149.97,71.75,1662.21,-7078.23,-5416.01
3221,511.74,1227.17,1575.75,126.99,64.7,-71.67,-982.36,-8957.54,501.99,7683.54,-7167.93,73.06,1680.31,-7094.87,-5414.56
3231,483.7,1181.52,1573.61,131.29,67.32,-65.72,-998.44,-8962.54,523.28,7753.4,-7214.48,72.47,1687.42,-7142.01,-5454.6
3241,520.83,1179.08,1543.64,130.82,81.37,-63.59,-984.63,-8949.94,515.89,7776.44,-7236.42,71.79,1749.9,-7164.64,-5414.73
3251,474.5,1204.87,1565.3,139.14,82.5,-65.86,-1013.13,-8981.81,519.8,7739.23,-7160.77,73.21,1664.52,-7087.57,-5423.04
3261,495.95,1182.86,1580.6,132.93,72.98,-77.85,-997.46,-8952.49,529.49,7695.17,-7195.76,72.89,1662.18,-7122.87,-5460.69
3271,503.12,1153.63,1572.97,131.26,80.85,-66.06,-1007.64,-8974.15,525.85,7692.0,-7151.17,71.49,1611.82,-7079.68,-5467.86
3281,517.98,1146.21,1565.52,136.45,80.94,-72.38,-992.1,-9022.67,523.06,7739.43,-7125.85,72.93,1622.45,-7052.92,-5430.47
3291,512.95,1181.5,1555.4,134.45,72.15,-56.19,-981.12,-9028.36,504.21,7731.36,-7121.97,73.5,1626.36,-7048.47,-5422.11
3301,500.49,1179.93,1538.06,132.74,71.43,-71.11,-1005.79,-8969.85,512.89,7713.22,-7166.02,72.55,1602.0,-7093.47,-5491.47
3311,514.11,1175.04,1550.81,134.96,59.84,-57.94,-995.04,-9072.64,528.11,7719.88,-7058.73,72.39,1557.12,-6986.34,-5429.22
3321,531.45,1148.03,1572.49,139.28,72.49,-72.25,-1001.59,-9103.02,513.75,7727.48,-7048.13,72.02,1528.11,-6976.11,-5448.0
3331,509.23,1171.12,1566.91,135.32,73.39,-63.33,-973.34,-8976.23,507.91,7717.23,-7160.7,73.02,1668.23,-7087.69,-5419.46
3341,491.62,1195.6,1558.51,128.4,84.63,-61.06,-973.31,-9009.15,530.77,7740.45,-7156.64,72.85,1686.46,-7083.79,-5397.33
3351,510.48,1246.74,1562.29,141.94,83.47,-88.38,-980.03,-8867.36,514.55,7708.06,-7267.64,72.66,1831.75,-7194.99,-5363.24
3361,529.11,1208.97,1566.41,141.23,73.55,-72.27,-958.16,-9125.43,505.51,7685.37,-7014.0,73.98,1554.3,-6940.02,-5385.72
3371,508.01,1160.93,1538.3,140.98,81.98,-73.44,-984.84,-9011.4,516.13,7777.34,-7152.59,72.98,1653.98,-7079.61,-5425.63
3381,481.88,1218.23,1533.75,137.13,77.84,-67.72,-998.1,-9119.63,501.29,7733.35,-7027.11,72.82,1498.02,-6954.29,-5456.28
3391,536.8,1182.05,1555.45,127.98,78.59,-79.5,-979.95,-9104.48,500.46,7669.81,-7002.97,72.73,1487.2,-6930.24,-5443.04
3401,511.44,1204.43,1544.78,128.82,77.41,-64.97,-998.97,-9072.37,502.37,7718.04,-7073.19,73.1,1550.97,-7000.09,-5449.11
3411,518.02,1214.87,1549.19,141.56,84.34,-81.2,-989.2,-9231.7,510.24,7758.48,-6945.58,72.77,1474.6,-6872.81,-5398.21
3421,513.22,1130.76,1571.54,132.01,78.3,-71.29,-963.85,-9198.35,534.42,7816.79,-7012.1,73.21,1543.55,-6938.89,-5395.34
3431,535.46,1278.14,1554.37,140.35,72.51,-66.2,-996.14,-9067.53,497.05,7677.16,-7039.14,72.65,1625.17,-6966.48,-5341.31
3441,503.23,1199.14,1586.88,132.26,70.73,-83.69,-980.29,-9169.79,502.75,7764.31,-7034.42,71.83,1525.53,-6962.59,-5437.06
3451,524.2,1208.92,1544.76,134.85,72.79,-68.07,-980.22,-9037.16,499.36,7726.71,-7118.79,74.06,1626.15,-7044.73,-5418.58
3461,486.44,1234.35,1575.9,133.8,71.07,-70.91,-1008.07,-9161.39,502.31,7771.6,-7029.7,72.8,1535.1,-6956.91,-5421.81
3471,500.91,1186.68,1546.97,138.34,76.6,-68.92,-1010.8,-9101.32,517.37,7750.31,-7045.58,72.51,1536.13,-6973.06,-5436.94
3481,507.44,1188.93,1531.14,139.81,70.9,-71.66,-980.59,-9044.53,519.97,7790.91,-7122.34,72.12,1652.32,-7050.22,-5397.9
3491,457.08,1208.25,1535.35,132.55,76.15,-66.92,-962.72,-9080.05,522.46,7764.46,-7112.73,73.31,1586.62,-7039.42,-5452.8
3501,508.44,1179.58,1565.83,141.64,77.81,-89.67,-975.92,-9137.76,543.7,7778.32,-7064.05,73.35,1591.96,-6990.7,-5398.73
3511,505.72,1182.79,1556.24,137.83,81.99,-64.86,-978.96,-9266.43,511.56,7758.52,-6933.89,72.66,1424.41,-6861.24,-5436.82
3521,527.03,1173.09,1560.1,135.81,68.55,-57.19,-976.26,-9247.72,500.33,7767.34,-6953.32,72.47,1451.08,-6880.85,-5429.76
3531,498.62,1188.8,1546.16,132.46,75.89,-58.18,-994.25,-9136.31,523.72,7808.49,-7075.67,72.3,1585.39,-7003.37,-5417.98
3541,489.36,1143.0,1533.14,129.5,73.88,-61.38,-984.66,-9158.47,515.57,7809.26,-7060.27,71.2,1489.21,-6989.07,-5499.87
3551,493.84,1198.59,1526.96,134.09,77.89,-60.87,-996.56,-9081.49,516.9,7781.27,-7110.68,72.37,1590.61,-7038.32,-5447.7
3561,511.69,1225.59,1546.56,132.58,72.65,-61.11,-985.56,-9053.86,521.07,7747.19,-7107.59,72.6,1656.79,-7034.99,-5378.2
3571,501.2,1217.89,1562.48,141.11,72.91,-70.71,-967.07,-8960.03,518.93,7762.51,-7248.22,72.75,1779.24,-7175.46,-5396.23
3581,487.98,1226.88,1563.93,133.88,83.67,-69.49,-980.51,-9017.02,505.98,7749.58,-7154.48,72.78,1684.89,-7081.7,-5396.8
3591,532.42,1180.64,1519.49,133.05,71.34,-50.34,-970.25,-9194.75,507.4,7752.87,-7006.22,72.22,1481.86,-6934.0,-5452.14
3601,488.08,1210.66,1561.19,136.07,68.63,-76.13,-989.6,-9159.96,516.49,7739.37,-7011.96,72.44,1494.78,-6939.52,-5444.74
3611,486.09,1203.73,1549.53,143.66,78.38,-83.91,-996.28,-9220.07,510.97,7769.44,-6941.19,73.01,1441.55,-6868.17,-5426.63
3621,537.34,1152.13,1562.1,122.35,90.75,-59.18,-1000.36,-9209.44,525.22,7727.19,-6910.05,73.13,1448.1,-6836.93,-5388.83
3631,528.1,1193.93,1550.6,138.5,77.25,-68.18,-1001.11,-9189.38,529.23,7801.95,-7005.77,72.91,1560.89,-6932.86,-5371.97
3641,494.58,1181.79,1539.5,136.09,81.74,-63.68,-990.35,-9152.18,512.45,7761.53,-7014.33,73.55,1501.47,-6940.79,-5439.32
3651,516.26,1192.9,1577.38,138.26,64.43,-80.95,-992.52,-9301.37,512.16,7752.1,-6872.83,72.3,1378.64,-6800.53,-5421.89
3661,486.75,1190.01,1560.04,137.96,70.04,-64.62,-990.46,-9108.1,527.39,7762.23,-7053.48,73.55,1571.24,-6979.94,-5408.69
3671,498.85,1189.44,1564.7,132.8,74.69,-79.43,-972.07,-9274.21,524.71,7783.88,-6946.02,73.5,1443.36,-6872.52,-5429.16
3681,503.64,1210.65,1532.01,136.59,85.48,-56.61,-1003.87,-9109.18,497.22,7752.28,-7065.0,74.1,1548.21,-6990.91,-5442.7
3691,502.74,1211.87,1521.91,137.22,80.14,-62.2,-999.63,-9278.15,518.38,7748.32,-6910.09,71.5,1380.6,-6838.59,-5457.99
3701,515.02,1183.41,1558.8,135.87,78.47,-68.4,-981.06,-9107.83,518.4,7805.7,-7123.18,72.17,1638.37,-7051.01,-5412.63
3711,518.16,1223.39,1538.74,148.94,74.05,-72.56,-969.96,-9159.68,513.02,7793.54,-7050.86,73.05,1607.64,-6977.81,-5370.17
3721,520.99,1198.71,1554.26,136.0,81.83,-71.78,-990.7,-8967.04,514.11,7747.1,-7199.28,72.74,1723.49,-7126.54,-5403.05
3731,533.85,1244.85,1539.76,141.01,71.87,-68.06,-980.32,-8975.48,506.53,7746.54,-7189.88,72.81,1760.54,-7117.06,-5356.52
3741,516.58,1200.84,1549.87,136.83,85.99,-68.72,-999.51,-9014.91,515.79,7764.24,-7168.61,74.62,1687.01,-7093.99,-5406.98
3751,525.59,1184.51,1537.87,130.78,71.48,-70.01,-984.57,-8909.95,512.84,7732.05,-7253.07,72.99,1730.6,-7180.08,-5449.48
3761,505.93,1160.41,1557.05,131.2,76.66,-77.38,-969.37,-9157.12,509.45,7720.59,-7008.07,72.75,1457.42,-6935.32,-5477.9
3771,489.45,1208.67,1531.52,147.36,82.79,-56.68,-993.96,-8931.96,520.42,7766.52,-7243.1,72.02,1764.14,-7171.08,-5406.94
3781,522.36,1188.76,1560.13,138.03,84.4,-68.81,-1001.64,-9128.28,534.49,7747.84,-7056.6,71.56,1577.26,-6985.04,-5407.78
3791,502.4,1179.0,1538.41,140.62,90.81,-55.3,-969.96,-8967.98,518.31,7753.02,-7229.21,73.75,1729.33,-7155.46,-5426.13
3801,483.32,1189.87,1534.38,135.07,64.53,-70.79,-962.7,-9000.33,522.69,7752.79,-7187.09,72.6,1648.82,-7114.49,-5465.67
3811,505.41,1160.74,1576.42,132.31,78.26,-68.36,-993.13,-8962.04,513.18,7769.98,-7224.92,72.02,1712.79,-7152.89,-5440.1
3821,507.43,1168.62,1540.31,124.65,72.06,-71.78,-971.02,-8964.29,520.47,7784.49,-7219.31,72.04,1710.94,-7147.27,-5436.33
3831,550.04,1191.32,1562.03,141.36,74.77,-67.64,-989.66,-8972.56,503.5,7763.22,-7199.42,72.48,1756.38,-7126.94,-5370.56
3841,510.25,1196.92,1552.35,148.26,72.67,-65.46,-964.6,-9055.01,518.11,7770.15,-7145.68,72.95,1683.65,-7072.73,-5389.08
3851,521.26,1176.69,1553.28,134.04,83.29,-64.2,-986.71,-8992.56,514.58,7814.88,-7247.76,72.76,1754.54,-7175.0,-5420.46
3861,488.6,1246.8,1559.99,146.28,72.56,-54.59,-1018.29,-9016.52,517.91,7745.16,-7154.66,73.46,1687.9,-7081.21,-5393.31
3871,550.67,1191.11,1549.05,144.93,80.06,-73.17,-985.17,-8878.21,494.39,7713.04,-7253.95,72.63,1786.69,-7181.32,-5394.63
3881,529.1,1221.6,1534.32,146.93,79.13,-56.09,-1003.36,-9051.63,492.54,7777.92,-7154.18,72.34,1670.46,-7081.84,-5411.37
3891,510.16,1207.76,1549.63,143.88,76.84,-74.14,-964.57,-8953.65,517.44,7760.51,-7204.79,73.78,1773.87,-7131.0,-5357.14
3901,497.49,1230.96,1549.75,134.38,75.34,-58.96,-977.91,-8923.37,515.26,7762.83,-7241.22,73.92,1805.77,-7167.3,-5361.53
3911,523.5,1155.22,1554.6,130.81,82.39,-77.14,-990.66,-8892.04,540.02,7735.35,-7272.0,72.71,1762.05,-7199.29,-5437.24
3921,538.75,1213.37,1548.14,138.86,59.14,-68.02,-987.9,-8949.88,511.1,7820.02,-7291.61,73.3,1823.58,-7218.31,-5394.73
3931,483.51,1214.48,1562.27,131.47,88.37,-73.81,-997.84,-8959.52,515.56,7775.47,-7245.92,73.15,1739.96,-7172.77,-5432.81
3941,520.0,1174.46,1561.12,134.79,76.96,-75.67,-1000.96,-8833.03,513.32,7715.23,-7294.76,72.47,1786.23,-7222.29,-5436.06
3951,562.99,1149.13,1554.58,140.7,78.01,-64.31,-976.95,-8989.72,517.81,7811.92,-7250.3,73.98,1784.15,-7176.32,-5392.17
3961,517.98,1216.2,1538.8,132.65,79.17,-58.64,-981.81,-8987.17,508.13,7729.2,-7180.68,73.26,1694.5,-7107.43,-5412.92
3971,487.31,1152.04,1520.12,131.05,80.04,-68.26,-976.99,-9084.25,511.92,7834.05,-7138.79,72.01,1587.03,-7066.78,-5479.75
3981,527.21,1151.76,1556.32,136.88,76.26,-60.13,-979.61,-9111.9,520.74,7769.42,-7104.22,72.52,1586.94,-7031.7,-5444.77
3991,492.49,1163.13,1557.21,133.94,82.13,-71.26,-980.22,-9074.72,530.74,7791.98,-7129.81,72.91,1625.42,-7056.9,-5431.48
4001,500.22,1181.9,1531.9,135.7,76.36,-69.77,-988.33,-9086.01,530.23,7803.54,-7110.87,72.8,1615.73,-7038.07,-5422.34

Receptor Energy Terms
Frame #,BOND,ANGLE,DIHED,UB,IMP,CMAP,VDWAALS,EEL,1-4 VDW,1-4 EEL,EGB,ESURF,GGAS,GSOLV,TOTAL
1,483.35,1129.69,1497.44,129.75,83.21,-70.16,-962.5,-9123.03,496.2,7851.97,-7070.94,70.93,1515.91,-7000.01,-5484.11
11,469.53,1169.52,1514.64,131.55,84.66,-68.3,-994.35,-9059.38,495.11,7847.94,-7121.91,68.98,1590.92,-7052.93,-5462.01
21,470.75,1163.26,1508.89,131.42,75.28,-53.17,-1023.82,-9108.81,500.64,7876.58,-7089.96,69.5,1541.02,-7020.46,-5479.44
31,508.35,1148.97,1515.4,137.4,75.79,-68.74,-1017.46,-9091.4,488.41,7848.61,-7111.68,69.53,1545.34,-7042.15,-5496.81
41,488.52,1155.28,1503.41,133.67,73.24,-57.96,-989.0,-8993.14,501.23,7775.97,-7163.17,69.86,1591.22,-7093.32,-5502.1
51,478.85,1173.5,1491.97,130.29,79.14,-68.46,-1001.66,-9039.52,497.92,7835.49,-7158.29,70.34,1577.52,-7087.95,-5510.43
61,508.48,1147.49,1506.55,133.63,79.73,-64.17,-1018.64,-9048.89,486.47,7854.4,-7143.35,69.4,1585.04,-7073.95,-5488.91
71,445.59,1178.72,1490.56,134.7,81.69,-59.22,-997.64,-9061.22,490.14,7888.57,-7168.5,70.24,1591.89,-7098.25,-5506.37
81,495.26,1160.76,1481.31,133.03,85.93,-52.43,-991.52,-9009.6,495.48,7782.71,-7158.0,71.16,1580.92,-7086.84,-5505.92
91,485.84,1187.01,1511.83,134.46,85.89,-67.84,-1008.98,-9035.57,494.71,7841.23,-7164.11,70.44,1628.58,-7093.67,-5465.09
101,468.48,1183.15,1519.82,140.27,72.23,-64.57,-1015.99,-9009.9,511.34,7853.54,-7170.06,68.57,1658.37,-7101.49,-5443.12
111,506.08,1175.19,1488.21,129.93,81.79,-64.35,-982.85,-9047.76,495.24,7839.48,-7138.59,69.03,1620.96,-7069.56,-5448.6
121,483.62,1156.8,1479.23,137.99,75.48,-57.56,-1030.85,-8971.99,508.15,7836.02,-7202.04,69.39,1616.9,-7132.65,-5515.75
131,520.7,1181.78,1501.3,134.28,80.76,-58.74,-1003.24,-8991.24,494.62,7812.67,-7199.26,69.27,1672.89,-7129.99,-5457.1
141,475.56,1181.74,1479.21,132.24,79.92,-60.5,-1011.54,-8838.33,493.6,7809.72,-7326.45,70.2,1741.61,-7256.25,-5514.64
151,484.23,1144.21,1481.64,129.83,80.37,-58.02,-1011.21,-8964.37,492.82,7848.6,-7228.58,69.83,1628.1,-7158.75,-5530.65
161,540.37,1109.37,1489.72,135.7,73.43,-61.13,-998.35,-8996.26,488.88,7850.75,-7207.8,68.08,1632.46,-7139.73,-5507.27
171,495.39,1176.19,1498.51,130.93,67.42,-55.71,-1015.5,-8829.62,507.87,7750.71,-7255.01,68.04,1726.19,-7186.98,-5460.79
181,520.7,1151.84,1521.5,141.83,85.04,-85.32,-989.14,-8996.19,490.65,7844.91,-7204.5,69.97,1685.81,-7134.53,-5448.72
191,492.58,1110.84,1491.61,131.44,87.5,-64.94,-1000.96,-8908.12,508.56,7845.23,-7268.61,68.57,1693.75,-7200.05,-5506.29
201,504.23,1161.15,1492.9,133.84,75.04,-73.41,-992.96,-8922.93,505.65,7815.13,-7246.45,70.31,1698.63,-7176.14,-5477.51
211,494.12,1191.4,1496.09,139.65,80.19,-73.94,-1007.32,-8842.5,502.39,7795.34,-7311.72,69.71,1775.42,-7242.01,-5466.59
221,485.42,1154.68,1499.87,132.59,79.01,-60.81,-1014.94,-8931.68,491.81,7791.55,-7229.26,67.68,1627.51,-7161.58,-5534.06
231,457.34,1193.7,1486.91,127.66,75.96,-62.48,-995.95,-8906.15,489.76,7810.7,-7276.46,69.93,1677.45,-7206.53,-5529.08
241,490.8,1138.25,1511.45,126.91,82.82,-60.71,-1015.26,-8627.64,482.83,7808.0,-7529.62,68.45,1937.45,-7461.17,-5523.72
251,513.69,1131.57,1494.6,136.86,59.29,-61.71,-1001.72,-8581.35,499.76,7780.74,-7558.27,68.47,1971.73,-7489.8,-5518.07
261,499.99,1149.99,1487.29,136.74,76.66,-52.81,-997.66,-8736.98,499.84,7842.12,-7455.2,68.63,1905.17,-7386.57,-5481.39
271,503.12,1150.98,1480.32,127.54,93.89,-57.2,-998.23,-8647.47,499.72,7762.89,-7469.79,68.9,1915.55,-7400.9,-5485.34
281,486.47,1188.97,1492.06,133.66,63.68,-62.84,-989.4,-8792.85,501.52,7862.65,-7415.63,69.84,1883.93,-7345.79,-5461.86
291,530.83,1156.9,1498.78,126.67,71.29,-66.33,-968.69,-8657.18,496.72,7765.23,-7475.76,69.46,1954.24,-7406.3,-5452.06
301,484.72,1209.98,1500.58,133.73,71.9,-55.78,-1016.69,-8808.55,490.91,7796.87,-7369.2,68.88,1807.67,-7300.32,-5492.65
311,524.95,1138.0,1495.62,136.35,79.52,-73.49,-971.47,-8874.58,483.91,7768.49,-7253.75,70.28,1707.3,-7183.47,-5476.18
321,483.19,1180.5,1486.4,131.63,70.59,-60.41,-993.37,-8926.85,488.05,7806.45,-7261.3,69.24,1666.18,-7192.06,-5525.88
331,518.95,1179.11,1501.72,139.61,68.36,-71.55,-997.84,-8894.16,504.26,7797.32,-7273.09,69.35,1745.77,-7203.75,-5457.98
341,525.0,1210.24,1491.53,129.66,75.3,-53.58,-999.51,-8911.7,482.86,7789.37,-7246.78,69.67,1739.18,-7177.11,-5437.93
351,505.68,1194.69,1475.43,138.9,87.26,-49.41,-1003.78,-9004.24,484.99,7823.66,-7178.16,70.07,1653.18,-7108.09,-5454.91
361,529.79,1192.52,1503.21,131.5,85.32,-77.27,-1013.5,-8979.34,504.7,7816.48,-7182.42,68.39,1693.41,-7114.03,-5420.62
371,494.82,1128.19,1483.66,126.12,72.24,-68.6,-1021.34,-8986.54,495.66,7887.17,-7224.89,68.65,1611.37,-7156.24,-5544.86
381,499.67,1145.03,1490.81,134.45,77.67,-60.24,-973.87,-9016.94,504.2,7854.39,-7218.5,69.95,1655.17,-7148.54,-5493.37
391,517.32,1178.68,1489.15,133.05,73.12,-54.39,-1017.18,-9010.06,505.93,7799.43,-7145.73,67.95,1615.06,-7077.78,-5462.73
401,483.85,1137.63,1496.81,127.28,80.44,-58.45,-985.56,-8995.71,495.89,7814.33,-7153.24,68.77,1596.51,-7084.47,-5487.96
411,501.43,1180.52,1495.12,133.14,87.99,-69.32,-1022.05,-8978.95,489.54,7807.96,-7173.55,67.92,1625.39,-7105.63,-5480.24
421,487.36,1172.68,1485.22,132.64,69.77,-68.66,-1010.46,-9047.82,491.79,7873.24,-7194.51,69.71,1585.79,-7124.8,-5539.02
431,501.18,1121.41,1513.39,135.04,67.3,-66.75,-995.23,-8948.07,501.91,7831.31,-7233.11,67.83,1661.49,-7165.28,-5503.79
441,530.22,1177.0,1509.31,130.67,83.73,-64.36,-998.9,-8951.29,484.53,7833.51,-7258.59,68.25,1734.42,-7190.34,-5455.91
451,500.5,1180.72,1512.99,135.69,71.62,-84.59,-983.67,-8952.53,486.12,7809.95,-7225.74,69.22,1676.79,-7156.52,-5479.72
461,496.2,1172.92,1487.97,129.65,82.69,-71.09,-990.29,-8867.74,496.3,7771.42,-7279.13,70.6,1708.03,-7208.53,-5500.5
471,514.68,1198.26,1509.43,132.32,77.83,-76.89,-1000.19,-8847.31,486.98,7795.37,-7306.32,69.62,1790.49,-7236.7,-5446.21
481,513.54,1130.36,1506.96,132.57,84.55,-84.82,-998.52,-8801.29,501.76,7849.2,-7373.62,69.65,1834.32,-7303.97,-5469.66
491,509.43,1163.11,1501.3,133.83,91.69,-71.0,-1011.99,-8893.51,503.03,7825.85,-7274.58,68.97,1751.73,-7205.61,-5453.88
501,515.22,1183.11,1498.95,136.0,67.95,-71.53,-994.62,-8884.02,480.05,7791.24,-7268.51,69.21,1722.34,-7199.3,-5476.96
511,505.48,1177.12,1501.04,133.45,70.01,-74.43,-1015.67,-9024.16,489.97,7812.24,-7143.82,67.86,1575.06,-7075.96,-5500.9
521,494.54,1204.01,1504.48,128.95,70.75,-63.39,-1005.31,-8971.12,495.72,7761.46,-7157.11,68.16,1620.09,-7088.95,-5468.87
531,526.14,1199.71,1510.1,138.42,78.18,-69.76,-1005.34,-9004.99,496.12,7811.04,-7175.53,67.63,1679.61,-7107.9,-5428.29
541,523.2,1192.77,1485.67,135.21,78.3,-60.81,-1020.7,-8997.52,499.83,7771.03,-7140.63,67.71,1606.97,-7072.92,-5465.94
551,511.05,1158.59,1506.51,130.11,78.19,-70.35,-989.95,-9060.46,495.63,7771.48,-7075.66,68.13,1530.8,-7007.53,-5476.73
561,497.17,1168.92,1508.02,127.85,71.32,-60.01,-976.06,-9206.5,488.49,7777.02,-6971.27,68.02,1396.22,-6903.25,-5507.03
571,499.94,1181.79,1516.26,135.28,71.9,-66.52,-1003.57,-9273.83,485.74,7778.5,-6896.14,66.91,1325.49,-6829.23,-5503.74
581,486.63,1156.79,1489.25,136.84,68.46,-70.95,-1022.47,-9078.11,504.53,7838.28,-7098.0,68.86,1509.25,-7029.14,-5519.89
591,536.03,1192.13,1511.36,134.12,80.36,-82.03,-1009.25,-9290.1,506.15,7804.61,-6876.57,67.41,1383.39,-6809.15,-5425.77
601,516.31,1151.28,1511.87,134.08,77.34,-57.37,-968.91,-9168.96,510.18,7811.87,-7052.26,68.68,1517.68,-6983.58,-5465.9
611,517.52,1199.17,1504.04,139.69,85.48,-62.13,-1015.33,-9380.88,489.19,7829.16,-6813.6,67.98,1305.91,-6745.61,-5439.7
621,522.91,1184.94,1513.46,130.22,79.22,-73.53,-1001.79,-9250.48,486.14,7775.89,-6915.3,67.54,1366.99,-6847.76,-5480.77
631,486.4,1171.53,1478.75,125.19,62.91,-72.3,-988.39,-9354.36,490.74,7827.91,-6861.02,67.86,1228.38,-6793.16,-5564.78
641,547.72,1209.96,1502.73,131.02,85.22,-72.03,-1013.97,-9322.83,472.08,7750.22,-6833.71,67.26,1290.11,-6766.45,-5476.34
651,499.65,1192.31,1504.63,130.53,70.87,-78.31,-989.04,-9048.84,518.25,7790.52,-7119.24,67.66,1590.58,-7051.57,-5461.0
661,496.35,1176.08,1484.39,129.5,81.55,-69.79,-998.31,-9097.67,491.72,7761.33,-7067.78,66.91,1455.14,-7000.87,-5545.73
671,483.44,1177.94,1491.68,136.75,80.9,-56.7,-1006.97,-9262.8,495.26,7844.37,-6953.79,67.43,1383.88,-6886.36,-5502.48
681,508.79,1103.04,1485.62,127.27,86.78,-63.99,-1016.09,-9144.84,489.28,7810.4,-7036.17,67.34,1386.26,-6968.83,-5582.56
691,505.79,1189.05,1514.35,133.83,67.69,-69.81,-1012.02,-9442.91,487.66,7801.21,-6719.96,68.23,1174.84,-6651.74,-5476.9
701,508.63,1105.11,1497.64,128.16,85.15,-66.51,-1001.09,-9148.64,521.02,7866.68,-7086.2,68.83,1496.15,-7017.37,-5521.22
711,541.69,1122.41,1487.13,130.66,83.97,-71.23,-1003.86,-9129.6,493.29,7818.41,-7059.04,68.64,1472.87,-6990.41,-5517.54
721,510.07,1157.34,1512.72,135.35,74.4,-76.04,-1010.91,-9031.2,498.97,7878.83,-7186.28,66.05,1649.53,-7120.22,-5470.7
731,478.55,1194.96,1502.64,133.09,79.84,-67.77,-1003.85,-9283.95,483.81,7815.07,-6914.78,66.37,1332.38,-6848.41,-5516.03
741,510.4,1119.0,1501.25,132.59,76.87,-62.25,-986.74,-9076.82,494.99,7768.52,-7065.91,68.72,1477.83,-6997.19,-5519.37
751,481.68,1200.02,1515.52,136.44,73.07,-82.87,-996.16,-8993.16,480.55,7772.17,-7155.32,69.14,1587.26,-7086.17,-5498.92
761,507.23,1166.39,1512.08,132.36,74.01,-67.25,-1007.65,-9046.32,506.68,7809.21,-7135.33,68.05,1586.75,-7067.28,-5480.53
771,508.46,1180.75,1504.37,131.07,70.48,-75.58,-1008.22,-9152.41,483.48,7847.06,-7060.61,68.85,1489.46,-6991.76,-5502.3
781,498.85,1165.91,1496.82,130.04,79.29,-63.55,-1004.26,-9393.06,479.71,7802.67,-6768.83,68.74,1192.42,-6700.09,-5507.67
791,494.55,1167.0,1503.22,137.07,71.69,-60.87,-980.86,-9058.2,495.14,7805.75,-7129.99,69.79,1574.5,-7060.2,-5485.7
801,523.46,1161.14,1473.71,129.34,86.44,-64.57,-1013.51,-9115.32,489.23,7809.32,-7071.95,67.03,1479.23,-7004.92,-5525.69
811,499.19,1168.0,1492.84,129.98,87.7,-77.23,-985.04,-9125.4,502.12,7820.68,-7092.69,66.82,1512.84,-7025.87,-5513.03
821,522.95,1135.05,1491.17,122.98,69.76,-71.34,-1005.18,-9188.35,483.04,7817.56,-7011.65,67.73,1377.65,-6943.92,-5566.27
831,504.68,1164.84,1490.11,126.05,66.77,-58.51,-1005.82,-9066.76,484.48,7772.93,-7089.5,67.94,1478.78,-7021.56,-5542.78
841,521.48,1206.83,1494.9,135.0,78.77,-57.68,-1021.19,-9154.35,484.53,7821.45,-7035.7,66.97,1509.74,-6968.72,-5458.98
851,510.83,1176.68,1483.28,145.54,77.0,-62.12,-1006.1,-9248.38,498.42,7828.78,-6950.89,67.24,1403.93,-6883.65,-5479.73
861,513.09,1195.54,1501.98,131.61,82.01,-53.59,-987.58,-9239.87,494.52,7798.89,-6941.49,65.99,1436.6,-6875.51,-5438.91
871,489.38,1175.19,1497.1,126.39,91.37,-71.87,-993.81,-9161.16,495.83,7824.74,-7043.99,66.69,1473.16,-6977.3,-5504.13
881,530.93,1199.15,1505.29,130.79,70.55,-57.92,-1005.46,-9017.09,491.21,7767.4,-7137.07,67.66,1614.85,-7069.41,-5454.56
891,488.5,1166.1,1497.97,128.77,73.18,-63.45,-1000.83,-9206.97,484.89,7781.85,-6939.35,65.87,1350.01,-6873.48,-5523.47
901,531.25,1152.41,1481.89,127.95,78.68,-65.18,-987.93,-8936.5,493.73,7771.08,-7208.65,67.25,1647.37,-7141.4,-5494.02
911,518.27,1167.77,1492.08,136.82,72.38,-67.08,-1000.57,-9043.89,509.76,7815.78,-7101.55,67.64,1601.3,-7033.9,-5432.6
921,484.95,1187.17,1508.94,131.94,70.32,-79.54,-987.04,-9169.84,506.71,7798.93,-7012.13,68.23,1452.53,-6943.9,-5491.36
931,480.18,1156.98,1529.65,131.5,83.67,-66.51,-980.26,-9243.33,514.27,7816.13,-6958.24,68.15,1422.29,-6890.1,-5467.81
941,499.7,1161.52,1503.26,133.49,79.8,-49.4,-1003.16,-9078.36,482.26,7807.41,-7108.68,67.47,1536.53,-7041.21,-5504.69
951,508.29,1150.34,1520.6,135.04,69.98,-71.92,-985.05,-9266.98,504.63,7833.21,-6935.98,68.34,1398.13,-6867.64,-5469.51
961,505.43,1166.97,1531.01,136.49,73.28,-57.43,-1019.87,-9232.58,495.36,7806.98,-6928.87,66.62,1405.65,-6862.25,-5456.61
971,500.03,1143.9,1493.86,125.42,79.51,-69.84,-979.04,-9218.2,514.11,7791.92,-6957.55,67.6,1381.68,-6889.96,-5508.28
981,520.56,1212.16,1519.65,125.85,71.76,-63.29,-1012.7,-9161.18,483.6,7736.07,-6967.38,67.81,1432.48,-6899.57,-5467.09
991,493.08,1185.89,1493.19,128.18,76.28,-70.1,-984.88,-9170.38,498.99,7739.32,-6952.66,69.37,1389.57,-6883.29,-5493.72
1001,513.3,1166.31,1520.66,135.89,73.89,-76.74,-1003.42,-8898.32,494.06,7783.31,-7243.04,68.59,1708.94,-7174.45,-5465.52
1011,469.32,1196.26,1521.74,130.46,67.01,-71.07,-996.51,-9061.16,497.5,7769.8,-7078.93,68.03,1523.35,-7010.9,-5487.55
1021,546.56,1148.08,1491.48,136.6,74.31,-69.0,-995.95,-9023.52,483.63,7755.98,-7126.01,68.78,1548.19,-7057.24,-5509.05
1031,515.16,1157.29,1506.83,131.22,72.69,-74.57,-1004.81,-9270.99,494.21,7796.65,-6902.35,68.35,1323.68,-6834.0,-5510.32
1041,508.5,1181.7,1526.19,134.41,84.55,-71.09,-984.37,-9128.0,490.76,7723.05,-7011.98,68.62,1465.7,-6943.35,-5477.65
1051,486.4,1169.79,1484.55,137.73,78.73,-53.97,-1002.39,-9189.82,518.03,7816.68,-6987.17,69.23,1445.73,-6917.93,-5472.2
1061,503.27,1158.75,1489.97,133.89,70.5,-65.65,-991.43,-9300.14,500.43,7813.64,-6902.33,67.48,1313.23,-6834.85,-5521.62
1071,509.43,1173.87,1509.43,138.07,81.33,-81.67,-971.63,-9297.03,489.89,7845.2,-6934.64,68.91,1396.89,-6865.73,-5468.84
1081,517.52,1201.95,1525.75,130.19,89.34,-77.08,-997.24,-9233.81,486.87,7802.61,-6941.33,69.81,1446.1,-6871.53,-5425.42
1091,503.91,1150.11,1492.76,134.33,73.34,-58.19,-983.08,-9305.18,503.91,7827.04,-6900.21,69.46,1338.96,-6830.75,-5491.79
1101,478.83,1210.46,1501.43,133.75,91.41,-72.76,-978.49,-9374.14,498.42,7824.81,-6833.3,68.29,1313.73,-6765.01,-5451.28
1111,491.25,1181.95,1504.97,128.25,75.96,-68.9,-1008.84,-9296.27,480.92,7773.53,-6871.32,69.75,1262.82,-6801.57,-5538.75
1121,488.17,1174.78,1485.75,131.2,76.07,-65.18,-983.27,-9338.13,494.17,7814.83,-6855.7,68.88,1278.39,-6786.82,-5508.43
1131,526.74,1179.12,1499.8,137.38,75.0,-72.37,-987.32,-9250.22,491.79,7757.01,-6896.08,69.44,1356.92,-6826.64,-5469.73
1141,518.61,1184.96,1504.58,133.92,81.0,-65.23,-983.87,-9293.8,488.81,7773.23,-6884.91,69.66,1342.21,-6815.25,-5473.04
1151,481.13,1178.7,1485.48,131.04,76.81,-71.26,-999.88,-9300.41,504.55,7822.48,-6870.93,68.2,1308.65,-6802.73,-5494.08
1161,493.98,1149.93,1504.79,131.96,74.24,-76.2,-993.59,-9298.52,497.59,7804.71,-6904.59,68.22,1288.89,-6836.37,-5547.48
1171,526.12,1152.65,1524.59,133.44,83.9,-80.8,-1005.11,-9243.91,493.47,7834.11,-6929.76,69.63,1418.47,-6860.14,-5441.67
1181,500.67,1176.69,1485.15,133.07,74.74,-64.95,-1011.51,-9253.02,495.16,7834.43,-6956.73,70.05,1370.45,-6886.68,-5516.23
1191,499.91,1211.28,1521.25,132.5,77.71,-64.87,-1026.43,-9172.3,482.09,7849.22,-7024.79,68.49,1510.35,-6956.3,-5445.95
1201,468.45,1196.47,1501.83,137.4,70.93,-76.69,-1002.86,-9185.12,492.35,7837.65,-7016.49,70.27,1440.42,-6946.21,-5505.8
1211,479.51,1185.84,1493.49,138.59,70.41,-74.51,-994.67,-9091.44,484.64,7801.56,-7102.06,67.76,1493.42,-7034.29,-5540.88
1221,505.56,1172.66,1519.01,133.37,77.75,-60.88,-1003.7,-9192.12,499.96,7740.97,-6952.3,67.98,1392.59,-6884.31,-5491.72
1231,464.45,1165.6,1500.62,119.6,77.19,-89.39,-989.03,-9251.11,499.23,7760.46,-6899.89,67.92,1257.62,-6831.97,-5574.35
1241,479.4,1183.53,1524.8,131.74,83.1,-87.24,-1000.86,-9253.1,485.44,7756.02,-6888.73,68.14,1302.85,-6820.59,-5517.74
1251,508.45,1161.46,1519.23,134.04,74.16,-67.75,-1014.12,-9018.8,503.18,7797.44,-7146.03,69.48,1597.28,-7076.54,-5479.27
1261,485.37,1212.89,1503.84,134.22,62.36,-87.91,-1016.61,-9294.09,499.99,7797.69,-6880.25,69.15,1297.76,-6811.1,-5513.34
1271,529.28,1165.98,1490.97,137.76,76.53,-67.71,-1014.14,-9286.21,469.95,7789.93,-6883.17,66.36,1292.33,-6816.81,-5524.48
1281,470.55,1173.64,1508.38,123.03,82.89,-81.26,-1001.66,-8948.58,493.91,7812.51,-7239.19,68.32,1633.42,-7170.87,-5537.45
1291,508.13,1146.88,1509.38,133.86,72.86,-70.4,-982.57,-9215.93,493.78,7792.75,-6967.2,67.48,1388.75,-6899.72,-5510.97
1301,518.42,1173.67,1524.82,133.75,73.26,-73.54,-1008.55,-9083.0,489.08,7824.02,-7109.83,67.29,1571.94,-7042.54,-5470.6
1311,513.31,1183.56,1536.47,135.91,81.27,-74.95,-995.74,-8985.17,507.79,7823.53,-7203.95,66.76,1725.99,-7137.19,-5411.19
1321,526.85,1159.87,1494.86,135.47,65.51,-71.28,-1007.54,-8847.2,482.04,7786.78,-7300.9,69.06,1725.37,-7231.84,-5506.47
1331,480.55,1158.49,1508.5,131.92,78.67,-63.45,-1013.09,-9038.18,508.94,7799.61,-7120.23,67.15,1551.95,-7053.07,-5501.12
1341,487.53,1151.4,1497.06,121.43,79.12,-69.8,-1000.62,-9014.1,507.82,7820.2,-7179.42,67.25,1580.03,-7112.17,-5532.14
1351,515.62,1185.41,1510.69,139.29,66.15,-73.04,-978.75,-9087.96,484.54,7829.52,-7121.91,67.75,1591.46,-7054.16,-5462.71
1361,458.75,1131.03,1511.57,126.66,70.89,-86.47,-974.07,-9130.42,507.93,7832.38,-7066.43,69.04,1448.26,-6997.39,-5549.14
1371,519.53,1202.43,1501.03,134.33,75.77,-75.54,-998.23,-8985.55,511.07,7751.57,-7177.27,69.53,1636.4,-7107.74,-5471.34
1381,499.12,1151.05,1509.8,135.92,77.76,-69.64,-974.56,-8934.08,492.92,7779.55,-7235.36,68.67,1667.83,-7166.69,-5498.86
1391,490.58,1161.62,1516.37,138.8,76.24,-84.84,-990.29,-9134.92,502.27,7798.35,-7057.01,68.49,1474.2,-6988.53,-5514.33
1401,485.43,1160.39,1507.32,129.23,85.28,-73.66,-961.57,-9069.92,494.19,7816.84,-7103.29,67.81,1573.54,-7035.49,-5461.95
1411,521.24,1209.13,1483.18,137.95,78.31,-68.21,-988.82,-9198.36,495.78,7783.63,-6971.56,68.66,1453.82,-6902.9,-5449.09
1421,513.7,1241.59,1515.07,140.05,68.0,-78.83,-1010.54,-9280.48,495.3,7796.76,-6883.25,67.11,1400.62,-6816.15,-5415.53
1431,543.04,1174.35,1509.6,133.82,80.02,-61.45,-979.88,-9213.62,488.09,7773.89,-6939.18,67.78,1447.86,-6871.4,-5423.55
1441,507.16,1164.23,1489.0,132.39,74.36,-65.32,-992.61,-9168.57,478.41,7796.06,-7003.22,67.6,1415.12,-6935.62,-5520.51
1451,493.14,1192.35,1495.53,131.1,74.28,-69.81,-1010.6,-9125.62,485.57,7762.62,-7015.9,67.61,1428.56,-6948.29,-5519.72
1461,508.75,1182.61,1489.26,137.84,74.27,-75.4,-1015.2,-9206.25,487.11,7796.34,-6949.09,66.34,1379.33,-6882.75,-5503.42
1471,519.38,1195.49,1495.62,133.21,80.15,-75.84,-1002.83,-9104.37,495.19,7756.35,-7021.08,67.98,1492.34,-6953.09,-5460.75
1481,504.05,1123.87,1493.6,121.19,82.41,-77.97,-976.55,-9174.47,500.42,7801.37,-6999.51,67.29,1397.92,-6932.22,-5534.3
1491,517.83,1160.27,1504.59,138.06,76.06,-62.7,-971.0,-8970.9,495.04,7732.97,-7167.27,69.37,1620.21,-7097.89,-5477.68
1501,492.1,1143.43,1521.77,134.49,77.82,-63.17,-996.54,-9008.02,509.56,7817.8,-7196.36,68.32,1629.24,-7128.04,-5498.8
1511,499.6,1226.88,1497.23,144.43,82.85,-66.84,-1005.54,-9204.39,496.87,7830.4,-7010.56,67.9,1501.5,-6942.66,-5441.17
1521,509.98,1230.06,1503.31,129.6,86.74,-70.17,-1018.0,-9143.27,473.97,7743.67,-6999.05,66.62,1445.88,-6932.42,-5486.55
1531,479.04,1205.71,1494.17,132.87,74.27,-72.39,-982.71,-9259.21,504.17,7837.85,-6960.77,68.26,1413.78,-6892.51,-5478.73
1541,505.65,1190.93,1471.46,139.33,74.44,-67.11,-994.37,-9185.59,499.21,7783.27,-6967.93,68.06,1417.22,-6899.86,-5482.64
1551,520.91,1191.71,1466.81,137.3,83.81,-73.77,-999.63,-9279.84,490.61,7806.28,-6885.98,67.53,1344.19,-6818.45,-5474.26
1561,494.54,1169.36,1509.45,130.59,75.06,-66.66,-993.73,-9329.17,513.8,7808.08,-6853.88,67.93,1311.32,-6785.95,-5474.63
1571,520.58,1155.09,1522.85,131.47,81.48,-67.44,-980.82,-9382.3,499.54,7802.18,-6794.77,68.68,1282.61,-6726.08,-5443.47
1581,495.65,1204.43,1497.49,142.74,90.07,-69.04,-997.41,-9405.9,516.06,7785.81,-6760.34,68.14,1259.9,-6692.21,-5432.31
1591,498.56,1195.77,1505.47,141.4,75.6,-66.11,-968.4,-9267.93,510.91,7783.88,-6880.94,67.86,1409.15,-6813.08,-5403.94
1601,483.4,1193.61,1498.52,127.05,70.75,-58.27,-1012.49,-9031.67,497.87,7769.66,-7117.14,66.79,1538.44,-7050.36,-5511.92
1611,490.76,1175.92,1509.76,130.04,74.53,-56.51,-988.01,-8980.0,499.35,7785.14,-7174.68,68.88,1640.98,-7105.79,-5464.81
1621,472.6,1136.94,1478.21,126.11,66.76,-72.78,-991.75,-9200.31,505.24,7857.69,-7000.75,69.65,1378.72,-6931.1,-5552.38
1631,527.84,1188.57,1504.55,126.92,85.49,-64.79,-982.14,-9088.19,478.45,7728.9,-7051.0,68.75,1505.58,-6982.25,-5476.67
1641,495.94,1168.64,1502.89,124.0,83.84,-67.88,-969.87,-9030.48,520.37,7835.26,-7186.29,69.35,1662.71,-7116.94,-5454.23
1651,473.13,1159.26,1484.36,131.22,80.78,-60.36,-1002.21,-8989.21,497.13,7790.68,-7203.12,68.29,1564.79,-7134.82,-5570.04
1661,490.84,1179.46,1494.96,133.02,78.35,-61.02,-1009.38,-8958.29,504.68,7818.98,-7248.64,67.91,1671.61,-7180.73,-5509.12
1671,516.5,1182.03,1492.96,135.58,73.76,-71.38,-993.12,-8905.16,505.97,7817.75,-7288.05,68.14,1754.9,-7219.91,-5465.01
1681,484.2,1214.25,1502.06,131.1,62.35,-77.3,-1011.78,-8922.38,494.26,7796.42,-7250.1,68.98,1673.2,-7181.12,-5507.92
1691,502.84,1208.27,1501.76,133.53,72.5,-71.63,-1007.28,-9033.03,500.19,7752.3,-7108.48,69.35,1559.43,-7039.13,-5479.7
1701,490.09,1164.68,1510.52,134.58,86.69,-67.85,-1013.98,-9284.87,479.08,7822.62,-6915.97,69.02,1321.57,-6846.95,-5525.38
1711,485.22,1153.42,1498.67,130.21,83.6,-63.32,-1005.24,-9097.45,489.63,7844.65,-7126.91,66.81,1519.39,-7060.1,-5540.71
1721,492.83,1182.8,1503.62,131.31,58.32,-69.41,-995.19,-9263.56,507.26,7809.38,-6919.13,68.47,1357.37,-6850.67,-5493.29
1731,503.46,1160.15,1497.95,133.92,75.32,-66.01,-997.7,-9200.09,507.27,7769.88,-6924.61,68.41,1384.16,-6856.2,-5472.04
1741,472.04,1113.6,1487.76,130.13,69.95,-53.44,-1001.87,-9259.97,500.62,7864.16,-6969.04,68.64,1322.98,-6900.41,-5577.43
1751,501.27,1199.8,1494.25,134.31,87.15,-67.24,-1012.17,-9085.82,499.95,7806.04,-7088.24,67.71,1557.55,-7020.53,-5462.98
1761,509.43,1195.82,1501.1,135.67,73.02,-67.12,-1009.91,-9261.94,492.75,7764.55,-6890.86,69.07,1333.37,-6821.79,-5488.42
1771,479.51,1148.56,1501.46,126.94,70.56,-76.87,-988.2,-9175.71,496.88,7802.42,-6997.85,68.54,1385.55,-6929.31,-5543.76
1781,473.08,1176.03,1476.32,127.16,71.21,-47.0,-983.14,-9156.39,512.67,7846.0,-7057.07,68.67,1495.93,-6988.41,-5492.47
1791,486.28,1154.33,1475.68,125.93,80.19,-54.54,-1004.72,-9217.75,501.58,7819.21,-6961.29,68.41,1366.19,-6892.88,-5526.69
1801,510.55,1197.65,1490.27,134.05,78.56,-72.5,-995.88,-9163.57,492.7,7760.2,-6991.79,68.28,1432.04,-6923.52,-5491.48
1811,511.56,1209.01,1487.56,132.61,90.91,-65.77,-1011.3,-9182.09,492.21,7775.14,-6971.48,69.59,1439.85,-6901.89,-5462.04
1821,554.93,1202.68,1483.13,128.61,79.36,-64.97,-990.29,-9209.96,492.83,7785.53,-6961.34,70.43,1461.86,-6890.92,-5429.05
1831,501.1,1148.79,1491.58,128.73,71.35,-65.94,-1005.14,-9290.82,514.85,7862.07,-6923.2,67.99,1356.55,-6855.21,-5498.65
1841,479.7,1217.82,1486.7,132.73,64.72,-68.02,-994.2,-9219.3,494.69,7797.76,-6948.93,67.65,1392.6,-6881.28,-5488.68
1851,489.64,1184.09,1489.27,136.37,77.4,-49.0,-1003.33,-9197.31,487.97,7818.57,-6997.18,67.59,1433.66,-6929.59,-5495.94
1861,474.59,1137.21,1515.23,125.98,76.77,-65.48,-1008.0,-9061.95,506.55,7793.14,-7101.6,68.39,1494.04,-7033.21,-5539.17
1871,525.91,1228.45,1494.18,144.61,75.03,-81.41,-1026.18,-8945.67,507.97,7724.89,-7150.73,68.58,1647.77,-7082.15,-5434.38
1881,478.81,1153.07,1475.7,124.09,69.84,-56.41,-1001.8,-9004.09,496.64,7770.0,-7146.97,67.67,1505.84,-7079.3,-5573.46
1891,536.33,1165.34,1496.66,132.5,79.95,-72.93,-1004.88,-9054.39,493.28,7742.16,-7083.79,68.17,1513.99,-7015.62,-5501.62
1901,539.37,1197.97,1519.3,135.03,80.28,-75.46,-1016.69,-9066.2,487.15,7761.49,-7081.59,66.84,1562.24,-7014.75,-5452.51
1911,491.1,1170.17,1518.85,131.67,81.34,-70.59,-1012.0,-9069.83,511.23,7790.93,-7093.07,68.22,1542.85,-7024.85,-5482.0
1921,505.46,1105.32,1477.77,125.87,86.05,-64.07,-1011.44,-9225.9,510.11,7818.19,-6952.34,69.78,1327.35,-6882.56,-5555.21
1931,516.91,1198.05,1479.59,138.83,80.4,-64.9,-1017.65,-9150.46,493.14,7770.63,-7009.63,69.07,1444.56,-6940.56,-5496.0
1941,496.26,1180.51,1491.82,132.87,74.68,-66.97,-1017.41,-9175.5,487.96,7752.78,-6975.21,67.81,1357.01,-6907.4,-5550.39
1951,501.54,1176.86,1495.23,129.34,73.56,-64.22,-983.59,-9132.64,489.27,7784.06,-7059.32,69.18,1469.4,-6990.14,-5520.74
1961,508.72,1159.28,1511.96,128.06,77.67,-56.86,-1007.11,-9137.36,495.84,7748.59,-7001.74,68.96,1428.79,-6932.78,-5503.98
1971,508.12,1136.63,1495.44,126.62,80.14,-61.43,-998.92,-9166.65,507.64,7780.65,-6999.18,68.2,1408.23,-6930.98,-5522.75
1981,519.82,1138.84,1486.92,122.28,82.02,-61.33,-984.09,-9084.66,502.32,7773.65,-7095.21,69.58,1495.77,-7025.63,-5529.86
1991,482.18,1168.54,1508.78,127.66,78.26,-61.13,-985.82,-9240.96,507.5,7827.8,-6988.34,69.54,1412.82,-6918.79,-5505.98
2001,503.12,1155.98,1493.75,137.42,71.31,-59.34,-1008.51,-9216.44,493.76,7790.71,-6956.01,68.43,1361.76,-6887.57,-5525.81
2011,519.36,1157.27,1495.73,130.3,75.07,-69.68,-1001.23,-9194.63,500.23,7790.74,-6966.55,68.54,1403.16,-6898.01,-5494.84
2021,511.5,1159.57,1504.5,128.67,74.68,-85.79,-1008.79,-9160.0,506.85,7751.54,-6973.65,69.29,1382.72,-6904.36,-5521.64
2031,502.13,1156.05,1503.42,137.53,75.37,-55.79,-1026.5,-9147.34,504.86,7805.63,-7017.8,67.7,1455.37,-6950.1,-5494.73
2041,504.72,1200.57,1524.93,134.37,79.83,-63.91,-1015.25,-9170.24,482.16,7812.4,-7015.01,68.54,1489.59,-6946.47,-5456.88
2051,492.6,1185.21,1498.85,130.8,81.03,-67.93,-1000.01,-9037.83,507.51,7803.24,-7136.14,69.44,1593.47,-7066.7,-5473.23
2061,492.54,1145.14,1505.86,133.84,73.11,-62.28,-1001.99,-9025.05,501.64,7788.06,-7131.05,69.29,1550.87,-7061.75,-5510.88
2071,469.77,1213.81,1527.14,135.3,73.88,-75.07,-998.44,-9101.39,512.11,7778.78,-7068.83,69.46,1535.87,-6999.36,-5463.49
2081,483.31,1193.01,1521.77,136.12,88.53,-63.57,-1010.27,-9211.89,505.46,7871.37,-7019.58,68.69,1513.84,-6950.9,-5437.06
2091,511.92,1114.78,1495.67,131.77,86.49,-77.62,-962.55,-9112.5,506.95,7754.99,-7062.69,68.9,1449.91,-6993.79,-5543.88
2101,480.97,1211.67,1496.37,131.01,78.51,-69.72,-987.26,-9121.62,494.07,7815.59,-7076.95,69.69,1529.59,-7007.27,-5477.67
2111,494.29,1243.47,1528.39,136.49,71.72,-69.08,-1033.78,-8975.54,485.66,7801.71,-7161.09,68.96,1683.35,-7092.13,-5408.78
2121,499.43,1155.48,1507.27,126.84,80.21,-62.07,-974.02,-9129.1,499.65,7800.29,-7059.22,69.4,1503.99,-6989.82,-5485.84
2131,514.85,1138.41,1505.83,128.98,76.44,-66.09,-995.87,-9143.22,502.27,7804.49,-7030.08,69.47,1466.1,-6960.61,-5494.51
2141,483.48,1184.53,1500.91,135.76,70.61,-63.03,-1003.49,-9159.11,495.51,7805.83,-7021.46,68.55,1451.0,-6952.9,-5501.9
2151,471.07,1199.05,1501.98,130.33,80.55,-68.77,-1032.15,-9140.3,497.22,7812.92,-7019.75,68.01,1451.89,-6951.74,-5499.85
2161,539.85,1172.86,1536.67,131.4,82.45,-79.65,-999.35,-9111.56,484.17,7755.35,-7058.59,68.61,1512.17,-6989.98,-5477.81
2171,490.31,1208.04,1506.19,128.21,68.85,-73.38,-1018.13,-8992.22,478.66,7750.94,-7146.22,70.09,1547.47,-7076.13,-5528.65
2181,496.69,1151.65,1516.65,125.9,73.57,-66.8,-1006.69,-8981.82,477.13,7787.67,-7168.08,69.02,1573.94,-7099.06,-5525.12
2191,524.73,1184.27,1506.35,131.46,76.64,-77.34,-998.65,-9044.51,492.51,7762.0,-7081.03,68.32,1557.47,-7012.71,-5455.24
2201,514.23,1164.35,1493.69,133.13,72.22,-82.22,-977.31,-9006.1,487.07,7760.3,-7139.76,67.52,1559.37,-7072.24,-5512.87
2211,499.05,1175.51,1493.91,130.78,70.82,-52.19,-1004.18,-9086.69,490.7,7775.47,-7091.65,70.1,1493.17,-7021.55,-5528.38
2221,481.32,1156.53,1497.43,128.16,79.82,-68.66,-1003.13,-8949.85,506.19,7811.28,-7235.28,68.76,1639.09,-7166.52,-5527.43
2231,519.56,1188.49,1506.55,131.38,77.32,-64.97,-998.68,-9039.4,499.73,7752.56,-7099.74,69.05,1572.56,-7030.7,-5458.14
2241,495.18,1227.63,1495.31,139.24,77.29,-61.88,-986.76,-8821.01,505.77,7761.22,-7349.93,68.43,1832.0,-7281.5,-5449.5
2251,503.73,1158.35,1508.83,120.47,85.19,-71.35,-1020.5,-8956.14,492.58,7739.26,-7149.2,69.35,1560.42,-7079.85,-5519.42
2261,494.92,1183.77,1511.12,132.24,70.84,-60.17,-989.52,-8799.65,470.02,7833.71,-7393.4,70.36,1847.29,-7323.04,-5475.75
2271,499.52,1180.84,1503.7,139.55,67.12,-72.06,-981.33,-8759.31,499.45,7757.22,-7392.95,68.07,1834.7,-7324.88,-5490.18
2281,521.01,1177.54,1497.88,131.43,77.55,-74.34,-1017.92,-8672.82,494.76,7747.02,-7459.44,68.59,1882.13,-7390.85,-5508.72
2291,530.94,1186.01,1487.24,135.1,69.83,-72.91,-977.53,-8709.37,484.22,7756.13,-7451.61,69.88,1889.64,-7381.72,-5492.08
2301,468.88,1186.53,1502.93,134.26,79.96,-61.97,-993.0,-8841.99,498.83,7800.32,-7353.71,69.15,1774.74,-7284.56,-5509.82
2311,496.61,1175.64,1498.75,130.09,80.51,-79.72,-1003.12,-8770.05,487.37,7777.93,-7398.93,69.81,1794.01,-7329.12,-5535.12
2321,517.65,1145.19,1498.44,123.65,70.13,-75.36,-1004.77,-8953.47,492.86,7823.11,-7231.13,68.82,1637.42,-7162.31,-5524.89
2331,481.41,1202.88,1515.53,132.77,76.84,-78.42,-995.43,-8935.78,495.79,7830.38,-7286.15,69.15,1725.96,-7217.0,-5491.04
2341,524.62,1160.92,1513.49,140.69,72.67,-82.29,-1011.73,-9055.61,495.57,7804.91,-7127.78,68.25,1563.23,-7059.53,-5496.3
2351,483.64,1189.06,1501.63,132.39,66.42,-74.4,-976.13,-8824.29,488.82,7864.26,-7367.27,68.46,1851.4,-7298.81,-5447.41
2361,496.87,1148.75,1510.55,127.83,78.85,-66.61,-1025.0,-8968.67,488.81,7819.39,-7198.59,67.41,1610.78,-7131.18,-5520.4
2371,506.0,1199.85,1488.15,132.85,74.16,-70.98,-1014.8,-8812.25,471.67,7774.99,-7328.05,69.95,1749.64,-7258.1,-5508.46
2381,525.65,1110.28,1506.41,129.03,78.19,-65.85,-974.68,-8791.24,476.96,7848.43,-7420.73,68.9,1843.18,-7351.84,-5508.65
2391,501.06,1157.95,1484.09,131.32,69.28,-61.47,-1009.99,-8959.92,507.89,7841.8,-7256.47,68.01,1662.0,-7188.46,-5526.46
2401,499.95,1140.13,1512.67,120.74,81.22,-69.96,-1018.02,-8848.99,501.66,7745.41,-7287.77,68.18,1664.81,-7219.59,-5554.78
2411,494.06,1244.06,1480.46,134.37,76.42,-71.83,-999.52,-9075.03,505.85,7766.39,-7086.59,68.29,1555.22,-7018.3,-5463.08
2421,524.3,1166.86,1487.72,127.21,69.33,-73.6,-990.14,-9217.69,490.64,7804.58,-6964.44,68.33,1389.21,-6896.11,-5506.9
2431,549.56,1169.86,1483.73,132.76,88.2,-74.73,-978.51,-9096.23,506.04,7714.4,-7039.38,69.39,1495.08,-6969.99,-5474.91
2441,474.3,1191.74,1494.41,123.85,78.05,-72.62,-985.5,-8975.57,515.0,7811.65,-7224.59,68.91,1655.31,-7155.68,-5500.37
2451,490.78,1173.63,1499.99,129.66,74.12,-62.35,-993.41,-9196.27,507.23,7818.91,-7022.69,67.84,1442.3,-6954.85,-5512.55
2461,466.24,1177.39,1511.44,129.83,75.0,-63.85,-1000.81,-9232.16,511.99,7871.07,-6984.27,70.46,1446.15,-6913.81,-5467.66
2471,499.48,1122.27,1527.8,134.04,73.04,-64.89,-992.01,-9102.7,511.03,7790.2,-7069.21,70.8,1498.26,-6998.42,-5500.16
2481,500.58,1164.21,1519.91,139.42,86.5,-79.19,-1015.53,-9015.89,514.59,7778.33,-7125.54,67.61,1592.93,-7057.93,-5465.01
2491,461.44,1166.91,1500.42,128.75,73.57,-62.61,-992.04,-9148.18,514.04,7763.54,-6975.09,68.58,1405.86,-6906.51,-5500.65
2501,485.46,1158.61,1505.97,131.21,81.08,-64.53,-990.9,-8975.06,492.41,7789.26,-7183.42,69.18,1613.5,-7114.24,-5500.74
2511,511.99,1150.62,1515.67,128.98,72.43,-67.07,-992.88,-8933.15,509.57,7758.18,-7175.64,68.99,1654.32,-7106.66,-5452.33
2521,494.78,1152.74,1503.13,132.26,81.99,-71.73,-964.05,-8845.97,491.27,7786.9,-7340.17,70.45,1761.32,-7269.72,-5508.4
2531,502.2,1169.6,1502.17,133.13,84.51,-57.4,-989.68,-9046.44,494.74,7811.42,-7123.16,69.66,1604.26,-7053.5,-5449.24
2541,543.25,1208.47,1503.84,141.31,69.6,-61.11,-1002.33,-8945.54,486.62,7737.71,-7151.21,70.36,1681.83,-7080.85,-5399.02
2551,510.23,1160.64,1505.89,124.8,88.31,-78.76,-978.97,-8971.4,492.0,7780.23,-7173.87,71.69,1632.98,-7102.18,-5469.2
2561,515.66,1133.04,1512.23,127.02,76.08,-63.57,-976.33,-9023.33,517.59,7776.72,-7126.52,72.57,1595.1,-7053.95,-5458.85
2571,501.77,1197.96,1515.09,128.57,88.56,-70.12,-973.48,-8846.61,489.41,7762.77,-7290.76,72.74,1793.9,-7218.02,-5424.12
2581,494.56,1143.52,1517.48,129.8,76.07,-69.11,-986.13,-9076.34,512.73,7794.0,-7082.68,71.49,1536.59,-7011.2,-5474.61
2591,498.4,1179.82,1515.16,132.54,84.33,-80.21,-958.27,-9116.16,495.22,7748.35,-7031.11,72.04,1499.18,-6959.07,-5459.9
2601,497.85,1154.98,1514.36,123.51,78.29,-86.29,-988.47,-8855.3,491.2,7771.01,-7285.71,73.23,1701.15,-7212.48,-5511.33
2611,517.54,1176.25,1509.78,132.91,70.03,-68.19,-988.65,-8846.08,498.02,7766.55,-7278.39,72.28,1768.15,-7206.12,-5437.96
2621,515.48,1184.64,1512.93,134.65,76.68,-82.97,-1001.72,-8803.73,493.33,7786.86,-7366.41,71.59,1816.16,-7294.81,-5478.65
2631,511.79,1204.68,1496.28,130.68,70.64,-70.42,-976.75,-8817.57,496.08,7734.74,-7304.34,72.36,1780.15,-7231.98,-5451.83
2641,477.64,1167.86,1499.34,130.85,74.55,-68.69,-985.97,-8945.65,496.5,7781.83,-7206.89,71.87,1628.27,-7135.03,-5506.76
2651,512.28,1168.59,1530.18,120.58,81.62,-78.54,-967.26,-8808.61,495.34,7792.22,-7378.57,72.71,1846.4,-7305.87,-5459.46
2661,478.0,1157.11,1499.47,133.86,73.25,-76.14,-992.14,-8861.33,499.04,7807.85,-7307.06,71.73,1718.97,-7235.34,-5516.36
2671,529.15,1145.21,1481.55,130.45,72.22,-74.46,-980.45,-8896.62,501.44,7816.88,-7300.33,71.57,1725.38,-7228.76,-5503.37
2681,540.86,1165.39,1492.23,123.42,81.48,-67.13,-955.73,-8728.7,504.84,7759.08,-7436.94,72.62,1915.73,-7364.32,-5448.59
2691,499.22,1179.55,1491.17,137.96,71.46,-66.34,-994.64,-9036.2,500.4,7779.06,-7107.97,72.96,1561.66,-7035.01,-5473.35
2701,513.75,1193.55,1506.93,133.76,79.64,-65.82,-951.02,-8690.36,515.43,7773.71,-7492.24,71.85,2009.56,-7420.39,-5410.83
2711,487.04,1182.01,1506.02,137.27,79.16,-64.01,-955.55,-8731.85,484.44,7810.84,-7456.5,71.1,1935.36,-7385.39,-5450.03
2721,486.08,1117.3,1512.06,126.9,74.08,-63.73,-990.03,-8750.18,501.45,7793.3,-7411.32,70.59,1807.24,-7340.73,-5533.49
2731,500.77,1217.35,1494.81,133.77,73.13,-61.9,-985.61,-8902.28,483.81,7816.64,-7290.77,70.1,1770.49,-7220.67,-5450.18
2741,501.97,1205.95,1483.12,131.07,67.45,-52.29,-1000.21,-8790.29,490.32,7752.71,-7344.1,71.02,1789.8,-7273.08,-5483.28
2751,504.55,1181.79,1513.35,130.16,85.26,-70.87,-986.61,-8790.45,488.05,7743.41,-7339.64,71.95,1798.63,-7267.69,-5469.06
2761,507.84,1171.03,1527.59,138.47,88.52,-73.69,-955.86,-8703.95,494.67,7754.12,-7441.24,71.26,1948.73,-7369.98,-5421.25
2771,495.81,1223.17,1489.76,131.99,67.33,-46.06,-982.16,-8776.55,503.35,7743.85,-7391.92,70.98,1850.49,-7320.94,-5470.45
2781,506.02,1182.09,1500.26,127.02,82.2,-57.91,-973.49,-8794.68,506.9,7763.57,-7377.3,70.42,1841.98,-7306.88,-5464.9
2791,508.68,1131.19,1503.65,122.18,65.19,-59.16,-990.72,-8889.95,481.9,7791.64,-7291.05,70.18,1664.6,-7220.86,-5556.27
2801,480.57,1167.04,1501.6,125.83,81.2,-72.63,-996.64,-8918.52,501.38,7766.06,-7249.04,71.32,1635.9,-7177.72,-5541.82
2811,486.26,1132.44,1516.48,128.91,83.73,-70.83,-962.2,-8927.48,506.31,7729.9,-7224.21,70.86,1623.52,-7153.35,-5529.84
2821,496.97,1159.98,1500.36,127.85,69.87,-56.33,-990.17,-8742.51,480.2,7769.36,-7408.29,70.19,1815.6,-7338.1,-5522.5
2831,484.0,1200.06,1490.32,127.23,76.46,-68.88,-997.5,-8885.79,500.86,7772.08,-7275.38,69.77,1698.85,-7205.61,-5506.76
2841,523.46,1193.12,1502.58,130.7,81.63,-63.61,-988.48,-8909.74,487.95,7761.99,-7251.19,69.65,1719.59,-7181.54,-5461.96
2851,536.9,1151.21,1515.44,126.54,88.49,-63.59,-966.75,-8913.12,471.89,7758.89,-7251.74,71.32,1705.91,-7180.42,-5474.51
2861,498.66,1135.67,1495.99,130.74,72.4,-65.43,-976.48,-8889.88,494.8,7732.95,-7242.39,70.68,1629.43,-7171.71,-5542.28
2871,519.78,1140.62,1503.53,127.39,72.57,-62.88,-1010.26,-8902.78,476.74,7775.9,-7247.97,69.79,1640.62,-7178.19,-5537.56
2881,515.75,1189.37,1482.54,135.17,70.04,-58.75,-973.81,-8943.53,488.7,7786.6,-7257.88,70.03,1692.08,-7187.84,-5495.77
2891,522.18,1205.04,1499.13,134.2,78.09,-57.82,-1011.67,-9013.47,492.19,7765.35,-7158.35,70.4,1613.23,-7087.95,-5474.72
2901,523.3,1133.43,1500.2,131.57,72.1,-69.05,-999.81,-8997.02,482.08,7823.33,-7188.53,70.61,1600.14,-7117.92,-5517.78
2911,468.68,1160.96,1515.19,124.25,78.4,-57.22,-969.89,-8995.65,505.04,7701.34,-7127.82,71.09,1531.12,-7056.73,-5525.6
2921,494.07,1165.75,1494.11,137.74,70.76,-55.93,-961.19,-8979.43,503.56,7719.71,-7184.87,70.39,1589.14,-7114.49,-5525.34
2931,503.63,1196.96,1483.25,137.17,80.67,-61.24,-985.29,-8974.71,481.09,7701.19,-7129.07,69.15,1562.71,-7059.92,-5497.2
2941,523.6,1192.66,1490.71,133.43,74.41,-77.45,-1000.54,-8991.16,506.61,7783.98,-7184.65,71.25,1636.24,-7113.4,-5477.16
2951,496.82,1216.7,1501.03,132.67,74.53,-61.1,-989.87,-9010.22,507.54,7709.97,-7113.61,70.8,1578.06,-7042.82,-5464.76
2961,530.93,1149.68,1500.75,128.84,70.91,-61.94,-977.07,-9063.76,479.51,7759.71,-7076.26,71.03,1517.56,-7005.22,-5487.66
2971,528.63,1225.06,1511.75,140.21,68.26,-57.4,-991.65,-9086.0,503.71,7684.29,-7023.15,68.52,1526.86,-6954.63,-5427.77
2981,515.84,1123.54,1489.79,122.84,65.04,-56.55,-981.89,-8991.79,487.39,7752.02,-7124.81,70.89,1526.23,-7053.92,-5527.69
2991,529.32,1142.19,1494.19,138.4,75.51,-65.37,-975.79,-9050.74,489.53,7720.4,-7070.34,70.44,1497.64,-6999.9,-5502.27
3001,495.44,1146.55,1508.76,130.16,82.79,-65.12,-981.99,-9050.45,484.57,7765.24,-7116.94,70.35,1515.97,-7046.58,-5530.62
3011,496.78,1204.57,1512.88,132.65,75.29,-74.47,-967.57,-9090.07,495.42,7765.47,-7072.78,71.28,1550.94,-7001.5,-5450.56
3021,515.5,1171.83,1528.44,129.35,81.15,-63.91,-966.45,-9064.46,507.35,7731.22,-7077.97,71.08,1570.02,-7006.89,-5436.87
3031,474.49,1160.06,1502.42,132.57,74.31,-76.2,-999.99,-9085.74,485.93,7758.4,-7052.84,69.53,1426.24,-6983.31,-5557.06
3041,509.38,1200.07,1513.91,131.39,82.18,-58.01,-1005.3,-8858.79,501.22,7696.7,-7233.5,69.89,1712.75,-7163.61,-5450.87
3051,502.48,1188.33,1504.13,131.04,73.92,-67.35,-1000.42,-8883.68,496.21,7781.02,-7246.16,69.3,1725.68,-7176.86,-5451.18
3061,498.42,1195.28,1506.92,135.11,84.82,-62.23,-1006.84,-8876.51,502.82,7768.42,-7271.57,71.23,1746.22,-7200.34,-5454.12
3071,491.79,1107.5,1498.09,126.88,74.47,-64.69,-962.53,-9023.84,497.04,7754.1,-7111.35,70.06,1498.83,-7041.29,-5542.46
3081,535.61,1162.24,1496.5,137.86,79.77,-78.93,-1002.82,-9073.61,495.59,7760.47,-7050.08,68.88,1512.68,-6981.2,-5468.51
3091,518.0,1185.18,1508.54,127.94,80.26,-64.2,-989.44,-9022.79,475.83,7740.1,-7109.33,70.79,1559.44,-7038.54,-5479.1
3101,512.19,1165.81,1516.5,131.8,74.48,-67.0,-959.57,-9105.57,496.2,7733.4,-7037.7,70.48,1498.23,-6967.21,-5468.98
3111,506.35,1129.95,1491.63,135.7,74.52,-54.75,-952.7,-9224.75,488.87,7780.69,-6966.07,69.08,1375.52,-6896.99,-5521.47
3121,501.35,1170.6,1500.49,129.74,81.11,-66.62,-1003.78,-9135.41,483.12,7750.06,-7004.32,70.66,1410.66,-6933.66,-5523.0
3131,494.8,1200.07,1492.76,130.08,70.03,-61.88,-971.48,-9143.48,497.96,7744.23,-7008.03,70.15,1453.08,-6937.88,-5484.8
3141,500.56,1161.71,1503.47,140.35,83.57,-60.33,-988.29,-9025.13,501.97,7767.2,-7131.79,70.4,1585.08,-7061.38,-5476.31
3151,482.72,1153.15,1488.81,126.95,76.3,-75.04,-980.52,-9032.02,479.05,7722.2,-7078.03,70.09,1441.61,-7007.94,-5566.33
3161,475.92,1176.56,1537.38,136.12,71.27,-86.11,-1000.79,-8921.06,499.25,7764.77,-7233.76,69.97,1653.31,-7163.78,-5510.47
3171,516.74,1188.02,1523.06,123.85,71.33,-65.97,-970.76,-8868.57,495.35,7720.7,-7268.78,69.41,1733.75,-7199.38,-5465.63
3181,497.72,1188.79,1500.04,141.44,78.83,-69.15,-984.29,-9055.95,500.97,7753.65,-7067.4,69.01,1552.05,-6998.39,-5446.33
3191,516.02,1167.54,1507.05,131.09,75.18,-80.98,-1001.12,-8878.19,478.58,7721.47,-7218.17,68.45,1636.65,-7149.71,-5513.06
3201,513.57,1155.83,1485.76,131.4,74.93,-45.57,-979.73,-9026.52,491.73,7794.72,-7139.01,69.51,1596.11,-7069.5,-5473.39
3211,503.1,1199.03,1508.56,133.3,72.49,-63.59,-989.97,-9030.58,495.98,7757.88,-7131.53,69.02,1586.18,-7062.51,-5476.33
3221,505.17,1209.53,1524.24,124.28,64.41,-71.67,-980.62,-8983.89,483.69,7732.59,-7148.65,70.29,1607.73,-7078.37,-5470.64
3231,475.05,1167.49,1521.83,127.71,67.04,-65.72,-992.91,-8988.95,507.35,7799.71,-7195.21,69.75,1618.58,-7125.46,-5506.88
3241,508.61,1164.04,1495.03,127.62,81.1,-63.59,-980.39,-8977.34,502.51,7823.66,-7215.56,69.06,1681.25,-7146.5,-5465.25
3251,467.2,1185.05,1518.14,135.03,82.33,-65.86,-1009.51,-9009.78,504.44,7790.68,-7143.39,70.46,1597.71,-7072.92,-5475.21
3261,485.47,1164.5,1527.91,128.88,72.27,-77.85,-994.46,-8985.79,515.1,7747.81,-7174.68,70.15,1583.84,-7104.53,-5520.69
3271,492.74,1136.84,1524.64,128.48,80.78,-66.06,-1003.48,-8999.67,510.84,7742.03,-7133.48,68.74,1547.16,-7064.73,-5517.58
3281,506.56,1130.3,1514.25,131.63,80.16,-72.38,-990.81,-9049.93,508.78,7790.74,-7107.47,70.17,1549.29,-7037.29,-5488.0
3291,505.91,1167.25,1503.91,130.75,70.87,-56.19,-977.14,-9055.83,486.09,7781.56,-7103.8,70.77,1557.16,-7033.03,-5475.86
3301,492.07,1161.89,1490.22,128.49,70.95,-71.11,-1002.2,-8997.52,494.19,7763.96,-7147.63,69.83,1530.94,-7077.8,-5546.86
3311,508.02,1157.21,1496.44,131.19,59.74,-57.94,-992.42,-9098.74,510.29,7767.84,-7041.31,69.65,1481.62,-6971.65,-5490.03
3321,523.59,1131.08,1522.42,136.56,71.45,-72.25,-998.63,-9126.17,494.75,7776.42,-7033.9,69.3,1459.21,-6964.6,-5505.39
3331,498.36,1150.31,1517.32,131.59,72.71,-63.33,-968.88,-9005.25,492.12,7769.64,-7141.8,70.27,1594.6,-7071.53,-5476.93
3341,480.18,1178.18,1507.88,124.21,84.53,-61.06,-969.88,-9037.04,514.76,7791.96,-7138.63,70.1,1613.72,-7068.53,-5454.81
3351,504.68,1225.67,1511.64,136.85,79.88,-88.38,-975.89,-8892.07,498.12,7756.44,-7254.41,69.92,1756.94,-7184.49,-5427.55
3361,521.03,1190.05,1515.86,138.11,72.68,-72.27,-956.22,-9152.55,486.59,7735.11,-6995.13,71.23,1478.39,-6923.9,-5445.51
3371,496.96,1141.84,1489.08,136.91,81.6,-73.44,-980.55,-9038.82,500.28,7827.76,-7134.09,70.26,1581.62,-7063.84,-5482.22
3381,474.32,1197.15,1485.49,131.94,77.64,-67.72,-997.07,-9147.38,485.47,7782.56,-7011.32,70.08,1422.4,-6941.24,-5518.84
3391,526.56,1160.89,1506.66,123.41,78.51,-79.5,-981.58,-9133.07,483.18,7722.37,-6984.17,70.04,1407.4,-6914.13,-5506.73
3401,502.27,1185.82,1492.78,125.16,75.26,-64.97,-995.27,-9101.97,486.8,7767.0,-7052.42,70.36,1472.88,-6982.05,-5509.18
3411,508.1,1196.11,1497.31,137.19,81.7,-81.2,-985.38,-9257.81,493.73,7808.03,-6926.38,70.0,1397.78,-6856.38,-5458.6
3421,505.1,1109.25,1519.92,128.11,76.95,-71.29,-958.83,-9226.3,519.91,7865.72,-6991.53,70.43,1468.55,-6921.1,-5452.55
3431,522.65,1260.36,1505.87,136.03,72.22,-66.2,-993.4,-9095.21,482.77,7726.45,-7019.96,69.93,1551.53,-6950.03,-5398.49
3441,496.46,1176.88,1536.04,126.24,70.71,-83.69,-976.18,-9194.92,487.52,7810.12,-7015.36,69.09,1449.16,-6946.26,-5497.1
3451,512.9,1191.84,1493.99,131.73,71.39,-68.07,-976.94,-9065.68,482.89,7779.76,-7099.66,71.38,1553.82,-7028.28,-5474.46
3461,477.81,1214.83,1525.26,128.22,70.64,-70.91,-1005.12,-9186.79,484.79,7819.17,-7010.74,70.03,1457.9,-6940.71,-5482.81
3471,489.67,1172.39,1500.08,134.96,75.72,-68.92,-1007.96,-9128.96,501.96,7801.65,-7026.35,69.77,1470.58,-6956.58,-5486.0
3481,494.81,1177.38,1482.62,136.06,70.78,-71.66,-976.19,-9069.64,503.8,7838.96,-7104.8,69.37,1586.93,-7035.43,-5448.51
3491,450.44,1192.34,1486.56,128.8,73.55,-66.92,-961.28,-9108.97,504.97,7817.87,-7094.12,70.57,1517.37,-7023.55,-5506.18
3501,497.99,1163.97,1514.53,138.75,77.4,-89.67,-971.87,-9162.91,527.26,7826.8,-7047.21,70.58,1522.26,-6976.63,-5454.37
3511,495.34,1164.4,1506.51,133.01,81.96,-64.86,-974.68,-9291.85,494.29,7806.56,-6915.47,69.93,1350.68,-6845.54,-5494.86
3521,520.11,1153.3,1509.51,130.28,68.4,-57.19,-973.04,-9274.85,483.9,7817.21,-6934.45,69.77,1377.64,-6864.68,-5487.03
3531,487.72,1175.45,1496.28,127.84,75.7,-58.18,-990.87,-9161.24,506.76,7855.11,-7056.92,69.6,1514.55,-6987.32,-5472.78
3541,478.9,1129.34,1485.09,126.42,73.43,-61.38,-983.17,-9186.86,498.28,7860.76,-7041.6,68.45,1420.79,-6973.14,-5552.35
3551,487.59,1181.66,1478.48,129.46,77.65,-60.87,-992.27,-9105.9,496.89,7829.81,-7092.54,69.62,1522.5,-7022.92,-5500.43
3561,504.43,1203.89,1495.27,128.21,72.31,-61.11,-982.88,-9080.08,505.31,7798.38,-7089.28,69.84,1583.71,-7019.44,-5435.73
3571,486.41,1199.73,1512.29,137.82,69.76,-70.71,-963.89,-8986.97,503.01,7812.09,-7229.91,70.02,1699.53,-7159.89,-5460.36
3581,479.53,1208.04,1513.4,130.22,83.32,-69.49,-975.88,-9042.97,489.28,7797.07,-7136.04,70.07,1612.53,-7065.97,-5453.44
3591,521.87,1159.29,1468.82,128.27,71.06,-50.34,-965.11,-9221.5,492.51,7802.39,-6987.08,69.48,1407.27,-6917.6,-5510.33
3601,478.57,1193.99,1510.22,132.3,68.55,-76.13,-987.56,-9185.94,499.39,7788.09,-6993.02,69.7,1421.47,-6923.31,-5501.84
3611,475.94,1185.94,1500.51,138.3,77.94,-83.91,-994.04,-9247.96,493.72,7820.58,-6922.72,70.27,1367.02,-6852.46,-5485.44
3621,526.27,1131.71,1513.63,118.41,89.52,-59.18,-997.28,-9238.15,509.7,7779.03,-6891.04,70.39,1373.67,-6820.65,-5446.99
3631,518.68,1173.53,1498.44,133.58,76.81,-68.18,-997.68,-9215.73,514.22,7851.4,-6986.94,70.25,1485.07,-6916.69,-5431.62
3641,488.13,1163.57,1490.83,131.23,81.44,-63.68,-988.35,-9179.03,495.02,7812.52,-6996.84,70.83,1431.68,-6926.01,-5494.33
3651,507.07,1176.67,1526.4,134.67,63.62,-80.95,-988.01,-9326.31,497.52,7800.05,-6853.67,69.57,1310.75,-6784.09,-5473.35
3661,479.58,1169.42,1508.88,135.02,70.02,-64.62,-987.37,-9135.37,511.54,7812.54,-7033.95,70.81,1499.62,-6963.14,-5463.51
3671,488.73,1171.94,1508.35,128.59,73.67,-79.43,-966.07,-9299.36,510.65,7829.38,-6926.21,70.8,1366.45,-6855.42,-5488.96
3681,494.94,1191.08,1478.65,132.33,83.65,-56.61,-998.23,-9134.8,479.0,7799.31,-7045.91,71.4,1469.32,-6974.51,-5505.18
3691,492.31,1193.36,1470.65,133.27,79.95,-62.2,-995.68,-9304.43,501.92,7798.77,-6892.13,68.77,1307.92,-6823.36,-5515.44
3701,500.66,1160.96,1507.48,131.2,78.09,-68.4,-977.1,-9133.98,504.95,7855.52,-7105.2,69.43,1559.36,-7035.77,-5476.41
3711,502.25,1204.48,1488.19,144.66,73.3,-72.56,-967.69,-9185.66,497.36,7843.97,-7032.25,70.28,1528.31,-6961.97,-5433.67
3721,513.79,1179.17,1504.47,132.29,80.93,-71.78,-987.39,-8993.47,498.32,7798.26,-7180.97,70.01,1654.6,-7110.97,-5456.37
3731,522.88,1226.02,1490.47,136.34,71.37,-68.06,-979.0,-9002.25,489.47,7797.8,-7171.13,70.08,1685.04,-7101.06,-5416.01
3741,509.91,1181.19,1501.42,132.81,85.28,-68.72,-995.63,-9042.46,495.68,7814.36,-7149.99,71.9,1613.84,-7078.09,-5464.25
3751,516.56,1166.35,1486.53,127.73,70.31,-70.01,-980.6,-8936.98,498.16,7780.17,-7233.17,70.22,1658.21,-7162.96,-5504.75
3761,499.55,1143.37,1505.37,127.86,76.64,-77.38,-966.55,-9184.67,490.54,7769.14,-6989.24,70.04,1383.88,-6919.19,-5535.31
3771,481.74,1190.36,1479.56,142.99,82.01,-56.68,-992.1,-8959.0,501.91,7816.29,-7223.91,69.28,1687.09,-7154.63,-5467.54
3781,511.57,1168.75,1510.97,133.75,83.99,-68.81,-997.33,-9154.8,513.88,7797.67,-7036.92,68.86,1499.65,-6968.06,-5468.42
3791,489.9,1162.77,1488.99,136.91,89.78,-55.3,-964.17,-8993.8,504.37,7799.35,-7209.71,71.06,1658.79,-7138.65,-5479.85
3801,472.94,1173.4,1485.41,129.76,64.16,-70.79,-958.61,-9024.91,508.37,7797.64,-7167.95,69.92,1577.36,-7098.03,-5520.67
3811,496.16,1141.56,1524.02,127.84,77.94,-68.36,-992.94,-8990.84,494.57,7822.35,-7206.58,69.32,1632.3,-7137.26,-5504.97
3821,497.81,1150.87,1492.33,120.6,71.94,-71.78,-968.97,-8990.55,506.32,7835.21,-7201.25,69.28,1643.78,-7131.98,-5488.19
3831,542.13,1177.18,1512.57,137.67,71.52,-67.64,-986.97,-8998.15,484.55,7810.18,-7180.97,69.75,1683.04,-7111.22,-5428.18
3841,499.39,1181.26,1499.33,142.83,72.56,-65.46,-960.68,-9080.12,499.92,7817.61,-7127.69,70.21,1606.65,-7057.48,-5450.83
3851,510.92,1160.37,1503.36,129.71,81.43,-64.2,-983.17,-9019.77,497.68,7867.71,-7230.28,70.07,1684.03,-7160.21,-5476.18
3861,479.2,1226.36,1511.37,141.27,72.33,-54.59,-1015.01,-9042.86,500.11,7796.08,-7137.57,70.74,1614.27,-7066.83,-5452.56
3871,538.17,1168.5,1501.27,141.12,79.2,-73.17,-983.8,-8905.74,480.23,7766.01,-7236.37,69.91,1711.79,-7166.46,-5454.67
3881,518.89,1201.77,1484.43,141.95,78.81,-56.09,-1000.76,-9078.13,476.86,7825.81,-7134.31,69.64,1593.56,-7064.67,-5471.11
3891,501.0,1192.13,1497.41,139.88,76.67,-74.14,-960.79,-8981.6,499.51,7810.5,-7185.64,71.09,1700.56,-7114.55,-5413.99
3901,486.04,1204.82,1497.54,129.12,75.33,-58.96,-974.36,-8953.69,499.93,7818.36,-7221.67,71.19,1724.14,-7150.48,-5426.34
3911,516.48,1138.04,1504.95,127.66,82.2,-77.14,-987.03,-8920.52,521.09,7787.99,-7254.36,69.98,1693.72,-7184.38,-5490.66
3921,523.79,1195.72,1496.86,133.46,57.02,-68.02,-983.42,-8975.83,495.21,7866.92,-7271.46,70.52,1741.71,-7200.93,-5459.23
3931,474.96,1194.91,1508.64,126.8,86.94,-73.81,-993.34,-8987.95,500.48,7825.02,-7225.75,70.42,1662.65,-7155.33,-5492.68
3941,511.52,1156.38,1509.41,131.29,76.55,-75.67,-997.04,-8860.99,497.09,7766.23,-7275.27,69.73,1714.79,-7205.54,-5490.74
3951,551.56,1132.89,1502.69,136.87,77.84,-64.31,-972.29,-9016.58,503.48,7859.9,-7231.15,71.24,1712.05,-7159.91,-5447.86
3961,506.4,1187.47,1490.17,127.94,77.65,-58.64,-978.5,-9012.11,491.29,7778.1,-7163.16,70.53,1609.77,-7092.63,-5482.86
3971,481.96,1134.21,1470.13,127.89,77.56,-68.26,-973.77,-9110.94,494.44,7882.71,-7120.06,69.26,1515.94,-7050.8,-5534.86
3981,519.46,1134.83,1509.34,132.96,75.41,-60.13,-975.76,-9138.04,506.01,7818.6,-7085.89,69.76,1522.68,-7016.14,-5493.45
3991,485.37,1144.56,1506.44,130.0,81.62,-71.26,-975.89,-9102.61,514.89,7841.63,-7110.66,70.25,1554.77,-7040.4,-5485.64
4001,488.44,1164.84,1481.21,131.75,76.29,-69.77,-983.88,-9113.47,511.88,7853.97,-7091.79,70.05,1541.25,-7021.74,-5480.48

Ligand Energy Terms
Frame #,BOND,ANGLE,DIHED,UB,IMP,CMAP,VDWAALS,EEL,1-4 VDW,1-4 EEL,EGB,ESURF,GGAS,GSOLV,TOTAL
1,11.5,19.83,51.27,4.27,0.18,0.0,-3.09,28.13,14.77,-52.97,-19.24,2.75,73.89,-16.49,57.4
11,8.82,17.42,48.14,4.14,0.34,0.0,-4.18,26.69,15.8,-49.16,-18.88,2.74,68.01,-16.14,51.86
21,7.91,21.62,50.13,4.13,0.2,0.0,-3.86,26.99,16.55,-48.64,-18.37,2.72,75.05,-15.64,59.41
31,16.51,18.72,49.75,4.73,1.92,0.0,-3.77,27.11,15.06,-49.31,-19.2,2.74,80.71,-16.46,64.26
41,13.0,14.98,49.96,4.57,0.11,0.0,-1.49,27.56,15.86,-51.24,-17.24,2.72,73.31,-14.52,58.79
51,11.11,21.31,48.11,3.78,0.28,0.0,-2.21,28.38,17.02,-50.05,-18.59,2.73,77.73,-15.86,61.87
61,7.25,13.32,48.28,3.53,1.68,0.0,-3.67,27.8,16.54,-51.39,-18.67,2.73,63.33,-15.94,47.39
71,12.3,15.05,49.5,3.76,0.15,0.0,-2.18,27.48,16.62,-49.95,-18.28,2.74,72.73,-15.55,57.18
81,13.7,20.64,48.62,4.88,1.57,0.0,-3.1,26.61,15.41,-49.87,-17.97,2.74,78.47,-15.23,63.25
91,6.71,19.43,48.98,5.65,1.15,0.0,-2.28,25.91,17.72,-48.98,-17.68,2.72,74.28,-14.96,59.32
101,8.69,28.03,49.53,5.97,0.56,0.0,-4.84,28.42,15.88,-51.89,-18.46,2.75,80.35,-15.71,64.64
111,11.17,19.64,50.46,4.42,0.66,0.0,-2.05,27.21,17.83,-49.28,-19.36,2.73,80.06,-16.63,63.44
121,6.23,15.16,50.85,3.07,0.75,0.0,-2.69,28.66,16.66,-50.95,-18.72,2.75,67.76,-15.97,51.79
131,8.88,15.61,49.14,2.46,0.3,0.0,-3.82,27.87,17.55,-49.84,-18.77,2.73,68.14,-16.05,52.1
141,7.59,19.66,53.48,4.61,0.79,0.0,-3.8,27.34,15.29,-50.97,-18.69,2.74,73.98,-15.95,58.04
151,11.8,24.36,48.68,5.98,0.65,0.0,-4.15,26.82,14.59,-50.44,-18.5,2.74,78.3,-15.77,62.53
161,10.08,16.25,49.72,2.84,0.49,0.0,-3.09,26.27,15.62,-50.83,-18.43,2.75,67.35,-15.68,51.67
171,7.97,18.77,50.08,4.59,0.06,0.0,-2.06,28.7,16.62,-51.47,-18.64,2.73,73.26,-15.9,57.36
181,7.22,15.44,49.82,3.65,0.0,0.0,-4.64,26.89,14.55,-47.29,-19.92,2.76,65.65,-17.16,48.49
191,10.44,19.12,49.41,4.86,0.15,0.0,-2.2,26.46,17.01,-47.34,-17.92,2.72,77.9,-15.19,62.7
201,8.37,17.02,47.81,4.26,0.53,0.0,-3.95,27.88,16.23,-49.34,-18.93,2.76,68.82,-16.17,52.65
211,5.76,15.98,49.0,3.7,0.25,0.0,-2.93,28.11,19.5,-50.32,-18.4,2.73,69.05,-15.67,53.38
221,10.65,16.51,54.65,3.21,0.13,0.0,-4.24,28.78,14.2,-51.86,-19.34,2.74,72.02,-16.6,55.42
231,12.15,17.36,49.53,3.64,0.67,0.0,-3.44,27.38,14.67,-50.13,-19.13,2.75,71.83,-16.38,55.45
241,4.88,19.07,55.16,4.75,1.05,0.0,-4.04,24.52,20.58,-46.32,-19.13,2.75,79.64,-16.38,63.26
251,8.19,23.03,53.71,4.31,0.03,0.0,-5.25,26.8,16.99,-46.99,-20.25,2.73,80.82,-17.52,63.31
261,8.44,18.61,50.21,4.19,0.04,0.0,-4.46,25.96,17.01,-48.14,-19.27,2.75,71.86,-16.52,55.34
271,10.56,14.64,52.64,3.58,0.93,0.0,-3.83,26.89,14.49,-47.13,-19.73,2.77,72.76,-16.96,55.8
281,13.11,20.87,49.45,4.64,0.42,0.0,-2.64,25.29,16.99,-49.25,-18.5,2.72,78.87,-15.79,63.09
291,7.18,16.27,49.52,3.17,0.58,0.0,-3.96,23.47,15.83,-46.1,-18.22,2.67,65.96,-15.55,50.41
301,5.47,16.97,48.93,2.75,0.09,0.0,-3.06,25.81,17.46,-46.93,-18.81,2.73,67.48,-16.08,51.39
311,11.53,16.53,53.89,3.95,1.84,0.0,-3.59,28.9,13.49,-50.4,-20.25,2.75,76.14,-17.5,58.64
321,10.45,15.91,48.56,3.94,1.19,0.0,-4.31,27.35,16.6,-49.5,-19.04,2.75,70.19,-16.29,53.9
331,5.76,16.96,49.75,4.78,0.04,0.0,-3.64,27.05,17.82,-50.8,-18.55,2.75,67.72,-15.8,51.91
341,10.94,16.08,49.28,4.42,0.25,0.0,-3.6,27.45,15.7,-49.62,-18.85,2.75,70.9,-16.11,54.79
351,13.96,14.78,49.9,4.77,0.32,0.0,-4.44,28.69,15.06,-50.35,-19.47,2.73,72.7,-16.74,55.96
361,6.02,14.58,50.44,2.78,1.36,0.0,-2.39,30.18,15.24,-51.88,-19.2,2.71,66.32,-16.49,49.82
371,12.04,16.95,49.2,4.39,0.93,0.0,-3.53,25.85,16.14,-47.49,-18.82,2.73,74.48,-16.09,58.39
381,6.26,18.07,49.65,3.53,0.58,0.0,-2.8,26.33,19.05,-50.08,-17.97,2.73,70.58,-15.25,55.34
391,10.67,17.98,49.75,3.38,1.11,0.0,-4.39,26.4,17.09,-48.64,-18.21,2.73,73.36,-15.48,57.88
401,8.23,15.17,49.32,3.0,0.12,0.0,-1.59,26.97,18.57,-51.01,-18.04,2.73,68.79,-15.31,53.48
411,10.39,22.14,51.46,4.64,0.17,0.0,-4.07,28.21,17.23,-50.87,-20.04,2.77,79.31,-17.27,62.04
421,16.95,19.67,51.45,4.58,0.02,0.0,-1.82,26.76,16.6,-49.76,-18.89,2.75,84.43,-16.14,68.29
431,11.25,21.92,53.6,5.81,0.56,0.0,-4.67,27.1,14.87,-49.73,-19.73,2.76,80.7,-16.97,63.73
441,13.66,18.38,50.15,4.18,0.35,0.0,-2.1,28.65,14.35,-54.66,-18.39,2.74,72.95,-15.65,57.3
451,11.11,22.01,50.19,4.84,0.66,0.0,-4.29,28.32,15.85,-52.15,-18.96,2.76,76.55,-16.2,60.35
461,12.11,22.06,47.96,4.79,0.05,0.0,-4.02,25.6,18.23,-49.0,-18.33,2.72,77.79,-15.61,62.17
471,9.33,18.76,48.92,4.47,0.44,0.0,-3.71,27.14,18.2,-49.94,-18.58,2.73,73.61,-15.85,57.76
481,10.22,17.89,52.08,3.2,1.49,0.0,-3.72,27.83,15.61,-49.8,-19.51,2.74,74.81,-16.77,58.04
491,9.6,16.12,48.58,4.67,0.67,0.0,-4.48,26.27,16.76,-48.37,-18.55,2.74,69.8,-15.8,54.0
501,8.25,18.71,47.89,4.66,1.56,0.0,-4.45,26.38,16.89,-50.7,-17.96,2.72,69.18,-15.24,53.94
511,7.76,18.31,47.91,3.44,0.65,0.0,-3.85,25.16,17.81,-48.22,-17.86,2.73,68.96,-15.13,53.84
521,5.35,12.32,48.04,2.71,0.05,0.0,-2.95,27.84,20.3,-51.52,-18.1,2.7,62.14,-15.4,46.74
531,9.55,23.92,49.85,5.84,0.78,0.0,-0.62,27.87,15.41,-53.67,-18.06,2.74,78.93,-15.32,63.61
541,6.92,16.94,48.76,3.2,0.48,0.0,-1.45,25.81,18.49,-48.99,-18.33,2.72,70.14,-15.61,54.53
551,7.65,20.79,51.34,3.9,0.6,0.0,-2.86,29.65,16.28,-54.03,-18.62,2.7,73.32,-15.92,57.4
561,14.43,14.28,49.6,4.4,0.58,0.0,-2.42,26.84,13.69,-50.11,-18.44,2.75,71.29,-15.69,55.6
571,7.69,19.33,49.85,4.16,2.42,0.0,-2.72,24.93,14.31,-48.75,-18.78,2.75,71.23,-16.02,55.21
581,6.13,15.03,49.39,3.23,1.7,0.0,-4.03,25.54,16.05,-46.78,-18.98,2.74,66.28,-16.24,50.04
591,13.28,15.42,47.65,4.59,1.01,0.0,-2.44,28.0,15.95,-50.62,-18.63,2.75,72.84,-15.88,56.97
601,8.88,17.25,48.24,3.6,0.18,0.0,-0.14,28.36,16.76,-52.22,-18.66,2.74,70.9,-15.92,54.98
611,8.61,20.99,48.56,3.8,0.15,0.0,-0.87,26.57,17.99,-49.35,-18.48,2.71,76.45,-15.77,60.69
621,8.74,15.63,51.06,3.65,0.05,0.0,-4.55,28.6,16.71,-51.47,-18.96,2.76,68.42,-16.21,52.21
631,8.09,14.87,50.12,4.27,0.98,0.0,-3.26,25.11,16.25,-47.87,-18.88,2.71,68.55,-16.17,52.38
641,6.66,15.48,51.71,4.08,0.31,0.0,-5.1,25.17,15.43,-47.06,-18.53,2.74,66.68,-15.79,50.89
651,8.64,19.43,52.66,3.43,1.92,0.0,-5.89,25.73,15.9,-46.82,-18.67,2.65,75.01,-16.02,58.99
661,9.0,19.3,51.91,3.75,1.27,0.0,-3.78,25.37,17.67,-47.37,-19.44,2.72,77.12,-16.72,60.4
671,7.96,12.1,54.08,4.08,0.71,0.0,-0.31,27.53,17.34,-50.3,-18.13,2.76,73.17,-15.37,57.8
681,13.7,20.41,52.17,4.84,0.76,0.0,-3.91,27.55,14.16,-51.24,-19.02,2.74,78.44,-16.28,62.16
691,7.57,25.53,52.72,5.41,1.01,0.0,-4.6,27.43,15.8,-50.99,-19.35,2.74,79.87,-16.6,63.27
701,9.79,18.35,50.67,5.04,0.07,0.0,-3.34,26.18,15.62,-50.52,-18.29,2.76,71.87,-15.54,56.33
711,8.61,18.88,49.67,3.42,0.13,0.0,-2.11,27.72,16.93,-52.91,-17.9,2.7,70.33,-15.2,55.13
721,5.02,16.83,51.36,3.51,0.23,0.0,-3.99,26.65,16.64,-49.09,-18.73,2.71,67.16,-16.02,51.14
731,8.68,17.24,48.51,5.07,1.44,0.0,-5.16,25.32,17.89,-46.7,-18.54,2.71,72.29,-15.83,56.46
741,10.71,19.59,51.75,5.27,2.45,0.0,-4.52,27.2,16.8,-48.29,-19.69,2.74,80.97,-16.95,64.01
751,11.54,21.24,52.25,4.56,0.34,0.0,-2.75,24.18,17.18,-45.68,-18.95,2.69,82.86,-16.26,66.6
761,7.21,24.72,50.42,5.56,0.59,0.0,-4.1,25.47,16.72,-47.46,-19.26,2.66,79.13,-16.59,62.54
771,9.92,19.98,52.19,3.76,0.11,0.0,-4.78,25.76,14.74,-47.97,-19.41,2.72,73.72,-16.69,57.03
781,6.86,18.47,47.95,4.38,0.31,0.0,-0.09,24.66,18.51,-47.79,-18.4,2.71,73.26,-15.69,57.57
791,14.52,16.33,50.84,5.06,0.62,0.0,-2.81,22.66,12.92,-43.02,-19.08,2.7,77.11,-16.37,60.74
801,10.8,19.63,51.12,4.54,2.19,0.0,-4.05,23.81,16.77,-44.5,-19.23,2.68,80.3,-16.55,63.75
811,7.75,18.03,51.29,3.57,3.21,0.0,-4.98,25.15,16.61,-48.29,-18.85,2.74,72.34,-16.12,56.22
821,14.75,16.59,55.28,4.6,1.5,0.0,-5.04,26.95,13.33,-49.08,-19.52,2.73,78.87,-16.78,62.09
831,9.24,16.08,49.85,3.81,0.12,0.0,-3.87,28.59,18.22,-52.78,-18.97,2.72,69.24,-16.25,53.0
841,8.2,20.25,49.78,4.6,0.06,0.0,-4.4,27.36,16.72,-49.78,-18.72,2.73,72.79,-15.99,56.8
851,8.12,15.38,48.4,2.61,1.42,0.0,-2.83,26.89,16.37,-48.29,-18.56,2.75,68.08,-15.81,52.27
861,9.79,18.14,49.82,4.76,0.81,0.0,-2.77,28.05,16.77,-53.59,-18.56,2.74,71.79,-15.82,55.96
871,11.23,21.22,48.7,4.59,0.18,0.0,-3.31,27.92,15.52,-50.68,-18.96,2.75,75.38,-16.21,59.17
881,14.03,21.03,52.45,5.29,1.51,0.0,-2.53,26.38,16.12,-49.48,-18.5,2.73,84.79,-15.77,69.02
891,9.63,13.6,48.08,3.58,0.91,0.0,-3.97,24.2,17.06,-45.01,-18.44,2.71,68.08,-15.73,52.36
901,6.13,20.49,53.09,3.86,1.21,0.0,-4.71,25.54,16.12,-45.95,-18.94,2.72,75.78,-16.22,59.56
911,8.39,21.97,49.05,4.9,0.38,0.0,0.02,28.32,18.8,-50.87,-18.07,2.72,80.95,-15.35,65.6
921,12.81,21.74,48.0,4.96,0.96,0.0,-4.12,28.05,15.42,-50.93,-19.2,2.75,76.88,-16.45,60.43
931,12.36,19.09,53.08,4.93,0.99,0.0,-0.82,28.7,15.68,-52.74,-18.25,2.72,81.27,-15.53,65.75
941,8.92,15.9,48.48,3.75,0.49,0.0,-1.61,28.06,17.2,-52.06,-18.5,2.74,69.13,-15.76,53.37
951,10.14,18.2,50.58,3.37,0.03,0.0,-3.76,27.14,15.28,-51.14,-18.71,2.74,69.84,-15.97,53.87
961,9.28,21.7,49.08,5.61,0.68,0.0,-3.5,27.33,17.55,-51.75,-17.72,2.73,76.0,-14.99,61.01
971,14.33,14.96,53.26,3.41,0.44,0.0,-4.5,29.57,13.45,-51.53,-19.68,2.74,73.4,-16.94,56.46
981,13.68,18.55,49.35,4.17,0.23,0.0,-3.22,24.93,17.21,-48.25,-18.11,2.76,76.64,-15.35,61.29
991,7.49,18.08,51.42,4.21,0.36,0.0,-4.95,28.38,17.93,-49.42,-19.34,2.71,73.51,-16.63,56.88
1001,9.71,15.12,50.12,4.17,0.39,0.0,-4.11,27.04,15.97,-49.72,-18.86,2.73,68.71,-16.12,52.58
1011,12.16,18.4,50.7,3.26,0.33,0.0,-2.01,27.68,13.59,-50.18,-19.18,2.77,73.94,-16.41,57.53
1021,10.52,18.31,47.11,3.38,0.2,0.0,-1.89,27.95,17.81,-51.72,-18.03,2.71,71.67,-15.32,56.35
1031,5.27,16.86,53.58,3.58,0.63,0.0,-4.51,26.46,18.78,-48.53,-18.3,2.73,72.12,-15.57,56.55
1041,6.51,19.08,47.8,5.04,0.22,0.0,-2.82,26.11,17.37,-49.16,-18.06,2.74,70.15,-15.32,54.83
1051,10.8,20.41,49.55,5.55,0.53,0.0,-3.97,26.42,17.68,-50.3,-17.92,2.72,76.66,-15.2,61.46
1061,10.42,22.01,48.3,5.3,0.73,0.0,-3.79,27.16,19.92,-52.22,-17.88,2.73,77.82,-15.15,62.66
1071,11.27,16.96,50.45,3.58,0.59,0.0,-4.05,27.54,15.44,-50.05,-18.91,2.74,71.73,-16.17,55.56
1081,9.2,14.85,49.49,3.27,0.37,0.0,-2.86,26.74,14.89,-49.18,-17.98,2.73,66.75,-15.24,51.51
1091,9.0,20.2,49.65,2.87,0.24,0.0,-4.75,28.14,18.1,-52.78,-17.84,2.71,70.66,-15.12,55.54
1101,9.85,17.95,50.2,3.73,0.04,0.0,-1.54,27.19,15.77,-52.0,-17.75,2.72,71.18,-15.03,56.15
1111,10.48,19.85,49.74,5.86,0.4,0.0,-4.37,28.52,18.77,-52.92,-18.52,2.71,76.33,-15.8,60.53
1121,9.89,18.49,50.41,3.14,0.74,0.0,-4.24,26.25,16.84,-49.6,-18.78,2.75,71.93,-16.04,55.9
1131,8.46,20.48,51.45,3.04,0.29,0.0,-3.45,26.58,17.34,-50.55,-18.95,2.74,73.64,-16.21,57.44
1141,9.77,20.92,51.33,5.25,0.17,0.0,-2.96,27.71,15.24,-48.9,-18.72,2.7,78.54,-16.02,62.52
1151,7.02,14.29,46.18,3.88,0.24,0.0,-2.9,27.03,16.26,-50.18,-18.72,2.73,61.81,-15.99,45.81
1161,5.58,16.34,48.49,5.3,0.36,0.0,-4.38,26.68,19.01,-48.25,-18.18,2.71,69.13,-15.47,53.66
1171,8.7,14.92,49.43,2.57,1.66,0.0,-1.84,26.79,16.74,-50.14,-17.71,2.72,68.83,-14.99,53.84
1181,7.71,17.35,52.12,4.24,0.34,0.0,-2.06,29.09,17.81,-53.73,-18.21,2.72,72.87,-15.49,57.38
1191,14.34,15.9,52.67,2.77,0.66,0.0,-0.72,26.85,15.53,-51.85,-18.56,2.73,76.15,-15.83,60.32
1201,7.26,22.78,51.3,4.8,1.02,0.0,-3.49,27.2,18.08,-50.34,-17.95,2.73,78.61,-15.22,63.39
1211,7.74,19.37,51.89,3.03,0.68,0.0,-2.29,28.58,15.67,-52.13,-19.21,2.74,72.53,-16.47,56.06
1221,11.3,18.05,50.48,4.34,0.97,0.0,-4.21,28.42,16.11,-50.02,-19.42,2.73,75.44,-16.69,58.74
1231,10.13,17.92,49.38,4.36,0.11,0.0,-1.88,26.59,16.94,-50.53,-17.89,2.73,73.02,-15.16,57.86
1241,8.28,16.59,49.73,3.96,0.16,0.0,-3.42,26.62,17.37,-49.58,-17.92,2.71,69.72,-15.22,54.5
1251,8.96,21.05,53.0,5.19,0.94,0.0,-3.88,27.97,16.49,-52.73,-17.89,2.73,77.0,-15.16,61.83
1261,8.86,20.96,47.02,6.06,0.19,0.0,-3.63,28.78,16.49,-52.64,-18.82,2.72,72.1,-16.1,56.0
1271,11.04,13.88,50.18,3.27,0.59,0.0,-4.22,26.48,16.97,-48.19,-19.22,2.68,69.99,-16.54,53.45
1281,10.58,17.85,48.56,4.39,0.76,0.0,-3.44,28.42,17.28,-50.78,-18.1,2.72,73.63,-15.39,58.24
1291,14.31,15.92,53.05,3.34,1.86,0.0,-3.47,27.0,12.71,-50.04,-19.57,2.76,74.68,-16.81,57.87
1301,11.03,18.82,50.97,4.01,0.21,0.0,-3.99,28.3,15.68,-52.27,-18.61,2.75,72.77,-15.86,56.91
1311,12.0,18.34,49.67,5.23,0.43,0.0,-3.45,28.43,14.91,-52.14,-18.42,2.71,73.41,-15.71,57.7
1321,11.31,13.92,49.58,2.9,0.42,0.0,-2.7,26.74,16.57,-50.69,-18.11,2.74,68.05,-15.38,52.68
1331,14.24,21.8,51.5,4.98,0.1,0.0,-4.71,27.54,15.86,-50.98,-19.16,2.73,80.33,-16.43,63.9
1341,12.43,19.34,53.04,3.45,0.27,0.0,-3.28,27.92,13.7,-49.29,-19.73,2.75,77.6,-16.98,60.62
1351,9.81,18.45,51.85,3.18,1.09,0.0,-2.97,27.84,16.5,-48.75,-18.6,2.72,76.99,-15.88,61.11
1361,10.77,14.14,51.11,5.01,0.49,0.0,-1.1,28.04,16.19,-52.18,-18.67,2.72,72.45,-15.95,56.51
1371,11.54,22.64,49.68,4.07,1.01,0.0,-2.77,26.94,15.48,-51.06,-18.27,2.74,77.53,-15.53,62.0
1381,9.48,19.78,50.18,3.88,0.22,0.0,-4.0,25.87,14.1,-46.11,-19.78,2.79,73.39,-16.99,56.4
1391,6.55,21.89,49.76,4.39,1.86,0.0,-0.67,26.97,18.97,-49.71,-18.81,2.74,80.03,-16.07,63.96
1401,8.8,19.4,49.04,3.21,1.86,0.0,-1.63,26.81,17.53,-48.88,-19.07,2.73,76.13,-16.34,59.8
1411,11.15,13.14,51.22,3.1,0.16,0.0,-2.49,26.78,17.29,-50.73,-17.99,2.76,69.63,-15.23,54.4
1421,7.42,15.0,52.16,4.4,0.38,0.0,-4.38,26.49,18.83,-46.86,-18.89,2.74,73.44,-16.15,57.29
1431,6.35,12.03,50.49,3.23,1.16,0.0,-2.84,26.66,19.25,-51.36,-17.71,2.71,64.98,-15.0,49.99
1441,5.79,17.16,53.49,2.97,1.85,0.0,-3.3,28.15,15.32,-51.1,-18.78,2.74,70.32,-16.03,54.29
1451,9.73,16.08,47.62,3.07,0.6,0.0,-3.65,26.6,17.03,-48.82,-18.66,2.72,68.25,-15.94,52.31
1461,12.22,16.73,46.52,3.42,1.12,0.0,-1.84,27.5,15.9,-50.61,-17.92,2.72,70.96,-15.2,55.76
1471,5.96,21.66,53.6,3.83,0.01,0.0,-3.08,27.83,18.22,-51.58,-18.22,2.74,76.45,-15.48,60.97
1481,7.59,18.11,49.16,4.64,0.14,0.0,-4.36,27.39,17.58,-49.04,-19.02,2.72,71.2,-16.29,54.9
1491,12.37,14.64,50.95,3.05,0.02,0.0,-3.77,26.65,16.91,-48.37,-19.42,2.76,72.47,-16.66,55.8
1501,7.97,18.37,55.94,4.6,0.35,0.0,-3.74,28.85,16.46,-51.99,-19.55,2.74,76.81,-16.81,60.0
1511,6.24,15.52,49.16,3.64,0.48,0.0,-4.16,26.09,19.97,-48.82,-18.51,2.72,68.12,-15.78,52.34
1521,8.8,20.25,50.76,2.74,0.03,0.0,-2.81,27.58,14.76,-50.01,-18.88,2.73,72.11,-16.14,55.97
1531,9.06,20.44,48.8,3.29,0.09,0.0,-3.99,26.22,16.45,-49.26,-18.45,2.71,71.1,-15.73,55.37
1541,6.53,15.55,52.02,3.55,1.53,0.0,-3.03,27.31,16.76,-49.02,-18.22,2.74,71.2,-15.48,55.72
1551,9.02,17.8,50.78,4.41,0.76,0.0,-0.48,28.56,16.28,-53.16,-17.88,2.73,73.98,-15.14,58.84
1561,8.13,21.88,49.89,4.81,0.45,0.0,-4.47,27.73,15.92,-50.53,-18.96,2.72,73.81,-16.24,57.57
1571,4.91,19.15,49.9,4.26,1.04,0.0,-1.31,25.15,20.96,-47.53,-17.61,2.7,76.53,-14.91,61.62
1581,12.38,17.39,52.12,3.05,0.5,0.0,-1.35,26.82,16.54,-51.42,-18.81,2.76,76.02,-16.06,59.97
1591,8.09,20.0,47.57,4.72,0.55,0.0,-3.42,26.68,19.59,-48.11,-18.14,2.73,75.68,-15.41,60.26
1601,8.54,15.41,52.41,3.54,1.07,0.0,-6.12,25.02,16.65,-45.36,-20.1,2.72,71.17,-17.38,53.79
1611,8.07,16.91,50.4,3.96,1.12,0.0,-3.62,28.0,15.41,-50.93,-18.48,2.72,69.32,-15.75,53.56
1621,15.13,15.19,51.43,2.77,0.58,0.0,-3.95,27.6,16.82,-49.98,-19.74,2.76,75.57,-16.98,58.59
1631,6.84,15.31,53.03,3.01,0.41,0.0,-4.05,28.31,16.58,-49.76,-19.43,2.7,69.7,-16.73,52.97
1641,15.66,17.1,51.58,4.02,0.43,0.0,-4.3,24.28,15.6,-43.67,-18.93,2.7,80.69,-16.22,64.47
1651,10.61,18.86,51.89,4.99,0.09,0.0,-4.01,25.62,16.29,-46.67,-19.1,2.66,77.66,-16.44,61.22
1661,12.1,15.42,50.96,3.81,0.88,0.0,-4.07,25.32,14.91,-47.91,-19.43,2.7,71.43,-16.73,54.7
1671,6.8,21.78,51.93,5.06,0.72,0.0,-4.99,24.57,17.15,-47.35,-18.08,2.69,75.67,-15.39,60.28
1681,9.61,24.96,49.34,4.9,0.19,0.0,-4.5,24.72,16.38,-47.65,-18.59,2.69,77.95,-15.9,62.05
1691,12.2,15.25,48.56,3.85,0.91,0.0,-3.26,26.27,17.73,-49.92,-18.19,2.74,71.58,-15.44,56.13
1701,11.6,16.07,48.26,3.88,0.11,0.0,-3.34,25.98,18.74,-50.38,-18.59,2.74,70.91,-15.85,55.06
1711,11.22,15.75,48.71,4.12,1.78,0.0,-3.42,26.4,15.69,-50.47,-18.32,2.76,69.78,-15.57,54.21
1721,14.17,19.66,50.95,6.04,0.0,0.0,-1.35,27.97,17.08,-51.55,-18.81,2.73,82.96,-16.08,66.88
1731,10.76,19.46,48.89,4.9,0.28,0.0,-3.76,27.75,16.48,-51.82,-18.09,2.73,72.94,-15.37,57.57
1741,13.9,20.55,49.66,3.99,0.06,0.0,-1.37,27.14,14.58,-52.31,-18.76,2.75,76.2,-16.01,60.19
1751,8.41,14.74,49.77,4.68,0.28,0.0,-3.82,27.13,17.46,-48.43,-19.3,2.74,70.22,-16.56,53.67
1761,9.37,18.94,49.11,4.29,1.97,0.0,-3.12,28.57,18.9,-53.07,-18.13,2.73,74.96,-15.41,59.55
1771,12.42,17.31,50.71,4.83,0.6,0.0,-2.73,27.23,17.86,-49.91,-18.51,2.74,78.31,-15.77,62.54
1781,10.39,16.39,48.3,3.07,0.39,0.0,-1.71,27.89,15.27,-52.37,-18.03,2.73,67.62,-15.3,52.32
1791,10.22,20.04,50.62,4.51,0.56,0.0,-2.51,24.77,15.88,-47.12,-18.03,2.72,76.96,-15.31,61.65
1801,8.81,19.47,50.01,4.32,0.73,0.0,-3.38,28.24,18.27,-50.45,-18.3,2.71,76.02,-15.59,60.43
1811,13.74,14.93,49.56,4.61,0.21,0.0,-1.26,27.53,16.82,-52.44,-18.87,2.76,73.7,-16.11,57.59
1821,10.37,17.01,51.47,3.66,0.02,0.0,-2.47,28.38,16.85,-51.55,-18.92,2.72,73.75,-16.2,57.56
1831,10.83,15.83,49.01,6.06,0.12,0.0,-3.15,28.07,15.42,-49.64,-18.88,2.73,72.54,-16.15,56.4
1841,15.83,18.54,49.99,3.77,0.2,0.0,-2.83,27.0,15.59,-51.97,-18.5,2.74,76.11,-15.76,60.35
1851,6.96,20.3,51.24,4.12,1.04,0.0,-4.59,27.13,16.95,-50.69,-18.23,2.71,72.46,-15.52,56.94
1861,8.06,15.09,52.55,3.84,0.17,0.0,-3.92,25.83,18.09,-48.57,-18.24,2.74,71.15,-15.5,55.65
1871,13.47,19.74,51.85,5.5,0.52,0.0,-2.42,28.36,14.34,-53.01,-18.44,2.74,78.35,-15.69,62.65
1881,11.29,16.83,49.14,3.44,0.38,0.0,-3.36,27.15,14.44,-50.15,-19.33,2.75,69.16,-16.59,52.58
1891,10.16,22.41,53.29,6.37,0.41,0.0,-5.33,27.12,18.41,-47.89,-19.54,2.75,84.94,-16.78,68.16
1901,10.45,19.93,52.78,5.02,2.0,0.0,-4.48,26.07,17.01,-49.96,-18.53,2.71,78.83,-15.82,63.01
1911,11.98,20.06,48.57,4.29,0.08,0.0,-2.32,26.51,15.75,-51.01,-18.11,2.72,73.92,-15.39,58.53
1921,8.13,17.04,51.07,3.76,0.8,0.0,-5.24,26.95,16.32,-49.87,-18.47,2.68,68.96,-15.79,53.17
1931,11.81,20.36,49.48,4.25,4.79,0.0,-4.31,24.79,15.21,-45.98,-18.76,2.67,80.38,-16.09,64.29
1941,10.84,12.07,49.56,2.26,1.9,0.0,-3.99,27.37,16.55,-49.36,-19.18,2.77,67.2,-16.41,50.79
1951,11.48,18.26,50.34,5.44,0.13,0.0,-4.42,26.69,14.71,-48.2,-19.22,2.76,74.44,-16.46,57.98
1961,7.96,19.11,50.53,3.75,0.61,0.0,-1.55,25.69,16.82,-50.22,-18.61,2.74,72.7,-15.87,56.83
1971,10.8,22.09,54.3,5.27,0.36,0.0,-5.16,27.87,17.33,-49.81,-19.91,2.7,83.06,-17.21,65.85
1981,10.4,22.56,51.07,4.2,0.94,0.0,-4.85,24.65,17.38,-45.59,-18.72,2.7,80.77,-16.02,64.75
1991,13.01,18.45,51.15,3.92,3.09,0.0,-4.16,25.79,14.89,-47.28,-19.36,2.71,78.85,-16.65,62.2
2001,8.8,19.6,49.65,4.99,0.14,0.0,-4.0,25.15,15.84,-48.54,-18.71,2.73,71.62,-15.97,55.65
2011,6.55,19.68,56.35,4.51,2.01,0.0,-4.13,27.45,16.19,-47.89,-19.99,2.68,80.72,-17.31,63.41
2021,6.83,18.87,53.78,3.94,0.13,0.0,-5.63,27.09,17.89,-46.49,-19.93,2.67,76.41,-17.26,59.15
2031,9.02,20.88,49.84,2.94,0.49,0.0,-4.87,25.43,16.66,-48.99,-18.91,2.73,71.39,-16.18,55.22
2041,10.71,18.65,50.34,4.47,0.42,0.0,-4.89,27.49,15.83,-50.03,-19.87,2.78,73.0,-17.09,55.9
2051,10.08,17.88,49.68,4.33,0.06,0.0,-4.37,25.88,16.26,-46.77,-18.75,2.75,73.04,-16.0,57.04
2061,9.95,15.63,53.15,3.95,0.1,0.0,-4.07,26.8,17.32,-50.5,-18.17,2.73,72.33,-15.44,56.89
2071,14.4,24.45,52.24,4.61,0.84,0.0,-4.22,27.91,17.35,-51.71,-19.81,2.77,85.87,-17.04,68.83
2081,9.98,16.21,50.17,3.75,0.09,0.0,-4.74,27.01,16.8,-47.81,-18.79,2.75,71.47,-16.04,55.42
2091,10.89,18.08,49.63,5.4,0.06,0.0,-2.94,27.59,15.46,-50.3,-18.81,2.74,73.88,-16.08,57.8
2101,12.08,11.59,49.63,2.59,1.08,0.0,-2.31,26.69,16.73,-49.93,-18.47,2.74,68.16,-15.73,52.42
2111,8.83,18.16,48.21,3.93,2.79,0.0,-3.85,27.48,15.76,-49.83,-18.74,2.73,71.5,-16.01,55.49
2121,7.87,23.74,52.21,4.61,1.14,0.0,-4.47,25.83,19.6,-50.06,-17.94,2.74,80.47,-15.19,65.28
2131,10.55,17.35,51.03,4.0,0.39,0.0,-3.63,27.96,16.46,-51.87,-19.07,2.71,72.25,-16.35,55.89
2141,7.02,18.64,51.52,4.19,0.05,0.0,-3.13,27.88,16.58,-51.33,-18.65,2.71,71.41,-15.94,55.47
2151,7.15,18.93,49.97,3.81,0.1,0.0,-2.37,26.66,16.13,-48.95,-18.33,2.75,71.44,-15.58,55.86
2161,7.15,22.01,49.72,4.45,0.35,0.0,-2.88,28.02,17.96,-52.77,-18.08,2.72,74.02,-15.36,58.65
2171,11.74,18.37,51.4,4.35,2.16,0.0,-3.58,27.99,15.57,-52.29,-18.6,2.72,75.71,-15.88,59.83
2181,10.14,20.55,50.19,4.33,1.19,0.0,-0.48,27.48,16.3,-51.23,-17.81,2.74,78.46,-15.08,63.39
2191,11.79,18.47,51.63,4.21,0.22,0.0,-4.2,25.64,14.84,-48.59,-19.0,2.74,74.01,-16.26,57.75
2201,10.98,22.83,51.63,5.1,0.77,0.0,-5.92,29.71,13.94,-52.06,-19.92,2.74,76.99,-17.18,59.81
2211,7.43,19.88,51.75,4.29,0.45,0.0,-2.85,24.24,16.76,-46.54,-18.49,2.67,75.4,-15.82,59.58
2221,9.39,21.92,57.09,4.09,1.13,0.0,-4.34,28.85,18.6,-54.8,-18.06,2.72,81.93,-15.34,66.59
2231,14.16,20.41,48.65,5.34,0.77,0.0,-1.35,27.73,16.14,-52.87,-17.95,2.73,78.99,-15.22,63.78
2241,10.63,15.85,54.11,3.97,0.54,0.0,-3.23,24.64,16.22,-47.78,-18.66,2.74,74.96,-15.92,59.04
2251,8.32,23.1,54.17,5.71,0.06,0.0,-4.05,26.27,17.04,-49.15,-18.38,2.73,81.47,-15.65,65.82
2261,7.69,18.43,48.55,4.25,0.54,0.0,-2.11,27.66,17.82,-50.91,-18.04,2.7,71.93,-15.34,56.59
2271,14.61,19.21,50.84,5.66,1.57,0.0,-2.52,26.66,14.52,-50.35,-18.95,2.74,80.21,-16.21,64.0
2281,8.6,16.16,47.07,3.01,0.07,0.0,-2.92,26.35,15.76,-49.35,-18.59,2.72,64.76,-15.87,48.89
2291,17.13,16.32,54.06,3.46,0.15,0.0,-2.52,28.72,14.74,-52.65,-18.51,2.73,79.41,-15.78,63.62
2301,12.47,20.47,54.52,4.5,0.15,0.0,-1.93,25.13,16.74,-47.83,-18.2,2.73,84.22,-15.47,68.75
2311,7.91,17.56,50.53,4.5,0.5,0.0,-2.71,26.68,19.66,-50.38,-17.9,2.71,74.25,-15.19,59.06
2321,11.94,19.14,52.17,4.89,0.13,0.0,-3.8,26.69,15.17,-47.66,-18.85,2.74,78.66,-16.11,62.55
2331,4.64,19.18,50.68,4.87,0.31,0.0,-3.98,27.98,16.48,-49.65,-18.77,2.76,70.51,-16.01,54.5
2341,8.54,16.88,53.65,3.5,0.43,0.0,-3.93,26.79,18.52,-49.04,-19.27,2.73,75.35,-16.54,58.81
2351,6.5,22.37,48.37,3.2,0.42,0.0,-1.04,27.5,18.96,-52.56,-18.49,2.74,73.72,-15.75,57.97
2361,7.0,24.79,53.33,4.79,0.21,0.0,-4.51,26.36,19.92,-48.63,-18.92,2.75,83.26,-16.17,67.09
2371,10.47,20.72,51.72,4.82,0.09,0.0,-4.66,26.5,15.92,-48.91,-18.18,2.72,76.68,-15.46,61.22
2381,9.56,18.89,50.33,4.38,1.42,0.0,-3.67,27.17,16.9,-49.94,-18.01,2.74,75.05,-15.27,59.78
2391,7.58,16.69,50.42,2.94,2.69,0.0,-4.29,26.32,15.23,-47.03,-19.38,2.75,70.55,-16.63,53.92
2401,10.68,18.09,49.24,4.43,0.9,0.0,-4.27,24.99,15.64,-47.74,-18.08,2.74,71.95,-15.34,56.61
2411,7.31,16.91,49.03,3.61,0.51,0.0,-0.69,26.3,15.8,-49.59,-18.45,2.7,69.21,-15.75,53.45
2421,11.0,17.63,53.23,3.57,0.28,0.0,-4.67,24.38,14.96,-44.78,-19.09,2.78,75.62,-16.31,59.31
2431,11.71,18.89,47.13,5.56,0.07,0.0,-2.29,25.94,18.58,-50.36,-17.47,2.71,75.23,-14.76,60.46
2441,13.28,21.12,48.44,4.56,0.54,0.0,-4.79,25.88,15.59,-49.21,-18.67,2.74,75.4,-15.92,59.48
2451,7.85,19.39,52.67,4.66,1.46,0.0,-5.32,27.12,15.37,-48.41,-19.87,2.76,74.78,-17.11,57.67
2461,12.99,19.51,49.83,5.02,0.58,0.0,-4.76,26.22,18.72,-47.63,-18.8,2.71,80.49,-16.08,64.4
2471,5.04,16.67,51.59,3.74,1.84,0.0,-3.32,28.04,18.38,-52.89,-17.98,2.69,69.11,-15.3,53.82
2481,9.28,21.75,54.58,4.75,0.35,0.0,-4.58,28.11,15.28,-49.66,-20.91,2.75,79.86,-18.17,61.69
2491,11.08,17.47,48.42,3.91,0.39,0.0,-4.8,26.02,15.67,-49.44,-18.73,2.68,68.72,-16.05,52.67
2501,5.97,16.73,49.31,2.92,0.17,0.0,-4.67,27.14,15.92,-49.57,-19.31,2.71,63.93,-16.6,47.33
2511,11.14,12.77,48.73,3.43,0.44,0.0,-4.39,24.51,17.05,-45.39,-18.92,2.71,68.3,-16.21,52.09
2521,10.22,19.96,50.91,4.84,3.31,0.0,-5.04,24.56,14.36,-48.13,-18.22,2.73,74.98,-15.49,59.5
2531,8.87,21.31,50.4,3.55,1.81,0.0,-2.39,25.87,15.03,-49.31,-18.3,2.7,75.15,-15.6,59.55
2541,11.51,13.42,52.85,3.14,0.08,0.0,-4.85,26.58,15.94,-48.05,-19.6,2.73,70.62,-16.87,53.75
2551,6.84,19.42,47.11,3.51,0.57,0.0,-2.96,25.4,16.64,-48.81,-18.43,2.7,67.72,-15.73,52.0
2561,9.25,16.16,48.73,4.77,0.14,0.0,-1.63,28.06,17.25,-50.04,-18.41,2.7,72.68,-15.71,56.97
2571,10.7,17.5,53.07,4.79,0.97,0.0,-4.34,28.71,14.07,-51.4,-19.13,2.72,74.09,-16.4,57.68
2581,8.43,15.92,50.79,2.99,2.13,0.0,-3.82,25.94,16.58,-48.09,-19.7,2.74,70.87,-16.97,53.9
2591,12.2,17.31,50.93,3.93,2.22,0.0,-2.74,25.09,15.07,-47.94,-18.73,2.72,76.06,-16.01,60.05
2601,4.98,18.91,50.15,4.13,0.22,0.0,-4.18,27.59,16.32,-49.78,-18.88,2.75,68.33,-16.12,52.21
2611,7.76,21.82,55.05,6.09,0.05,0.0,-1.5,28.02,14.87,-52.16,-18.6,2.74,79.99,-15.87,64.13
2621,6.65,15.69,48.97,3.77,1.41,0.0,-2.6,26.52,20.11,-49.22,-18.09,2.71,71.29,-15.38,55.91
2631,6.1,16.0,46.56,3.43,0.8,0.0,-2.34,27.28,16.55,-49.52,-18.29,2.73,64.85,-15.56,49.29
2641,8.52,20.83,52.96,5.77,1.2,0.0,-2.67,25.53,18.38,-48.37,-19.43,2.78,82.16,-16.66,65.51
2651,8.36,21.81,53.39,5.32,0.07,0.0,-3.22,28.21,15.72,-52.45,-19.0,2.74,77.21,-16.26,60.95
2661,9.45,15.49,48.26,3.64,0.2,0.0,-4.94,24.72,17.02,-44.58,-18.87,2.73,69.25,-16.14,53.11
2671,6.84,19.38,50.3,4.29,0.7,0.0,-2.79,24.5,16.99,-47.61,-18.02,2.68,72.61,-15.34,57.27
2681,7.66,18.31,53.15,4.15,0.14,0.0,-4.46,24.91,15.24,-45.79,-19.63,2.71,73.31,-16.92,56.39
2691,8.03,16.35,50.1,3.23,0.09,0.0,-4.41,25.71,16.54,-47.2,-19.03,2.73,68.44,-16.31,52.13
2701,10.24,14.86,50.3,3.51,0.02,0.0,-1.61,24.56,13.89,-44.79,-19.87,2.7,70.98,-17.17,53.81
2711,9.21,21.89,48.88,5.35,0.09,0.0,-2.75,28.05,17.67,-52.03,-18.09,2.73,76.37,-15.36,61.01
2721,9.68,18.95,50.55,4.63,0.35,0.0,-3.39,28.21,16.85,-51.29,-18.8,2.75,74.55,-16.05,58.5
2731,9.31,18.96,53.81,3.59,0.11,0.0,-2.39,28.38,15.93,-52.16,-18.68,2.71,75.53,-15.97,59.56
2741,12.19,17.96,50.63,3.88,0.01,0.0,-3.57,28.37,14.35,-52.68,-19.75,2.74,71.14,-17.01,54.13
2751,7.83,12.6,49.4,4.7,0.86,0.0,-3.53,25.64,18.81,-45.98,-19.01,2.7,70.33,-16.31,54.02
2761,10.3,17.41,51.61,4.97,4.33,0.0,-5.17,26.34,17.23,-47.8,-19.66,2.68,79.23,-16.98,62.24
2771,5.89,13.25,53.14,4.6,0.41,0.0,-4.0,26.88,17.55,-49.28,-19.14,2.73,68.43,-16.42,52.02
2781,9.67,21.83,52.11,5.79,0.04,0.0,-5.78,25.16,15.68,-46.99,-19.21,2.73,77.51,-16.48,61.03
2791,8.8,19.87,50.54,3.85,0.02,0.0,-4.22,26.13,16.26,-47.41,-19.21,2.71,73.83,-16.5,57.33
2801,11.47,21.99,49.37,6.24,0.18,0.0,-3.69,25.9,15.1,-48.44,-18.4,2.73,78.12,-15.67,62.45
2811,12.39,22.71,50.01,4.5,0.47,0.0,-3.34,27.51,16.97,-51.05,-19.17,2.74,80.17,-16.43,63.74
2821,7.89,16.53,48.96,4.04,0.24,0.0,-4.33,26.36,17.44,-48.33,-18.76,2.74,68.8,-16.02,52.78
2831,9.58,17.56,49.12,3.6,0.99,0.0,-2.59,28.89,17.9,-53.58,-17.78,2.73,71.47,-15.04,56.43
2841,11.81,14.21,49.81,3.4,0.82,0.0,-2.9,29.14,13.66,-52.49,-19.07,2.75,67.45,-16.31,51.14
2851,8.47,18.64,51.66,4.41,0.94,0.0,-1.39,28.86,16.77,-54.82,-18.13,2.72,73.54,-15.41,58.13
2861,11.52,21.44,52.71,2.96,1.51,0.0,-3.79,26.13,15.69,-48.46,-19.54,2.76,79.71,-16.78,62.92
2871,5.39,21.11,48.29,3.35,0.76,0.0,-3.22,27.26,18.21,-52.8,-17.34,2.72,68.35,-14.62,53.72
2881,8.66,18.7,50.0,3.48,0.14,0.0,-3.89,27.67,17.26,-50.29,-18.5,2.73,71.73,-15.76,55.97
2891,7.73,19.07,53.12,4.46,0.0,0.0,-3.87,29.16,16.59,-52.61,-18.67,2.71,73.66,-15.95,57.71
2901,10.19,17.25,51.55,4.07,0.24,0.0,-4.15,26.08,15.21,-49.33,-18.65,2.73,71.11,-15.92,55.19
2911,6.81,22.92,48.45,4.42,0.12,0.0,-2.63,27.94,17.9,-50.47,-18.74,2.71,75.45,-16.03,59.42
2921,11.84,18.46,49.7,3.28,1.23,0.0,-2.79,26.57,16.05,-50.55,-18.75,2.76,73.79,-16.0,57.8
2931,9.19,20.08,49.75,4.21,0.18,0.0,-4.05,26.4,19.95,-51.18,-17.86,2.71,74.53,-15.14,59.39
2941,12.56,20.08,49.09,5.14,0.95,0.0,-2.84,28.43,16.41,-52.04,-18.3,2.71,77.78,-15.58,62.2
2951,6.96,22.42,47.24,4.7,0.63,0.0,-5.21,25.7,17.12,-47.67,-19.29,2.74,71.89,-16.55,55.34
2961,9.27,19.15,50.48,3.51,0.32,0.0,-1.85,27.53,15.93,-51.17,-18.89,2.75,73.17,-16.14,57.03
2971,10.06,19.43,53.03,3.07,0.03,0.0,-4.12,26.62,15.57,-48.18,-18.7,2.7,75.5,-16.0,59.51
2981,13.01,21.72,49.27,4.87,1.74,0.0,-5.59,26.47,17.27,-48.92,-19.04,2.69,79.84,-16.35,63.49
2991,8.41,22.56,53.52,4.45,1.29,0.0,-5.04,27.8,16.33,-51.79,-19.22,2.75,77.54,-16.47,61.07
3001,8.4,19.84,48.41,3.91,0.05,0.0,-3.29,25.34,17.41,-48.17,-18.39,2.74,71.9,-15.64,56.25
3011,10.82,22.74,53.29,4.75,0.24,0.0,-4.14,29.18,17.41,-53.34,-18.67,2.72,80.96,-15.95,65.01
3021,14.65,17.38,50.23,3.21,0.16,0.0,-4.15,26.85,14.78,-49.37,-18.91,2.73,73.73,-16.18,57.55
3031,9.62,13.91,51.08,3.33,1.04,0.0,-2.3,27.48,15.28,-51.99,-17.91,2.75,67.43,-15.16,52.27
3041,12.64,15.2,49.24,3.57,1.23,0.0,-3.16,25.77,16.1,-48.16,-18.5,2.74,72.42,-15.75,56.67
3051,12.42,18.84,52.36,3.29,0.59,0.0,-3.57,26.39,14.27,-50.73,-18.67,2.72,73.86,-15.95,57.91
3061,7.32,21.73,47.36,4.28,2.33,0.0,-3.6,26.57,15.84,-51.65,-18.16,2.73,70.18,-15.44,54.74
3071,12.13,16.8,49.44,3.65,0.36,0.0,-2.57,25.06,15.81,-49.26,-18.7,2.69,71.42,-16.01,55.41
3081,9.25,18.84,52.36,4.42,1.49,0.0,-5.72,27.52,15.79,-48.36,-19.7,2.72,75.61,-16.98,58.63
3091,9.49,16.16,49.52,3.97,0.05,0.0,-4.5,25.52,15.45,-47.79,-18.53,2.67,67.87,-15.85,52.02
3101,5.8,16.41,52.34,4.1,0.17,0.0,-4.78,26.87,15.11,-47.73,-19.7,2.73,68.31,-16.97,51.35
3111,7.0,13.11,54.81,3.36,0.29,0.0,-3.78,25.45,16.45,-47.6,-18.98,2.67,69.07,-16.31,52.76
3121,9.59,15.81,50.86,4.12,0.49,0.0,-2.29,28.79,19.32,-52.58,-18.49,2.72,74.11,-15.76,58.34
3131,9.88,21.57,53.06,4.52,0.78,0.0,-3.78,27.06,16.56,-50.91,-18.85,2.72,78.75,-16.13,62.62
3141,10.32,25.14,49.26,5.68,0.91,0.0,-4.84,23.75,16.41,-45.83,-18.36,2.71,80.81,-15.65,65.15
3151,6.89,17.79,51.46,3.91,0.04,0.0,-2.28,26.32,18.3,-48.22,-19.43,2.74,74.2,-16.69,57.52
3161,6.69,17.28,48.13,4.25,0.11,0.0,-4.91,26.81,20.09,-49.01,-19.14,2.73,69.45,-16.41,53.03
3171,7.99,18.49,52.63,4.35,0.43,0.0,-3.25,26.57,18.84,-49.69,-18.74,2.74,76.36,-16.01,60.35
3181,9.14,16.36,49.97,3.0,4.0,0.0,-3.07,27.79,15.31,-51.52,-18.73,2.72,70.96,-16.0,54.96
3191,9.24,14.02,51.97,3.59,0.58,0.0,-1.15,27.44,16.35,-50.97,-17.99,2.74,71.07,-15.25,55.82
3201,10.64,18.74,53.84,3.49,2.39,0.0,-4.61,26.17,15.98,-48.94,-17.77,2.73,77.71,-15.03,62.68
3211,8.59,20.42,51.69,3.42,1.56,0.0,-3.87,25.45,16.65,-47.7,-18.63,2.73,76.22,-15.9,60.32
3221,6.57,17.64,51.51,2.71,0.29,0.0,-1.74,26.03,18.3,-49.05,-18.96,2.77,72.27,-16.19,56.08
3231,8.65,14.03,51.78,3.59,0.27,0.0,-5.53,25.8,15.93,-46.31,-18.66,2.71,68.22,-15.94,52.28
3241,12.22,15.04,48.61,3.2,0.27,0.0,-4.23,26.0,13.37,-47.22,-19.6,2.73,67.25,-16.87,50.38
3251,7.3,19.82,47.16,4.1,0.17,0.0,-3.61,27.05,15.35,-51.45,-18.33,2.74,65.9,-15.59,50.31
3261,10.47,18.36,52.69,4.05,0.72,0.0,-3.0,28.33,14.39,-52.63,-18.78,2.75,73.37,-16.03,57.34
3271,10.38,16.79,48.33,2.78,0.07,0.0,-4.16,26.81,15.0,-50.03,-19.18,2.75,65.96,-16.42,49.54
3281,11.42,15.91,51.27,4.82,0.78,0.0,-1.28,27.59,14.28,-51.31,-18.88,2.76,73.48,-16.12,57.36
3291,7.04,14.25,51.49,3.71,1.28,0.0,-3.97,27.52,18.12,-50.2,-18.26,2.73,69.24,-15.53,53.71
3301,8.42,18.04,47.84,4.25,0.48,0.0,-3.58,27.21,18.69,-50.74,-18.34,2.72,70.61,-15.61,55.0
3311,6.09,17.82,54.37,3.77,0.1,0.0,-2.62,26.89,17.83,-47.95,-18.51,2.74,76.3,-15.77,60.53
3321,7.86,16.95,50.08,2.72,1.04,0.0,-2.95,25.97,19.0,-48.94,-17.97,2.72,71.72,-15.25,56.47
3331,10.87,20.81,49.6,3.73,0.68,0.0,-4.46,28.05,15.79,-52.41,-19.17,2.75,72.66,-16.42,56.24
3341,11.45,17.42,50.63,4.18,0.1,0.0,-3.42,28.43,16.01,-51.51,-19.59,2.75,73.28,-16.84,56.45
3351,5.8,21.07,50.66,5.09,3.59,0.0,-4.13,26.47,16.42,-48.38,-18.99,2.74,76.59,-16.25,60.34
3361,8.08,18.92,50.55,3.12,0.87,0.0,-1.93,26.97,18.92,-49.74,-18.72,2.75,75.76,-15.97,59.79
3371,11.05,19.09,49.21,4.06,0.38,0.0,-4.28,27.72,15.85,-50.42,-18.79,2.72,72.66,-16.07,56.6
3381,7.56,21.08,48.25,5.19,0.2,0.0,-0.99,25.66,15.82,-49.21,-18.44,2.74,73.56,-15.7,57.86
3391,10.24,21.16,48.79,4.57,0.08,0.0,1.63,28.23,17.29,-52.56,-18.44,2.69,79.43,-15.75,63.69
3401,9.17,18.62,52.0,3.66,2.15,0.0,-3.7,27.44,15.56,-48.96,-19.34,2.74,75.94,-16.6,59.34
3411,9.91,18.76,51.89,4.37,2.64,0.0,-3.83,26.0,16.51,-49.55,-19.08,2.77,76.71,-16.32,60.39
3421,8.12,21.51,51.62,3.9,1.35,0.0,-5.02,27.46,14.51,-48.93,-20.09,2.78,74.52,-17.31,57.21
3431,12.81,17.78,48.5,4.32,0.3,0.0,-2.74,27.12,14.28,-49.28,-18.64,2.72,73.07,-15.92,57.15
3441,6.77,22.27,50.84,6.02,0.02,0.0,-4.12,26.27,15.23,-45.81,-20.21,2.74,77.49,-17.47,60.03
3451,11.3,17.07,50.77,3.13,1.4,0.0,-3.28,28.5,16.47,-53.06,-19.14,2.68,72.3,-16.46,55.84
3461,8.64,19.52,50.64,5.58,0.42,0.0,-2.95,25.11,17.52,-47.57,-18.67,2.77,76.91,-15.91,61.0
3471,11.24,14.29,46.89,3.38,0.88,0.0,-2.84,27.08,15.41,-51.34,-18.67,2.75,64.99,-15.93,49.06
3481,12.63,11.55,48.51,3.75,0.13,0.0,-4.4,26.06,16.17,-48.06,-18.68,2.75,66.35,-15.93,50.42
3491,6.64,15.91,48.79,3.75,2.6,0.0,-1.44,28.18,17.49,-53.42,-18.07,2.74,68.5,-15.33,53.17
3501,10.45,15.61,51.29,2.89,0.41,0.0,-4.05,26.81,16.43,-48.49,-18.82,2.77,71.37,-16.05,55.32
3511,10.38,18.39,49.73,4.82,0.03,0.0,-4.28,25.72,17.27,-48.04,-18.73,2.73,74.04,-16.0,58.04
3521,6.92,19.79,50.6,5.53,0.14,0.0,-3.22,27.45,16.42,-49.87,-19.19,2.7,73.76,-16.49,57.27
3531,10.9,13.34,49.89,4.62,0.2,0.0,-3.38,24.78,16.96,-46.61,-18.61,2.7,70.69,-15.91,54.78
3541,10.46,13.66,48.05,3.08,0.46,0.0,-1.49,27.86,17.29,-51.5,-18.14,2.74,67.88,-15.4,52.49
3551,6.25,16.93,48.48,4.63,0.24,0.0,-4.29,24.85,20.01,-48.54,-18.58,2.75,68.56,-15.83,52.72
3561,7.26,21.71,51.29,4.37,0.34,0.0,-2.68,27.02,15.76,-51.19,-19.1,2.76,73.87,-16.34,57.53
3571,14.79,18.16,50.19,3.3,3.15,0.0,-3.18,27.23,15.92,-49.58,-18.59,2.74,79.99,-15.85,64.13
3581,8.45,18.84,50.53,3.66,0.34,0.0,-4.63,26.15,16.7,-47.49,-18.64,2.71,72.56,-15.93,56.64
3591,10.55,21.35,50.67,4.78,0.28,0.0,-5.15,26.79,14.89,-49.53,-19.19,2.74,74.64,-16.46,58.19
3601,9.51,16.66,50.97,3.78,0.07,0.0,-2.04,25.97,17.1,-48.73,-18.93,2.74,73.29,-16.19,57.1
3611,10.15,17.79,49.02,5.36,0.43,0.0,-2.24,28.06,17.26,-51.14,-18.62,2.75,74.69,-15.88,58.81
3621,11.07,20.42,48.47,3.94,1.22,0.0,-3.08,28.55,15.52,-51.84,-18.86,2.74,74.28,-16.12,58.16
3631,9.41,20.4,52.16,4.93,0.45,0.0,-3.43,26.8,15.0,-49.45,-19.28,2.67,76.27,-16.62,59.66
3641,6.45,18.21,48.67,4.86,0.3,0.0,-2.0,27.14,17.44,-50.99,-17.79,2.72,70.08,-15.07,55.01
3651,9.19,16.22,50.98,3.59,0.81,0.0,-4.51,25.13,14.64,-47.95,-19.36,2.73,68.09,-16.63,51.47
3661,7.17,20.59,51.16,2.93,0.03,0.0,-3.08,27.03,15.86,-50.31,-19.3,2.74,71.37,-16.57,54.81
3671,10.12,17.5,56.35,4.2,1.01,0.0,-5.98,24.81,14.06,-45.5,-19.54,2.7,76.59,-16.84,59.75
3681,8.7,19.57,53.36,4.26,1.83,0.0,-5.63,25.58,18.22,-47.03,-19.08,2.69,78.85,-16.39,62.46
3691,10.43,18.51,51.25,3.95,0.19,0.0,-3.83,27.31,16.45,-50.45,-19.39,2.73,73.82,-16.67,57.16
3701,14.35,22.46,51.32,4.67,0.38,0.0,-3.94,27.15,13.45,-49.82,-19.01,2.75,80.02,-16.27,63.75
3711,15.91,18.91,50.55,4.28,0.75,0.0,-2.26,26.05,15.66,-50.44,-18.73,2.77,79.41,-15.96,63.45
3721,7.2,19.55,49.79,3.72,0.89,0.0,-3.31,27.06,15.79,-51.17,-19.0,2.73,69.52,-16.27,53.25
3731,10.97,18.83,49.29,4.66,0.5,0.0,-1.32,26.61,17.06,-51.26,-18.59,2.74,75.35,-15.85,59.5
3741,6.67,19.65,48.45,4.02,0.71,0.0,-3.88,27.18,20.11,-50.11,-18.26,2.72,72.8,-15.53,57.27
3751,9.03,18.16,51.35,3.05,1.18,0.0,-3.97,26.6,14.68,-48.12,-19.48,2.77,71.96,-16.7,55.26
3761,6.38,17.04,51.68,3.34,0.02,0.0,-2.82,27.58,18.91,-48.56,-18.86,2.7,73.57,-16.16,57.41
3771,7.7,18.31,51.97,4.37,0.78,0.0,-1.86,26.86,18.51,-49.78,-19.02,2.74,76.87,-16.27,60.6
3781,10.78,20.02,49.15,4.28,0.4,0.0,-4.3,26.41,20.6,-49.83,-19.6,2.7,77.52,-16.89,60.63
3791,12.51,16.24,49.41,3.71,1.02,0.0,-5.78,25.21,13.94,-46.34,-18.91,2.69,69.93,-16.21,53.72
3801,10.37,16.47,48.97,5.32,0.37,0.0,-4.07,24.47,14.33,-44.84,-19.13,2.68,71.37,-16.45,54.92
3811,9.26,19.18,52.4,4.47,0.33,0.0,-0.17,28.53,18.61,-52.37,-18.19,2.7,80.25,-15.48,64.76
3821,9.62,17.75,47.98,4.05,0.12,0.0,-2.04,26.31,14.15,-50.71,-18.12,2.76,67.22,-15.35,51.86
3831,7.91,14.14,49.46,3.69,3.25,0.0,-2.68,25.61,18.95,-46.97,-18.48,2.73,73.36,-15.75,57.61
3841,10.86,15.66,53.02,5.42,0.11,0.0,-3.92,25.63,18.19,-47.46,-18.52,2.74,77.53,-15.78,61.75
3851,10.34,16.32,49.93,4.32,1.86,0.0,-3.53,28.83,16.9,-52.84,-19.11,2.69,72.13,-16.42,55.71
3861,9.39,20.44,48.62,5.01,0.23,0.0,-3.27,27.18,17.8,-50.93,-18.0,2.71,74.47,-15.29,59.18
3871,12.5,22.61,47.78,3.81,0.87,0.0,-1.36,27.77,14.15,-52.97,-17.92,2.72,75.16,-15.21,59.95
3881,10.2,19.83,49.89,4.98,0.32,0.0,-2.59,25.62,15.67,-47.89,-19.06,2.7,76.04,-16.37,59.67
3891,9.17,15.63,52.22,4.0,0.17,0.0,-3.78,27.47,17.94,-49.99,-18.73,2.7,72.83,-16.03,56.8
3901,11.44,26.14,52.21,5.26,0.01,0.0,-3.54,29.55,15.33,-55.53,-18.84,2.73,80.87,-16.11,64.76
3911,7.03,17.18,49.65,3.15,0.19,0.0,-3.62,28.87,18.92,-52.65,-18.04,2.73,68.73,-15.31,53.42
3921,14.97,17.64,51.28,5.41,2.12,0.0,-4.46,25.12,15.89,-46.9,-19.4,2.78,81.06,-16.62,64.44
3931,8.55,19.57,53.63,4.67,1.43,0.0,-4.5,28.23,15.08,-49.55,-19.99,2.73,77.11,-17.26,59.85
3941,8.47,18.08,51.71,3.5,0.41,0.0,-3.92,27.97,16.22,-51.0,-19.49,2.73,71.45,-16.76,54.69
3951,11.44,16.24,51.89,3.83,0.16,0.0,-4.66,26.77,14.32,-47.98,-19.06,2.74,72.01,-16.32,55.69
3961,11.58,28.73,48.62,4.71,1.52,0.0,-3.31,25.65,16.83,-48.9,-18.23,2.73,85.44,-15.5,69.94
3971,5.35,17.82,50.0,3.16,2.48,0.0,-3.23,26.56,17.48,-48.66,-18.6,2.75,70.97,-15.85,55.11
3981,7.74,16.93,46.98,3.92,0.85,0.0,-3.84,26.31,14.73,-49.18,-18.54,2.76,64.44,-15.78,48.65
3991,7.12,18.56,50.76,3.94,0.51,0.0,-4.31,28.03,15.85,-49.65,-19.39,2.66,70.82,-16.72,54.09
4001,11.78,17.06,50.69,3.95,0.07,0.0,-4.44,27.37,18.35,-50.43,-19.01,2.75,74.4,-16.26,58.14

Delta Energy Terms
Frame #,BOND,ANGLE,DIHED,UB,IMP,CMAP,VDWAALS,EEL,1-4 VDW,1-4 EEL,EGB,ESURF,GGAS,GSOLV,TOTAL
1,-0.0,0.0,0.0,0.0,-0.0,0.0,-0.0,2.17,0.0,0.0,-1.43,-0.0,2.16,-1.43,0.73
11,0.0,-0.0,0.0,0.0,-0.0,0.0,-0.0,-2.21,0.0,-0.0,2.76,0.0,-2.21,2.76,0.55
21,0.0,0.0,0.0,0.0,-0.0,0.0,-0.0,-0.38,-0.0,-0.0,0.71,-0.0,-0.38,0.71,0.33
31,0.0,0.0,-0.0,0.0,0.0,0.0,-0.0,0.42,-0.0,0.0,-0.3,0.0,0.42,-0.3,0.12
41,-0.0,0.0,0.0,-0.0,-0.0,0.0,-0.0,0.39,-0.0,0.0,-0.39,0.0,0.39,-0.39,-0.0
51,-0.0,0.0,0.0,-0.0,0.0,0.0,-0.0,-0.18,0.0,-0.0,0.18,0.0,-0.18,0.18,-0.0
61,0.0,-0.0,0.0,-0.0,-0.0,0.0,-0.0,-0.08,0.0,-0.0,0.08,0.0,-0.09,0.08,-0.0
71,0.0,-0.0,0.0,0.0,-0.0,0.0,-0.0,0.25,0.0,-0.0,-0.25,0.0,0.25,-0.25,-0.0
81,0.0,-0.0,-0.0,-0.0,0.0,0.0,-0.0,0.03,-0.0,-0.0,-0.02,0.0,0.02,-0.02,-0.0
91,0.0,0.0,0.0,-0.0,-0.0,0.0,-0.0,-0.11,-0.0,0.0,0.11,0.0,-0.11,0.11,-0.0
101,-0.0,0.0,-0.0,0.0,0.0,0.0,-0.0,-0.25,-0.0,-0.0,0.25,-0.0,-0.25,0.25,-0.0
111,-0.0,0.0,0.0,0.0,-0.0,0.0,-0.0,-0.07,0.0,0.0,0.07,0.0,-0.07,0.07,-0.0
121,-0.0,-0.0,0.0,0.0,0.0,0.0,-0.0,-0.29,0.0,-0.0,0.29,0.0,-0.29,0.29,-0.0
131,0.0,0.0,0.0,0.0,-0.0,0.0,-0.01,0.23,0.0,0.0,-0.23,-0.0,0.22,-0.23,-0.0
141,0.0,0.0,-0.0,-0.0,0.0,0.0,-0.01,-0.09,0.0,-0.0,0.09,0.0,-0.09,0.09,-0.0
151,-0.0,-0.0,0.0,0.0,0.0,0.0,-0.01,0.32,0.0,0.0,-0.31,0.0,0.31,-0.31,-0.0
161,-0.0,0.0,0.0,0.0,0.0,0.0,-0.01,0.25,-0.0,-0.0,-0.25,-0.0,0.25,-0.25,-0.0
171,-0.0,-0.0,0.0,0.0,-0.0,0.0,-0.0,0.32,-0.0,0.0,-0.32,-0.0,0.31,-0.32,-0.0
181,0.0,-0.0,-0.0,0.0,0.0,0.0,-0.0,-0.1,0.0,-0.0,0.1,-0.0,-0.1,0.1,-0.0
191,-0.0,-0.0,0.0,0.0,-0.0,0.0,-0.0,-0.19,0.0,0.0,0.19,0.0,-0.19,0.19,-0.0
201,0.0,0.0,0.0,-0.0,-0.0,0.0,-0.0,-0.23,-0.0,0.0,0.23,-0.0,-0.24,0.23,-0.0
211,0.0,-0.0,0.0,0.0,-0.0,0.0,-0.0,0.23,0.0,-0.0,-0.23,-0.0,0.23,-0.23,-0.0
221,0.0,-0.0,-0.0,0.0,-0.0,0.0,-0.0,0.02,-0.0,0.0,-0.02,0.0,0.02,-0.02,-0.0
231,-0.0,0.0,-0.0,-0.0,-0.0,0.0,-0.0,-0.14,0.0,0.0,0.14,-0.0,-0.14,0.14,-0.0
241,0.0,0.0,-0.0,0.0,0.0,0.0,-0.0,0.24,0.0,0.0,-0.24,0.0,0.23,-0.24,-0.0
251,-0.0,0.0,-0.0,0.0,0.0,0.0,-0.0,0.08,0.0,0.0,-0.08,0.0,0.08,-0.08,-0.0
261,0.0,0.0,-0.0,-0.0,-0.0,0.0,-0.0,-0.12,0.0,-0.0,0.12,-0.0,-0.13,0.12,-0.0
271,0.0,-0.0,-0.0,0.0,0.0,0.0,-0.0,-0.14,0.0,-0.0,0.14,-0.0,-0.14,0.14,-0.0
281,0.0,-0.0,0.0,-0.0,-0.0,0.0,-0.0,-0.47,0.0,-0.0,0.47,-0.0,-0.47,0.47,-0.0
291,0.0,0.0,0.0,-0.0,0.0,0.0,-0.0,0.23,0.0,0.0,-0.23,0.0,0.23,-0.23,-0.0
301,0.0,0.0,-0.0,0.0,0.0,0.0,-0.0,-0.38,0.0,-0.0,0.38,0.0,-0.38,0.38,-0.0
311,-0.0,0.0,0.0,0.0,-0.0,0.0,-0.0,0.84,-0.0,0.0,-0.84,0.0,0.84,-0.84,0.01
321,-0.0,0.0,0.0,0.0,0.0,0.0,0.0,0.69,-0.0,-0.0,-0.67,-0.0,0.69,-0.67,0.02
331,0.0,0.0,-0.0,-0.0,-0.0,0.0,-0.0,1.12,0.0,0.0,-1.08,-0.0,1.11,-1.08,0.03
341,0.0,0.0,-0.0,0.0,0.0,0.0,-0.0,0.57,-0.0,0.0,-0.44,0.0,0.57,-0.44,0.12
351,-0.0,-0.0,-0.0,-0.0,-0.0,0.0,-0.0,0.06,-0.0,0.0,-0.03,0.0,0.06,-0.03,0.03
361,0.0,0.0,-0.0,-0.0,-0.0,0.0,-0.0,0.48,0.0,0.0,-0.48,0.0,0.48,-0.48,0.0
371,0.0,0.0,0.0,-0.0,0.0,0.0,-0.0,-0.51,0.0,-0.0,0.51,0.0,-0.51,0.51,-0.0
381,-0.0,-0.0,-0.0,0.0,0.0,0.0,-0.0,-0.79,0.0,0.0,0.79,-0.0,-0.79,0.79,-0.0
391,-0.0,-0.0,-0.0,0.0,0.0,0.0,-0.0,-0.28,0.0,-0.0,0.28,-0.0,-0.28,0.28,-0.0
401,-0.0,0.0,-0.0,-0.0,0.0,0.0,-0.0,0.19,0.0,0.0,-0.19,0.0,0.19,-0.19,-0.0
411,-0.0,-0.0,0.0,-0.0,0.0,0.0,-0.0,-0.18,0.0,-0.0,0.18,-0.0,-0.18,0.18,-0.0
421,0.0,-0.0,0.0,0.0,-0.0,0.0,-0.0,0.19,0.0,-0.0,-0.16,0.0,0.19,-0.16,0.03
431,0.0,0.0,0.0,0.0,0.0,0.0,-0.0,0.01,-0.0,0.0,-0.01,0.0,0.01,-0.01,-0.0
441,-0.0,-0.0,0.0,-0.0,0.0,0.0,-0.0,-0.29,0.0,0.0,0.29,0.0,-0.29,0.29,-0.0
451,-0.0,0.0,0.0,-0.0,0.0,0.0,-0.0,0.21,-0.0,-0.0,-0.21,-0.0,0.21,-0.21,-0.0
461,0.0,-0.0,-0.0,-0.0,-0.0,0.0,-0.0,-0.0,-0.0,0.0,0.0,0.0,-0.0,0.0,-0.0
471,0.0,-0.0,0.0,-0.0,0.0,0.0,-0.0,0.24,-0.0,-0.0,-0.24,0.0,0.24,-0.24,-0.0
481,0.0,0.0,0.0,-0.0,0.0,0.0,-0.0,-0.05,-0.0,-0.0,0.05,-0.0,-0.05,0.05,-0.0
491,-0.0,0.0,-0.0,-0.0,-0.0,0.0,-0.0,0.59,0.0,0.0,-0.59,-0.0,0.59,-0.59,0.0
501,0.0,-0.0,0.0,-0.0,0.0,0.0,-0.0,0.31,0.0,-0.0,-0.31,-0.0,0.31,-0.31,0.0
511,-0.0,0.0,0.0,0.0,-0.0,0.0,-0.0,-0.01,0.0,-0.0,0.01,-0.0,-0.01,0.01,-0.0
521,-0.0,-0.0,-0.0,-0.0,0.0,0.0,-0.0,-0.25,-0.0,0.0,0.25,-0.0,-0.26,0.25,-0.0
531,0.0,-0.0,-0.0,0.0,0.0,0.0,-0.0,-0.3,-0.0,0.0,0.3,-0.0,-0.3,0.3,-0.0
541,-0.0,0.0,0.0,-0.0,0.0,0.0,-0.0,0.12,0.0,-0.0,-0.12,-0.0,0.12,-0.12,-0.0
551,-0.0,-0.0,0.0,-0.0,0.0,0.0,-0.0,-0.62,0.0,-0.0,0.62,0.0,-0.62,0.62,-0.0
561,-0.0,0.0,-0.0,0.0,0.0,0.0,-0.0,0.54,0.0,0.0,-0.54,0.0,0.54,-0.54,-0.0
571,0.0,0.0,0.0,-0.0,-0.0,0.0,-0.0,0.26,-0.0,-0.0,-0.25,0.0,0.26,-0.25,0.01
581,0.0,0.0,-0.0,-0.0,0.0,0.0,-0.0,-0.65,0.0,0.0,0.65,-0.0,-0.66,0.65,-0.0
591,-0.0,0.0,0.0,-0.0,-0.0,0.0,-0.0,0.05,0.0,-0.0,-0.03,-0.0,0.05,-0.03,0.01
601,-0.0,-0.0,0.0,-0.0,-0.0,0.0,-0.0,0.5,0.0,0.0,-0.44,0.0,0.5,-0.44,0.06
611,-0.0,0.0,-0.0,0.0,-0.0,0.0,-0.0,-0.22,-0.0,0.0,0.22,-0.0,-0.22,0.22,-0.0
621,-0.0,0.0,0.0,-0.0,0.0,0.0,-0.0,0.09,0.0,-0.0,-0.09,-0.0,0.09,-0.09,-0.0
631,0.0,0.0,-0.0,0.0,-0.0,0.0,-0.0,0.2,0.0,0.0,-0.2,0.0,0.2,-0.2,-0.0
641,-0.0,-0.0,0.0,-0.0,-0.0,0.0,-0.0,0.26,-0.0,0.0,-0.26,-0.0,0.26,-0.26,-0.0
651,0.0,0.0,0.0,0.0,0.0,0.0,-0.0,-0.28,0.0,-0.0,0.35,-0.0,-0.28,0.35,0.07
661,-0.0,-0.0,-0.0,0.0,-0.0,0.0,-0.0,-0.15,-0.0,0.0,0.15,-0.0,-0.15,0.15,-0.0
671,-0.0,0.0,-0.0,-0.0,-0.0,0.0,-0.07,-18.18,-0.0,-0.0,22.12,0.0,-18.25,22.12,3.86
681,0.0,0.0,-0.0,0.0,-0.0,0.0,0.0,-0.22,-0.0,-0.0,0.22,-0.0,-0.22,0.22,0.0
691,-0.0,-0.0,0.0,-0.0,0.0,0.0,-0.0,-0.72,-0.0,0.0,0.83,0.0,-0.72,0.83,0.11
701,0.0,-0.0,-0.0,0.0,0.0,0.0,0.0,0.01,0.0,0.0,-0.01,0.0,0.01,-0.01,-0.0
711,0.0,0.0,-0.0,-0.0,0.0,0.0,-0.0,0.4,-0.0,0.0,-0.4,0.0,0.4,-0.4,-0.0
721,0.0,0.0,-0.0,-0.0,0.0,0.0,-0.0,0.63,-0.0,-0.0,-0.61,-0.0,0.63,-0.61,0.02
731,-0.0,0.0,-0.0,0.0,0.0,0.0,-0.0,-0.25,-0.0,0.0,0.25,0.0,-0.25,0.25,-0.0
741,-0.0,0.0,0.0,0.0,0.0,0.0,-0.0,-0.4,-0.0,-0.0,0.4,0.0,-0.4,0.4,-0.0
751,0.0,-0.0,-0.0,-0.0,-0.0,0.0,-0.0,-0.43,-0.0,0.0,0.43,0.0,-0.43,0.43,-0.0
761,-0.0,-0.0,-0.0,0.0,-0.0,0.0,-0.0,-1.0,-0.0,-0.0,1.0,-0.0,-1.0,1.0,-0.0
771,-0.0,0.0,-0.0,-0.0,-0.0,0.0,-0.0,-0.83,-0.0,-0.0,0.83,-0.0,-0.83,0.83,-0.0
781,-0.0,0.0,0.0,-0.0,-0.0,0.0,-0.0,0.1,0.0,-0.0,-0.1,-0.0,0.1,-0.1,0.0
791,0.0,0.0,-0.0,-0.0,-0.0,0.0,0.0,-0.24,0.0,0.0,0.24,0.0,-0.24,0.24,0.0
801,0.0,-0.0,0.0,-0.0,0.0,0.0,-0.0,-0.88,-0.0,0.0,0.88,-0.0,-0.88,0.88,-0.0
811,-0.0,0.0,-0.0,0.0,0.0,0.0,-0.0,-0.35,-0.0,-0.0,0.35,0.0,-0.35,0.35,-0.0
821,-0.0,-0.0,-0.0,-0.0,0.0,0.0,0.0,0.34,-0.0,-0.0,-0.34,-0.0,0.34,-0.34,0.0
831,-0.0,0.0,0.0,-0.0,0.0,0.0,-0.0,-0.26,0.0,-0.0,0.26,-0.0,-0.26,0.26,-0.0
841,0.0,-0.0,0.0,-0.0,-0.0,0.0,-0.0,0.33,0.0,0.0,-0.33,0.0,0.33,-0.33,0.0
851,0.0,-0.0,-0.0,-0.0,0.0,0.0,0.0,-0.18,-0.0,0.0,0.18,-0.0,-0.18,0.18,0.0
861,-0.0,-0.0,-0.0,-0.0,0.0,0.0,-0.0,-0.58,0.0,0.0,0.58,-0.0,-0.58,0.58,-0.0
871,0.0,-0.0,0.0,0.0,0.0,0.0,0.0,-0.09,0.0,-0.0,0.09,0.0,-0.09,0.09,0.0
881,-0.0,0.0,-0.0,0.0,-0.0,0.0,-0.0,0.95,-0.0,-0.0,-0.95,0.0,0.95,-0.95,0.0
891,0.0,0.0,0.0,-0.0,0.0,0.0,-0.0,0.22,-0.0,-0.0,-0.22,-0.0,0.22,-0.22,-0.0
901,-0.0,-0.0,0.0,-0.0,0.0,0.0,-0.0,0.06,-0.0,-0.0,-0.05,-0.0,0.05,-0.05,0.0
911,-0.0,0.0,0.0,-0.0,-0.0,0.0,-0.0,-0.29,-0.0,-0.0,0.29,0.0,-0.29,0.29,-0.0
921,0.0,0.0,0.0,-0.0,-0.0,0.0,-0.0,-0.01,-0.0,0.0,0.01,0.0,-0.01,0.01,-0.0
931,-0.0,-0.0,0.0,0.0,-0.0,0.0,-0.0,0.42,0.0,-0.0,-0.42,-0.0,0.42,-0.42,-0.0
941,0.0,0.0,-0.0,0.0,-0.0,0.0,0.0,-0.23,-0.0,0.0,0.23,0.0,-0.23,0.23,-0.0
951,-0.0,-0.0,-0.0,-0.0,0.0,0.0,-0.0,0.22,0.0,0.0,-0.22,0.0,0.22,-0.22,-0.0
961,0.0,-0.0,0.0,-0.0,0.0,0.0,-0.0,0.31,0.0,-0.0,-0.31,0.0,0.31,-0.31,-0.0
971,-0.0,-0.0,-0.0,0.0,-0.0,0.0,-0.0,-0.0,-0.0,-0.0,0.0,-0.0,-0.0,0.0,-0.0
981,0.0,0.0,0.0,0.0,-0.0,0.0,-0.0,-0.14,0.0,-0.0,0.14,0.0,-0.14,0.14,-0.0
991,-0.0,0.0,0.0,0.0,-0.0,0.0,-0.0,-0.47,0.0,0.0,0.47,-0.0,-0.47,0.47,-0.0
1001,-0.0,0.0,-0.0,0.0,0.0,0.0,-0.0,-0.01,-0.0,-0.0,0.01,0.0,-0.01,0.01,-0.0
1011,-0.0,0.0,0.0,-0.0,-0.0,0.0,-0.0,-0.14,0.0,-0.0,0.15,-0.0,-0.14,0.15,0.0
1021,-0.0,0.0,-0.0,0.0,-0.0,0.0,-0.0,-0.42,-0.0,0.0,0.42,0.0,-0.42,0.42,-0.0
1031,-0.0,0.0,0.0,-0.0,-0.0,0.0,-0.0,-0.05,0.0,-0.0,0.05,0.0,-0.05,0.05,-0.0
1041,-0.0,-0.0,-0.0,0.0,-0.0,0.0,-0.0,-0.13,0.0,-0.0,0.13,-0.0,-0.13,0.13,0.0
1051,0.0,-0.0,-0.0,-0.0,0.0,0.0,-0.0,0.53,-0.0,0.0,-0.49,0.0,0.53,-0.49,0.04
1061,0.0,-0.0,-0.0,0.0,0.0,0.0,-0.0,0.5,-0.0,0.0,-0.5,0.0,0.5,-0.5,-0.0
1071,-0.0,0.0,0.0,-0.0,0.0,0.0,-0.0,0.01,0.0,0.0,-0.01,0.0,0.01,-0.01,-0.0
1081,-0.0,-0.0,0.0,0.0,0.0,0.0,-0.0,-0.55,-0.0,-0.0,0.54,0.0,-0.55,0.54,-0.0
1091,0.0,0.0,0.0,0.0,-0.0,0.0,-0.0,0.43,-0.0,0.0,-0.43,-0.0,0.43,-0.43,-0.0
1101,0.0,-0.0,0.0,0.0,-0.0,0.0,-0.0,0.24,-0.0,0.0,-0.24,-0.0,0.24,-0.24,-0.0
1111,-0.0,-0.0,-0.0,-0.0,0.0,0.0,-0.0,0.42,-0.0,-0.0,-0.37,0.0,0.42,-0.37,0.05
1121,-0.0,0.0,-0.0,-0.0,0.0,0.0,-0.0,-0.02,0.0,0.0,0.04,0.0,-0.02,0.04,0.02
1131,-0.0,-0.0,-0.0,-0.0,-0.0,0.0,-0.0,0.64,0.0,-0.0,-0.64,0.0,0.64,-0.64,0.0
1141,0.0,-0.0,0.0,0.0,0.0,0.0,-0.0,-0.54,0.0,0.0,0.7,0.0,-0.54,0.7,0.16
1151,-0.0,0.0,-0.0,0.0,-0.0,0.0,-0.0,-2.65,0.0,0.0,3.01,-0.0,-2.65,3.01,0.36
1161,0.0,-0.0,0.0,-0.0,-0.0,0.0,-0.0,-1.12,-0.0,0.0,1.16,-0.0,-1.13,1.16,0.03
1171,-0.0,0.0,-0.0,0.0,-0.0,0.0,-0.0,-1.1,-0.0,-0.0,1.18,-0.0,-1.1,1.18,0.08
1181,0.0,-0.0,-0.0,0.0,-0.0,0.0,-0.0,-0.43,0.0,-0.0,0.7,-0.0,-0.43,0.7,0.27
1191,0.0,-0.0,-0.0,-0.0,0.0,0.0,-0.0,-0.85,0.0,-0.0,1.01,-0.0,-0.85,1.01,0.16
1201,-0.0,-0.0,-0.0,0.0,-0.0,0.0,-0.0,-0.61,-0.0,-0.0,0.72,0.0,-0.61,0.72,0.11
1211,0.0,0.0,-0.0,-0.0,0.0,0.0,-0.0,-0.43,0.0,-0.0,0.48,0.0,-0.43,0.48,0.05
1221,-0.0,-0.0,-0.0,-0.0,0.0,0.0,-0.0,0.18,0.0,0.0,-0.18,0.0,0.18,-0.18,-0.0
1231,0.0,-0.0,-0.0,-0.0,-0.0,0.0,-0.0,-0.1,0.0,-0.0,0.1,-0.0,-0.1,0.1,-0.0
1241,0.0,0.0,0.0,-0.0,-0.0,0.0,-0.0,-0.31,-0.0,-0.0,0.31,0.0,-0.31,0.31,-0.0
1251,-0.0,0.0,-0.0,0.0,-0.0,0.0,-0.0,-1.19,0.0,-0.0,1.19,-0.0,-1.19,1.19,-0.0
1261,0.0,0.0,0.0,0.0,-0.0,0.0,-0.0,0.39,0.0,-0.0,-0.39,-0.0,0.39,-0.39,0.0
1271,0.0,0.0,0.0,-0.0,0.0,0.0,-0.0,0.22,-0.0,0.0,-0.22,-0.0,0.22,-0.22,0.0
1281,-0.0,0.0,-0.0,0.0,0.0,0.0,-0.0,0.24,-0.0,0.0,-0.17,-0.0,0.24,-0.17,0.07
1291,-0.0,0.0,-0.0,0.0,-0.0,0.0,-0.0,0.66,0.0,0.0,-0.56,-0.0,0.65,-0.56,0.1
1301,-0.0,0.0,0.0,0.0,-0.0,0.0,-0.0,1.31,0.0,0.0,-1.26,0.0,1.31,-1.26,0.05
1311,0.0,0.0,-0.0,-0.0,-0.0,0.0,-0.0,0.79,-0.0,-0.0,-0.73,0.0,0.79,-0.73,0.06
1321,-0.0,0.0,-0.0,0.0,-0.0,0.0,-0.0,1.4,-0.0,0.0,-1.38,0.0,1.4,-1.38,0.01
1331,-0.0,-0.0,-0.0,0.0,-0.0,0.0,-0.0,1.15,0.0,0.0,-1.15,0.0,1.15,-1.15,0.0
1341,-0.0,-0.0,0.0,-0.0,-0.0,0.0,-0.0,0.41,-0.0,-0.0,-0.41,-0.0,0.41,-0.41,0.01
1351,0.0,-0.0,-0.0,-0.0,0.0,0.0,-0.0,1.23,0.0,-0.0,-1.22,-0.0,1.23,-1.22,0.01
1361,0.0,-0.0,0.0,0.0,-0.0,0.0,-0.0,-0.34,-0.0,0.0,0.51,-0.0,-0.35,0.51,0.16
1371,-0.0,-0.0,-0.0,-0.0,-0.0,0.0,-0.0,0.59,-0.0,0.0,-0.5,0.0,0.59,-0.5,0.09
1381,0.0,0.0,-0.0,-0.0,0.0,0.0,-0.0,1.34,-0.0,0.0,-1.34,0.0,1.34,-1.34,0.01
1391,-0.0,-0.0,-0.0,0.0,0.0,0.0,-0.0,-0.17,-0.0,0.0,0.2,-0.0,-0.17,0.2,0.03
1401,-0.0,-0.0,0.0,-0.0,0.0,0.0,-0.0,0.85,-0.0,-0.0,-0.85,-0.0,0.85,-0.85,0.0
1411,-0.0,-0.0,0.0,0.0,-0.0,0.0,-0.0,-0.34,-0.0,-0.0,0.38,-0.0,-0.34,0.38,0.04
1421,0.0,-0.0,0.0,-0.0,0.0,0.0,-0.0,-0.91,-0.0,0.0,0.91,0.0,-0.91,0.91,-0.0
1431,0.0,0.0,0.0,-0.0,-0.0,0.0,-0.0,-0.71,-0.0,0.0,0.72,-0.0,-0.72,0.72,0.01
1441,-0.0,-0.0,-0.0,0.0,-0.0,0.0,-0.0,-0.41,0.0,-0.0,0.41,0.0,-0.41,0.41,0.0
1451,-0.0,0.0,-0.0,0.0,0.0,0.0,-0.0,-0.65,0.0,-0.0,0.7,0.0,-0.65,0.7,0.04
1461,-0.0,0.0,0.0,-0.0,0.0,0.0,-0.0,-0.25,0.0,0.0,0.33,-0.0,-0.25,0.33,0.08
1471,0.0,0.0,0.0,0.0,-0.0,0.0,-0.0,-0.54,-0.0,-0.0,0.81,-0.0,-0.54,0.81,0.27
1481,0.0,0.0,-0.0,0.0,-0.0,0.0,-0.0,-1.76,-0.0,0.0,2.22,-0.0,-1.77,2.22,0.45
1491,0.0,0.0,-0.0,0.0,-0.0,0.0,-0.0,0.05,0.0,0.0,0.41,-0.0,0.05,0.41,0.46
1501,-0.0,0.0,0.0,-0.0,0.0,0.0,-0.0,-1.37,0.0,0.0,1.62,-0.0,-1.37,1.62,0.25
1511,-0.0,-0.0,0.0,0.0,-0.0,0.0,-0.0,-0.96,-0.0,0.0,1.04,0.0,-0.96,1.04,0.08
1521,-0.0,-0.0,-0.0,0.0,0.0,0.0,-0.0,-0.61,0.0,0.0,0.9,0.0,-0.62,0.9,0.28
1531,0.0,0.0,0.0,-0.0,-0.0,0.0,-0.0,-3.74,-0.0,0.0,4.28,-0.0,-3.75,4.28,0.53
1541,0.0,-0.0,0.0,-0.0,-0.0,0.0,-0.0,-2.57,-0.0,0.0,2.82,0.0,-2.57,2.82,0.25
1551,0.0,-0.0,0.0,0.0,-0.0,0.0,-0.0,-0.15,-0.0,0.0,0.4,-0.0,-0.15,0.4,0.25
1561,0.0,-0.0,-0.0,0.0,0.0,0.0,-0.0,-5.49,-0.0,0.0,5.99,-0.0,-5.49,5.99,0.5
1571,-0.0,0.0,0.0,-0.0,-0.0,0.0,-0.0,0.17,0.0,-0.0,0.14,0.0,0.17,0.14,0.31
1581,0.0,-0.0,-0.0,-0.0,-0.0,0.0,-0.0,-0.32,0.0,-0.0,0.38,0.0,-0.32,0.38,0.06
1591,-0.0,0.0,0.0,-0.0,-0.0,0.0,-0.0,-0.22,-0.0,-0.0,0.22,-0.0,-0.23,0.22,-0.0
1601,0.0,-0.0,-0.0,0.0,0.0,0.0,-0.0,-0.0,-0.0,0.0,0.05,0.0,-0.0,0.05,0.05
1611,-0.0,-0.0,-0.0,0.0,0.0,0.0,-0.0,-0.21,0.0,0.0,0.21,0.0,-0.22,0.21,-0.0
1621,0.0,0.0,0.0,0.0,-0.0,0.0,-0.0,-0.42,0.0,-0.0,0.42,0.0,-0.42,0.42,-0.0
1631,-0.0,-0.0,-0.0,-0.0,0.0,0.0,-0.0,-0.3,-0.0,-0.0,0.3,-0.0,-0.31,0.3,-0.0
1641,0.0,0.0,0.0,0.0,-0.0,0.0,-0.0,0.17,0.0,-0.0,-0.17,0.0,0.17,-0.17,-0.0
1651,-0.0,0.0,-0.0,0.0,-0.0,0.0,-0.0,-0.59,-0.0,0.0,0.59,0.0,-0.59,0.59,-0.0
1661,0.0,-0.0,-0.0,-0.0,0.0,0.0,-0.0,-0.66,0.0,0.0,0.69,0.0,-0.66,0.69,0.03
1671,-0.0,0.0,0.0,0.0,0.0,0.0,-0.0,-0.78,0.0,-0.0,0.82,-0.0,-0.79,0.82,0.03
1681,-0.0,-0.0,0.0,0.0,-0.0,0.0,-0.0,-0.98,-0.0,-0.0,0.98,-0.0,-0.98,0.98,-0.0
1691,0.0,-0.0,0.0,-0.0,0.0,0.0,-0.0,-0.24,-0.0,0.0,0.23,-0.0,-0.24,0.23,-0.0
1701,0.0,0.0,-0.0,0.0,-0.0,0.0,-0.0,-0.06,0.0,-0.0,0.06,-0.0,-0.07,0.06,-0.0
1711,-0.0,-0.0,-0.0,-0.0,0.0,0.0,-0.0,-0.57,-0.0,-0.0,0.57,-0.0,-0.58,0.57,-0.0
1721,-0.0,0.0,0.0,0.0,0.0,0.0,-0.0,0.73,-0.0,-0.0,-0.68,-0.0,0.73,-0.68,0.05
1731,0.0,-0.0,0.0,-0.0,0.0,0.0,-0.0,-0.86,0.0,0.0,1.02,-0.0,-0.86,1.02,0.15
1741,-0.0,0.0,-0.0,0.0,-0.0,0.0,-0.0,-1.15,-0.0,-0.0,1.23,-0.0,-1.15,1.23,0.08
1751,0.0,-0.0,-0.0,0.0,0.0,0.0,-0.0,-0.56,0.0,0.0,0.61,0.0,-0.57,0.61,0.04
1761,0.0,0.0,-0.0,-0.0,0.0,0.0,-0.0,-1.37,-0.0,-0.0,1.42,0.0,-1.38,1.42,0.05
1771,0.0,-0.0,0.0,-0.0,-0.0,0.0,-0.0,-0.94,0.0,0.0,1.02,-0.0,-0.95,1.02,0.08
1781,0.0,-0.0,0.0,0.0,0.0,0.0,-0.0,-0.83,-0.0,-0.0,0.85,0.0,-0.83,0.85,0.02
1791,-0.0,0.0,0.0,0.0,-0.0,0.0,-0.0,0.38,-0.0,0.0,-0.22,-0.0,0.38,-0.22,0.16
1801,-0.0,-0.0,-0.0,0.0,-0.0,0.0,-0.0,0.22,0.0,0.0,-0.06,0.0,0.22,-0.06,0.16
1811,0.0,0.0,-0.0,0.0,0.0,0.0,-0.0,0.9,-0.0,-0.0,-0.5,0.0,0.9,-0.5,0.4
1821,-0.0,-0.0,-0.0,0.0,-0.0,0.0,-0.0,1.04,-0.0,0.0,-0.8,-0.0,1.03,-0.8,0.23
1831,-0.0,0.0,-0.0,0.0,0.0,0.0,-0.0,0.01,-0.0,0.0,0.15,0.0,0.01,0.15,0.17
1841,0.0,0.0,0.0,-0.0,-0.0,0.0,-0.0,-2.06,0.0,-0.0,2.38,0.0,-2.07,2.38,0.31
1851,0.0,-0.0,-0.0,-0.0,0.0,0.0,-0.0,-2.6,-0.0,0.0,2.93,-0.0,-2.6,2.93,0.33
1861,0.0,0.0,0.0,-0.0,-0.0,0.0,-0.01,2.13,0.0,-0.0,-1.05,-0.0,2.13,-1.05,1.08
1871,0.0,0.0,0.0,0.0,-0.0,0.0,-0.02,-0.5,0.0,0.0,2.74,0.0,-0.52,2.74,2.22
1881,0.0,-0.0,0.0,-0.0,-0.0,0.0,-0.0,0.8,0.0,0.0,-0.48,0.0,0.8,-0.48,0.32
1891,-0.0,0.0,0.0,0.0,-0.0,0.0,-0.0,-0.38,0.0,0.0,0.39,-0.0,-0.38,0.39,0.0
1901,0.0,0.0,-0.0,-0.0,0.0,0.0,-0.0,-0.91,0.0,-0.0,1.1,0.0,-0.92,1.1,0.19
1911,0.0,0.0,-0.0,-0.0,-0.0,0.0,-0.0,-1.17,0.0,-0.0,1.23,-0.0,-1.17,1.23,0.05
1921,-0.0,0.0,-0.0,-0.0,-0.0,0.0,-0.0,-0.4,0.0,0.0,0.45,0.0,-0.4,0.45,0.06
1931,-0.0,0.0,0.0,0.0,0.0,0.0,-0.0,0.21,-0.0,0.0,-0.21,-0.0,0.21,-0.21,-0.0
1941,-0.0,-0.0,-0.0,0.0,0.0,0.0,-0.0,-0.6,-0.0,0.0,0.6,-0.0,-0.6,0.6,-0.0
1951,-0.0,-0.0,0.0,0.0,0.0,0.0,-0.0,-0.55,-0.0,0.0,0.55,0.0,-0.55,0.55,-0.0
1961,0.0,-0.0,0.0,-0.0,-0.0,0.0,-0.0,0.09,0.0,-0.0,-0.09,-0.0,0.09,-0.09,-0.0
1971,0.0,-0.0,0.0,0.0,0.0,0.0,-0.0,-0.31,0.0,0.0,0.32,-0.0,-0.31,0.32,0.0
1981,-0.0,-0.0,0.0,-0.0,-0.0,0.0,-0.0,-0.24,-0.0,-0.0,0.24,-0.0,-0.24,0.24,0.0
1991,-0.0,0.0,0.0,0.0,-0.0,0.0,-0.0,-0.03,-0.0,-0.0,0.04,-0.0,-0.03,0.04,0.01
2001,0.0,0.0,-0.0,0.0,0.0,0.0,-0.0,0.42,0.0,-0.0,-0.38,-0.0,0.42,-0.38,0.04
2011,-0.0,-0.0,0.0,-0.0,0.0,0.0,-0.0,0.35,-0.0,-0.0,-0.35,0.0,0.35,-0.35,0.0
2021,0.0,0.0,-0.0,0.0,0.0,0.0,-0.0,0.9,-0.0,-0.0,-0.9,0.0,0.9,-0.9,-0.0
2031,-0.0,-0.0,-0.0,-0.0,-0.0,0.0,-0.0,-0.19,-0.0,0.0,0.19,0.0,-0.19,0.19,-0.0
2041,-0.0,-0.0,-0.0,-0.0,-0.0,0.0,-0.0,-0.12,0.0,0.0,0.12,-0.0,-0.12,0.12,-0.0
2051,0.0,-0.0,-0.0,-0.0,0.0,0.0,-0.0,0.09,-0.0,0.0,-0.09,-0.0,0.09,-0.09,-0.0
2061,0.0,-0.0,-0.0,0.0,-0.0,0.0,-0.0,-0.06,0.0,-0.0,0.06,0.0,-0.06,0.06,-0.0
2071,0.0,0.0,0.0,-0.0,-0.0,0.0,-0.0,0.17,0.0,0.0,-0.17,0.0,0.17,-0.17,-0.0
2081,-0.0,0.0,0.0,0.0,-0.0,0.0,-0.0,0.58,0.0,-0.0,-0.58,0.0,0.58,-0.58,-0.0
2091,0.0,-0.0,-0.0,0.0,0.0,0.0,-0.0,0.58,0.0,0.0,-0.58,0.0,0.58,-0.58,-0.0
2101,-0.0,-0.0,-0.0,-0.0,-0.0,0.0,-0.0,-0.06,-0.0,-0.0,0.06,-0.0,-0.06,0.06,-0.0
2111,-0.0,-0.0,-0.0,0.0,0.0,0.0,-0.0,-0.08,0.0,0.0,0.08,0.0,-0.08,0.08,-0.0
2121,-0.0,0.0,0.0,0.0,0.0,0.0,-0.0,0.12,-0.0,0.0,-0.12,-0.0,0.12,-0.12,-0.0
2131,-0.0,0.0,-0.0,0.0,-0.0,0.0,-0.0,-0.18,-0.0,-0.0,0.18,0.0,-0.18,0.18,-0.0
2141,0.0,0.0,0.0,0.0,-0.0,0.0,-0.0,-0.16,-0.0,0.0,0.16,-0.0,-0.16,0.16,-0.0
2151,0.0,0.0,0.0,0.0,-0.0,0.0,-0.0,-0.13,-0.0,0.0,0.13,-0.0,-0.13,0.13,-0.0
2161,0.0,-0.0,0.0,-0.0,0.0,0.0,-0.0,-0.14,0.0,-0.0,0.14,-0.0,-0.15,0.14,-0.0
2171,-0.0,-0.0,-0.0,-0.0,0.0,0.0,-0.0,-0.06,0.0,-0.0,0.06,-0.0,-0.06,0.06,-0.0
2181,-0.0,-0.0,-0.0,0.0,0.0,0.0,-0.0,-0.45,-0.0,-0.0,0.45,0.0,-0.45,0.45,-0.0
2191,0.0,-0.0,0.0,0.0,-0.0,0.0,-0.0,-0.19,-0.0,-0.0,0.19,0.0,-0.19,0.19,-0.0
2201,-0.0,0.0,-0.0,0.0,-0.0,0.0,-0.0,0.49,0.0,0.0,-0.49,-0.0,0.49,-0.49,-0.0
2211,-0.0,-0.0,0.0,0.0,0.0,0.0,-0.0,0.2,0.0,-0.0,-0.2,-0.0,0.2,-0.2,-0.0
2221,-0.0,0.0,0.0,0.0,0.0,0.0,-0.0,0.46,0.0,0.0,-0.46,-0.0,0.46,-0.46,-0.0
2231,0.0,-0.0,-0.0,0.0,-0.0,0.0,-0.0,-0.04,0.0,0.0,0.04,0.0,-0.04,0.04,-0.0
2241,-0.0,0.0,0.0,0.0,0.0,0.0,-0.0,-0.45,-0.0,-0.0,0.45,-0.0,-0.45,0.45,-0.0
2251,0.0,-0.0,-0.0,-0.0,0.0,0.0,-0.0,-0.14,0.0,0.0,0.14,-0.0,-0.14,0.14,-0.0
2261,-0.0,-0.0,0.0,-0.0,0.0,0.0,-0.0,-0.59,-0.0,0.0,0.59,0.0,-0.59,0.59,-0.0
2271,-0.0,0.0,0.0,-0.0,0.0,0.0,-0.0,-1.05,0.0,0.0,1.05,0.0,-1.05,1.05,-0.0
2281,0.0,-0.0,-0.0,0.0,-0.0,0.0,-0.0,1.22,-0.0,-0.0,-1.22,0.0,1.22,-1.22,0.0
2291,0.0,0.0,0.0,0.0,0.0,0.0,-0.0,-0.53,-0.0,0.0,0.53,0.0,-0.53,0.53,-0.0
2301,0.0,-0.0,-0.0,0.0,0.0,0.0,-0.0,-0.48,-0.0,-0.0,0.47,-0.0,-0.48,0.47,-0.0
2311,-0.0,0.0,-0.0,-0.0,0.0,0.0,-0.0,1.55,-0.0,0.0,-1.55,-0.0,1.55,-1.55,0.0
2321,-0.0,-0.0,-0.0,-0.0,0.0,0.0,-0.01,-0.17,0.0,-0.0,0.17,0.0,-0.17,0.17,0.0
2331,-0.0,0.0,0.0,0.0,-0.0,0.0,-0.0,-0.17,0.0,0.0,0.17,-0.0,-0.18,0.17,-0.0
2341,0.0,0.0,0.0,0.0,0.0,0.0,-0.01,-0.33,-0.0,-0.0,0.34,-0.0,-0.34,0.34,0.0
2351,-0.0,0.0,0.0,-0.0,-0.0,0.0,-0.0,1.73,0.0,-0.0,-1.71,-0.0,1.73,-1.71,0.02
2361,-0.0,0.0,0.0,0.0,0.0,0.0,-0.02,0.38,0.0,-0.0,-0.34,-0.0,0.36,-0.34,0.02
2371,-0.0,-0.0,-0.0,-0.0,0.0,0.0,-0.01,-0.35,-0.0,0.0,0.38,-0.0,-0.36,0.38,0.02
2381,0.0,0.0,-0.0,0.0,-0.0,0.0,-0.0,0.58,-0.0,-0.0,-0.57,-0.0,0.58,-0.57,0.0
2391,-0.0,-0.0,-0.0,-0.0,-0.0,0.0,-0.0,-1.48,0.0,0.0,1.48,-0.0,-1.48,1.48,-0.0
2401,0.0,0.0,0.0,-0.0,0.0,0.0,-0.0,0.55,0.0,-0.0,-0.55,-0.0,0.55,-0.55,0.0
2411,0.0,-0.0,-0.0,-0.0,0.0,0.0,-0.0,-0.54,-0.0,0.0,0.54,-0.0,-0.55,0.54,-0.0
2421,-0.0,-0.0,0.0,-0.0,-0.0,0.0,-0.01,-0.09,0.0,-0.0,0.1,-0.0,-0.1,0.1,-0.0
2431,0.0,0.0,0.0,-0.0,-0.0,0.0,-0.01,0.11,0.0,-0.0,0.04,0.0,0.1,0.04,0.14
2441,0.0,0.0,0.0,0.0,0.0,0.0,-0.0,0.58,0.0,-0.0,-0.39,-0.0,0.58,-0.39,0.19
2451,-0.0,-0.0,0.0,0.0,0.0,0.0,-0.01,-1.16,0.0,-0.0,1.65,-0.0,-1.16,1.65,0.49
2461,0.0,0.0,0.0,0.0,-0.0,0.0,-0.01,1.22,-0.0,-0.0,-0.51,-0.0,1.22,-0.51,0.71
2471,0.0,0.0,0.0,-0.0,0.0,0.0,-0.01,-0.08,0.0,-0.0,1.33,-0.0,-0.09,1.33,1.24
2481,0.0,0.0,0.0,-0.0,-0.0,0.0,-0.0,-2.65,0.0,0.0,3.61,-0.0,-2.66,3.61,0.95
2491,-0.0,-0.0,0.0,0.0,0.0,0.0,-0.01,-0.42,0.0,0.0,0.42,-0.0,-0.42,0.42,0.0
2501,-0.0,-0.0,0.0,-0.0,0.0,0.0,-0.01,-0.06,-0.0,0.0,0.1,0.0,-0.06,0.1,0.03
2511,0.0,0.0,-0.0,-0.0,-0.0,0.0,-0.0,-1.13,-0.0,-0.0,1.19,0.0,-1.13,1.19,0.06
2521,-0.0,-0.0,0.0,-0.0,0.0,0.0,-0.0,-1.08,-0.0,-0.0,1.63,-0.0,-1.08,1.63,0.55
2531,-0.0,-0.0,0.0,0.0,0.0,0.0,-0.01,0.77,-0.0,0.0,-0.56,-0.0,0.76,-0.56,0.21
2541,-0.0,-0.0,-0.0,0.0,-0.0,0.0,-0.01,0.14,0.0,-0.0,-0.1,-0.0,0.13,-0.1,0.03
2551,-0.0,-0.0,0.0,0.0,-0.0,0.0,-0.02,-0.42,0.0,0.0,0.46,0.0,-0.44,0.46,0.02
2561,-0.0,0.0,-0.0,-0.0,-0.0,0.0,-0.04,0.04,-0.0,-0.0,0.17,0.0,0.0,0.17,0.18
2571,0.0,0.0,-0.0,-0.0,-0.0,0.0,-0.0,2.04,-0.0,-0.0,-1.78,0.0,2.04,-1.78,0.26
2581,0.0,-0.0,-0.0,0.0,0.0,0.0,-0.01,0.85,-0.0,0.0,-0.65,-0.0,0.84,-0.65,0.19
2591,0.0,0.0,-0.0,-0.0,-0.0,0.0,-0.0,-0.25,-0.0,-0.0,0.28,-0.0,-0.25,0.28,0.03
2601,0.0,-0.0,-0.0,-0.0,-0.0,0.0,-0.0,-0.89,-0.0,-0.0,0.93,-0.0,-0.89,0.93,0.04
2611,0.0,-0.0,0.0,-0.0,0.0,0.0,0.0,-0.36,0.0,0.0,0.37,0.0,-0.36,0.37,0.0
2621,0.0,0.0,-0.0,-0.0,0.0,0.0,-0.0,1.27,0.0,0.0,-1.25,-0.0,1.27,-1.25,0.02
2631,-0.0,-0.0,0.0,0.0,-0.0,0.0,-0.0,1.43,-0.0,0.0,-1.34,-0.0,1.43,-1.34,0.09
2641,-0.0,0.0,-0.0,-0.0,0.0,0.0,-0.0,-0.07,-0.0,0.0,0.07,0.0,-0.07,0.07,-0.0
2651,-0.0,0.0,0.0,-0.0,-0.0,0.0,-0.0,6.05,0.0,0.0,-4.33,-0.0,6.04,-4.33,1.71
2661,-0.0,0.0,-0.0,0.0,-0.0,0.0,-0.0,-2.53,-0.0,-0.0,2.91,-0.0,-2.53,2.91,0.38
2671,0.0,-0.0,-0.0,-0.0,-0.0,0.0,-0.0,-10.08,0.0,0.0,12.15,0.0,-10.08,12.15,2.06
2681,-0.0,0.0,0.0,0.0,-0.0,0.0,-0.0,-0.43,0.0,-0.0,0.88,0.0,-0.43,0.88,0.45
2691,0.0,0.0,0.0,0.0,0.0,0.0,-0.0,0.62,0.0,0.0,-0.61,-0.0,0.61,-0.61,0.0
2701,0.0,0.0,0.0,0.0,-0.0,0.0,0.0,0.62,0.0,-0.0,-0.52,-0.0,0.62,-0.52,0.09
2711,-0.0,-0.0,0.0,0.0,0.0,0.0,-0.01,-0.29,-0.0,0.0,0.3,-0.0,-0.3,0.3,0.0
2721,-0.0,-0.0,0.0,0.0,-0.0,0.0,-0.0,-0.41,-0.0,0.0,0.47,-0.0,-0.41,0.47,0.06
2731,-0.0,-0.0,-0.0,0.0,0.0,0.0,-0.01,0.31,0.0,0.0,-0.29,-0.0,0.3,-0.29,0.01
2741,0.0,-0.0,-0.0,-0.0,0.0,0.0,-0.02,-0.35,0.0,0.0,0.4,0.0,-0.36,0.4,0.03
2751,-0.0,0.0,0.0,0.0,0.0,0.0,-0.04,-0.01,0.0,-0.0,0.13,-0.0,-0.05,0.13,0.08
2761,0.0,0.0,-0.0,0.0,-0.0,0.0,-0.02,0.23,-0.0,-0.0,-0.17,0.0,0.21,-0.17,0.04
2771,0.0,-0.0,-0.0,0.0,-0.0,0.0,-0.0,0.87,-0.0,0.0,-0.8,-0.0,0.87,-0.8,0.07
2781,0.0,-0.0,-0.0,0.0,-0.0,0.0,-0.0,1.25,-0.0,-0.0,-1.15,-0.0,1.25,-1.15,0.1
2791,-0.0,-0.0,-0.0,0.0,0.0,0.0,-0.03,0.14,-0.0,-0.0,-0.03,0.0,0.11,-0.03,0.08
2801,0.0,0.0,-0.0,0.0,-0.0,0.0,-0.06,-0.57,-0.0,-0.0,0.79,0.0,-0.63,0.79,0.16
2811,-0.0,-0.0,-0.0,-0.0,0.0,0.0,-0.04,0.01,0.0,-0.0,0.15,-0.0,-0.03,0.15,0.11
2821,-0.0,-0.0,0.0,-0.0,0.0,0.0,-0.02,-0.17,0.0,-0.0,0.23,0.0,-0.19,0.23,0.04
2831,0.0,-0.0,-0.0,-0.0,-0.0,0.0,-0.04,-0.3,0.0,-0.0,0.47,0.0,-0.34,0.47,0.13
2841,0.0,-0.0,-0.0,0.0,-0.0,0.0,-0.0,-0.07,0.0,-0.0,0.07,-0.0,-0.07,0.07,-0.0
2851,-0.0,0.0,0.0,-0.0,-0.0,0.0,-0.0,0.5,-0.0,-0.0,-0.46,-0.0,0.5,-0.46,0.05
2861,0.0,-0.0,0.0,-0.0,-0.0,0.0,-0.0,1.25,0.0,0.0,-0.85,0.0,1.24,-0.85,0.39
2871,-0.0,0.0,0.0,-0.0,-0.0,0.0,-0.0,-0.06,-0.0,-0.0,1.71,-0.0,-0.07,1.71,1.65
2881,-0.0,-0.0,0.0,-0.0,-0.0,0.0,-0.0,2.69,0.0,-0.0,-0.63,-0.0,2.68,-0.63,2.05
2891,-0.0,0.0,-0.0,0.0,0.0,0.0,-0.0,3.57,0.0,0.0,-3.12,-0.0,3.57,-3.12,0.46
2901,0.0,0.0,0.0,-0.0,-0.0,0.0,-0.0,-1.42,0.0,-0.0,2.79,0.0,-1.43,2.79,1.37
2911,-0.0,0.0,-0.0,-0.0,-0.0,0.0,-0.01,-0.26,-0.0,0.0,2.83,-0.0,-0.27,2.83,2.56
2921,0.0,0.0,-0.0,0.0,0.0,0.0,-0.0,-2.78,-0.0,-0.0,3.41,-0.0,-2.78,3.41,0.63
2931,0.0,0.0,-0.0,-0.0,-0.0,0.0,-0.0,-1.65,0.0,0.0,1.82,-0.0,-1.65,1.82,0.17
2941,0.0,-0.0,-0.0,-0.0,-0.0,0.0,-0.0,0.82,0.0,0.0,-0.73,-0.0,0.82,-0.73,0.1
2951,-0.0,0.0,-0.0,0.0,-0.0,0.0,-0.0,-0.15,-0.0,0.0,0.19,-0.0,-0.15,0.19,0.03
2961,0.0,0.0,-0.0,-0.0,0.0,0.0,-0.0,0.01,-0.0,-0.0,0.01,0.0,0.01,0.01,0.02
2971,-0.0,0.0,0.0,0.0,0.0,0.0,-0.0,-0.21,0.0,-0.0,0.24,0.0,-0.22,0.24,0.02
2981,0.0,0.0,0.0,0.0,-0.0,0.0,-0.0,0.31,-0.0,0.0,-0.29,-0.0,0.31,-0.29,0.03
2991,0.0,-0.0,0.0,0.0,0.0,0.0,-0.0,0.89,0.0,0.0,-0.88,0.0,0.89,-0.88,0.0
3001,-0.0,0.0,-0.0,0.0,-0.0,0.0,-0.0,1.01,0.0,-0.0,-1.0,0.0,1.01,-1.0,0.01
3011,0.0,-0.0,-0.0,-0.0,-0.0,0.0,-0.0,-0.3,-0.0,0.0,0.3,0.0,-0.3,0.3,0.0
3021,0.0,-0.0,-0.0,0.0,0.0,0.0,-0.0,-0.29,-0.0,0.0,0.3,0.0,-0.29,0.3,0.01
3031,-0.0,-0.0,0.0,0.0,-0.0,0.0,-0.0,0.25,-0.0,-0.0,-0.12,0.0,0.25,-0.12,0.13
3041,0.0,-0.0,0.0,0.0,-0.0,0.0,-0.0,-0.3,-0.0,0.0,0.48,-0.0,-0.3,0.48,0.18
3051,-0.0,-0.0,-0.0,0.0,-0.0,0.0,-0.0,-0.83,-0.0,0.0,0.97,0.0,-0.83,0.97,0.14
3061,0.0,-0.0,-0.0,0.0,0.0,0.0,-0.0,-0.07,-0.0,-0.0,0.09,0.0,-0.07,0.09,0.02
3071,0.0,-0.0,-0.0,-0.0,-0.0,0.0,-0.0,-0.48,-0.0,-0.0,0.53,0.0,-0.48,0.53,0.04
3081,-0.0,-0.0,-0.0,-0.0,-0.0,0.0,-0.0,-0.53,0.0,0.0,0.62,-0.0,-0.53,0.61,0.08
3091,0.0,-0.0,-0.0,-0.0,-0.0,0.0,-0.0,0.38,-0.0,-0.0,-0.19,0.0,0.38,-0.19,0.18
3101,0.0,0.0,0.0,-0.0,-0.0,0.0,-0.01,-1.84,-0.0,-0.0,3.11,-0.0,-1.85,3.11,1.26
3111,-0.0,0.0,-0.0,-0.0,-0.0,0.0,-0.0,-1.11,-0.0,-0.0,1.57,-0.0,-1.11,1.57,0.46
3121,-0.0,0.0,-0.0,0.0,0.0,0.0,-0.0,-2.05,-0.0,0.0,2.28,0.0,-2.06,2.28,0.23
3131,0.0,-0.0,-0.0,0.0,0.0,0.0,-0.01,-4.01,0.0,-0.0,5.21,0.0,-4.02,5.21,1.19
3141,-0.0,0.0,0.0,0.0,-0.0,0.0,-0.0,-0.43,-0.0,-0.0,1.07,0.0,-0.44,1.07,0.63
3151,-0.0,-0.0,0.0,0.0,-0.0,0.0,-0.0,1.1,-0.0,-0.0,-0.43,0.0,1.1,-0.43,0.66
3161,0.0,-0.0,-0.0,0.0,0.0,0.0,-0.0,0.61,0.0,0.0,0.15,0.0,0.61,0.15,0.76
3171,0.0,-0.0,0.0,0.0,-0.0,0.0,-0.0,1.47,0.0,-0.0,-0.95,0.0,1.46,-0.95,0.51
3181,0.0,-0.0,0.0,0.0,0.0,0.0,-0.0,0.18,-0.0,-0.0,0.13,0.0,0.18,0.13,0.31
3191,0.0,0.0,0.0,-0.0,-0.0,0.0,-0.0,1.13,0.0,0.0,-0.99,0.0,1.12,-0.99,0.14
3201,-0.0,0.0,-0.0,-0.0,-0.0,0.0,-0.0,-0.32,0.0,0.0,0.34,0.0,-0.32,0.34,0.02
3211,0.0,0.0,-0.0,0.0,0.0,0.0,-0.0,-0.18,0.0,-0.0,0.18,0.0,-0.18,0.18,-0.0
3221,-0.0,-0.0,-0.0,0.0,0.0,0.0,-0.0,0.32,0.0,0.0,-0.31,0.0,0.31,-0.31,-0.0
3231,-0.0,-0.0,0.0,0.0,0.0,0.0,-0.0,0.62,0.0,0.0,-0.61,-0.0,0.62,-0.61,0.01
3241,0.0,0.0,0.0,0.0,0.0,0.0,-0.01,1.41,-0.0,0.0,-1.26,-0.0,1.4,-1.26,0.14
3251,0.0,-0.0,-0.0,0.0,0.0,0.0,-0.01,0.92,-0.0,-0.0,0.94,-0.0,0.91,0.94,1.85
3261,-0.0,0.0,0.0,-0.0,0.0,0.0,-0.01,4.98,-0.0,-0.0,-2.31,0.0,4.97,-2.31,2.66
3271,-0.0,-0.0,0.0,-0.0,-0.0,0.0,-0.0,-1.29,0.0,-0.0,1.48,-0.0,-1.3,1.48,0.18
3281,-0.0,-0.0,0.0,0.0,-0.0,0.0,-0.0,-0.32,-0.0,-0.0,0.5,-0.0,-0.33,0.5,0.17
3291,-0.0,-0.0,-0.0,0.0,-0.0,0.0,-0.0,-0.04,-0.0,-0.0,0.09,-0.0,-0.05,0.09,0.04
3301,-0.0,-0.0,-0.0,0.0,0.0,0.0,-0.0,0.45,0.0,0.0,-0.06,0.0,0.45,-0.06,0.39
3311,0.0,0.0,-0.0,-0.0,0.0,0.0,-0.0,-0.8,-0.0,0.0,1.08,0.0,-0.8,1.08,0.28
3321,-0.0,-0.0,-0.0,0.0,0.0,0.0,-0.0,-2.82,-0.0,0.0,3.74,0.0,-2.83,3.74,0.91
3331,0.0,0.0,0.0,-0.0,-0.0,0.0,-0.0,0.97,0.0,-0.0,0.26,0.0,0.97,0.26,1.23
3341,-0.0,0.0,0.0,0.0,-0.0,0.0,-0.0,-0.54,-0.0,-0.0,1.57,-0.0,-0.54,1.57,1.03
3351,-0.0,0.0,0.0,0.0,-0.0,0.0,-0.02,-1.77,-0.0,0.0,5.76,0.0,-1.78,5.76,3.98
3361,-0.0,0.0,-0.0,-0.0,-0.0,0.0,-0.0,0.15,-0.0,0.0,-0.15,-0.0,0.14,-0.15,-0.0
3371,0.0,-0.0,0.0,0.0,-0.0,0.0,-0.0,-0.3,0.0,0.0,0.3,0.0,-0.3,0.3,-0.0
3381,0.0,0.0,-0.0,0.0,0.0,0.0,-0.04,2.09,0.0,0.0,2.65,-0.0,2.06,2.65,4.7
3391,-0.0,0.0,-0.0,0.0,-0.0,0.0,-0.0,0.36,0.0,0.0,-0.36,0.0,0.36,-0.36,0.0
3401,-0.0,0.0,-0.0,0.0,0.0,0.0,-0.0,2.16,-0.0,0.0,-1.43,-0.0,2.16,-1.43,0.73
3411,0.0,0.0,-0.0,-0.0,-0.0,0.0,-0.0,0.11,-0.0,-0.0,-0.11,0.0,0.11,-0.11,-0.0
3421,-0.0,-0.0,-0.0,-0.0,-0.0,0.0,-0.0,0.48,-0.0,0.0,-0.48,-0.0,0.48,-0.48,0.0
3431,0.0,-0.0,-0.0,0.0,-0.0,0.0,-0.0,0.57,0.0,-0.0,-0.54,-0.0,0.57,-0.54,0.03
3441,-0.0,0.0,-0.0,-0.0,0.0,0.0,-0.0,-1.13,-0.0,0.0,1.15,0.0,-1.13,1.15,0.02
3451,-0.0,-0.0,-0.0,0.0,-0.0,0.0,-0.0,0.02,0.0,0.0,0.02,0.0,0.02,0.02,0.04
3461,0.0,-0.0,-0.0,-0.0,0.0,0.0,-0.0,0.3,-0.0,0.0,-0.3,-0.0,0.3,-0.3,0.0
3471,-0.0,-0.0,-0.0,-0.0,0.0,0.0,-0.0,0.55,0.0,0.0,-0.55,0.0,0.55,-0.55,0.0
3481,0.0,-0.0,0.0,0.0,0.0,0.0,-0.0,-0.95,0.0,-0.0,1.14,-0.0,-0.95,1.14,0.19
3491,0.0,0.0,0.0,-0.0,-0.0,0.0,-0.0,0.75,-0.0,-0.0,-0.54,0.0,0.75,-0.54,0.21
3501,-0.0,0.0,-0.0,0.0,-0.0,0.0,-0.0,-1.66,-0.0,-0.0,1.98,0.0,-1.66,1.98,0.31
3511,-0.0,-0.0,-0.0,0.0,-0.0,0.0,-0.0,-0.3,-0.0,-0.0,0.3,0.0,-0.3,0.3,-0.0
3521,0.0,0.0,-0.0,0.0,-0.0,0.0,-0.0,-0.32,-0.0,-0.0,0.32,0.0,-0.32,0.32,-0.0
3531,0.0,-0.0,0.0,0.0,-0.0,0.0,-0.0,0.15,0.0,0.0,-0.14,0.0,0.15,-0.14,0.01
3541,-0.0,0.0,-0.0,0.0,0.0,0.0,-0.0,0.53,-0.0,0.0,-0.53,0.0,0.53,-0.53,0.0
3551,0.0,0.0,-0.0,-0.0,0.0,0.0,-0.0,-0.44,0.0,0.0,0.44,0.0,-0.44,0.44,-0.0
3561,0.0,-0.0,0.0,-0.0,-0.0,0.0,-0.0,-0.79,-0.0,-0.0,0.79,-0.0,-0.79,0.79,-0.0
3571,-0.0,0.0,0.0,-0.0,-0.0,0.0,-0.0,-0.28,-0.0,0.0,0.28,0.0,-0.28,0.28,-0.0
3581,0.0,0.0,-0.0,0.0,-0.0,0.0,-0.0,-0.2,-0.0,-0.0,0.2,-0.0,-0.2,0.2,-0.0
3591,-0.0,-0.0,0.0,0.0,-0.0,0.0,-0.0,-0.05,0.0,0.0,0.05,0.0,-0.05,0.05,-0.0
3601,-0.0,-0.0,0.0,0.0,0.0,0.0,-0.0,0.01,0.0,-0.0,-0.01,-0.0,0.01,-0.01,0.0
3611,-0.0,0.0,0.0,-0.0,-0.0,0.0,-0.0,-0.16,0.0,0.0,0.16,-0.0,-0.16,0.16,-0.0
3621,-0.0,-0.0,-0.0,0.0,-0.0,0.0,-0.0,0.15,0.0,0.0,-0.15,-0.0,0.15,-0.15,-0.0
3631,0.0,-0.0,-0.0,-0.0,-0.0,0.0,-0.0,-0.45,0.0,0.0,0.45,0.0,-0.45,0.45,-0.0
3641,0.0,-0.0,0.0,-0.0,0.0,0.0,-0.0,-0.3,0.0,0.0,0.3,0.0,-0.3,0.3,-0.0
3651,-0.0,-0.0,-0.0,0.0,-0.0,0.0,-0.0,-0.19,-0.0,-0.0,0.19,0.0,-0.2,0.19,-0.0
3661,0.0,0.0,-0.0,-0.0,-0.0,0.0,-0.01,0.25,-0.0,0.0,-0.23,-0.0,0.25,-0.23,0.01
3671,-0.0,-0.0,0.0,-0.0,0.0,0.0,-0.02,0.34,0.0,-0.0,-0.27,-0.0,0.32,-0.27,0.05
3681,-0.0,0.0,-0.0,-0.0,0.0,0.0,-0.01,0.05,0.0,0.0,-0.01,-0.0,0.04,-0.01,0.03
3691,-0.0,-0.0,-0.0,0.0,0.0,0.0,-0.12,-1.03,-0.0,0.0,1.44,-0.0,-1.15,1.44,0.29
3701,0.0,0.0,0.0,-0.0,-0.0,0.0,-0.01,-1.0,-0.0,0.0,1.03,0.0,-1.01,1.03,0.02
3711,0.0,0.0,0.0,0.0,-0.0,0.0,-0.01,-0.07,0.0,0.0,0.12,0.0,-0.08,0.12,0.05
3721,-0.0,-0.0,-0.0,-0.0,0.0,0.0,-0.0,-0.62,0.0,0.0,0.69,0.0,-0.62,0.69,0.07
3731,-0.0,-0.0,-0.0,-0.0,-0.0,0.0,-0.0,0.16,-0.0,0.0,-0.16,-0.0,0.16,-0.16,-0.0
3741,-0.0,0.0,0.0,-0.0,-0.0,0.0,-0.0,0.37,0.0,0.0,-0.37,0.0,0.37,-0.37,-0.0
3751,0.0,-0.0,0.0,-0.0,0.0,0.0,-0.0,0.43,-0.0,0.0,-0.42,-0.0,0.43,-0.42,0.01
3761,0.0,0.0,0.0,0.0,-0.0,0.0,-0.0,-0.03,-0.0,0.0,0.03,0.0,-0.03,0.03,-0.0
3771,0.0,0.0,0.0,0.0,0.0,0.0,-0.0,0.18,-0.0,0.0,-0.18,0.0,0.18,-0.18,0.0
3781,-0.0,-0.0,0.0,0.0,-0.0,0.0,-0.01,0.1,0.0,-0.0,-0.08,-0.0,0.09,-0.08,0.01
3791,-0.0,-0.0,0.0,-0.0,-0.0,0.0,-0.01,0.61,0.0,0.0,-0.6,0.0,0.6,-0.6,0.0
3801,-0.0,-0.0,0.0,0.0,-0.0,0.0,-0.02,0.11,-0.0,0.0,-0.01,-0.0,0.09,-0.01,0.07
3811,0.0,0.0,0.0,0.0,-0.0,0.0,-0.03,0.28,-0.0,0.0,-0.15,0.0,0.25,-0.15,0.1
3821,0.0,-0.0,-0.0,0.0,0.0,0.0,-0.01,-0.05,-0.0,-0.0,0.06,0.0,-0.06,0.06,0.0
3831,0.0,0.0,-0.0,-0.0,-0.0,0.0,-0.01,-0.02,-0.0,-0.0,0.04,0.0,-0.03,0.04,0.01
3841,-0.0,0.0,0.0,-0.0,0.0,0.0,-0.01,-0.52,0.0,-0.0,0.53,0.0,-0.53,0.53,0.0
3851,0.0,0.0,-0.0,-0.0,0.0,0.0,-0.01,-1.61,-0.0,0.0,1.63,-0.0,-1.62,1.63,0.01
3861,0.0,-0.0,-0.0,0.0,-0.0,0.0,-0.01,-0.84,-0.0,0.0,0.91,0.0,-0.85,0.91,0.06
3871,0.0,-0.0,-0.0,-0.0,-0.0,0.0,-0.01,-0.25,0.0,0.0,0.35,0.0,-0.26,0.35,0.09
3881,0.0,-0.0,-0.0,-0.0,0.0,0.0,-0.01,0.87,0.0,-0.0,-0.8,0.0,0.86,-0.8,0.07
3891,-0.0,0.0,0.0,0.0,-0.0,0.0,-0.01,0.48,0.0,0.0,-0.42,0.0,0.47,-0.42,0.05
3901,-0.0,-0.0,-0.0,-0.0,-0.0,0.0,-0.01,0.77,-0.0,0.0,-0.71,0.0,0.75,-0.71,0.04
3911,0.0,0.0,-0.0,-0.0,-0.0,0.0,-0.01,-0.4,-0.0,-0.0,0.4,0.0,-0.4,0.4,-0.0
3921,0.0,0.0,-0.0,0.0,0.0,0.0,-0.02,0.83,0.0,0.0,-0.75,0.0,0.81,-0.75,0.06
3931,-0.0,0.0,0.0,-0.0,0.0,0.0,-0.0,0.2,-0.0,0.0,-0.18,0.0,0.2,-0.18,0.02
3941,-0.0,-0.0,0.0,-0.0,0.0,0.0,-0.0,-0.01,-0.0,0.0,0.01,0.0,-0.01,0.01,-0.0
3951,-0.0,0.0,-0.0,-0.0,0.0,0.0,-0.0,0.09,0.0,-0.0,-0.09,-0.0,0.09,-0.09,-0.0
3961,0.0,-0.0,0.0,0.0,-0.0,0.0,-0.0,-0.71,-0.0,0.0,0.71,-0.0,-0.71,0.71,0.0
3971,0.0,-0.0,-0.0,-0.0,0.0,0.0,-0.0,0.13,-0.0,0.0,-0.13,0.0,0.13,-0.13,0.0
3981,0.0,0.0,-0.0,-0.0,0.0,0.0,-0.01,-0.17,-0.0,-0.0,0.21,-0.0,-0.18,0.21,0.04
3991,0.0,0.0,-0.0,0.0,-0.0,0.0,-0.02,-0.14,0.0,0.0,0.23,0.0,-0.16,0.23,0.07
4001,-0.0,0.0,-0.0,-0.0,0.0,0.0,-0.01,0.09,0.0,0.0,-0.08,0.0,0.08,-0.08,0.01


