GENERALIZED BORN:
Complex Energy Terms
Frame #,BOND,ANGLE,DIHED,UB,IMP,CMAP,VDWAALS,EEL,1-4 VDW,1-4 EEL,EGB,ESURF,GGAS,GSOLV,TOTAL
1,540.02,1325.44,1718.22,151.34,75.33,-70.71,-1118.12,-9975.29,547.06,8634.6,-2354.34,80.05,1827.91,-2274.29,-446.39
11,596.93,1311.51,1726.34,156.81,87.46,-53.54,-1121.61,-10037.19,558.33,8598.65,-2291.59,78.62,1823.71,-2212.97,-389.25
21,566.95,1274.28,1725.04,142.4,84.79,-66.85,-1125.88,-10052.93,564.52,8661.05,-2318.71,79.66,1773.39,-2239.05,-465.66
31,544.53,1320.74,1734.31,146.11,79.85,-70.02,-1100.37,-10020.44,551.65,8591.54,-2314.08,79.34,1777.9,-2234.74,-456.84
41,590.6,1320.63,1759.08,151.32,91.42,-66.03,-1142.46,-9985.78,547.09,8547.38,-2311.85,79.04,1813.26,-2232.81,-419.56
51,532.67,1313.4,1730.97,147.71,89.91,-49.56,-1122.63,-9982.11,565.2,8623.04,-2349.75,80.06,1848.59,-2269.69,-421.1
61,563.98,1309.67,1744.89,150.71,83.41,-68.86,-1107.24,-10050.49,568.83,8604.68,-2293.93,79.24,1799.58,-2214.69,-415.12
71,573.42,1350.24,1693.4,156.37,78.4,-53.41,-1133.97,-10026.89,553.0,8588.66,-2290.78,78.32,1779.22,-2212.46,-433.24
81,583.48,1308.2,1736.98,155.83,81.06,-75.3,-1115.33,-10077.94,556.3,8622.91,-2276.83,78.87,1776.19,-2197.96,-421.77
91,568.58,1279.81,1740.49,152.56,71.56,-62.73,-1128.99,-10023.28,555.38,8622.09,-2304.89,78.62,1775.47,-2226.27,-450.8
101,519.32,1305.12,1752.52,141.89,95.22,-65.26,-1126.83,-9959.17,554.19,8595.89,-2347.2,80.01,1812.9,-2267.2,-454.3
111,551.41,1292.3,1709.44,147.82,88.93,-68.66,-1126.27,-9996.91,540.1,8602.22,-2364.57,78.86,1740.37,-2285.7,-545.34
121,528.14,1250.88,1735.49,146.25,80.6,-47.03,-1137.59,-10067.2,576.36,8662.32,-2299.44,77.63,1728.22,-2221.82,-493.6
131,546.54,1277.5,1747.14,148.49,88.3,-57.76,-1144.1,-9980.02,553.91,8576.14,-2311.48,78.1,1756.13,-2233.38,-477.25
141,541.93,1272.78,1732.02,153.67,76.71,-78.44,-1165.28,-9995.04,572.81,8592.66,-2310.96,78.7,1703.84,-2232.26,-528.43
151,559.5,1388.06,1756.36,159.65,87.21,-54.09,-1160.27,-10000.63,545.36,8595.57,-2306.13,78.71,1876.72,-2227.42,-350.7
161,557.79,1343.88,1733.38,146.32,71.37,-56.09,-1135.47,-9963.88,546.56,8514.14,-2308.24,77.53,1758.0,-2230.7,-472.7
171,602.26,1294.84,1738.64,144.43,86.61,-69.71,-1132.82,-9971.8,557.05,8553.54,-2313.16,76.8,1803.03,-2236.37,-433.34
181,559.8,1336.84,1714.56,141.95,86.63,-69.59,-1110.7,-9936.11,553.73,8580.53,-2366.02,80.32,1857.64,-2285.69,-428.05
191,538.76,1324.75,1724.23,155.01,87.1,-60.1,-1150.69,-10001.2,550.61,8609.23,-2314.19,78.34,1777.7,-2235.85,-458.15
201,534.93,1303.34,1762.62,147.03,88.63,-59.31,-1132.58,-9997.88,554.78,8614.97,-2345.6,77.68,1816.53,-2267.93,-451.4
211,576.66,1359.34,1711.0,155.22,87.7,-54.94,-1115.88,-10006.99,548.86,8596.19,-2338.5,79.86,1857.16,-2258.64,-401.48
221,557.6,1321.13,1715.93,147.85,87.08,-61.67,-1106.5,-9990.39,552.47,8563.41,-2328.29,80.44,1786.91,-2247.85,-460.95
231,550.01,1344.71,1730.05,156.4,85.44,-68.82,-1117.31,-10016.76,552.15,8563.59,-2291.69,79.39,1779.47,-2212.3,-432.83
241,559.04,1308.87,1734.31,141.45,84.37,-64.53,-1139.97,-10055.65,559.78,8656.19,-2303.07,78.08,1783.88,-2224.99,-441.11
251,572.01,1290.88,1741.9,155.25,78.99,-69.48,-1123.08,-9986.91,556.52,8607.9,-2342.7,79.04,1823.99,-2263.66,-439.67
261,545.55,1296.98,1740.36,147.94,95.73,-64.23,-1135.57,-10005.78,557.09,8589.89,-2296.72,79.31,1767.95,-2217.41,-449.46
271,558.53,1350.62,1728.72,163.83,92.34,-52.61,-1141.3,-10008.06,563.34,8563.9,-2305.24,77.93,1819.32,-2227.3,-407.98
281,544.07,1354.62,1746.97,152.61,83.1,-74.15,-1132.69,-9966.78,542.47,8576.41,-2340.04,78.87,1826.64,-2261.17,-434.53
291,552.48,1336.79,1753.3,150.91,100.2,-62.18,-1140.17,-9942.31,543.0,8562.68,-2352.94,79.05,1854.71,-2273.89,-419.19
301,570.05,1341.22,1722.43,153.02,83.14,-53.72,-1100.64,-10008.51,546.38,8588.79,-2309.65,78.98,1842.16,-2230.67,-388.51
311,553.7,1363.93,1757.22,147.67,96.41,-58.68,-1118.79,-10051.78,550.73,8614.73,-2296.59,79.22,1855.15,-2217.36,-362.21
321,566.47,1279.47,1742.46,154.83,92.73,-58.27,-1125.29,-10024.89,552.61,8577.19,-2299.45,79.03,1757.32,-2220.41,-463.1
331,545.72,1285.94,1725.53,148.62,84.11,-42.44,-1130.25,-10002.27,567.42,8589.57,-2295.35,80.31,1771.93,-2215.03,-443.1
341,568.09,1320.74,1734.93,173.04,83.38,-71.28,-1120.13,-10010.94,548.52,8589.84,-2299.41,79.49,1816.17,-2219.92,-403.75
351,552.48,1304.89,1712.28,152.87,85.5,-54.34,-1111.73,-10009.62,571.23,8556.79,-2278.66,78.79,1760.35,-2199.87,-439.52
361,574.75,1351.1,1728.37,158.33,88.89,-82.26,-1136.5,-10014.56,551.8,8557.35,-2281.43,77.66,1777.28,-2203.77,-426.49
371,540.8,1287.19,1725.56,152.47,75.19,-64.12,-1117.26,-9997.38,578.83,8619.67,-2303.96,79.16,1800.94,-2224.8,-423.85
381,568.05,1315.6,1748.78,148.48,83.65,-68.28,-1108.26,-10008.68,570.38,8571.47,-2310.63,79.68,1821.2,-2230.94,-409.74
391,543.44,1308.64,1741.95,158.17,75.03,-69.38,-1121.52,-10006.49,547.03,8606.84,-2331.07,78.83,1783.71,-2252.24,-468.53
401,581.9,1323.67,1734.65,149.19,82.72,-52.83,-1102.92,-10007.78,553.26,8583.92,-2305.28,79.68,1845.79,-2225.6,-379.81
411,568.02,1328.68,1750.98,166.65,85.19,-61.15,-1112.19,-10019.75,551.18,8579.8,-2302.62,79.4,1837.4,-2223.22,-385.82
421,572.83,1327.55,1729.38,155.79,81.64,-73.87,-1113.02,-10050.33,552.96,8608.04,-2299.43,79.45,1790.98,-2219.98,-429.01
431,583.46,1276.41,1730.51,151.86,76.07,-48.48,-1101.94,-10047.91,548.24,8585.78,-2272.4,80.15,1754.0,-2192.25,-438.26
441,556.46,1316.9,1754.08,146.76,87.96,-59.79,-1123.42,-10059.02,548.85,8587.73,-2257.8,79.74,1756.51,-2178.06,-421.54
451,576.06,1340.76,1742.83,155.82,79.08,-48.8,-1107.99,-10023.85,566.96,8532.56,-2264.4,80.34,1813.44,-2184.06,-370.62
461,593.35,1327.16,1726.85,162.65,89.76,-53.9,-1136.61,-9999.55,553.9,8548.82,-2298.33,80.33,1812.44,-2218.0,-405.56
471,565.13,1343.36,1744.58,156.85,86.98,-55.19,-1102.21,-10032.29,555.15,8531.69,-2269.65,79.65,1794.04,-2190.0,-395.96
481,547.51,1359.89,1732.51,147.12,90.64,-53.17,-1118.9,-10003.26,561.27,8554.04,-2289.27,81.23,1817.66,-2208.04,-390.38
491,565.99,1339.37,1736.37,151.97,86.67,-65.01,-1122.38,-9987.3,565.64,8592.51,-2322.73,79.66,1863.83,-2243.07,-379.24
501,542.18,1387.17,1725.06,154.24,78.8,-62.51,-1115.87,-10148.52,565.62,8622.91,-2245.13,79.51,1749.09,-2165.62,-416.53
511,556.8,1304.47,1744.27,158.81,94.82,-52.82,-1119.46,-10044.21,549.15,8583.78,-2299.63,79.52,1775.6,-2220.11,-444.51
521,551.27,1340.92,1720.25,151.19,89.75,-52.61,-1115.7,-9999.48,547.19,8568.34,-2322.25,79.82,1801.11,-2242.44,-441.33
531,550.43,1287.22,1739.56,150.24,92.0,-60.63,-1093.19,-10151.24,556.92,8678.42,-2266.33,81.06,1749.73,-2185.27,-435.54
541,516.96,1335.65,1756.23,153.76,90.72,-69.86,-1123.97,-10059.78,568.91,8657.86,-2297.36,80.77,1826.48,-2216.59,-390.11
551,570.95,1285.88,1707.27,152.12,80.73,-54.23,-1120.29,-10090.94,578.07,8642.5,-2292.31,81.34,1752.07,-2210.97,-458.9
561,552.99,1319.94,1694.58,156.63,73.84,-53.87,-1105.85,-10151.75,565.83,8659.22,-2256.46,78.56,1711.56,-2177.9,-466.35
571,546.06,1360.34,1732.99,157.08,92.79,-61.92,-1127.77,-10147.86,551.14,8630.52,-2229.54,77.63,1733.35,-2151.91,-418.56
581,580.89,1347.96,1765.43,162.41,82.09,-68.94,-1111.62,-10118.44,570.44,8627.1,-2256.98,79.66,1837.32,-2177.32,-340.0
591,575.6,1333.35,1727.96,148.33,90.95,-59.41,-1110.52,-10117.5,544.54,8593.28,-2267.43,80.06,1726.57,-2187.37,-460.79
601,541.62,1322.56,1717.04,143.82,83.79,-55.02,-1113.47,-9986.11,584.61,8584.16,-2331.47,80.81,1823.0,-2250.66,-427.66
611,548.67,1319.42,1708.07,153.25,77.1,-53.44,-1105.1,-10084.46,572.01,8635.45,-2282.82,79.23,1770.96,-2203.58,-432.62
621,529.72,1315.42,1718.43,151.64,83.52,-52.64,-1115.16,-10106.98,542.29,8637.46,-2242.22,80.98,1703.68,-2161.23,-457.55
631,542.88,1325.43,1718.65,147.73,83.73,-60.65,-1140.7,-10007.58,541.46,8542.83,-2289.6,79.65,1693.77,-2209.94,-516.18
641,579.86,1337.02,1712.7,149.23,85.56,-59.44,-1119.47,-10085.78,550.6,8596.14,-2238.82,78.71,1746.41,-2160.11,-413.7
651,577.32,1278.04,1733.75,151.82,90.42,-70.93,-1111.85,-10049.65,553.96,8518.91,-2242.84,79.28,1671.79,-2163.56,-491.77
661,517.42,1326.31,1709.57,147.61,83.03,-48.72,-1069.97,-10146.79,566.88,8582.2,-2202.7,79.58,1667.54,-2123.11,-455.57
671,566.42,1314.12,1711.51,156.37,75.82,-46.8,-1101.72,-10110.55,554.03,8606.51,-2243.75,80.12,1725.71,-2163.63,-437.92
681,528.33,1323.29,1727.97,158.58,100.32,-69.12,-1105.77,-10054.19,561.5,8567.82,-2259.72,79.25,1738.74,-2180.47,-441.73
691,572.51,1298.27,1733.37,152.84,88.49,-65.81,-1134.99,-10095.87,552.82,8593.06,-2246.47,78.73,1694.7,-2167.75,-473.04
701,586.71,1337.8,1729.4,158.17,91.68,-67.77,-1104.68,-10019.3,570.9,8540.63,-2292.4,79.45,1823.55,-2212.95,-389.41
711,549.4,1327.48,1730.22,153.42,73.42,-56.03,-1110.16,-10112.49,558.01,8634.89,-2251.92,80.11,1748.15,-2171.81,-423.66
721,557.58,1346.15,1714.04,153.37,83.47,-66.51,-1098.19,-10037.58,554.34,8581.07,-2278.52,80.0,1787.74,-2198.52,-410.78
731,554.29,1339.24,1715.56,156.41,76.42,-47.3,-1089.05,-10162.76,566.57,8624.9,-2225.47,80.75,1734.28,-2144.72,-410.44
741,573.22,1316.72,1746.51,150.12,88.47,-57.44,-1103.02,-10143.29,554.62,8605.87,-2235.3,79.15,1731.8,-2156.14,-424.34
751,581.35,1339.89,1722.94,143.09,86.59,-65.61,-1114.09,-10126.5,559.06,8636.96,-2241.99,78.77,1763.66,-2163.22,-399.56
761,531.67,1337.21,1726.15,164.22,92.81,-57.99,-1111.97,-10074.81,558.55,8644.1,-2295.81,80.26,1809.93,-2215.55,-405.62
771,564.36,1342.77,1693.55,152.39,94.87,-52.67,-1111.63,-9995.24,548.54,8552.78,-2290.63,80.87,1789.73,-2209.76,-420.03
781,540.78,1339.12,1736.87,157.3,87.07,-62.73,-1111.7,-10069.03,546.06,8581.9,-2243.71,79.89,1745.65,-2163.82,-418.16
791,538.24,1279.4,1730.05,151.21,76.48,-55.13,-1100.48,-10130.87,583.18,8636.6,-2223.62,79.73,1708.69,-2143.89,-435.2
801,568.45,1346.14,1749.49,156.36,91.43,-66.47,-1122.18,-10060.75,538.77,8612.87,-2276.4,79.71,1814.1,-2196.69,-382.59
811,523.82,1333.32,1737.2,147.6,83.49,-53.16,-1112.3,-10069.32,558.43,8604.74,-2231.77,79.58,1753.82,-2152.19,-398.37
821,549.0,1296.65,1715.14,150.88,86.14,-54.1,-1124.49,-10112.55,564.6,8622.48,-2215.52,79.74,1693.76,-2135.78,-442.02
831,553.74,1310.06,1739.39,153.31,106.12,-50.01,-1118.35,-10156.91,567.04,8617.62,-2190.85,79.41,1722.01,-2111.44,-389.43
841,554.57,1316.71,1728.37,148.86,74.32,-66.96,-1097.68,-10094.92,553.47,8621.75,-2241.05,80.79,1738.49,-2160.26,-421.77
851,572.49,1322.79,1730.26,146.96,81.98,-61.81,-1123.24,-10056.58,549.19,8602.54,-2269.65,80.5,1764.57,-2189.15,-424.57
861,548.42,1339.11,1751.36,157.12,89.75,-67.05,-1090.92,-10003.91,568.42,8620.7,-2323.57,82.34,1912.99,-2241.22,-328.24
871,548.62,1339.67,1708.91,146.24,87.37,-64.07,-1103.81,-10074.94,544.81,8624.73,-2271.78,81.85,1757.53,-2189.93,-432.4
881,580.42,1310.02,1731.15,149.26,83.2,-62.13,-1113.64,-10092.15,549.62,8649.43,-2292.05,81.37,1785.19,-2210.69,-425.49
891,559.27,1338.88,1731.7,153.71,73.87,-71.99,-1105.57,-10027.24,539.24,8553.7,-2288.81,81.35,1745.58,-2207.45,-461.87
901,571.26,1295.44,1722.4,158.64,86.12,-63.25,-1073.77,-10101.11,564.43,8663.45,-2302.33,82.72,1823.62,-2219.61,-396.0
911,565.7,1318.27,1707.96,145.16,83.5,-56.02,-1119.13,-10010.25,570.22,8616.02,-2313.02,80.35,1821.44,-2232.67,-411.23
921,565.03,1264.67,1716.43,155.33,88.64,-66.72,-1106.11,-10173.87,561.59,8666.26,-2209.57,80.19,1671.24,-2129.38,-458.14
931,528.52,1313.53,1716.62,146.03,73.54,-65.61,-1109.51,-10070.6,576.96,8607.35,-2267.64,80.19,1716.83,-2187.45,-470.62
941,526.13,1291.45,1729.13,151.98,82.51,-75.28,-1114.85,-10080.68,550.36,8619.0,-2277.57,82.03,1679.75,-2195.55,-515.8
951,568.58,1344.47,1751.77,154.45,78.97,-63.83,-1105.69,-10098.34,558.79,8610.97,-2257.56,79.75,1800.14,-2177.81,-377.67
961,586.36,1305.32,1753.58,148.27,89.01,-67.97,-1113.87,-10059.17,556.62,8559.67,-2241.26,81.03,1757.82,-2160.24,-402.41
971,566.76,1354.68,1742.44,158.6,83.14,-59.25,-1104.61,-10109.54,578.79,8527.39,-2196.0,81.08,1738.41,-2114.92,-376.51
981,535.63,1364.6,1717.34,150.72,84.36,-64.15,-1108.37,-10033.76,556.11,8586.0,-2292.23,81.43,1788.48,-2210.8,-422.32
991,525.28,1294.96,1711.0,148.42,86.57,-56.09,-1089.04,-10189.94,568.53,8646.23,-2201.37,81.48,1645.91,-2119.89,-473.98
1001,520.1,1323.31,1706.96,152.36,85.15,-58.31,-1096.52,-10152.04,540.06,8607.62,-2206.19,80.87,1628.67,-2125.32,-496.65
1011,532.83,1301.97,1748.5,144.5,79.64,-62.31,-1106.93,-10128.26,561.93,8638.33,-2238.85,80.9,1710.2,-2157.95,-447.75
1021,576.8,1333.25,1737.33,154.19,89.43,-66.1,-1101.54,-10202.18,537.38,8617.02,-2195.39,80.97,1675.58,-2114.42,-438.84
1031,566.72,1322.95,1733.34,147.0,98.54,-65.89,-1100.77,-10177.48,536.81,8625.78,-2206.31,81.04,1687.0,-2125.26,-438.27
1041,550.83,1353.79,1733.03,158.51,86.0,-71.37,-1111.53,-10097.91,560.5,8627.62,-2266.72,81.03,1789.48,-2185.69,-396.21
1051,554.16,1345.56,1728.09,157.83,78.69,-69.85,-1108.39,-10037.8,542.48,8596.27,-2270.65,80.12,1787.02,-2190.53,-403.51
1061,550.63,1339.47,1720.29,149.55,84.07,-63.89,-1098.0,-10116.08,541.13,8617.94,-2239.3,81.48,1725.1,-2157.82,-432.72
1071,539.29,1320.28,1728.15,152.91,84.16,-75.66,-1091.01,-10032.44,550.41,8619.17,-2310.21,83.64,1795.25,-2226.58,-431.33
1081,558.2,1364.81,1741.61,152.95,83.06,-76.31,-1109.31,-10040.61,537.84,8575.1,-2278.04,81.78,1787.34,-2196.26,-408.92
1091,558.14,1295.84,1721.72,155.46,83.23,-71.39,-1130.02,-10074.12,553.57,8621.33,-2237.48,80.48,1713.77,-2156.99,-443.23
1101,578.28,1338.07,1725.89,152.43,90.5,-71.3,-1105.26,-10043.12,548.01,8612.02,-2259.41,79.96,1825.52,-2179.45,-353.93
1111,559.15,1331.56,1734.48,157.89,94.61,-55.02,-1123.46,-10042.1,543.72,8632.23,-2309.33,79.84,1833.06,-2229.49,-396.43
1121,596.76,1299.2,1741.7,155.56,75.8,-54.99,-1120.2,-10056.02,546.76,8605.46,-2288.28,81.18,1790.04,-2207.11,-417.07
1131,554.59,1353.27,1740.1,164.75,83.85,-74.18,-1098.76,-9990.66,554.93,8601.35,-2314.04,80.58,1889.24,-2233.46,-344.22
1141,568.81,1339.15,1734.64,155.91,89.2,-60.24,-1109.62,-10036.16,542.67,8580.62,-2278.05,81.74,1804.98,-2196.3,-391.32
1151,557.61,1318.22,1720.47,154.2,90.02,-74.15,-1118.01,-10011.47,545.44,8565.23,-2310.23,80.81,1747.55,-2229.41,-481.86
1161,566.28,1313.83,1718.12,155.65,80.8,-66.07,-1130.5,-9978.8,539.46,8584.91,-2327.59,81.98,1783.68,-2245.61,-461.94
1171,569.96,1327.74,1748.48,152.81,91.34,-65.64,-1109.76,-10085.88,551.79,8607.97,-2266.44,81.38,1788.81,-2185.07,-396.26
1181,577.39,1300.9,1728.56,157.33,78.74,-67.78,-1122.03,-10075.9,550.71,8625.76,-2270.56,79.95,1753.68,-2190.61,-436.93
1191,566.99,1286.35,1726.34,158.1,83.33,-56.68,-1107.5,-10084.49,562.85,8613.51,-2247.74,80.71,1748.81,-2167.02,-418.21
1201,545.37,1291.4,1730.12,155.21,96.33,-66.95,-1101.8,-10138.89,574.89,8675.98,-2228.71,82.72,1761.66,-2145.99,-384.33
1211,555.2,1275.98,1739.25,159.67,84.65,-52.86,-1109.0,-10131.07,564.43,8641.25,-2234.33,80.86,1727.51,-2153.47,-425.96
1221,534.72,1383.42,1716.65,149.34,92.22,-38.51,-1131.83,-10042.57,551.67,8596.35,-2298.36,81.99,1811.46,-2216.36,-404.9
1231,569.56,1302.32,1760.04,147.8,88.04,-62.63,-1129.88,-10019.97,546.47,8590.7,-2270.66,80.49,1792.43,-2190.17,-397.74
1241,548.73,1308.21,1724.54,150.8,80.83,-71.16,-1104.12,-10118.21,552.9,8647.37,-2227.42,80.8,1719.88,-2146.62,-426.74
1251,568.92,1338.33,1732.6,163.36,82.91,-51.98,-1118.87,-10145.57,554.1,8649.74,-2243.2,79.52,1773.54,-2163.67,-390.14
1261,548.93,1329.51,1738.65,159.85,89.86,-61.82,-1125.87,-10138.07,551.35,8657.83,-2224.18,79.2,1750.22,-2144.99,-394.77
1271,532.4,1278.09,1740.3,153.17,81.82,-68.63,-1111.53,-10072.58,559.29,8643.65,-2283.93,81.1,1735.98,-2202.83,-466.85
1281,558.05,1298.08,1735.02,139.23,76.07,-54.17,-1098.33,-10030.54,555.54,8567.17,-2264.18,81.36,1746.11,-2182.82,-436.71
1291,529.3,1258.25,1734.91,151.78,79.41,-56.62,-1081.43,-10085.19,558.65,8625.82,-2232.83,80.78,1714.88,-2152.05,-437.17
1301,545.67,1355.36,1746.71,149.87,88.08,-70.48,-1098.04,-10051.64,564.19,8598.46,-2261.9,80.47,1828.18,-2181.43,-353.25
1311,569.75,1330.69,1721.47,142.06,79.03,-64.02,-1108.66,-10062.17,564.12,8583.43,-2252.63,80.22,1755.71,-2172.41,-416.7
1321,519.94,1355.46,1744.77,153.46,78.62,-65.78,-1116.52,-10085.26,547.55,8643.54,-2268.92,79.71,1775.77,-2189.2,-413.43
1331,555.21,1306.2,1724.58,155.08,78.37,-47.24,-1124.97,-9971.37,545.87,8595.75,-2330.52,80.09,1817.48,-2250.42,-432.95
1341,586.21,1324.26,1697.28,154.06,71.52,-62.56,-1098.75,-10094.86,552.51,8609.32,-2251.93,81.73,1738.97,-2170.2,-431.23
1351,538.28,1259.81,1720.56,147.07,91.24,-69.53,-1105.78,-10013.39,575.96,8640.5,-2315.87,81.64,1784.73,-2234.23,-449.51
1361,551.19,1364.01,1739.99,160.1,93.78,-56.34,-1109.09,-10057.95,569.34,8561.51,-2254.91,80.28,1816.55,-2174.63,-358.08
1371,563.04,1295.36,1737.39,155.64,90.62,-57.04,-1105.61,-10045.84,568.98,8636.5,-2292.59,80.21,1839.04,-2212.38,-373.34
1381,562.96,1329.97,1728.12,151.9,76.52,-57.85,-1127.04,-10024.26,541.14,8602.86,-2291.51,81.5,1784.32,-2210.02,-425.7
1391,599.61,1343.66,1736.85,152.99,82.09,-58.17,-1118.26,-10130.51,535.17,8669.4,-2265.09,80.43,1812.82,-2184.66,-371.84
1401,530.46,1256.34,1721.44,151.98,74.68,-66.12,-1137.47,-10136.0,558.63,8721.25,-2267.12,80.85,1675.2,-2186.27,-511.07
1411,567.41,1265.98,1735.17,142.66,85.8,-70.3,-1103.41,-10127.43,568.52,8666.78,-2250.43,79.82,1731.17,-2170.6,-439.43
1421,518.63,1279.45,1738.87,145.18,72.6,-38.47,-1114.16,-10162.14,549.3,8652.74,-2236.16,79.46,1641.99,-2156.7,-514.71
1431,582.08,1372.24,1743.91,159.96,94.31,-63.74,-1123.63,-10096.81,540.37,8618.48,-2258.52,80.14,1827.16,-2178.38,-351.22
1441,582.93,1285.91,1730.02,152.93,84.64,-57.84,-1130.86,-10051.97,563.49,8698.0,-2322.79,81.06,1857.26,-2241.73,-384.47
1451,544.32,1292.07,1754.03,153.5,91.72,-61.51,-1140.5,-10129.44,556.46,8697.65,-2255.19,79.13,1758.31,-2176.06,-417.75
1461,556.42,1336.45,1729.73,151.7,89.15,-56.14,-1104.67,-10081.82,564.3,8628.86,-2261.95,80.39,1813.97,-2181.56,-367.59
1471,585.86,1337.02,1711.61,148.79,83.71,-65.79,-1093.25,-10008.76,541.53,8617.19,-2300.48,80.4,1857.92,-2220.08,-362.16
1481,559.64,1295.37,1739.41,149.81,78.39,-68.86,-1108.44,-10081.21,559.94,8677.49,-2295.72,80.46,1801.52,-2215.26,-413.74
1491,564.85,1363.17,1736.48,159.11,88.55,-77.64,-1115.2,-10031.51,548.43,8640.0,-2323.31,79.83,1876.23,-2243.47,-367.24
1501,569.64,1321.7,1742.19,150.65,87.64,-66.19,-1142.23,-10024.38,550.69,8641.32,-2315.79,78.52,1831.03,-2237.27,-406.24
1511,534.53,1297.27,1746.86,152.03,90.51,-66.69,-1104.63,-10126.26,572.82,8682.77,-2277.2,79.8,1779.22,-2197.4,-418.18
1521,551.91,1342.71,1723.37,155.51,85.1,-61.53,-1137.72,-10108.88,547.34,8638.92,-2263.21,78.52,1736.73,-2184.69,-447.96
1531,575.12,1299.54,1719.05,152.73,90.3,-67.73,-1119.06,-10132.01,565.08,8673.42,-2257.31,79.27,1756.44,-2178.04,-421.6
1541,550.42,1290.1,1742.76,147.16,89.31,-65.91,-1129.33,-10087.2,541.0,8672.62,-2278.79,79.14,1750.95,-2199.65,-448.7
1551,562.69,1311.56,1738.88,155.09,85.8,-59.27,-1105.36,-10052.9,577.17,8587.52,-2291.99,80.09,1801.18,-2211.9,-410.72
1561,554.96,1316.21,1747.03,152.43,85.26,-75.01,-1129.08,-10131.66,555.15,8645.42,-2245.97,79.71,1720.72,-2166.25,-445.54
1571,552.75,1307.63,1726.21,154.19,76.2,-68.03,-1111.44,-10208.58,561.9,8648.05,-2176.14,78.47,1638.88,-2097.67,-458.79
1581,553.59,1325.48,1731.14,151.03,81.81,-57.13,-1146.71,-10152.05,567.53,8720.57,-2253.46,80.23,1775.27,-2173.23,-397.96
1591,537.92,1278.93,1752.73,139.76,99.29,-70.53,-1123.28,-10125.12,557.85,8707.44,-2287.15,81.33,1755.0,-2205.83,-450.82
1601,558.32,1302.27,1713.97,158.03,84.5,-59.2,-1131.8,-10064.57,544.57,8692.68,-2336.3,79.88,1798.77,-2256.42,-457.65
1611,568.9,1378.36,1709.84,151.83,73.15,-58.78,-1132.58,-10074.66,544.43,8658.1,-2276.14,79.98,1818.59,-2196.15,-377.56
1621,553.95,1295.8,1715.02,155.38,88.44,-60.42,-1116.89,-10111.74,566.59,8679.79,-2263.18,79.83,1765.91,-2183.35,-417.44
1631,576.37,1318.8,1722.53,148.49,83.07,-60.29,-1093.31,-10073.83,548.66,8682.59,-2331.36,81.75,1853.1,-2249.61,-396.52
1641,565.74,1361.72,1720.82,149.54,88.46,-60.24,-1127.31,-10035.18,570.44,8621.05,-2309.76,80.15,1855.05,-2229.61,-374.56
1651,556.01,1361.02,1736.19,154.05,99.54,-65.64,-1123.04,-10048.03,540.71,8637.05,-2320.26,81.33,1847.86,-2238.93,-391.07
1661,616.5,1338.09,1719.56,160.48,76.91,-73.24,-1128.9,-9975.66,528.02,8577.52,-2340.97,81.55,1839.29,-2259.42,-420.13
1671,560.88,1329.9,1729.57,150.34,82.95,-60.18,-1095.41,-10141.18,575.48,8660.8,-2240.12,80.82,1793.16,-2159.3,-366.15
1681,539.98,1302.52,1712.63,150.73,90.37,-61.73,-1119.94,-10065.28,550.81,8629.77,-2293.95,79.9,1729.85,-2214.05,-484.2
1691,570.28,1297.8,1732.94,152.29,80.02,-79.71,-1133.71,-10033.22,572.4,8623.19,-2314.54,80.27,1782.27,-2234.27,-452.0
1701,590.72,1295.03,1733.92,150.42,82.25,-65.85,-1124.35,-10044.37,564.41,8626.65,-2300.35,79.85,1808.83,-2220.49,-411.66
1711,568.37,1359.2,1710.79,160.79,93.99,-76.15,-1125.38,-10063.29,556.0,8635.34,-2265.95,79.25,1819.65,-2186.7,-367.05
1721,536.89,1305.1,1754.16,158.71,94.6,-70.97,-1103.69,-10079.4,552.62,8664.34,-2302.94,81.03,1812.35,-2221.91,-409.57
1731,580.01,1323.3,1742.37,163.85,84.6,-63.36,-1120.05,-10067.53,557.34,8674.27,-2300.73,79.55,1874.8,-2221.18,-346.38
1741,571.61,1285.67,1728.65,139.43,81.09,-60.91,-1110.82,-10036.62,557.03,8604.13,-2298.57,80.2,1759.26,-2218.36,-459.1
1751,559.36,1328.31,1756.44,151.34,91.96,-76.02,-1104.25,-10034.73,569.27,8643.87,-2308.72,81.54,1885.55,-2227.18,-341.63
1761,565.44,1292.12,1750.99,152.28,86.49,-53.44,-1127.39,-10062.68,542.77,8632.53,-2283.08,81.42,1779.11,-2201.66,-422.54
1771,570.3,1289.19,1720.56,147.11,83.24,-50.27,-1105.28,-10195.78,563.66,8662.56,-2200.87,79.8,1685.29,-2121.06,-435.78
1781,549.62,1339.12,1736.17,151.62,91.44,-64.83,-1125.64,-10039.18,558.5,8613.7,-2291.96,79.0,1810.51,-2212.97,-402.46
1791,551.16,1319.01,1713.93,138.54,83.99,-67.27,-1145.72,-10104.64,544.88,8634.4,-2253.49,80.35,1668.28,-2173.14,-504.86
1801,571.49,1328.35,1744.61,163.61,79.1,-70.32,-1112.97,-10060.18,532.28,8621.48,-2287.22,81.18,1797.46,-2206.04,-408.58
1811,571.06,1321.49,1770.53,148.68,97.94,-60.84,-1111.46,-10237.44,546.36,8723.51,-2206.46,79.06,1769.83,-2127.4,-357.57
1821,545.73,1340.11,1725.12,142.96,87.91,-68.65,-1117.17,-10111.8,544.67,8623.84,-2239.81,79.81,1712.74,-2160.0,-447.26
1831,573.18,1306.99,1748.6,151.61,82.38,-62.04,-1126.33,-10108.76,534.99,8665.48,-2266.32,79.79,1766.09,-2186.53,-420.44
1841,576.45,1310.6,1733.18,154.06,88.25,-71.0,-1126.53,-10063.36,546.38,8691.02,-2348.95,81.36,1839.06,-2267.59,-428.52
1851,601.33,1326.78,1754.14,157.12,86.42,-60.34,-1133.54,-10062.12,542.12,8662.89,-2326.57,80.15,1874.81,-2246.42,-371.6
1861,565.72,1353.87,1735.86,153.88,89.25,-70.5,-1134.69,-10071.52,567.22,8605.73,-2267.13,79.56,1794.82,-2187.56,-392.74
1871,562.44,1336.5,1737.01,148.75,79.42,-65.86,-1117.89,-10156.0,568.59,8645.61,-2228.11,79.03,1738.57,-2149.08,-410.51
1881,555.68,1314.83,1760.74,150.58,83.87,-65.46,-1138.51,-10177.72,567.71,8725.07,-2259.62,79.62,1776.8,-2180.0,-403.2
1891,555.07,1297.43,1726.89,144.73,77.7,-61.76,-1143.42,-10111.05,561.99,8714.98,-2288.11,80.3,1762.56,-2207.82,-445.26
1901,593.22,1359.5,1719.8,162.9,79.09,-62.82,-1106.58,-10091.68,547.07,8573.97,-2258.73,81.36,1774.47,-2177.37,-402.9
1911,560.54,1288.71,1705.07,156.76,84.0,-58.96,-1129.35,-10078.29,559.64,8710.95,-2308.31,80.71,1799.08,-2227.6,-428.52
1921,553.32,1315.81,1712.1,150.44,82.59,-64.7,-1130.02,-10205.26,560.71,8674.04,-2225.37,79.64,1649.03,-2145.74,-496.7
1931,531.35,1333.49,1737.56,160.23,82.12,-60.98,-1113.65,-10157.74,577.52,8662.21,-2224.83,78.59,1752.11,-2146.24,-394.13
1941,556.84,1330.04,1727.65,155.71,90.29,-62.74,-1116.04,-10115.33,553.11,8639.8,-2268.74,79.51,1759.33,-2189.23,-429.9
1951,543.73,1336.37,1732.42,161.08,83.24,-65.13,-1119.47,-10073.2,582.75,8646.12,-2295.06,79.38,1827.92,-2215.68,-387.76
1961,549.48,1332.83,1711.41,146.25,86.58,-67.53,-1127.77,-10096.09,550.29,8622.78,-2244.38,78.01,1708.24,-2166.37,-458.13
1971,549.18,1282.25,1734.53,148.36,89.49,-66.64,-1096.01,-10092.99,555.03,8673.04,-2310.14,80.99,1776.23,-2229.15,-452.92
1981,519.06,1318.24,1742.89,154.21,87.12,-62.77,-1110.88,-10152.28,571.48,8656.69,-2257.2,80.63,1723.75,-2176.56,-452.81
1991,584.7,1364.39,1704.12,160.51,81.45,-66.2,-1106.06,-10172.22,559.5,8671.17,-2222.85,80.29,1781.36,-2142.56,-361.21
2001,552.0,1333.3,1723.74,153.13,92.11,-64.9,-1096.22,-10179.38,553.98,8720.94,-2278.43,81.65,1788.69,-2196.78,-408.09
2011,567.29,1303.22,1751.68,151.41,92.7,-61.4,-1148.02,-10067.76,553.66,8626.9,-2276.26,80.26,1769.68,-2196.0,-426.32
2021,550.16,1326.67,1769.6,153.32,93.47,-61.54,-1135.41,-10182.09,562.53,8723.46,-2250.69,79.98,1800.18,-2170.7,-370.53
2031,575.08,1310.54,1748.42,153.1,88.48,-69.92,-1154.34,-10108.08,548.75,8639.72,-2250.86,78.46,1731.73,-2172.4,-440.67
2041,587.61,1353.56,1717.9,158.56,77.27,-67.86,-1138.99,-10165.75,561.05,8730.95,-2271.17,79.47,1814.32,-2191.7,-377.38
2051,575.34,1316.92,1751.28,157.77,89.67,-61.72,-1131.15,-10145.27,568.81,8650.04,-2226.6,80.76,1771.67,-2145.85,-374.17
2061,577.28,1312.62,1721.74,160.86,88.62,-53.82,-1138.23,-10082.36,563.09,8708.17,-2323.61,78.73,1857.96,-2244.88,-386.92
2071,557.68,1327.14,1701.72,153.01,87.48,-59.36,-1112.15,-10146.99,561.38,8670.59,-2268.24,79.11,1740.49,-2189.13,-448.63
2081,590.56,1344.46,1732.75,153.36,103.81,-62.08,-1131.39,-10188.46,543.43,8689.59,-2240.02,78.63,1776.02,-2161.39,-385.37
2091,537.58,1291.71,1752.2,149.75,76.26,-60.01,-1133.28,-10179.45,549.18,8689.42,-2240.99,80.26,1673.36,-2160.73,-487.37
2101,591.44,1301.07,1721.88,153.17,82.34,-58.52,-1142.09,-10127.04,543.8,8690.61,-2287.06,80.2,1756.65,-2206.86,-450.21
2111,570.71,1291.26,1738.27,157.01,94.85,-64.2,-1111.61,-10140.71,568.09,8704.53,-2292.62,79.15,1808.2,-2213.48,-405.28
2121,570.42,1329.61,1731.25,147.3,88.53,-51.43,-1115.97,-10134.21,553.52,8663.77,-2275.36,79.77,1782.78,-2195.59,-412.81
2131,540.1,1308.79,1740.8,143.82,75.83,-61.02,-1094.75,-10213.66,554.59,8696.05,-2232.58,79.82,1690.55,-2152.76,-462.21
2141,554.19,1312.06,1719.65,152.58,97.61,-72.16,-1107.94,-10093.52,568.51,8645.72,-2291.07,81.07,1776.7,-2210.0,-433.3
2151,562.27,1313.18,1727.71,156.33,87.06,-65.21,-1137.8,-10060.13,553.0,8683.22,-2320.52,79.76,1819.64,-2240.76,-421.12
2161,587.2,1337.21,1750.05,154.16,81.83,-65.55,-1136.77,-9997.33,573.02,8647.73,-2347.88,79.66,1931.56,-2268.22,-336.67
2171,573.69,1281.92,1732.05,149.38,78.48,-45.07,-1137.06,-10074.87,562.35,8619.35,-2265.21,80.62,1740.23,-2184.59,-444.36
2181,569.64,1349.83,1722.1,158.65,86.48,-69.29,-1115.98,-10075.76,554.09,8637.94,-2296.07,79.98,1817.7,-2216.08,-398.39
2191,558.73,1343.69,1744.23,157.18,98.33,-72.77,-1103.08,-10131.99,560.64,8644.44,-2254.23,79.97,1799.4,-2174.26,-374.87
2201,537.75,1337.19,1734.54,149.73,90.73,-66.69,-1119.88,-10038.28,562.99,8583.36,-2286.66,81.27,1771.43,-2205.39,-433.96
2211,553.99,1328.7,1768.37,151.91,89.6,-66.46,-1117.14,-10102.67,568.9,8654.32,-2297.71,80.43,1829.53,-2217.28,-387.75
2221,581.83,1287.76,1755.64,151.79,94.14,-65.6,-1091.55,-10059.19,550.67,8595.84,-2305.45,79.35,1801.34,-2226.11,-424.77
2231,559.25,1324.86,1735.58,152.8,78.75,-71.26,-1143.04,-10033.59,562.57,8635.43,-2310.67,79.98,1801.35,-2230.69,-429.33
2241,552.2,1329.57,1745.97,152.39,79.56,-62.67,-1131.84,-10116.29,564.65,8661.68,-2271.69,79.44,1775.22,-2192.25,-417.04
2251,567.65,1319.29,1726.33,148.75,86.98,-54.25,-1121.98,-10042.87,561.46,8613.15,-2291.44,79.24,1804.53,-2212.2,-407.67
2261,573.19,1317.93,1743.34,155.21,87.25,-54.57,-1115.9,-10040.65,557.59,8650.55,-2336.35,80.5,1873.94,-2255.86,-381.92
2271,548.99,1340.11,1727.84,158.03,85.51,-66.8,-1113.82,-10108.9,564.02,8664.49,-2270.41,79.77,1799.45,-2190.63,-391.18
2281,537.92,1250.8,1730.47,145.63,77.28,-64.51,-1133.28,-10074.43,561.09,8674.69,-2297.94,78.82,1705.67,-2219.12,-513.45
2291,588.18,1349.35,1732.51,157.04,78.2,-78.56,-1142.11,-10094.75,553.09,8597.81,-2226.04,78.69,1740.75,-2147.34,-406.59
2301,568.57,1269.05,1726.71,144.38,89.51,-65.66,-1135.7,-10041.8,555.66,8625.55,-2304.1,79.79,1736.28,-2224.32,-488.03
2311,546.11,1315.64,1725.67,161.4,88.49,-66.91,-1106.46,-10101.36,567.82,8636.16,-2284.09,80.53,1766.57,-2203.55,-436.98
2321,522.35,1339.61,1716.82,153.7,85.11,-55.88,-1125.08,-10157.57,562.17,8684.96,-2268.87,79.01,1726.19,-2189.86,-463.67
2331,576.98,1328.46,1703.67,160.79,81.41,-67.61,-1124.47,-10090.18,552.95,8619.17,-2260.39,79.13,1741.17,-2181.26,-440.1
2341,584.75,1280.69,1720.21,154.43,74.91,-63.45,-1130.56,-10060.24,551.72,8612.17,-2291.4,80.29,1724.64,-2211.11,-486.47
2351,577.07,1264.88,1746.39,149.07,83.37,-56.32,-1114.63,-10008.32,560.23,8592.63,-2308.21,80.51,1794.37,-2227.7,-433.33
2361,524.78,1312.99,1720.95,150.45,79.27,-65.82,-1109.32,-10103.91,581.17,8656.21,-2294.46,79.54,1746.76,-2214.92,-468.16
2371,558.11,1316.23,1721.59,149.01,93.17,-68.34,-1131.33,-10095.59,565.66,8630.98,-2276.36,80.21,1739.48,-2196.15,-456.67
2381,589.07,1271.88,1712.27,147.5,84.06,-71.16,-1122.63,-10110.6,553.77,8641.1,-2229.33,79.48,1695.26,-2149.85,-454.58
2391,552.1,1357.78,1738.36,144.14,82.9,-57.76,-1090.3,-10148.29,558.82,8643.2,-2256.75,80.41,1780.94,-2176.34,-395.4
2401,565.83,1304.67,1727.6,148.9,72.45,-59.92,-1082.14,-10111.98,566.39,8621.74,-2280.32,78.63,1753.54,-2201.69,-448.15
2411,555.52,1344.18,1732.17,160.28,75.17,-65.13,-1120.18,-10080.19,563.53,8624.14,-2286.77,78.72,1789.49,-2208.05,-418.56
2421,560.35,1276.59,1730.41,151.0,68.54,-69.47,-1115.22,-10144.68,545.24,8687.67,-2290.4,81.67,1690.45,-2208.73,-518.27
2431,534.54,1385.21,1746.14,153.33,86.88,-68.48,-1119.58,-10091.01,555.61,8645.35,-2298.04,80.04,1827.98,-2218.0,-390.02
2441,546.37,1351.85,1709.31,152.75,83.07,-63.2,-1123.95,-10063.09,548.89,8684.68,-2329.23,78.92,1826.66,-2250.3,-423.64
2451,530.0,1381.01,1721.97,153.86,81.64,-61.22,-1118.25,-10055.86,555.96,8599.17,-2294.6,78.38,1788.3,-2216.22,-427.93
2461,579.46,1344.45,1780.53,149.63,78.75,-72.68,-1134.71,-10023.89,565.67,8532.04,-2272.23,79.2,1799.24,-2193.04,-393.79
2471,567.4,1338.91,1718.25,149.03,89.49,-81.1,-1137.11,-10067.28,545.42,8638.89,-2287.66,79.55,1761.89,-2208.11,-446.22
2481,611.8,1329.25,1725.53,167.65,86.82,-58.16,-1125.27,-10038.91,546.46,8579.52,-2288.16,78.82,1824.69,-2209.33,-384.64
2491,566.19,1314.69,1714.63,158.67,77.32,-63.37,-1112.62,-10082.12,566.22,8658.21,-2285.55,79.87,1797.83,-2205.67,-407.84
2501,594.85,1297.07,1726.4,150.81,76.99,-53.98,-1127.66,-10165.45,558.41,8703.78,-2249.99,81.04,1761.22,-2168.95,-407.73
2511,531.33,1309.76,1739.3,144.25,81.46,-66.84,-1125.09,-10141.62,559.94,8653.99,-2233.29,78.91,1686.5,-2154.38,-467.88
2521,545.3,1321.38,1713.14,152.8,96.56,-54.46,-1106.95,-10128.37,571.27,8665.38,-2268.33,80.95,1776.04,-2187.38,-411.33
2531,511.05,1253.06,1720.67,139.68,87.31,-56.01,-1103.21,-10146.26,559.7,8726.95,-2287.33,81.26,1692.94,-2206.07,-513.13
2541,529.78,1326.53,1732.8,144.79,90.59,-58.55,-1102.33,-10151.05,555.77,8685.03,-2285.55,81.31,1753.36,-2204.25,-450.88
2551,571.77,1262.96,1748.11,143.6,85.15,-63.6,-1126.33,-10172.22,553.49,8729.76,-2253.13,79.43,1732.7,-2173.69,-441.0
2561,587.53,1331.49,1748.93,163.27,83.47,-59.31,-1132.43,-10103.12,548.06,8634.73,-2267.68,79.23,1802.63,-2188.44,-385.82
2571,577.02,1308.49,1704.18,158.87,86.74,-59.95,-1125.37,-10130.53,561.65,8625.93,-2234.22,78.7,1707.03,-2155.52,-448.49
2581,572.1,1292.33,1748.84,145.41,88.3,-64.12,-1130.13,-10110.42,553.21,8649.95,-2269.6,79.73,1745.47,-2189.87,-444.4
2591,527.8,1323.87,1705.44,141.05,87.87,-62.83,-1122.19,-10097.55,554.64,8639.66,-2287.57,81.09,1697.76,-2206.49,-508.73
2601,566.45,1369.27,1730.71,151.94,84.26,-60.14,-1125.59,-10066.71,576.63,8643.38,-2303.99,79.79,1870.22,-2224.2,-353.99
2611,513.75,1360.15,1717.14,153.97,81.66,-50.87,-1132.55,-10115.78,561.9,8633.58,-2237.06,79.45,1722.94,-2157.62,-434.68
2621,543.17,1311.56,1733.27,146.82,92.89,-73.08,-1115.96,-10114.09,559.89,8678.07,-2276.88,79.42,1762.55,-2197.45,-434.9
2631,535.08,1326.05,1735.06,165.44,76.74,-54.05,-1126.0,-10104.5,559.48,8621.43,-2272.19,81.38,1734.73,-2190.81,-456.08
2641,556.01,1311.04,1716.81,148.65,87.18,-60.82,-1123.89,-10036.35,558.11,8596.61,-2280.43,80.09,1753.35,-2200.33,-446.99
2651,588.26,1347.46,1704.12,158.36,84.91,-63.53,-1124.88,-10060.57,551.04,8624.39,-2292.7,80.21,1809.56,-2212.5,-402.93
2661,545.26,1339.5,1732.54,151.36,89.9,-61.83,-1109.37,-10032.72,572.38,8622.46,-2305.84,80.49,1849.48,-2225.35,-375.87
2671,545.99,1322.4,1737.95,143.39,91.39,-67.27,-1114.1,-10008.46,568.01,8557.22,-2290.67,80.07,1776.52,-2210.6,-434.08
2681,538.36,1295.33,1745.3,151.11,88.95,-55.67,-1134.65,-10118.52,555.95,8661.17,-2248.06,78.77,1727.33,-2169.29,-441.96
2691,530.36,1320.27,1727.74,145.46,82.29,-55.44,-1122.81,-10055.52,568.19,8625.07,-2297.23,80.01,1765.59,-2217.22,-451.63
2701,536.69,1343.79,1735.25,161.09,86.23,-48.72,-1125.27,-9983.77,560.51,8599.16,-2353.41,78.51,1864.96,-2274.9,-409.94
2711,555.79,1274.42,1723.58,145.36,83.07,-69.86,-1120.21,-10120.2,557.53,8672.16,-2269.1,79.15,1701.64,-2189.95,-488.31
2721,572.92,1299.55,1733.54,150.75,85.47,-70.06,-1117.91,-10119.15,549.04,8626.27,-2247.83,79.48,1710.43,-2168.35,-457.92
2731,544.48,1318.77,1738.8,145.09,90.07,-57.85,-1130.84,-10053.33,557.79,8635.74,-2300.39,79.58,1788.72,-2220.81,-432.09
2741,589.86,1320.95,1717.33,151.37,80.31,-54.51,-1113.58,-10035.21,550.0,8583.68,-2294.66,79.27,1790.19,-2215.39,-425.19
2751,599.11,1298.05,1748.27,149.6,87.76,-70.95,-1125.74,-10129.23,531.13,8629.18,-2229.31,78.31,1717.18,-2151.0,-433.81
2761,559.66,1310.71,1728.18,150.44,91.74,-66.14,-1111.05,-10078.52,581.06,8684.68,-2296.88,79.27,1850.77,-2217.61,-366.84
2771,563.12,1319.15,1740.63,156.82,85.16,-61.19,-1102.4,-10185.44,578.92,8664.38,-2236.79,78.56,1759.15,-2158.23,-399.09
2781,578.91,1313.32,1727.99,151.11,98.11,-55.02,-1110.24,-10058.62,563.21,8602.95,-2279.2,79.74,1811.72,-2199.47,-387.75
2791,582.36,1317.01,1750.93,146.2,100.64,-63.11,-1114.84,-10082.68,540.85,8655.78,-2280.9,80.63,1833.14,-2200.28,-367.14
2801,547.59,1322.42,1735.7,155.72,86.59,-62.78,-1110.18,-10119.23,557.36,8658.13,-2263.03,79.65,1771.33,-2183.38,-412.05
2811,556.58,1270.89,1763.52,145.11,84.8,-72.2,-1121.02,-10125.32,550.98,8697.58,-2274.26,80.14,1750.91,-2194.12,-443.21
2821,574.44,1334.99,1706.08,152.2,83.31,-58.62,-1112.08,-9980.34,543.2,8562.4,-2339.65,81.1,1805.57,-2258.56,-452.99
2831,562.18,1299.21,1737.6,149.03,83.9,-63.69,-1140.81,-9985.93,544.34,8601.71,-2330.03,78.95,1787.54,-2251.08,-463.54
2841,567.18,1256.81,1741.05,146.4,83.04,-68.93,-1110.11,-10095.28,564.17,8669.33,-2296.99,80.92,1753.67,-2216.07,-462.4
2851,564.74,1338.35,1705.71,156.48,79.83,-55.61,-1129.48,-10063.97,554.09,8675.39,-2309.65,81.14,1825.53,-2228.5,-402.98
2861,571.11,1297.98,1728.63,146.04,88.03,-58.39,-1131.43,-9968.34,546.78,8581.38,-2323.67,78.94,1801.8,-2244.73,-442.94
2871,535.5,1339.09,1732.33,157.72,85.5,-68.32,-1139.48,-9952.6,554.43,8581.25,-2328.12,79.82,1825.41,-2248.3,-422.89
2881,554.78,1310.77,1745.42,151.65,85.3,-73.9,-1125.44,-10059.56,568.47,8636.81,-2293.91,78.83,1794.29,-2215.08,-420.79
2891,543.55,1353.96,1716.42,162.25,87.06,-73.97,-1118.59,-10032.32,550.91,8563.79,-2273.65,80.58,1753.05,-2193.08,-440.03
2901,549.46,1376.73,1751.33,150.1,79.36,-61.11,-1112.13,-10022.45,574.31,8555.76,-2267.83,80.45,1841.36,-2187.37,-346.02
2911,560.2,1299.15,1741.78,145.98,95.61,-77.43,-1118.38,-10050.94,554.07,8626.6,-2276.47,79.85,1776.64,-2196.62,-419.98
2921,586.15,1311.72,1763.06,153.89,85.63,-58.42,-1125.84,-10103.83,548.07,8625.66,-2261.9,81.47,1786.09,-2180.43,-394.35
2931,560.81,1355.48,1739.86,156.32,88.57,-58.1,-1134.14,-9990.47,550.26,8568.41,-2304.23,81.19,1836.99,-2223.04,-386.05
2941,578.94,1345.45,1731.42,153.01,77.91,-62.82,-1118.16,-10026.54,549.37,8590.3,-2290.96,81.8,1818.87,-2209.17,-390.29
2951,562.11,1269.33,1734.9,148.76,83.05,-66.88,-1106.19,-10027.03,566.34,8600.16,-2283.34,78.83,1764.55,-2204.5,-439.96
2961,543.82,1275.65,1717.52,156.92,82.68,-60.45,-1117.96,-10083.47,566.73,8631.24,-2262.62,80.86,1712.67,-2181.75,-469.08
2971,558.86,1321.37,1734.87,148.59,94.07,-53.54,-1134.07,-10105.53,561.03,8643.99,-2263.95,78.72,1769.64,-2185.23,-415.59
2981,567.42,1371.5,1736.58,153.5,70.52,-70.63,-1128.55,-10001.67,540.13,8543.7,-2280.64,80.41,1782.49,-2200.23,-417.74
2991,567.77,1351.79,1720.27,146.91,97.15,-59.18,-1149.12,-10126.33,562.34,8651.41,-2231.7,78.81,1763.01,-2152.89,-389.89
3001,564.6,1336.38,1721.92,158.69,88.78,-51.9,-1099.92,-10120.3,555.7,8629.42,-2264.25,79.82,1783.37,-2184.43,-401.06
3011,558.55,1293.56,1728.49,147.93,82.79,-55.07,-1110.77,-10110.79,554.92,8635.49,-2252.93,80.01,1725.1,-2172.92,-447.82
3021,568.55,1359.63,1767.31,155.84,78.13,-55.42,-1115.53,-10093.48,557.08,8712.85,-2315.67,79.84,1934.97,-2235.83,-300.86
3031,550.15,1279.61,1725.24,149.5,85.04,-59.97,-1112.84,-10153.82,589.69,8660.49,-2238.1,79.33,1713.08,-2158.77,-445.69
3041,547.86,1330.09,1743.92,161.82,86.06,-50.68,-1137.35,-10120.03,550.58,8637.1,-2266.39,80.45,1749.36,-2185.94,-436.58
3051,611.11,1345.69,1729.82,157.91,90.87,-55.78,-1111.65,-10000.31,540.67,8582.27,-2333.9,81.74,1890.62,-2252.16,-361.55
3061,542.71,1305.54,1719.77,158.42,83.83,-66.62,-1117.55,-10137.24,551.04,8684.04,-2287.37,79.7,1723.93,-2207.67,-483.74
3071,565.38,1281.2,1727.92,148.89,79.51,-59.58,-1127.78,-10051.83,543.8,8635.61,-2304.8,80.67,1743.13,-2224.12,-480.99
3081,534.71,1325.77,1714.86,149.28,80.86,-62.6,-1108.31,-10048.46,557.88,8634.08,-2325.99,81.29,1778.06,-2244.7,-466.64
3091,537.33,1335.22,1739.04,155.79,90.82,-55.01,-1117.44,-10078.81,577.74,8663.02,-2295.72,78.74,1847.68,-2216.97,-369.29
3101,557.85,1338.57,1728.5,155.65,76.42,-59.58,-1097.12,-10108.06,559.65,8650.79,-2268.83,81.73,1802.67,-2187.09,-384.43
3111,524.49,1313.63,1755.63,155.23,73.08,-67.74,-1127.06,-10084.29,561.19,8631.31,-2280.01,81.17,1735.47,-2198.85,-463.38
3121,517.89,1335.62,1726.51,146.37,81.82,-61.25,-1097.11,-10131.1,557.24,8671.14,-2277.52,79.64,1747.13,-2197.89,-450.76
3131,562.42,1384.63,1742.75,160.34,94.95,-72.17,-1115.02,-10038.56,560.91,8565.22,-2312.6,80.54,1845.48,-2232.06,-386.59
3141,559.42,1315.02,1728.35,155.86,94.1,-62.77,-1127.36,-10075.16,551.05,8673.31,-2305.06,80.07,1811.83,-2224.99,-413.16
3151,567.3,1337.06,1709.89,150.22,79.07,-64.07,-1108.01,-10017.46,538.02,8592.69,-2308.44,79.71,1784.72,-2228.72,-444.0
3161,543.84,1330.6,1709.98,152.89,104.16,-55.04,-1121.21,-10056.17,559.45,8635.92,-2304.12,79.93,1804.41,-2224.19,-419.78
3171,567.7,1344.08,1758.79,150.2,83.99,-57.26,-1129.88,-10030.64,564.02,8645.92,-2320.08,79.28,1896.93,-2240.79,-343.87
3181,562.51,1308.59,1746.87,150.27,90.6,-65.72,-1120.67,-10061.93,555.24,8630.36,-2303.72,81.17,1796.12,-2222.55,-426.43
3191,572.12,1362.53,1741.33,168.46,81.06,-65.23,-1107.69,-10059.74,566.69,8613.48,-2306.39,80.28,1873.0,-2226.11,-353.11
3201,534.24,1325.77,1731.61,153.64,91.32,-66.2,-1120.91,-10150.32,564.31,8701.96,-2253.64,80.41,1765.43,-2173.23,-407.81
3211,561.3,1318.07,1728.65,146.04,74.81,-55.15,-1128.71,-10079.91,537.78,8593.62,-2256.85,78.67,1696.5,-2178.18,-481.68
3221,578.79,1321.36,1754.81,153.92,90.79,-71.26,-1130.18,-10075.52,567.43,8639.91,-2282.86,78.83,1830.05,-2204.04,-373.98
3231,532.75,1334.35,1755.7,160.5,101.05,-70.31,-1152.6,-10037.47,576.07,8655.34,-2297.41,78.91,1855.39,-2218.5,-363.11
3241,553.44,1313.74,1751.93,148.52,79.33,-67.1,-1120.4,-10126.26,543.25,8690.15,-2263.68,80.09,1766.6,-2183.59,-416.99
3251,586.28,1316.89,1735.8,153.8,84.9,-65.71,-1102.96,-10012.52,533.32,8628.55,-2348.42,78.69,1858.35,-2269.73,-411.38
3261,554.35,1327.31,1721.65,150.81,80.02,-60.53,-1139.85,-10004.62,562.69,8641.72,-2347.28,79.79,1833.55,-2267.49,-433.94
3271,559.81,1347.83,1725.76,157.18,82.38,-51.45,-1133.26,-10034.05,549.03,8652.4,-2327.95,79.59,1855.63,-2248.36,-392.73
3281,529.55,1315.73,1714.16,154.91,73.84,-67.04,-1114.33,-9984.91,562.86,8632.96,-2361.21,80.55,1817.73,-2280.66,-462.93
3291,551.07,1335.18,1726.31,157.96,93.98,-69.76,-1090.16,-10006.03,574.37,8635.19,-2347.24,79.76,1908.11,-2267.48,-359.38
3301,578.11,1286.75,1727.59,157.2,79.99,-64.99,-1112.94,-10036.55,563.86,8636.97,-2325.0,81.01,1815.97,-2243.99,-428.01
3311,545.93,1285.21,1735.66,149.25,86.35,-64.3,-1117.65,-10097.13,562.46,8660.26,-2274.52,80.3,1746.04,-2194.22,-448.18
3321,561.83,1270.8,1759.27,146.65,90.74,-63.18,-1105.54,-10092.39,569.63,8647.83,-2313.86,81.22,1785.64,-2232.64,-447.0
3331,554.55,1358.48,1744.72,153.87,83.33,-75.68,-1114.42,-10100.57,559.24,8655.14,-2270.52,81.44,1818.68,-2189.08,-370.4
3341,579.99,1323.31,1719.79,151.36,87.16,-65.87,-1097.86,-10070.99,558.92,8651.02,-2318.65,81.38,1836.83,-2237.28,-400.45
3351,567.52,1317.12,1749.7,162.0,85.26,-74.78,-1091.81,-10119.23,582.51,8711.86,-2318.85,81.06,1890.14,-2237.79,-347.65
3361,538.94,1321.0,1740.22,149.76,82.47,-84.79,-1098.1,-10146.74,555.64,8637.19,-2255.29,81.43,1695.58,-2173.86,-478.28
3371,576.94,1322.91,1737.67,156.21,76.53,-68.23,-1127.26,-10064.75,557.0,8640.8,-2299.35,82.43,1807.82,-2216.92,-409.1
3381,582.79,1333.77,1728.06,155.08,85.67,-66.94,-1100.29,-10101.11,548.04,8692.08,-2303.55,80.77,1857.16,-2222.78,-365.62
3391,561.94,1289.66,1733.9,149.87,83.49,-68.95,-1140.09,-10081.15,569.09,8624.5,-2270.34,79.92,1722.25,-2190.42,-468.17
3401,549.85,1355.39,1727.22,156.92,85.83,-69.0,-1104.23,-10102.77,554.34,8627.79,-2253.53,80.78,1781.34,-2172.74,-391.4
3411,550.77,1363.46,1747.43,151.83,90.78,-67.27,-1105.25,-10195.83,552.39,8684.05,-2222.64,81.33,1772.37,-2141.31,-368.94
3421,569.36,1303.53,1738.32,150.3,95.84,-65.19,-1112.32,-10126.57,555.75,8632.11,-2243.46,79.65,1741.12,-2163.8,-422.68
3431,554.68,1331.95,1750.73,149.29,79.19,-56.0,-1121.01,-10118.52,560.52,8654.18,-2264.3,80.13,1785.0,-2184.17,-399.17
3441,552.97,1357.4,1741.09,145.98,78.91,-77.53,-1088.52,-10087.18,570.8,8629.44,-2291.96,80.63,1823.37,-2211.32,-387.95
3451,582.25,1318.35,1728.08,157.3,81.12,-55.53,-1108.37,-10148.88,536.78,8672.37,-2242.13,80.28,1763.46,-2161.85,-398.39
3461,561.55,1297.16,1734.06,150.34,92.01,-66.78,-1137.05,-10099.2,537.76,8671.22,-2287.79,79.98,1741.07,-2207.81,-466.74
3471,570.97,1351.98,1708.11,153.09,75.26,-60.24,-1107.83,-10060.04,535.36,8624.24,-2300.02,81.11,1790.89,-2218.91,-428.02
3481,571.97,1324.85,1719.05,149.67,75.91,-71.77,-1111.64,-10129.38,550.13,8685.42,-2263.5,81.12,1764.22,-2182.38,-418.17
3491,554.09,1312.64,1707.5,155.22,78.57,-57.46,-1086.28,-10114.1,540.43,8649.48,-2286.48,80.02,1740.09,-2206.45,-466.37
3501,562.74,1346.74,1729.06,153.14,88.06,-79.27,-1120.43,-9982.71,571.38,8618.64,-2340.34,80.28,1887.35,-2260.05,-372.7
3511,587.79,1327.79,1732.45,150.8,94.98,-73.49,-1112.27,-10067.22,542.85,8643.69,-2331.34,81.71,1827.38,-2249.63,-422.25
3521,560.89,1331.54,1713.51,149.67,82.4,-73.95,-1135.41,-10006.41,561.66,8625.09,-2346.27,81.27,1808.98,-2265.0,-456.01
3531,532.89,1351.89,1732.89,151.23,80.18,-45.26,-1122.47,-10011.14,558.27,8609.65,-2333.21,81.71,1838.13,-2251.5,-413.37
3541,524.67,1340.71,1728.18,153.16,77.49,-73.01,-1112.62,-9990.78,552.24,8602.73,-2356.7,82.1,1802.78,-2274.6,-471.83
3551,547.92,1352.84,1731.16,148.68,80.96,-63.42,-1116.4,-9947.84,559.12,8575.5,-2379.25,82.66,1868.51,-2296.59,-428.07
3561,572.45,1312.06,1711.59,147.6,80.64,-65.12,-1096.94,-10001.46,565.46,8623.15,-2357.38,81.16,1849.43,-2276.22,-426.79
3571,590.9,1296.38,1736.36,156.48,97.12,-61.38,-1101.77,-10047.92,526.51,8616.67,-2319.23,81.44,1809.36,-2237.79,-428.42
3581,560.08,1329.77,1734.84,153.65,77.43,-59.51,-1113.96,-10116.07,556.66,8650.31,-2264.87,80.7,1773.2,-2184.17,-410.97
3591,566.11,1316.61,1735.8,160.0,78.9,-56.2,-1123.27,-10104.66,546.89,8686.25,-2286.78,81.13,1806.44,-2205.64,-399.2
3601,572.83,1344.5,1740.44,152.32,83.79,-62.23,-1111.8,-10059.57,553.62,8625.3,-2286.66,79.97,1839.2,-2206.69,-367.49
3611,558.66,1368.31,1729.62,158.15,98.47,-61.27,-1096.61,-10117.52,538.99,8597.93,-2236.94,80.18,1774.73,-2156.75,-382.02
3621,565.95,1304.12,1732.86,155.41,86.21,-66.58,-1123.51,-10026.92,549.31,8633.11,-2326.79,81.61,1809.97,-2245.18,-435.21
3631,587.31,1373.3,1709.15,159.52,88.69,-48.66,-1120.86,-10056.91,555.12,8647.58,-2317.49,79.37,1894.23,-2238.13,-343.9
3641,570.41,1325.84,1741.95,148.04,87.15,-66.46,-1137.94,-9986.91,557.62,8635.31,-2369.93,79.19,1875.0,-2290.74,-415.74
3651,549.04,1292.47,1750.67,150.83,98.3,-65.77,-1109.8,-9988.44,556.09,8644.29,-2383.92,80.0,1877.68,-2303.92,-426.24
3661,578.97,1325.6,1758.12,162.99,74.19,-69.17,-1138.14,-10027.51,553.37,8689.32,-2346.21,79.47,1907.74,-2266.75,-359.01
3671,566.78,1312.08,1710.3,153.82,79.21,-64.74,-1136.51,-10022.56,532.68,8643.57,-2317.16,80.42,1774.61,-2236.74,-462.13
3681,543.26,1328.35,1743.62,151.64,88.6,-62.62,-1112.04,-10015.92,572.55,8634.18,-2347.72,81.98,1871.64,-2265.74,-394.1
3691,539.07,1307.93,1736.64,143.25,79.61,-55.76,-1121.12,-10073.38,542.74,8644.22,-2283.93,78.54,1743.21,-2205.39,-462.18
3701,551.44,1353.95,1713.01,149.37,87.64,-55.46,-1116.48,-10012.13,551.78,8643.8,-2357.01,79.75,1866.92,-2277.27,-410.35
3711,541.29,1314.63,1713.53,158.76,79.46,-58.26,-1146.78,-10026.72,565.96,8657.23,-2351.54,80.49,1799.11,-2271.05,-471.94
3721,574.28,1341.38,1749.61,154.17,85.26,-61.35,-1132.46,-9995.61,553.66,8611.69,-2337.13,80.57,1880.63,-2256.56,-375.93
3731,537.36,1308.76,1744.08,154.27,87.33,-64.87,-1118.58,-10028.7,554.89,8606.09,-2319.42,79.46,1780.63,-2239.96,-459.33
3741,565.16,1335.18,1724.87,154.03,88.68,-57.73,-1132.3,-10056.17,562.58,8646.66,-2322.03,80.45,1830.95,-2241.58,-410.63
3751,564.54,1326.06,1723.08,151.35,86.24,-58.56,-1123.6,-10021.94,554.32,8619.65,-2315.81,81.02,1821.14,-2234.79,-413.65
3761,537.52,1315.55,1746.38,165.35,77.13,-54.28,-1113.35,-10073.02,562.85,8650.61,-2297.86,80.46,1814.75,-2217.4,-402.65
3771,548.95,1283.3,1705.35,159.71,93.13,-56.7,-1107.36,-10013.06,556.37,8608.42,-2334.7,82.09,1778.11,-2252.61,-474.5
3781,508.91,1351.36,1723.29,153.3,92.64,-56.98,-1126.07,-9985.36,568.79,8618.22,-2334.46,79.84,1848.09,-2254.62,-406.53
3791,565.88,1313.53,1732.41,152.25,81.12,-64.42,-1123.68,-10069.75,554.18,8635.11,-2289.06,80.18,1776.63,-2208.88,-432.25
3801,528.41,1322.93,1741.48,152.68,87.72,-57.02,-1125.27,-10050.4,566.23,8604.76,-2284.96,79.88,1771.53,-2205.08,-433.55
3811,594.46,1296.98,1741.6,152.66,75.94,-62.68,-1133.63,-10042.21,560.33,8605.73,-2278.6,81.16,1789.18,-2197.44,-408.26
3821,565.77,1305.82,1717.78,152.36,92.48,-68.94,-1115.82,-10017.61,555.98,8660.39,-2338.73,80.35,1848.19,-2258.38,-410.19
3831,582.72,1309.33,1724.68,152.42,76.66,-61.48,-1120.14,-9947.14,562.2,8600.19,-2369.21,77.78,1879.44,-2291.44,-412.0
3841,564.46,1330.67,1739.15,154.67,88.17,-57.98,-1086.61,-10060.8,575.18,8666.14,-2325.28,80.69,1913.04,-2244.59,-331.55
3851,525.34,1341.31,1720.1,157.07,100.98,-59.88,-1106.91,-10058.58,565.31,8664.48,-2318.4,81.42,1849.2,-2236.97,-387.77
3861,565.48,1304.07,1737.41,159.83,94.59,-63.91,-1117.54,-9987.77,550.68,8616.02,-2347.33,79.37,1858.86,-2267.96,-409.09
3871,549.76,1346.87,1728.02,157.24,86.32,-66.85,-1111.82,-10076.86,544.6,8625.86,-2299.31,81.1,1783.14,-2218.21,-435.07
3881,548.92,1360.17,1735.7,148.66,79.96,-66.2,-1133.0,-10018.24,533.83,8622.25,-2343.9,81.56,1812.06,-2262.34,-450.28
3891,549.01,1342.62,1757.46,155.43,94.03,-56.37,-1122.1,-10090.98,537.69,8637.9,-2282.81,80.67,1804.7,-2202.14,-397.44
3901,545.61,1264.71,1688.13,149.17,82.72,-71.97,-1108.9,-10080.48,566.4,8699.84,-2308.77,82.04,1735.23,-2226.73,-491.5
3911,552.08,1310.78,1735.02,157.87,88.11,-65.94,-1126.1,-10116.69,564.84,8676.35,-2254.28,80.13,1776.3,-2174.15,-397.86
3921,546.35,1320.83,1731.52,147.76,92.11,-61.48,-1122.18,-10149.51,565.94,8654.62,-2229.33,79.02,1725.95,-2150.31,-424.36
3931,553.0,1314.07,1737.76,150.83,92.36,-52.79,-1107.33,-10039.72,562.16,8610.48,-2308.38,80.96,1820.82,-2227.43,-406.61
3941,568.01,1327.02,1737.55,152.54,76.78,-73.41,-1107.64,-9977.43,551.67,8590.39,-2358.35,80.45,1845.49,-2277.91,-432.42
3951,555.41,1312.98,1722.21,152.5,88.48,-67.89,-1113.76,-10023.01,551.92,8632.12,-2311.57,79.33,1810.96,-2232.24,-421.28
3961,621.0,1355.34,1710.94,152.94,82.48,-57.15,-1138.12,-10046.47,538.57,8629.17,-2292.46,79.18,1848.7,-2213.29,-364.59
3971,555.53,1328.61,1742.28,161.41,83.2,-68.09,-1106.0,-10051.34,531.3,8622.49,-2302.57,81.85,1799.38,-2220.71,-421.33
3981,583.96,1274.06,1735.65,145.76,84.21,-71.21,-1110.13,-10068.32,540.51,8626.24,-2277.97,80.61,1740.73,-2197.37,-456.64
3991,547.84,1336.86,1725.23,156.44,73.3,-68.83,-1150.25,-10047.99,548.94,8665.88,-2316.71,78.81,1787.41,-2237.9,-450.49
4001,539.07,1300.86,1715.32,152.81,86.32,-54.67,-1139.0,-10012.48,556.17,8621.23,-2325.67,80.58,1765.64,-2245.09,-479.44

Receptor Energy Terms
Frame #,BOND,ANGLE,DIHED,UB,IMP,CMAP,VDWAALS,EEL,1-4 VDW,1-4 EEL,EGB,ESURF,GGAS,GSOLV,TOTAL
1,530.88,1308.28,1669.22,148.25,75.18,-70.71,-1102.14,-9990.65,531.42,8679.37,-2354.1,79.42,1779.09,-2274.68,-495.59
11,586.5,1293.69,1675.37,151.67,86.01,-53.54,-1103.61,-10057.88,539.58,8645.23,-2289.8,77.95,1763.01,-2211.85,-448.84
21,554.7,1257.55,1675.3,138.85,83.22,-66.85,-1111.99,-10070.85,549.83,8710.35,-2317.86,78.85,1720.13,-2239.01,-518.88
31,533.77,1301.97,1684.31,141.29,79.42,-70.02,-1084.65,-10036.87,536.75,8635.44,-2311.51,78.33,1721.4,-2233.18,-511.78
41,581.06,1303.12,1706.44,146.83,91.32,-66.03,-1125.35,-10000.68,532.45,8591.94,-2310.06,78.11,1761.11,-2231.95,-470.83
51,524.17,1292.02,1682.23,143.94,89.27,-49.56,-1107.79,-10001.49,548.29,8670.69,-2345.46,78.98,1791.77,-2266.49,-474.72
61,557.05,1288.3,1694.07,146.34,82.88,-68.86,-1090.72,-10067.75,552.24,8651.31,-2290.42,78.27,1744.87,-2212.15,-467.28
71,563.49,1329.97,1641.25,152.11,78.26,-53.41,-1115.67,-10048.26,536.52,8637.97,-2289.25,77.57,1722.24,-2211.68,-489.44
81,572.49,1289.69,1686.44,151.63,79.8,-75.3,-1100.16,-10098.74,540.43,8671.08,-2274.8,77.96,1717.36,-2196.84,-479.48
91,559.09,1263.7,1689.21,147.9,70.08,-62.73,-1110.79,-10044.69,540.55,8670.01,-2302.54,77.81,1722.33,-2224.74,-502.41
101,510.04,1283.43,1704.01,138.67,94.71,-65.26,-1112.06,-9982.09,537.13,8643.71,-2342.08,79.03,1752.29,-2263.05,-510.76
111,540.15,1277.14,1657.51,143.37,87.39,-68.66,-1108.82,-10014.6,523.58,8645.08,-2362.55,78.15,1682.15,-2284.4,-602.25
121,516.54,1226.81,1682.65,140.44,80.48,-47.03,-1118.94,-10086.41,556.48,8710.03,-2299.53,77.19,1661.05,-2222.34,-561.3
131,538.46,1257.64,1697.16,144.23,88.27,-57.76,-1126.65,-10002.39,537.24,8622.38,-2307.59,77.22,1698.57,-2230.37,-531.8
141,534.46,1255.25,1682.97,148.54,76.3,-78.44,-1147.75,-10015.5,555.94,8637.98,-2306.87,77.92,1649.75,-2228.96,-579.2
151,549.85,1370.83,1705.34,156.17,87.07,-54.09,-1141.27,-10024.93,529.93,8644.97,-2302.88,78.19,1823.86,-2224.69,-400.83
161,550.91,1324.66,1681.52,142.62,70.33,-56.09,-1116.39,-9984.5,530.12,8560.07,-2307.34,76.97,1703.26,-2230.36,-527.11
171,590.46,1278.35,1685.98,139.78,85.88,-69.71,-1111.99,-9992.97,542.86,8600.56,-2312.39,76.38,1749.19,-2236.01,-486.82
181,552.24,1322.73,1663.86,138.3,84.57,-69.59,-1089.53,-9959.09,536.19,8631.4,-2364.96,79.79,1811.09,-2285.16,-474.07
191,529.35,1300.59,1676.03,149.78,86.87,-60.1,-1133.72,-10022.88,535.37,8659.82,-2314.67,77.85,1721.11,-2236.82,-515.72
201,524.39,1286.78,1709.89,143.55,88.33,-59.31,-1114.57,-10019.69,539.48,8662.04,-2342.36,77.08,1760.87,-2265.28,-504.41
211,567.25,1346.81,1662.49,152.69,86.8,-54.94,-1099.53,-10027.98,534.41,8645.78,-2336.99,79.25,1813.77,-2257.74,-443.97
221,547.36,1306.61,1666.05,144.28,86.75,-61.67,-1089.29,-10011.21,536.02,8612.82,-2327.47,79.99,1737.7,-2247.48,-509.78
231,541.08,1329.9,1683.47,152.58,85.14,-68.82,-1101.63,-10035.51,537.02,8610.01,-2290.35,78.77,1733.24,-2211.58,-478.34
241,547.81,1294.09,1686.26,137.32,83.6,-64.53,-1124.23,-10075.6,543.44,8703.76,-2303.64,77.62,1731.92,-2226.03,-494.11
251,558.18,1274.69,1694.21,150.84,77.58,-69.48,-1107.42,-10009.13,541.71,8657.34,-2342.52,78.5,1768.53,-2264.01,-495.49
261,533.52,1283.66,1689.59,143.79,95.52,-64.23,-1117.17,-10028.29,542.65,8639.6,-2294.99,78.6,1718.63,-2216.39,-497.75
271,551.21,1332.1,1677.63,159.33,92.04,-52.61,-1122.82,-10029.06,547.74,8609.69,-2301.37,77.14,1765.24,-2224.23,-458.99
281,536.0,1340.58,1697.37,150.34,82.81,-74.15,-1119.18,-9981.65,526.74,8623.07,-2339.3,78.02,1781.94,-2261.28,-479.34
291,546.32,1317.6,1698.96,147.76,98.88,-62.18,-1124.38,-9963.23,527.05,8611.11,-2351.01,78.11,1797.9,-2272.9,-475.0
301,561.65,1321.59,1671.9,147.83,83.13,-53.72,-1087.87,-10024.45,528.95,8637.08,-2306.52,77.8,1786.09,-2228.72,-442.63
311,542.59,1344.35,1706.51,144.57,96.19,-58.68,-1109.04,-10075.38,534.17,8661.63,-2289.52,78.11,1786.91,-2211.41,-424.5
321,555.95,1261.85,1689.48,150.85,92.39,-58.27,-1114.78,-10039.73,537.05,8626.63,-2301.67,78.37,1701.42,-2223.31,-521.89
331,537.64,1270.59,1676.03,145.25,83.92,-42.44,-1115.32,-10019.23,550.3,8637.28,-2294.75,79.55,1724.02,-2215.19,-491.18
341,560.41,1301.51,1683.66,169.55,82.55,-71.28,-1105.75,-10030.97,530.4,8638.49,-2296.07,78.37,1758.56,-2217.69,-459.14
351,543.96,1284.59,1664.32,148.37,84.43,-54.34,-1097.62,-10023.94,554.9,8602.75,-2278.66,77.96,1707.43,-2200.7,-493.28
361,565.43,1332.68,1676.86,155.22,88.7,-82.26,-1120.8,-10030.73,535.66,8604.07,-2279.94,76.66,1724.84,-2203.28,-478.44
371,535.25,1267.72,1674.25,147.76,75.11,-64.12,-1103.51,-10018.79,559.62,8664.02,-2299.36,78.38,1737.31,-2220.98,-483.67
381,557.99,1293.68,1697.15,144.34,82.5,-68.28,-1093.15,-10025.14,555.05,8615.43,-2309.0,78.86,1759.56,-2230.14,-470.58
391,536.75,1290.19,1695.83,154.7,74.23,-69.38,-1102.38,-10020.97,528.78,8651.8,-2330.63,78.27,1739.56,-2252.36,-512.8
401,571.65,1305.66,1685.36,145.67,81.61,-52.83,-1092.43,-10023.14,537.2,8629.69,-2305.14,78.81,1788.44,-2226.33,-437.89
411,559.33,1309.43,1699.46,161.05,84.81,-61.15,-1093.25,-10035.58,534.11,8624.23,-2301.11,78.81,1782.43,-2222.3,-439.87
421,563.58,1310.95,1680.08,152.24,80.18,-73.87,-1096.85,-10070.78,534.95,8651.4,-2294.61,78.51,1731.87,-2216.11,-484.24
431,574.75,1262.18,1677.27,147.98,75.95,-48.48,-1085.22,-10068.87,531.83,8631.97,-2268.98,79.36,1699.36,-2189.61,-490.25
441,541.89,1298.74,1704.16,143.47,87.47,-59.79,-1108.88,-10077.39,532.02,8638.48,-2257.38,78.96,1700.16,-2178.42,-478.26
451,563.38,1322.83,1692.39,151.98,78.82,-48.8,-1091.23,-10043.15,550.33,8581.92,-2261.27,79.71,1758.47,-2181.56,-423.1
461,581.08,1308.86,1678.09,157.96,88.96,-53.9,-1120.94,-10012.91,536.66,8593.12,-2299.58,79.62,1756.98,-2219.96,-462.98
471,556.88,1324.31,1690.51,152.54,85.75,-55.19,-1082.6,-10047.6,537.87,8576.87,-2271.48,79.28,1739.35,-2192.2,-452.85
481,536.41,1342.69,1682.77,142.92,90.55,-53.17,-1102.82,-10018.93,543.47,8601.46,-2289.22,80.51,1765.36,-2208.71,-443.36
491,553.64,1322.71,1683.32,148.03,82.29,-65.01,-1106.96,-10006.76,549.04,8638.36,-2319.99,78.76,1798.66,-2241.23,-442.57
501,531.32,1363.25,1675.38,150.82,78.32,-62.51,-1098.15,-10162.69,550.15,8666.94,-2244.27,78.63,1692.84,-2165.64,-472.81
511,546.16,1285.65,1694.03,153.27,92.85,-52.82,-1101.33,-10061.77,533.69,8632.79,-2298.05,78.74,1722.52,-2219.31,-496.79
521,539.61,1320.72,1670.37,146.02,89.53,-52.61,-1098.87,-10016.55,532.76,8616.3,-2319.94,78.96,1747.29,-2240.98,-493.68
531,543.09,1268.49,1688.02,146.79,91.46,-60.63,-1079.74,-10168.49,541.79,8726.97,-2264.8,80.19,1697.74,-2184.61,-486.87
541,509.79,1315.32,1702.65,149.86,89.74,-69.86,-1105.3,-10077.27,553.67,8703.33,-2294.58,80.08,1771.95,-2214.5,-442.55
551,557.48,1262.93,1658.9,147.46,79.34,-54.23,-1105.15,-10114.38,562.37,8688.88,-2284.57,80.1,1683.61,-2204.46,-520.86
561,547.49,1301.41,1644.62,153.11,71.27,-53.87,-1089.79,-10168.24,549.55,8704.48,-2254.08,77.61,1660.03,-2176.46,-516.43
571,537.29,1340.14,1679.88,151.68,92.74,-61.92,-1113.51,-10170.21,533.93,8677.46,-2224.78,76.69,1667.48,-2148.09,-480.61
581,570.99,1331.72,1711.66,158.48,81.98,-68.94,-1095.33,-10132.65,552.32,8673.56,-2257.49,78.86,1783.79,-2178.64,-394.85
591,569.89,1315.36,1676.86,143.85,90.27,-59.41,-1097.25,-10131.5,524.3,8641.94,-2266.5,79.15,1674.32,-2187.35,-513.03
601,531.98,1302.73,1667.71,139.98,83.17,-55.02,-1096.79,-9998.61,566.75,8629.65,-2331.3,79.91,1771.57,-2251.39,-479.82
611,537.56,1300.86,1655.76,147.27,76.36,-53.44,-1087.26,-10102.1,556.51,8682.56,-2281.3,78.68,1714.09,-2202.62,-488.53
621,521.96,1294.91,1665.21,145.94,83.36,-52.64,-1098.32,-10125.57,525.0,8683.79,-2239.33,80.02,1643.63,-2159.31,-515.68
631,533.77,1300.37,1668.14,142.97,81.99,-60.65,-1128.07,-10023.26,524.8,8591.5,-2288.98,78.97,1631.55,-2210.0,-578.46
641,571.04,1320.22,1660.93,145.53,84.36,-59.44,-1103.32,-10106.0,533.84,8642.53,-2235.39,77.86,1689.69,-2157.54,-467.85
651,569.44,1258.9,1684.01,148.61,90.03,-70.93,-1095.19,-10066.55,537.24,8566.04,-2241.72,78.55,1621.6,-2163.16,-541.56
661,509.25,1303.43,1658.74,142.66,82.5,-48.72,-1052.75,-10164.56,549.99,8631.32,-2201.37,78.95,1611.86,-2122.42,-510.56
671,558.4,1295.68,1661.93,152.82,75.13,-46.8,-1085.97,-10134.66,536.37,8652.4,-2237.5,79.08,1665.31,-2158.43,-493.12
681,519.37,1302.94,1676.94,154.96,99.52,-69.12,-1088.67,-10071.29,546.54,8611.51,-2257.85,78.55,1682.69,-2179.3,-496.61
691,558.28,1275.31,1686.49,148.04,87.94,-65.81,-1123.47,-10111.43,536.77,8640.14,-2244.48,77.8,1632.27,-2166.68,-534.42
701,574.0,1321.75,1679.5,154.68,90.57,-67.77,-1087.54,-10039.74,552.42,8590.7,-2289.18,78.72,1768.58,-2210.46,-441.88
711,536.04,1307.12,1678.92,150.37,73.2,-56.03,-1095.45,-10131.22,542.56,8680.87,-2248.12,79.32,1686.37,-2168.8,-482.43
721,548.77,1323.56,1664.64,148.88,83.42,-66.51,-1083.1,-10057.06,539.71,8626.46,-2275.48,79.3,1728.78,-2196.18,-467.4
731,545.93,1319.13,1663.09,151.47,75.35,-47.3,-1071.59,-10181.94,549.41,8670.76,-2222.12,79.92,1674.3,-2142.2,-467.9
741,562.74,1299.14,1695.72,146.84,87.57,-57.44,-1088.34,-10160.06,538.27,8650.59,-2234.04,78.24,1675.02,-2155.81,-480.79
751,570.74,1321.45,1674.01,139.3,86.5,-65.61,-1099.12,-10145.66,544.77,8685.68,-2236.85,77.69,1712.06,-2159.16,-447.1
761,522.89,1320.78,1671.42,159.95,92.76,-57.99,-1096.88,-10091.77,541.76,8688.61,-2292.41,78.98,1751.52,-2213.43,-461.91
771,557.55,1320.74,1643.3,146.77,94.85,-52.67,-1094.91,-10011.22,530.27,8597.77,-2288.28,79.95,1732.45,-2208.32,-475.87
781,528.6,1315.96,1686.45,151.72,87.03,-62.73,-1092.0,-10091.0,532.98,8630.52,-2242.37,79.53,1687.53,-2162.84,-475.31
791,528.64,1262.4,1679.15,147.92,76.38,-55.13,-1082.98,-10147.95,566.22,8683.09,-2223.27,79.29,1657.75,-2143.98,-486.23
801,556.87,1330.49,1701.35,152.02,91.42,-66.47,-1109.23,-10078.77,523.89,8660.61,-2274.99,78.94,1762.19,-2196.05,-433.87
811,515.39,1311.78,1688.19,142.88,82.45,-53.16,-1092.9,-10087.02,543.05,8652.79,-2230.09,78.95,1703.45,-2151.15,-447.69
821,542.7,1278.77,1667.19,147.03,86.05,-54.1,-1108.6,-10127.43,546.41,8667.56,-2215.75,79.2,1645.59,-2136.55,-490.96
831,547.35,1288.55,1690.02,149.23,104.92,-50.01,-1101.92,-10173.9,552.15,8662.83,-2189.89,78.81,1669.2,-2111.08,-441.88
841,546.38,1300.37,1675.9,145.67,73.89,-66.96,-1081.19,-10111.59,539.09,8670.7,-2238.77,80.05,1692.26,-2158.73,-466.47
851,561.8,1302.44,1679.88,142.55,80.79,-61.81,-1108.67,-10078.34,532.45,8652.8,-2265.82,79.62,1703.89,-2186.2,-482.31
861,538.03,1323.25,1698.97,153.5,89.61,-67.05,-1079.85,-10022.94,552.19,8668.71,-2320.68,81.45,1854.43,-2239.23,-384.8
871,541.26,1319.45,1660.8,143.25,86.22,-64.07,-1091.57,-10088.53,530.27,8670.99,-2272.5,81.07,1708.06,-2191.43,-483.37
881,574.38,1290.97,1676.64,145.36,81.78,-62.13,-1096.4,-10115.03,534.72,8698.55,-2289.44,80.75,1728.85,-2208.69,-479.84
891,551.31,1320.14,1680.53,150.34,73.66,-71.99,-1093.65,-10044.05,523.33,8601.87,-2287.53,80.57,1691.47,-2206.96,-515.49
901,560.96,1280.6,1672.83,153.95,84.95,-63.25,-1058.65,-10123.29,548.93,8710.3,-2296.95,81.98,1767.32,-2214.97,-447.65
911,557.59,1298.67,1657.08,141.12,83.45,-56.02,-1099.57,-10030.95,551.38,8662.94,-2311.04,79.79,1765.68,-2231.24,-465.56
921,553.24,1247.77,1662.49,151.58,88.56,-66.72,-1088.65,-10189.67,546.84,8712.51,-2208.44,79.49,1617.95,-2128.94,-511.0
931,516.18,1293.94,1666.52,142.0,73.44,-65.61,-1092.44,-10087.91,562.84,8652.96,-2266.22,79.66,1661.93,-2186.56,-524.63
941,518.93,1272.23,1678.81,148.42,81.89,-75.28,-1099.64,-10096.69,533.95,8667.06,-2276.66,80.83,1629.68,-2195.83,-566.15
951,557.97,1325.86,1701.66,151.23,77.19,-63.83,-1085.71,-10120.49,543.89,8661.91,-2258.79,79.34,1749.68,-2179.45,-429.77
961,573.5,1291.17,1703.94,144.44,88.99,-67.97,-1097.89,-10082.84,540.11,8607.47,-2234.61,79.85,1700.93,-2154.76,-453.83
971,556.13,1335.15,1690.97,154.05,82.97,-59.25,-1091.02,-10123.71,563.44,8571.64,-2196.31,79.99,1680.36,-2116.32,-435.96
981,523.41,1350.05,1665.25,147.17,84.12,-64.15,-1093.27,-10051.98,541.09,8631.56,-2290.99,80.43,1733.25,-2210.55,-477.31
991,514.25,1277.22,1658.18,143.35,86.49,-56.09,-1076.15,-10209.61,553.63,8695.04,-2197.87,80.06,1586.31,-2117.8,-531.49
1001,513.17,1303.8,1655.14,148.19,84.97,-58.31,-1086.29,-10171.9,524.05,8653.0,-2201.85,79.39,1565.81,-2122.46,-556.65
1011,525.06,1280.83,1696.58,140.55,79.23,-62.31,-1096.64,-10140.62,544.96,8685.62,-2236.93,79.3,1653.26,-2157.63,-504.37
1021,569.21,1314.16,1684.1,150.11,88.69,-66.1,-1089.34,-10222.94,521.37,8660.79,-2186.86,79.28,1610.04,-2107.57,-497.53
1031,556.67,1305.73,1682.5,142.05,97.82,-65.89,-1088.22,-10195.15,519.62,8671.02,-2203.32,79.47,1626.13,-2123.85,-497.72
1041,542.41,1338.9,1680.04,154.24,85.6,-71.37,-1100.59,-10116.31,543.79,8671.67,-2259.71,79.28,1728.39,-2180.43,-452.05
1051,544.73,1327.38,1674.71,153.58,78.53,-69.85,-1096.19,-10061.96,526.26,8642.57,-2260.64,78.35,1719.75,-2182.29,-462.54
1061,540.46,1316.82,1671.95,145.18,83.88,-63.89,-1084.42,-10136.48,526.46,8663.51,-2231.86,79.82,1663.46,-2152.04,-488.57
1071,532.11,1302.35,1678.52,148.95,83.67,-75.66,-1078.75,-10050.87,534.17,8663.99,-2303.87,81.87,1738.49,-2222.0,-483.52
1081,550.38,1349.31,1686.92,148.75,82.72,-76.31,-1094.61,-10063.5,519.64,8622.12,-2272.35,80.39,1725.42,-2191.96,-466.54
1091,548.21,1270.72,1672.12,150.35,83.14,-71.39,-1112.28,-10092.39,536.24,8668.01,-2237.26,79.86,1652.73,-2157.41,-504.68
1101,568.43,1318.89,1672.63,148.43,88.27,-71.3,-1087.31,-10064.16,533.15,8658.35,-2256.01,79.22,1765.37,-2176.79,-411.43
1111,546.53,1311.07,1683.68,154.75,93.49,-55.02,-1105.02,-10068.09,525.99,8677.82,-2300.02,78.99,1765.22,-2221.03,-455.81
1121,588.23,1284.79,1689.45,152.16,75.31,-54.99,-1107.73,-10078.42,528.61,8650.08,-2279.77,79.78,1727.49,-2199.99,-472.5
1131,544.82,1332.39,1688.19,160.12,82.79,-74.18,-1083.87,-10012.87,536.28,8648.66,-2307.98,79.38,1822.32,-2228.6,-406.28
1141,559.6,1319.49,1680.44,150.65,87.83,-60.24,-1096.12,-10056.12,525.67,8626.35,-2270.7,80.22,1737.57,-2190.48,-452.91
1151,546.03,1300.6,1668.01,149.01,89.98,-74.15,-1104.39,-10034.39,530.32,8612.86,-2303.09,79.55,1683.88,-2223.54,-539.66
1161,549.25,1300.05,1668.32,150.98,79.95,-66.07,-1115.06,-9998.4,525.04,8632.64,-2325.6,81.14,1726.69,-2244.46,-517.76
1171,563.13,1308.3,1699.05,148.82,91.2,-65.64,-1094.75,-10110.46,534.46,8655.24,-2258.76,80.18,1729.35,-2178.58,-449.23
1181,566.88,1282.59,1677.31,152.72,78.13,-67.78,-1103.26,-10093.03,535.0,8674.28,-2270.97,79.34,1702.83,-2191.63,-488.8
1191,557.42,1272.54,1676.12,154.53,82.38,-56.68,-1092.37,-10106.43,545.07,8660.89,-2243.34,79.73,1693.47,-2163.61,-470.14
1201,539.32,1269.36,1679.23,148.47,96.08,-66.95,-1090.05,-10163.06,555.81,8725.79,-2220.23,81.02,1694.0,-2139.21,-445.21
1211,542.35,1257.27,1689.09,155.69,84.21,-52.86,-1097.16,-10153.89,548.95,8684.42,-2223.33,79.11,1658.07,-2144.22,-486.15
1221,524.32,1365.66,1665.49,145.6,89.1,-38.51,-1120.46,-10066.56,537.96,8644.85,-2288.25,79.94,1747.44,-2208.31,-460.87
1231,559.22,1287.99,1709.51,143.56,88.01,-62.63,-1119.18,-10045.83,530.33,8638.98,-2260.09,78.62,1729.94,-2181.47,-451.52
1241,535.97,1286.25,1672.24,146.32,80.15,-71.16,-1090.47,-10137.89,535.66,8693.48,-2219.21,79.61,1650.55,-2139.59,-489.04
1251,560.89,1322.76,1677.78,159.84,82.69,-51.98,-1103.02,-10170.8,538.62,8694.81,-2232.93,78.2,1711.57,-2154.72,-443.15
1261,542.84,1306.9,1689.93,155.74,89.83,-61.82,-1117.28,-10156.82,535.3,8707.26,-2216.83,77.64,1691.87,-2139.2,-447.33
1271,523.88,1257.96,1690.07,149.62,80.98,-68.63,-1096.34,-10090.86,544.47,8691.82,-2280.51,80.07,1682.97,-2200.44,-517.47
1281,547.53,1282.48,1684.54,135.59,76.06,-54.17,-1080.33,-10049.3,541.35,8612.92,-2263.54,80.73,1696.66,-2182.81,-486.15
1291,520.96,1240.17,1682.17,145.64,79.33,-56.62,-1064.91,-10099.94,542.92,8674.4,-2234.94,80.17,1664.13,-2154.77,-490.64
1301,538.68,1342.82,1696.79,146.95,86.17,-70.48,-1082.34,-10066.49,548.52,8644.76,-2262.99,79.62,1785.4,-2183.37,-397.98
1311,564.53,1313.9,1671.94,137.88,78.3,-64.02,-1089.01,-10075.95,545.46,8628.91,-2255.01,79.69,1711.95,-2175.32,-463.37
1321,513.63,1336.94,1694.86,150.41,77.74,-65.78,-1101.87,-10108.46,532.1,8695.85,-2266.16,78.93,1725.42,-2187.23,-461.81
1331,544.95,1288.74,1672.09,151.17,77.07,-47.24,-1110.7,-9987.32,527.29,8642.73,-2331.71,79.63,1758.77,-2252.07,-493.3
1341,572.24,1307.77,1647.68,149.07,70.91,-62.56,-1082.07,-10110.96,536.48,8657.91,-2252.31,81.18,1686.47,-2171.13,-484.66
1351,526.82,1244.62,1671.28,143.28,90.11,-69.53,-1091.38,-10031.47,555.77,8685.7,-2315.73,81.11,1725.21,-2234.62,-509.41
1361,542.83,1345.72,1686.75,155.57,91.44,-56.34,-1089.97,-10076.17,550.87,8607.46,-2256.26,79.8,1758.16,-2176.46,-418.3
1371,554.01,1277.31,1685.77,150.85,90.58,-57.04,-1088.96,-10060.25,552.09,8683.08,-2293.01,79.7,1787.43,-2213.3,-425.87
1381,558.61,1309.36,1680.27,148.31,76.44,-57.85,-1110.39,-10042.23,525.64,8649.22,-2290.08,80.86,1737.37,-2209.22,-471.85
1391,593.31,1327.25,1681.89,150.0,82.05,-58.17,-1100.72,-10147.43,519.49,8716.97,-2266.15,80.0,1764.66,-2186.15,-421.49
1401,524.57,1240.9,1673.78,148.21,74.66,-66.12,-1120.92,-10153.04,541.7,8767.29,-2265.86,80.15,1631.03,-2185.71,-554.68
1411,557.7,1251.54,1686.65,138.76,84.96,-70.3,-1087.93,-10146.34,553.37,8715.15,-2252.27,79.44,1683.55,-2172.82,-489.27
1421,510.37,1261.62,1688.66,141.26,72.46,-38.47,-1097.78,-10182.7,534.24,8702.15,-2237.72,78.87,1591.81,-2158.86,-567.05
1431,572.78,1356.52,1693.08,153.11,93.95,-63.74,-1105.86,-10119.19,523.63,8666.51,-2255.72,79.6,1770.78,-2176.11,-405.34
1441,573.01,1269.37,1680.37,149.56,84.59,-57.84,-1115.04,-10069.79,547.9,8746.17,-2323.36,80.53,1808.3,-2242.82,-434.53
1451,537.08,1277.34,1702.76,150.52,91.66,-61.51,-1121.96,-10144.61,539.71,8744.2,-2256.16,78.5,1715.19,-2177.66,-462.47
1461,544.73,1321.14,1681.84,148.21,88.35,-56.14,-1088.12,-10095.05,550.61,8674.77,-2264.02,79.57,1770.34,-2184.45,-414.11
1471,576.94,1319.46,1663.04,145.73,83.61,-65.79,-1075.61,-10030.32,527.72,8667.41,-2299.1,79.76,1812.21,-2219.34,-407.13
1481,547.9,1275.7,1689.05,146.02,76.92,-68.86,-1092.55,-10098.05,544.8,8725.48,-2295.6,79.89,1746.4,-2215.7,-469.3
1491,552.45,1348.54,1685.23,155.55,88.35,-77.64,-1097.94,-10051.18,533.28,8689.1,-2323.59,79.18,1825.71,-2244.42,-418.7
1501,559.52,1304.21,1690.01,147.21,87.54,-66.19,-1123.98,-10049.42,534.38,8690.75,-2309.55,77.72,1774.01,-2231.83,-457.81
1511,527.15,1277.52,1697.41,147.75,89.7,-66.69,-1087.21,-10146.08,557.07,8730.25,-2276.16,79.22,1726.87,-2196.94,-470.06
1521,542.28,1324.31,1674.64,151.58,84.74,-61.53,-1120.07,-10126.43,533.26,8687.08,-2262.19,77.73,1689.86,-2184.46,-494.59
1531,565.89,1283.13,1670.04,149.15,90.17,-67.73,-1108.27,-10150.24,547.19,8721.78,-2257.74,78.64,1701.11,-2179.09,-477.98
1541,542.78,1268.44,1692.55,143.31,89.09,-65.91,-1109.67,-10106.97,524.28,8720.17,-2278.92,78.56,1698.08,-2200.35,-502.27
1551,555.2,1291.66,1682.97,151.27,84.3,-59.27,-1087.37,-10074.42,560.94,8634.45,-2290.24,79.36,1739.74,-2210.88,-471.14
1561,549.63,1300.56,1695.4,148.96,84.93,-75.01,-1113.42,-10155.99,538.22,8695.51,-2241.34,78.92,1668.79,-2162.42,-493.63
1571,544.27,1289.85,1674.49,149.97,75.96,-68.03,-1095.94,-10233.64,546.36,8696.89,-2170.49,77.63,1580.18,-2092.85,-512.68
1581,540.61,1309.44,1680.98,147.34,80.36,-57.13,-1129.02,-10176.67,552.92,8769.96,-2247.87,79.42,1718.79,-2168.45,-449.66
1591,529.9,1261.66,1697.45,136.4,98.87,-70.53,-1111.98,-10150.38,540.75,8754.91,-2276.7,79.77,1687.05,-2196.92,-509.87
1601,546.37,1283.71,1663.17,153.92,84.18,-59.2,-1114.33,-10087.15,530.24,8742.5,-2332.61,79.11,1743.4,-2253.5,-510.1
1611,563.69,1360.29,1660.1,146.45,72.32,-58.78,-1116.53,-10093.24,528.63,8705.88,-2273.69,78.87,1768.81,-2194.82,-426.01
1621,544.73,1280.07,1664.43,150.61,87.32,-60.42,-1105.01,-10134.21,551.06,8728.65,-2258.65,78.79,1707.23,-2179.86,-472.63
1631,565.9,1301.6,1668.33,144.88,82.7,-60.29,-1079.04,-10093.96,531.6,8732.57,-2331.17,80.93,1794.3,-2250.24,-455.94
1641,554.97,1343.19,1672.88,146.37,88.45,-60.24,-1110.73,-10053.62,551.01,8668.24,-2308.96,79.34,1800.52,-2229.62,-429.1
1651,547.91,1339.97,1685.72,150.44,99.37,-65.64,-1113.7,-10069.99,524.5,8684.02,-2312.61,79.54,1782.61,-2233.08,-450.47
1661,606.21,1317.63,1670.58,155.9,75.39,-73.24,-1115.02,-9999.54,509.54,8621.94,-2331.14,79.81,1769.41,-2251.33,-481.92
1671,547.71,1314.18,1677.03,146.32,81.85,-60.18,-1084.68,-10168.18,560.99,8712.39,-2230.01,78.94,1727.43,-2151.07,-423.64
1681,528.47,1282.63,1665.06,147.03,89.55,-61.73,-1107.72,-10090.92,535.04,8676.58,-2284.93,78.45,1663.98,-2206.49,-542.51
1691,561.71,1283.34,1684.34,147.66,79.99,-79.71,-1123.76,-10055.56,556.67,8669.89,-2306.26,78.67,1724.58,-2227.59,-503.01
1701,583.91,1272.65,1683.1,147.04,80.42,-65.85,-1112.95,-10069.39,547.56,8677.34,-2293.29,78.43,1743.82,-2214.87,-471.04
1711,557.05,1340.99,1661.87,157.9,93.73,-76.15,-1116.13,-10088.27,540.42,8684.71,-2258.05,77.63,1756.11,-2180.43,-424.31
1721,528.13,1284.78,1703.61,154.56,93.7,-70.97,-1095.6,-10101.6,535.23,8715.03,-2296.22,79.46,1746.88,-2216.76,-469.88
1731,569.73,1304.8,1692.84,158.36,84.09,-63.36,-1109.93,-10090.99,540.47,8720.87,-2292.38,77.85,1806.87,-2214.53,-407.65
1741,559.13,1265.83,1672.8,136.56,80.9,-60.91,-1096.96,-10059.84,542.84,8655.47,-2291.61,78.64,1695.84,-2212.97,-517.13
1751,546.85,1309.98,1707.39,147.76,91.71,-76.02,-1093.0,-10057.23,553.05,8689.55,-2299.69,79.69,1820.03,-2220.0,-399.97
1761,558.92,1276.12,1696.8,148.71,86.01,-53.44,-1112.75,-10087.97,526.99,8678.66,-2272.25,79.89,1718.04,-2192.36,-474.31
1771,565.02,1274.84,1670.86,143.78,81.86,-50.27,-1094.11,-10222.09,548.42,8709.37,-2189.66,78.14,1627.68,-2111.52,-483.84
1781,541.86,1318.25,1687.4,147.38,90.88,-64.83,-1113.12,-10063.29,542.77,8659.24,-2282.64,77.28,1746.55,-2205.36,-458.81
1791,542.18,1301.08,1665.08,134.75,83.51,-67.27,-1134.0,-10130.2,529.94,8681.1,-2242.44,78.47,1606.15,-2163.97,-557.81
1801,563.05,1313.88,1695.55,159.89,78.42,-70.32,-1100.91,-10083.35,517.08,8666.71,-2279.07,79.55,1740.0,-2199.52,-459.53
1811,561.62,1300.78,1720.42,145.13,96.55,-60.84,-1098.61,-10264.0,531.51,8772.76,-2198.9,77.89,1705.31,-2121.02,-415.7
1821,538.49,1322.04,1675.78,139.34,86.49,-68.65,-1102.49,-10139.25,529.54,8671.19,-2229.81,78.59,1652.49,-2151.22,-498.73
1831,558.95,1279.37,1691.2,146.03,81.85,-62.04,-1112.09,-10133.95,520.26,8715.18,-2256.7,78.1,1684.76,-2178.6,-493.84
1841,565.26,1294.71,1682.44,148.96,87.8,-71.0,-1112.22,-10091.81,530.53,8741.27,-2338.04,79.77,1775.94,-2258.26,-482.32
1851,590.51,1304.03,1703.48,153.4,86.29,-60.34,-1118.07,-10085.41,526.95,8713.25,-2319.64,79.05,1814.08,-2240.59,-426.51
1861,555.78,1338.8,1687.8,150.96,87.65,-70.5,-1122.87,-10090.51,550.55,8653.74,-2261.52,78.35,1741.41,-2183.18,-441.77
1871,553.83,1315.05,1685.66,145.08,78.88,-65.86,-1102.62,-10178.22,552.64,8697.37,-2221.28,77.82,1681.8,-2143.46,-461.66
1881,547.33,1297.29,1708.79,146.19,83.85,-65.46,-1123.52,-10198.58,549.11,8774.01,-2255.39,78.52,1719.02,-2176.87,-457.85
1891,545.77,1281.07,1676.94,141.32,76.78,-61.76,-1130.94,-10128.39,547.26,8763.31,-2282.54,79.04,1711.35,-2203.49,-492.14
1901,582.49,1341.83,1667.69,159.46,78.89,-62.82,-1097.63,-10118.06,530.46,8626.63,-2249.44,79.6,1708.95,-2169.84,-460.89
1911,552.58,1272.64,1654.89,152.29,83.56,-58.96,-1115.01,-10103.57,542.36,8758.04,-2299.05,79.2,1738.82,-2219.85,-481.02
1921,544.68,1297.48,1661.27,146.62,81.47,-64.7,-1117.75,-10230.22,546.49,8722.33,-2216.48,78.12,1587.67,-2138.37,-550.7
1931,523.15,1312.33,1685.14,155.68,81.54,-60.98,-1097.78,-10178.7,562.71,8713.11,-2223.02,77.37,1696.21,-2145.65,-449.44
1941,545.24,1310.77,1674.95,149.85,90.17,-62.74,-1101.24,-10135.93,536.36,8689.25,-2265.62,78.25,1696.68,-2187.37,-490.7
1951,533.71,1320.52,1678.9,157.75,81.02,-65.13,-1107.15,-10099.03,567.72,8694.79,-2286.21,77.81,1763.1,-2208.4,-445.3
1961,540.05,1316.81,1662.62,142.84,86.15,-67.53,-1114.6,-10123.62,537.15,8672.75,-2235.4,76.59,1652.63,-2158.81,-506.18
1971,542.99,1267.47,1685.68,145.65,89.18,-66.64,-1086.62,-10111.44,538.39,8717.63,-2299.3,79.03,1722.3,-2220.27,-497.97
1981,508.08,1293.27,1689.03,149.17,86.64,-62.77,-1102.02,-10175.9,557.24,8706.17,-2245.5,78.31,1648.9,-2167.19,-518.3
1991,575.54,1347.6,1653.64,155.97,81.3,-66.2,-1097.76,-10192.77,543.91,8721.18,-2213.51,78.26,1722.41,-2135.25,-412.84
2001,542.74,1317.42,1672.62,147.96,91.9,-64.9,-1088.26,-10200.14,538.17,8771.94,-2269.55,79.81,1729.46,-2189.74,-460.28
2011,555.13,1284.57,1701.34,148.11,91.28,-61.4,-1143.73,-10094.95,538.42,8677.71,-2262.38,77.82,1696.48,-2184.56,-488.08
2021,536.83,1310.81,1718.48,149.93,92.69,-61.54,-1127.64,-10208.5,547.06,8770.88,-2236.62,77.55,1729.01,-2159.07,-430.06
2031,563.44,1292.6,1697.81,149.5,87.14,-69.92,-1145.79,-10135.91,532.82,8690.02,-2237.05,76.23,1661.69,-2160.83,-499.13
2041,579.14,1338.58,1666.2,153.67,76.76,-67.86,-1129.68,-10192.39,541.09,8781.12,-2258.53,77.32,1746.63,-2181.21,-434.58
2051,562.68,1298.98,1700.51,152.69,89.13,-61.72,-1119.69,-10172.54,556.35,8697.5,-2213.8,78.85,1703.88,-2134.96,-431.08
2061,570.67,1292.28,1667.42,156.68,87.18,-53.82,-1127.89,-10106.21,545.12,8753.33,-2313.07,76.69,1784.77,-2236.38,-451.61
2071,543.57,1308.34,1651.13,148.29,87.18,-59.36,-1101.9,-10170.43,546.39,8718.57,-2257.22,77.18,1671.77,-2180.04,-508.27
2081,584.53,1331.13,1681.22,149.84,103.64,-62.08,-1123.83,-10216.55,527.1,8739.51,-2227.2,76.78,1714.5,-2150.42,-435.91
2091,527.68,1277.76,1702.2,145.77,74.86,-60.01,-1121.74,-10200.77,534.1,8739.92,-2231.99,78.71,1619.77,-2153.28,-533.51
2101,580.12,1284.82,1670.41,149.3,81.03,-58.52,-1129.91,-10146.26,527.78,8737.47,-2280.54,78.58,1696.24,-2201.97,-505.73
2111,560.19,1268.88,1688.52,151.98,94.55,-64.2,-1099.35,-10162.97,553.29,8750.9,-2283.0,77.28,1741.79,-2205.72,-463.93
2121,558.96,1310.82,1679.46,142.77,87.78,-51.43,-1104.44,-10151.31,536.53,8709.49,-2267.83,78.14,1718.63,-2189.69,-471.06
2131,534.71,1291.03,1688.46,139.71,75.09,-61.02,-1083.44,-10234.17,536.72,8744.29,-2224.36,78.09,1631.38,-2146.26,-514.88
2141,545.03,1289.38,1671.19,147.71,96.66,-72.16,-1098.07,-10117.46,549.98,8695.62,-2281.67,79.37,1707.88,-2202.3,-494.42
2151,556.59,1293.96,1674.26,152.95,86.35,-65.21,-1126.89,-10085.54,536.83,8731.44,-2309.9,77.77,1754.75,-2232.13,-477.39
2161,572.95,1314.58,1700.5,150.63,81.72,-65.55,-1125.11,-10018.06,557.69,8696.0,-2339.3,77.89,1865.37,-2261.41,-396.05
2171,566.83,1263.43,1681.63,145.86,77.95,-45.07,-1123.83,-10097.61,545.33,8668.69,-2256.6,79.24,1683.2,-2177.36,-494.15
2181,558.05,1327.2,1673.14,154.62,85.44,-69.29,-1105.59,-10102.41,537.71,8686.27,-2282.87,77.93,1745.12,-2204.95,-459.83
2191,550.57,1324.66,1694.48,153.43,97.34,-72.77,-1092.79,-10153.7,545.12,8690.43,-2243.26,78.02,1736.78,-2165.24,-428.46
2201,525.0,1319.66,1680.04,145.13,88.93,-66.69,-1111.26,-10062.98,546.22,8630.91,-2273.67,79.01,1694.95,-2194.66,-499.71
2211,548.09,1310.38,1717.14,148.43,89.21,-66.46,-1106.3,-10125.99,551.15,8701.76,-2286.94,78.43,1767.42,-2208.51,-441.09
2221,571.72,1269.14,1707.35,148.87,93.73,-65.6,-1081.98,-10082.97,536.12,8645.16,-2294.49,77.43,1741.54,-2217.06,-475.52
2231,547.88,1307.83,1684.46,149.12,78.41,-71.26,-1131.4,-10059.14,547.41,8685.1,-2298.89,78.12,1738.42,-2220.77,-482.35
2241,540.73,1312.75,1698.92,149.25,79.2,-62.67,-1122.63,-10140.8,547.92,8710.16,-2260.73,77.71,1712.84,-2183.01,-470.17
2251,557.17,1302.26,1675.3,145.16,86.96,-54.25,-1111.32,-10070.66,543.61,8664.79,-2282.15,77.69,1739.02,-2204.46,-465.44
2261,563.97,1299.16,1691.81,149.61,87.15,-54.57,-1107.23,-10063.9,543.67,8698.37,-2327.08,78.67,1808.04,-2248.41,-440.38
2271,543.15,1321.62,1677.56,153.21,85.1,-66.8,-1101.43,-10127.16,544.94,8711.2,-2264.15,78.37,1741.4,-2185.78,-444.39
2281,522.34,1233.8,1676.61,141.2,76.14,-64.51,-1122.26,-10092.65,546.23,8718.13,-2290.42,77.03,1635.03,-2213.38,-578.36
2291,579.35,1333.88,1681.66,153.37,76.8,-78.56,-1135.17,-10114.41,535.72,8643.48,-2219.71,77.08,1676.12,-2142.62,-466.5
2301,557.22,1254.14,1677.38,140.14,88.42,-65.66,-1128.09,-10064.17,541.01,8674.5,-2296.06,78.52,1674.9,-2217.54,-542.64
2311,537.3,1298.93,1677.56,157.53,88.2,-66.91,-1095.9,-10122.23,551.37,8684.75,-2277.27,78.96,1710.61,-2198.31,-487.71
2321,513.08,1319.11,1667.32,148.36,84.71,-55.88,-1112.82,-10177.41,543.56,8731.61,-2260.56,77.34,1661.64,-2183.22,-521.58
2331,568.03,1311.11,1652.41,157.86,77.28,-67.61,-1111.34,-10106.65,538.07,8665.46,-2255.15,77.68,1684.62,-2177.47,-492.85
2341,576.15,1265.77,1668.44,151.16,73.94,-63.45,-1119.2,-10079.78,536.32,8657.75,-2283.93,78.48,1667.08,-2205.45,-538.37
2351,568.38,1247.16,1697.18,145.45,82.86,-56.32,-1105.4,-10026.15,542.09,8638.97,-2301.5,78.9,1734.21,-2222.6,-488.38
2361,516.2,1289.53,1665.06,145.09,79.11,-65.82,-1096.38,-10120.94,563.83,8701.42,-2287.93,77.88,1677.1,-2210.05,-532.95
2371,550.92,1302.34,1672.8,145.87,93.02,-68.34,-1122.47,-10117.84,548.24,8679.74,-2267.57,78.13,1684.27,-2189.44,-505.17
2381,580.16,1254.9,1659.75,144.02,83.86,-71.16,-1108.57,-10134.77,536.25,8687.54,-2221.18,78.05,1631.98,-2143.13,-511.14
2391,540.82,1340.47,1684.31,138.94,82.85,-57.76,-1080.75,-10173.66,541.85,8691.22,-2246.18,78.81,1708.31,-2167.37,-459.06
2401,555.38,1286.06,1676.87,144.63,72.3,-59.92,-1072.82,-10130.27,550.65,8668.38,-2275.45,77.35,1691.25,-2198.1,-506.85
2411,548.86,1326.39,1682.11,156.97,75.02,-65.13,-1107.78,-10099.42,544.96,8671.12,-2281.02,77.32,1733.1,-2203.7,-470.6
2421,553.22,1262.78,1679.09,147.33,68.52,-69.47,-1100.77,-10169.35,527.78,8735.49,-2282.33,80.23,1634.62,-2202.1,-567.48
2431,525.12,1364.21,1693.38,148.86,85.86,-68.48,-1108.27,-10113.22,541.62,8696.48,-2293.65,78.32,1765.57,-2215.32,-449.75
2441,537.8,1332.65,1658.6,148.78,82.93,-63.2,-1109.55,-10088.22,532.37,8733.71,-2320.35,77.63,1765.86,-2242.72,-476.86
2451,522.85,1362.96,1669.92,148.4,80.96,-61.22,-1102.64,-10076.87,537.59,8649.13,-2293.62,77.65,1731.09,-2215.97,-484.88
2461,569.47,1326.82,1731.21,146.24,78.1,-72.68,-1122.73,-10045.68,550.86,8577.93,-2265.38,77.9,1739.54,-2187.48,-447.94
2471,556.29,1320.7,1667.66,144.47,85.81,-81.1,-1119.55,-10090.63,530.76,8686.21,-2281.51,78.6,1700.63,-2202.92,-502.29
2481,601.07,1309.35,1678.36,162.31,86.66,-58.16,-1108.68,-10062.46,530.61,8627.23,-2283.25,77.95,1766.29,-2205.31,-439.02
2491,559.8,1293.26,1664.56,153.08,76.91,-63.37,-1096.91,-10106.43,550.83,8705.78,-2278.24,78.7,1737.51,-2199.54,-462.03
2501,585.02,1279.5,1671.88,147.5,74.05,-53.98,-1109.7,-10189.34,543.15,8750.76,-2243.73,80.2,1698.84,-2163.53,-464.69
2511,522.32,1288.32,1689.18,140.09,81.19,-66.84,-1109.17,-10163.37,543.33,8698.54,-2227.65,77.92,1623.6,-2149.73,-526.13
2521,536.3,1308.12,1666.19,148.5,95.77,-54.46,-1094.7,-10151.79,554.86,8713.47,-2261.38,79.64,1722.25,-2181.75,-459.5
2531,500.62,1235.87,1668.24,135.75,86.89,-56.01,-1087.98,-10166.12,544.42,8773.44,-2283.85,80.02,1635.12,-2203.84,-568.71
2541,525.21,1304.74,1677.99,140.41,90.31,-58.55,-1089.09,-10176.18,539.41,8735.82,-2276.9,79.72,1690.07,-2197.18,-507.1
2551,564.71,1245.89,1693.02,140.8,84.04,-63.6,-1113.3,-10196.43,536.04,8778.99,-2244.94,78.13,1670.16,-2166.81,-496.65
2561,578.4,1311.75,1701.38,158.74,83.32,-59.31,-1119.42,-10126.4,532.18,8682.33,-2259.65,77.86,1742.96,-2181.8,-438.84
2571,572.23,1287.69,1653.11,154.68,85.53,-59.95,-1108.67,-10150.65,544.42,8678.62,-2233.73,77.52,1657.01,-2156.21,-499.2
2581,565.81,1272.36,1695.99,141.59,87.94,-64.12,-1116.97,-10133.77,536.82,8697.62,-2264.0,78.58,1683.26,-2185.42,-502.16
2591,516.58,1307.92,1653.05,137.88,87.19,-62.83,-1107.42,-10125.98,541.55,8690.53,-2277.84,79.78,1638.47,-2198.06,-559.6
2601,558.7,1350.58,1682.47,148.41,84.06,-60.14,-1110.68,-10094.77,560.5,8692.22,-2294.73,78.61,1811.35,-2216.12,-404.77
2611,501.85,1335.73,1667.64,148.96,80.89,-50.87,-1116.58,-10141.58,546.55,8682.06,-2228.57,78.35,1654.65,-2150.22,-495.57
2621,535.74,1290.29,1684.82,142.08,91.41,-73.08,-1102.17,-10142.01,542.4,8726.77,-2268.14,78.23,1696.26,-2189.91,-493.65
2631,524.83,1311.8,1680.78,162.03,76.71,-54.05,-1111.35,-10128.96,544.59,8666.93,-2264.07,79.92,1673.32,-2184.15,-510.83
2641,545.87,1292.95,1664.96,142.23,85.82,-60.82,-1109.05,-10060.65,539.69,8646.93,-2272.26,78.88,1687.93,-2193.38,-505.46
2651,575.58,1327.26,1651.88,154.5,83.9,-63.53,-1111.82,-10085.29,535.37,8672.71,-2282.94,78.66,1740.57,-2204.29,-463.71
2661,533.93,1326.22,1682.65,148.04,89.04,-61.83,-1095.92,-10059.08,557.79,8672.37,-2298.15,79.19,1793.21,-2218.96,-425.75
2671,535.73,1301.71,1685.7,137.74,90.09,-67.27,-1100.81,-10030.93,553.84,8605.43,-2282.25,78.66,1711.21,-2203.59,-492.37
2681,528.17,1274.87,1692.32,145.27,88.89,-55.67,-1120.06,-10139.05,539.32,8708.96,-2241.0,77.48,1663.02,-2163.52,-500.49
2691,523.23,1303.2,1677.33,141.06,81.81,-55.44,-1109.69,-10075.22,550.49,8673.19,-2291.97,78.85,1709.97,-2213.12,-503.15
2701,528.8,1328.62,1685.81,156.71,85.84,-48.72,-1111.75,-10003.76,543.02,8648.32,-2347.42,77.31,1812.91,-2270.11,-457.21
2711,551.29,1256.06,1674.06,142.29,82.86,-69.86,-1112.49,-10138.56,537.09,8720.02,-2260.49,77.55,1642.75,-2182.94,-540.19
2721,563.05,1284.31,1681.86,146.53,83.33,-70.06,-1102.72,-10146.47,533.98,8675.31,-2237.77,78.23,1649.12,-2159.53,-510.41
2731,537.21,1303.11,1689.08,141.63,88.74,-57.85,-1120.49,-10081.45,541.73,8686.51,-2290.59,78.08,1728.22,-2212.51,-484.28
2741,582.71,1307.44,1665.9,149.08,79.42,-54.51,-1096.75,-10056.56,533.23,8628.32,-2288.35,78.35,1738.27,-2210.0,-471.73
2751,586.01,1281.09,1697.64,145.0,86.02,-70.95,-1112.77,-10151.49,516.55,8678.83,-2224.36,77.02,1655.93,-2147.33,-491.41
2761,546.88,1293.23,1678.86,146.67,91.11,-66.14,-1096.9,-10104.43,567.0,8733.03,-2287.33,77.73,1789.31,-2209.6,-420.29
2771,555.67,1303.95,1688.68,154.35,83.0,-61.19,-1087.04,-10206.51,563.09,8712.34,-2232.86,77.34,1706.34,-2155.52,-449.18
2781,565.27,1295.58,1677.41,147.51,94.53,-55.02,-1097.28,-10083.54,550.09,8649.98,-2269.06,78.18,1744.54,-2190.88,-446.35
2791,564.91,1295.27,1700.27,140.78,98.45,-63.11,-1102.36,-10113.33,527.23,8705.96,-2268.46,79.08,1754.06,-2189.38,-435.32
2801,540.95,1303.42,1686.72,152.54,86.55,-62.78,-1097.45,-10141.88,541.39,8703.24,-2253.97,78.01,1712.69,-2175.97,-463.27
2811,545.26,1252.74,1709.8,141.02,84.23,-72.2,-1107.99,-10151.28,536.5,8747.48,-2265.43,78.63,1685.56,-2186.8,-501.25
2821,561.61,1313.0,1655.35,148.89,82.0,-58.62,-1100.41,-9995.69,528.66,8613.26,-2337.23,79.72,1748.06,-2257.51,-509.45
2831,555.99,1283.01,1686.17,144.78,83.58,-63.69,-1126.4,-10002.66,527.04,8647.33,-2326.13,77.59,1735.13,-2248.54,-513.41
2841,555.87,1243.66,1691.43,142.56,82.3,-68.93,-1098.74,-10113.97,550.3,8715.59,-2292.69,79.67,1700.07,-2213.03,-512.96
2851,557.5,1319.42,1656.21,151.93,79.08,-55.61,-1119.73,-10082.15,536.97,8723.47,-2303.61,79.52,1767.09,-2224.09,-457.0
2861,559.39,1280.05,1675.64,141.88,87.24,-58.39,-1118.38,-9985.72,528.96,8625.32,-2315.44,77.47,1735.97,-2237.97,-502.0
2871,525.37,1322.4,1680.8,153.9,85.24,-68.32,-1125.69,-9976.58,538.69,8624.92,-2318.3,78.4,1760.73,-2239.89,-479.17
2881,545.64,1297.95,1694.06,148.01,85.04,-73.9,-1112.27,-10083.89,550.15,8682.89,-2285.86,77.36,1733.67,-2208.5,-474.83
2891,536.65,1339.77,1665.47,158.28,86.94,-73.97,-1108.21,-10057.51,535.06,8612.33,-2265.09,79.28,1694.79,-2185.82,-491.02
2901,542.01,1359.23,1700.83,145.4,79.28,-61.11,-1098.94,-10047.6,557.5,8603.54,-2260.14,79.06,1780.15,-2181.08,-400.93
2911,547.84,1281.31,1687.79,142.23,94.91,-77.43,-1110.08,-10075.37,539.77,8674.97,-2269.74,78.32,1705.94,-2191.42,-485.48
2921,578.77,1297.67,1709.31,150.78,84.9,-58.42,-1111.18,-10125.05,530.18,8671.8,-2255.24,80.1,1728.75,-2175.14,-446.39
2931,554.29,1345.15,1687.71,153.41,86.31,-58.1,-1122.36,-10013.89,534.58,8615.44,-2297.66,79.7,1782.55,-2217.95,-435.4
2941,569.58,1329.49,1681.14,149.1,76.35,-62.82,-1105.96,-10047.94,533.57,8635.08,-2284.51,80.38,1757.6,-2204.12,-446.52
2951,557.36,1252.01,1684.99,145.82,82.38,-66.88,-1096.61,-10049.24,549.88,8645.97,-2274.06,77.2,1705.68,-2196.87,-491.19
2961,531.38,1254.72,1668.26,153.09,81.58,-60.45,-1105.41,-10105.94,551.75,8676.34,-2253.3,79.28,1645.31,-2174.03,-528.71
2971,551.1,1305.35,1679.41,145.16,93.86,-53.54,-1122.23,-10119.15,544.29,8691.82,-2260.99,77.26,1716.06,-2183.73,-467.67
2981,560.4,1355.11,1683.03,150.95,69.27,-70.63,-1117.89,-10021.98,523.93,8589.28,-2270.96,78.87,1721.47,-2192.09,-470.62
2991,553.85,1339.33,1666.73,143.67,96.41,-59.18,-1135.55,-10141.28,545.77,8703.36,-2231.48,77.43,1713.12,-2154.05,-440.93
3001,558.16,1316.12,1670.76,154.6,88.06,-51.9,-1087.08,-10147.53,539.91,8679.15,-2254.68,78.14,1720.26,-2176.54,-456.28
3011,547.1,1282.0,1675.46,144.83,82.67,-55.07,-1098.39,-10133.88,539.87,8682.21,-2244.41,78.35,1666.8,-2166.06,-499.25
3021,560.76,1341.82,1716.43,149.81,77.85,-55.42,-1102.86,-10110.46,541.86,8758.45,-2309.48,78.43,1878.24,-2231.05,-352.81
3031,539.98,1261.22,1674.53,145.81,84.21,-59.97,-1099.87,-10174.23,572.42,8706.35,-2228.84,77.85,1650.45,-2150.98,-500.53
3041,541.08,1309.18,1694.16,157.71,85.52,-50.68,-1126.92,-10138.49,533.21,8688.71,-2262.77,79.18,1693.49,-2183.58,-490.1
3051,605.36,1326.98,1679.89,153.18,90.05,-55.78,-1100.08,-10015.21,523.33,8630.95,-2331.57,80.55,1838.67,-2251.02,-412.35
3061,532.44,1288.01,1665.89,154.75,82.94,-66.62,-1104.32,-10155.05,536.13,8732.6,-2282.29,78.46,1666.77,-2203.83,-537.06
3071,554.11,1265.86,1677.2,145.2,79.47,-59.58,-1112.84,-10069.48,527.54,8685.25,-2300.47,79.38,1692.74,-2221.09,-528.35
3081,523.95,1307.17,1660.75,145.37,80.19,-62.6,-1096.14,-10068.11,542.32,8683.34,-2319.97,79.93,1716.24,-2240.04,-523.8
3091,526.17,1312.49,1688.82,151.21,90.82,-55.01,-1102.2,-10101.44,563.71,8713.48,-2287.9,77.31,1788.05,-2210.59,-422.54
3101,552.83,1323.83,1675.99,153.01,76.03,-59.58,-1084.57,-10126.75,543.78,8699.25,-2264.47,80.48,1753.82,-2183.99,-430.16
3111,512.62,1297.25,1706.75,149.87,71.64,-67.74,-1114.89,-10104.5,545.17,8675.54,-2270.14,79.64,1671.7,-2190.5,-518.8
3121,508.35,1318.12,1675.61,142.55,81.18,-61.25,-1081.94,-10152.08,541.8,8719.08,-2270.68,78.43,1691.41,-2192.25,-500.84
3131,556.51,1363.46,1693.91,154.26,94.5,-72.17,-1099.84,-10065.93,544.17,8612.96,-2301.1,79.23,1781.82,-2221.87,-440.05
3141,551.66,1299.91,1679.12,153.29,93.97,-62.77,-1113.03,-10095.72,532.91,8720.68,-2298.57,78.71,1760.02,-2219.87,-459.85
3151,558.24,1315.65,1658.61,145.56,78.53,-64.07,-1095.6,-10035.34,524.32,8639.98,-2302.12,78.3,1725.89,-2223.82,-497.93
3161,532.74,1308.51,1660.52,148.5,104.12,-55.04,-1109.72,-10070.33,544.81,8678.77,-2298.71,78.3,1742.87,-2220.41,-477.54
3171,562.04,1326.56,1706.7,145.54,83.82,-57.26,-1121.55,-10044.35,547.13,8696.07,-2319.46,77.86,1844.7,-2241.6,-396.9
3181,553.93,1291.87,1690.29,147.1,90.05,-65.72,-1106.45,-10081.02,538.62,8679.02,-2301.49,79.7,1737.68,-2221.79,-484.12
3191,562.54,1346.56,1692.55,164.72,80.94,-65.23,-1092.78,-10084.7,552.57,8661.45,-2298.14,79.06,1818.6,-2219.08,-400.48
3201,526.09,1308.66,1680.17,149.91,90.71,-66.2,-1109.05,-10176.24,548.46,8751.16,-2244.57,79.06,1703.66,-2165.51,-461.85
3211,553.37,1295.9,1678.6,141.77,74.43,-55.15,-1113.0,-10105.21,523.49,8643.2,-2249.65,77.5,1637.4,-2172.14,-534.74
3221,564.83,1307.14,1703.42,149.5,90.63,-71.26,-1116.12,-10097.43,550.53,8683.7,-2274.61,77.48,1764.95,-2197.12,-432.17
3231,522.04,1316.72,1703.04,155.49,100.76,-70.31,-1138.8,-10062.95,560.43,8702.86,-2289.31,77.47,1789.28,-2211.84,-422.56
3241,544.26,1297.83,1702.19,145.06,78.79,-67.1,-1105.78,-10152.73,524.66,8737.04,-2254.82,78.59,1704.21,-2176.24,-472.02
3251,577.92,1297.03,1685.41,147.64,84.18,-65.71,-1089.26,-10039.01,515.88,8676.31,-2339.9,77.34,1790.37,-2262.56,-472.19
3261,544.99,1308.09,1668.53,145.07,79.71,-60.53,-1125.36,-10021.39,547.89,8688.95,-2341.97,78.42,1775.96,-2263.56,-487.6
3271,545.76,1326.55,1676.35,152.34,82.11,-51.45,-1120.75,-10055.32,533.44,8702.05,-2319.51,78.11,1791.07,-2241.39,-450.33
3281,517.58,1292.74,1664.69,149.78,73.24,-67.04,-1102.1,-10005.31,547.62,8681.4,-2353.38,78.94,1752.62,-2274.44,-521.82
3291,546.27,1316.66,1677.22,153.35,93.95,-69.76,-1077.8,-10026.13,555.45,8683.07,-2340.54,78.32,1852.29,-2262.22,-409.93
3301,571.69,1273.11,1675.5,154.1,79.3,-64.99,-1100.55,-10058.52,547.55,8687.57,-2317.94,79.56,1764.73,-2238.39,-473.65
3311,539.37,1268.19,1685.02,145.41,86.27,-64.3,-1105.91,-10120.02,547.38,8709.49,-2266.76,78.85,1690.89,-2187.91,-497.02
3321,554.24,1252.41,1704.45,143.64,89.78,-63.18,-1096.82,-10111.41,552.0,8696.13,-2306.32,79.53,1721.24,-2226.79,-505.55
3331,545.23,1343.33,1695.49,150.64,83.07,-75.68,-1101.11,-10127.55,543.26,8699.53,-2259.16,79.96,1756.21,-2179.2,-422.99
3341,573.36,1304.85,1669.75,146.46,85.42,-65.87,-1084.47,-10094.78,543.1,8697.56,-2309.49,79.73,1775.38,-2229.75,-454.37
3351,551.68,1297.31,1699.34,157.49,84.77,-74.78,-1079.4,-10143.45,566.45,8758.4,-2307.89,79.24,1817.8,-2228.65,-410.85
3361,528.59,1300.52,1688.97,144.0,79.99,-84.79,-1085.41,-10170.77,539.18,8686.79,-2248.85,80.24,1627.06,-2168.6,-541.55
3371,563.29,1302.33,1690.16,150.96,75.68,-68.23,-1114.7,-10091.07,544.63,8688.45,-2288.46,80.79,1741.49,-2207.66,-466.17
3381,571.11,1317.05,1673.72,150.99,85.35,-66.94,-1087.65,-10127.26,533.98,8739.1,-2294.31,79.36,1789.44,-2214.95,-425.51
3391,546.53,1274.16,1683.78,145.5,83.2,-68.95,-1127.23,-10106.66,553.77,8671.65,-2260.9,78.44,1655.75,-2182.46,-526.71
3401,541.66,1337.31,1674.61,153.73,85.21,-69.0,-1091.38,-10131.26,538.58,8674.86,-2242.17,79.37,1714.32,-2162.8,-448.48
3411,538.32,1340.86,1697.82,146.43,90.45,-67.27,-1092.15,-10222.53,536.42,8731.94,-2213.62,79.91,1700.29,-2133.71,-433.43
3421,560.46,1287.42,1683.46,148.15,95.64,-65.19,-1098.71,-10147.89,541.48,8679.84,-2238.47,78.31,1684.65,-2160.17,-475.51
3431,545.48,1318.48,1700.7,146.16,79.08,-56.0,-1106.82,-10143.35,545.46,8703.06,-2257.66,78.88,1732.26,-2178.78,-446.52
3441,541.1,1336.8,1691.28,140.98,77.0,-77.53,-1074.77,-10113.16,556.53,8678.78,-2283.07,79.09,1757.02,-2203.97,-446.95
3451,571.05,1299.12,1676.91,152.06,79.68,-55.53,-1094.49,-10167.49,522.3,8718.68,-2234.95,78.87,1702.29,-2156.08,-453.79
3461,548.98,1278.99,1686.22,146.42,91.61,-66.78,-1127.35,-10120.57,522.14,8721.44,-2279.96,78.46,1681.1,-2201.5,-520.4
3471,560.21,1334.76,1656.82,147.41,74.9,-60.24,-1097.88,-10085.24,515.89,8672.48,-2288.82,79.39,1719.09,-2209.43,-490.34
3481,555.8,1311.74,1669.66,145.42,74.92,-71.77,-1100.77,-10155.43,535.23,8734.84,-2251.4,79.34,1699.63,-2172.06,-472.43
3491,545.58,1292.9,1656.3,150.98,78.04,-57.46,-1072.92,-10139.69,523.43,8698.4,-2278.54,78.61,1675.56,-2199.94,-524.38
3501,549.8,1328.54,1679.76,148.79,87.19,-79.27,-1108.8,-10009.19,555.66,8663.6,-2327.94,78.58,1816.08,-2249.36,-433.28
3511,582.79,1308.14,1682.22,145.86,94.28,-73.49,-1100.3,-10094.15,525.67,8691.95,-2319.79,80.04,1762.96,-2239.75,-476.79
3521,551.25,1308.38,1663.45,145.95,81.41,-73.95,-1122.02,-10036.19,546.16,8675.1,-2332.04,79.56,1739.53,-2252.48,-512.94
3531,522.26,1335.55,1678.15,147.16,79.46,-45.26,-1114.52,-10035.03,540.11,8659.21,-2323.35,79.44,1767.08,-2243.91,-476.83
3541,517.22,1323.93,1679.09,148.63,77.01,-73.01,-1104.3,-10016.03,533.58,8653.08,-2346.47,79.97,1739.2,-2266.5,-527.3
3551,535.42,1334.4,1680.23,144.06,80.27,-63.42,-1108.6,-9971.23,543.99,8627.42,-2371.03,80.64,1802.55,-2290.39,-487.84
3561,557.93,1294.75,1657.38,143.77,79.7,-65.12,-1085.1,-10024.53,550.43,8673.05,-2347.61,79.26,1782.25,-2268.34,-486.09
3571,584.56,1278.95,1684.9,152.98,95.86,-61.38,-1091.31,-10073.57,510.32,8665.3,-2307.17,79.45,1746.61,-2227.72,-481.11
3581,549.33,1306.84,1683.11,148.34,77.38,-59.51,-1100.93,-10139.21,542.17,8698.8,-2256.69,78.93,1706.32,-2177.77,-471.45
3591,546.57,1301.02,1685.83,154.93,78.72,-56.2,-1111.9,-10127.45,533.53,8736.28,-2279.81,79.24,1741.33,-2200.57,-459.24
3601,563.57,1331.62,1689.28,148.03,83.42,-62.23,-1097.87,-10082.84,535.83,8671.08,-2279.33,78.71,1779.88,-2200.62,-420.74
3611,550.44,1347.16,1679.35,154.82,98.18,-61.27,-1084.47,-10143.74,520.36,8647.27,-2225.35,78.14,1708.09,-2147.21,-439.12
3621,555.03,1283.45,1680.42,149.52,86.1,-66.58,-1112.28,-10049.67,532.37,8679.31,-2316.73,79.81,1737.67,-2236.91,-499.24
3631,576.64,1355.77,1659.3,155.12,88.38,-48.66,-1109.02,-10082.16,538.81,8694.94,-2308.3,77.74,1829.11,-2230.56,-401.45
3641,561.67,1308.51,1691.39,145.2,86.69,-66.46,-1125.41,-10009.59,541.36,8681.42,-2360.87,77.65,1814.77,-2283.22,-468.45
3651,538.33,1269.13,1702.41,145.41,94.86,-65.77,-1095.9,-10016.14,540.59,8690.71,-2372.37,78.79,1803.63,-2293.58,-489.95
3661,568.9,1306.98,1702.21,159.79,71.75,-69.17,-1122.97,-10050.1,538.81,8735.8,-2339.48,78.1,1842.01,-2261.37,-419.37
3671,556.52,1295.87,1660.04,149.23,78.31,-64.74,-1123.28,-10049.06,515.47,8694.12,-2309.82,79.09,1712.49,-2230.73,-518.24
3681,531.44,1316.04,1692.85,147.02,88.15,-62.62,-1097.81,-10037.4,557.73,8683.9,-2342.42,80.62,1819.29,-2261.8,-442.51
3691,531.45,1294.46,1685.54,139.86,79.26,-55.76,-1106.49,-10093.26,524.79,8692.23,-2279.22,77.46,1692.09,-2201.76,-509.67
3701,538.45,1337.48,1663.86,144.74,86.58,-55.46,-1105.41,-10032.15,536.88,8691.2,-2349.39,78.3,1806.19,-2271.09,-464.9
3711,535.41,1295.93,1665.6,154.78,79.26,-58.26,-1133.37,-10051.02,549.88,8704.12,-2341.97,78.88,1742.32,-2263.09,-520.77
3721,566.12,1325.96,1698.93,150.35,84.5,-61.35,-1112.69,-10016.82,536.5,8659.23,-2334.65,80.0,1830.73,-2254.66,-423.93
3731,530.37,1288.64,1692.22,149.92,86.78,-64.87,-1100.04,-10052.86,537.39,8654.73,-2316.06,78.82,1722.28,-2237.24,-514.96
3741,556.54,1320.85,1675.62,150.65,88.12,-57.73,-1115.38,-10080.26,545.99,8693.94,-2317.41,79.52,1778.33,-2237.89,-459.56
3751,553.46,1315.59,1673.6,147.77,85.75,-58.56,-1106.23,-10042.71,539.23,8666.01,-2314.59,80.23,1773.9,-2234.36,-460.46
3761,528.03,1299.73,1692.21,161.22,77.11,-54.28,-1095.04,-10094.06,545.99,8697.55,-2295.82,79.45,1758.48,-2216.37,-457.89
3771,538.11,1267.93,1657.04,155.78,92.96,-56.7,-1090.75,-10037.37,540.16,8660.93,-2331.99,81.2,1728.09,-2250.8,-522.71
3781,503.16,1334.14,1669.95,149.54,91.34,-56.98,-1106.84,-10008.11,551.32,8666.24,-2331.92,79.05,1793.76,-2252.87,-459.11
3791,557.79,1296.2,1677.77,147.13,80.32,-64.42,-1101.08,-10091.66,538.39,8682.99,-2287.11,79.77,1723.42,-2207.34,-483.92
3801,520.47,1304.54,1686.69,149.69,86.94,-57.02,-1106.3,-10074.33,549.0,8657.23,-2282.78,79.2,1716.91,-2203.57,-486.66
3811,585.57,1280.44,1690.5,147.55,75.84,-62.68,-1116.99,-10068.52,542.78,8654.96,-2270.54,80.03,1729.45,-2190.51,-461.07
3821,555.19,1286.72,1665.69,147.22,89.74,-68.94,-1101.63,-10043.87,542.12,8707.48,-2329.96,79.11,1779.72,-2250.85,-471.13
3831,572.73,1286.8,1674.48,147.26,76.08,-61.48,-1106.88,-9976.24,544.0,8651.75,-2360.02,76.42,1808.5,-2283.6,-475.11
3841,556.93,1310.5,1686.74,149.96,87.31,-57.98,-1073.27,-10084.4,559.35,8711.56,-2316.87,79.16,1846.7,-2237.72,-391.02
3851,519.78,1324.6,1669.7,153.29,100.03,-59.88,-1094.47,-10085.69,548.26,8713.44,-2307.78,79.72,1789.04,-2228.06,-439.02
3861,557.26,1282.25,1685.87,155.73,94.0,-63.91,-1105.88,-10011.45,534.99,8664.72,-2339.36,77.77,1793.58,-2261.58,-468.0
3871,541.61,1330.53,1678.21,153.46,85.53,-66.85,-1097.85,-10102.16,528.61,8673.64,-2289.72,79.66,1724.73,-2210.06,-485.33
3881,537.95,1342.23,1684.7,143.67,79.03,-66.2,-1126.25,-10039.97,519.21,8670.02,-2335.34,79.68,1744.37,-2255.66,-511.29
3891,540.76,1320.58,1703.52,151.53,92.7,-56.37,-1112.08,-10112.74,522.57,8690.72,-2276.78,78.87,1741.21,-2197.91,-456.7
3901,537.36,1250.52,1639.43,145.35,79.69,-71.97,-1102.59,-10102.13,548.53,8749.69,-2300.22,80.04,1673.86,-2220.18,-546.32
3911,542.26,1290.57,1685.36,152.46,87.87,-65.94,-1119.75,-10139.7,546.06,8727.11,-2246.0,78.03,1706.28,-2167.98,-461.69
3921,538.46,1307.82,1679.45,144.8,91.98,-61.48,-1111.37,-10173.29,548.06,8704.57,-2220.46,77.1,1669.0,-2143.36,-474.36
3931,540.79,1296.05,1685.91,145.69,91.35,-52.79,-1097.13,-10063.6,545.85,8661.96,-2298.26,78.88,1754.07,-2219.38,-465.31
3941,559.99,1308.36,1690.97,147.78,76.69,-73.41,-1102.14,-10002.21,533.06,8641.78,-2345.93,78.01,1780.88,-2267.92,-487.04
3951,539.99,1294.21,1673.87,147.83,87.84,-67.89,-1107.08,-10046.66,535.77,8684.57,-2301.54,77.18,1742.44,-2224.36,-481.92
3961,607.22,1336.66,1661.71,149.48,81.83,-57.15,-1131.13,-10070.17,523.24,8677.78,-2280.87,76.61,1779.47,-2204.26,-424.79
3971,547.17,1309.6,1690.31,157.16,82.99,-68.09,-1095.99,-10076.01,513.68,8674.99,-2293.97,79.85,1735.8,-2214.12,-478.32
3981,569.84,1261.4,1687.8,142.0,82.26,-71.21,-1102.25,-10092.7,525.37,8677.21,-2268.81,78.4,1679.72,-2190.41,-510.69
3991,535.87,1318.39,1673.71,151.75,72.4,-68.83,-1140.68,-10070.01,532.52,8716.39,-2307.95,76.77,1721.5,-2231.18,-509.67
4001,527.42,1282.07,1662.09,149.52,85.89,-54.67,-1129.1,-10035.73,538.9,8673.41,-2317.32,78.48,1699.81,-2238.85,-539.04

Ligand Energy Terms
Frame #,BOND,ANGLE,DIHED,UB,IMP,CMAP,VDWAALS,EEL,1-4 VDW,1-4 EEL,EGB,ESURF,GGAS,GSOLV,TOTAL
1,9.14,17.17,49.0,3.09,0.15,0.0,-3.0,23.12,15.64,-44.77,-18.73,2.73,69.55,-16.01,53.55
11,10.44,17.83,50.97,5.14,1.46,0.0,-5.32,24.86,18.75,-46.58,-18.53,2.69,77.54,-15.85,61.69
21,12.25,16.73,49.74,3.55,1.57,0.0,-2.22,25.49,14.69,-49.3,-19.21,2.7,72.49,-16.51,55.98
31,10.77,18.77,50.0,4.83,0.43,0.0,-4.18,23.82,14.89,-43.9,-19.45,2.72,75.43,-16.73,58.71
41,9.54,17.51,52.64,4.49,0.09,0.0,-4.62,22.51,14.65,-44.56,-18.52,2.71,72.24,-15.81,56.43
51,8.49,21.38,48.74,3.76,0.64,0.0,-3.54,24.12,16.91,-47.65,-18.47,2.69,72.87,-15.79,57.09
61,6.92,21.37,50.82,4.37,0.53,0.0,-5.0,24.34,16.58,-46.62,-19.02,2.67,73.31,-16.36,56.95
71,9.93,20.27,52.15,4.26,0.14,0.0,-4.93,25.98,16.48,-49.31,-18.59,2.71,74.96,-15.89,59.07
81,10.98,18.52,50.54,4.2,1.26,0.0,-2.72,26.78,15.87,-48.18,-19.57,2.68,77.26,-16.89,60.36
91,9.49,16.11,51.28,4.66,1.49,0.0,-4.09,26.38,14.83,-47.91,-18.8,2.7,72.23,-16.1,56.13
101,9.28,21.69,48.51,3.22,0.52,0.0,-3.71,25.64,17.06,-47.82,-18.39,2.68,74.39,-15.71,58.69
111,11.26,15.16,51.93,4.44,1.54,0.0,-3.11,23.45,16.52,-42.86,-18.99,2.65,78.32,-16.34,61.99
121,11.61,24.06,52.84,5.81,0.12,0.0,-5.1,25.18,19.88,-47.71,-19.39,2.7,86.69,-16.69,70.0
131,8.08,19.86,49.98,4.26,0.04,0.0,-5.62,25.87,16.67,-46.24,-19.13,2.68,72.89,-16.44,56.44
141,7.47,17.54,49.05,5.13,0.42,0.0,-4.85,23.69,16.88,-45.32,-18.33,2.7,69.99,-15.62,54.37
151,9.65,17.23,51.02,3.48,0.14,0.0,-4.05,28.03,15.43,-49.4,-19.89,2.7,71.54,-17.19,54.35
161,6.88,19.22,51.86,3.7,1.04,0.0,-4.47,23.34,16.44,-45.93,-18.31,2.69,72.09,-15.62,56.47
171,11.8,16.48,52.65,4.65,0.73,0.0,-5.32,25.94,14.19,-47.02,-19.03,2.64,74.12,-16.39,57.73
181,7.56,14.11,50.7,3.65,2.06,0.0,-5.1,27.64,17.53,-50.87,-18.7,2.67,67.28,-16.03,51.25
191,9.41,24.16,48.2,5.23,0.23,0.0,-3.87,26.08,15.24,-50.59,-18.57,2.7,74.1,-15.86,58.24
201,10.54,16.56,52.73,3.49,0.31,0.0,-4.64,25.59,15.29,-47.07,-19.13,2.71,72.79,-16.42,56.38
211,9.41,12.53,48.51,2.54,0.9,0.0,-2.62,26.84,14.45,-49.58,-19.19,2.73,62.98,-16.46,46.51
221,10.25,14.52,49.89,3.57,0.34,0.0,-1.82,26.76,16.45,-49.41,-19.36,2.69,70.55,-16.67,53.87
231,8.93,14.81,46.57,3.83,0.31,0.0,-3.09,24.07,15.13,-46.42,-18.7,2.73,64.14,-15.97,48.17
241,11.23,14.78,48.06,4.13,0.77,0.0,-2.64,24.97,16.34,-47.56,-18.45,2.7,70.08,-15.75,54.33
251,13.83,16.19,47.69,4.41,1.42,0.0,-1.69,26.15,14.82,-49.44,-17.82,2.71,73.37,-15.11,58.26
261,12.02,13.32,50.77,4.15,0.21,0.0,-4.13,27.59,14.44,-49.71,-19.04,2.71,68.67,-16.33,52.33
271,7.32,18.52,51.09,4.5,0.3,0.0,-5.75,25.19,15.6,-45.79,-19.65,2.72,70.99,-16.93,54.07
281,8.07,14.04,49.6,2.27,0.29,0.0,-2.25,24.45,15.73,-46.66,-18.93,2.7,65.54,-16.23,49.31
291,6.16,19.19,54.33,3.15,1.32,0.0,-3.39,27.24,15.95,-48.43,-19.98,2.74,75.52,-17.24,58.28
301,8.4,19.63,50.53,5.19,0.01,0.0,-3.59,24.38,17.43,-48.29,-18.45,2.7,73.69,-15.75,57.94
311,11.11,19.58,50.71,3.1,0.22,0.0,0.23,25.37,16.56,-46.89,-18.85,2.69,79.99,-16.16,63.83
321,10.52,17.61,52.99,3.98,0.34,0.0,-0.14,26.49,15.56,-49.44,-18.63,2.73,77.92,-15.91,62.01
331,8.08,15.35,49.5,3.37,0.19,0.0,-1.22,24.62,17.11,-47.72,-18.1,2.67,69.3,-15.43,53.87
341,7.68,19.23,51.27,3.49,0.82,0.0,-3.61,26.27,18.13,-48.66,-18.89,2.67,74.63,-16.22,58.42
351,8.53,20.3,47.96,4.5,1.08,0.0,-1.87,23.89,16.33,-45.96,-18.59,2.7,74.74,-15.89,58.85
361,9.32,18.42,51.51,3.11,0.19,0.0,-3.86,24.51,16.14,-46.72,-18.6,2.7,72.62,-15.9,56.73
371,5.54,19.46,51.32,4.71,0.09,0.0,-3.98,23.9,19.21,-44.35,-18.3,2.66,75.9,-15.64,60.25
381,10.06,21.93,51.63,4.13,1.15,0.0,-2.37,22.95,15.33,-43.96,-17.85,2.7,80.86,-15.15,65.71
391,6.69,18.44,46.12,3.46,0.8,0.0,-5.59,23.11,18.25,-44.95,-18.18,2.7,66.34,-15.48,50.86
401,10.25,18.01,49.29,3.53,1.11,0.0,0.82,23.66,16.06,-45.77,-17.63,2.66,76.96,-14.96,61.99
411,8.7,19.25,51.53,5.6,0.39,0.0,-4.64,22.53,17.07,-44.44,-18.55,2.69,75.97,-15.86,60.11
421,9.25,16.6,49.3,3.55,1.46,0.0,-4.59,23.15,18.02,-43.36,-18.11,2.67,73.38,-15.44,57.94
431,8.72,14.23,53.24,3.87,0.12,0.0,-3.79,26.29,16.41,-46.19,-19.37,2.68,72.9,-16.7,56.2
441,14.57,18.16,49.92,3.29,0.49,0.0,-1.75,26.53,16.83,-50.75,-18.17,2.67,77.31,-15.51,61.8
451,12.68,17.93,50.44,3.84,0.26,0.0,-3.38,26.5,16.64,-49.37,-19.23,2.68,75.55,-16.55,59.0
461,12.27,18.31,48.77,4.69,0.8,0.0,-3.36,23.02,17.23,-44.3,-18.7,2.71,77.42,-15.99,61.43
471,8.25,19.05,54.07,4.3,1.23,0.0,-3.52,23.78,17.28,-45.19,-18.77,2.68,79.25,-16.09,63.16
481,11.1,17.2,49.75,4.2,0.1,0.0,-3.72,24.27,17.8,-47.42,-18.47,2.71,73.27,-15.76,57.52
491,12.34,16.66,53.05,3.94,4.38,0.0,-2.9,23.89,16.6,-45.85,-18.66,2.67,82.11,-15.99,66.12
501,10.86,23.92,49.68,3.42,0.48,0.0,-4.82,23.36,15.47,-44.03,-18.59,2.69,78.34,-15.9,62.45
511,10.64,18.82,50.24,5.54,1.97,0.0,-5.43,25.64,15.45,-49.01,-19.04,2.67,73.86,-16.38,57.48
521,11.66,20.21,49.88,5.17,0.22,0.0,-4.83,24.67,14.42,-47.97,-19.2,2.67,73.42,-16.52,56.9
531,7.35,18.73,51.54,3.45,0.54,0.0,-2.43,25.71,15.13,-48.55,-18.2,2.68,71.47,-15.52,55.95
541,7.17,20.33,53.57,3.89,0.98,0.0,-4.54,24.02,15.24,-45.48,-19.36,2.72,75.19,-16.64,58.55
551,13.47,22.95,48.37,4.66,1.39,0.0,-4.55,24.84,15.71,-46.38,-18.78,2.69,80.44,-16.09,64.35
561,5.5,18.53,49.96,3.51,2.57,0.0,-4.22,23.76,16.28,-45.26,-19.17,2.68,70.62,-16.49,54.13
571,8.76,20.19,53.11,5.4,0.05,0.0,-4.21,26.93,17.21,-46.94,-19.7,2.65,80.51,-17.05,63.45
581,9.91,16.24,53.77,3.93,0.11,0.0,-3.88,24.71,18.12,-46.46,-18.64,2.67,76.45,-15.97,60.47
591,5.71,17.99,51.1,4.48,0.68,0.0,-1.58,24.61,20.24,-48.66,-18.91,2.67,74.56,-16.23,58.33
601,9.63,19.83,49.33,3.83,0.62,0.0,-4.77,23.79,17.85,-45.49,-18.83,2.7,74.63,-16.13,58.5
611,11.1,18.55,52.31,5.98,0.74,0.0,-3.59,24.69,15.5,-47.11,-18.92,2.66,78.18,-16.25,61.93
621,7.76,20.51,53.22,5.7,0.15,0.0,-3.79,25.95,17.3,-46.33,-19.05,2.69,80.46,-16.36,64.1
631,9.12,25.05,50.51,4.76,1.74,0.0,-1.16,25.03,16.66,-48.67,-18.57,2.67,83.03,-15.9,67.13
641,8.81,16.8,51.77,3.69,1.21,0.0,-3.09,25.61,16.77,-46.39,-18.43,2.67,75.18,-15.75,59.43
651,7.88,19.14,49.74,3.21,0.4,0.0,-4.37,25.25,16.72,-47.13,-18.48,2.68,70.83,-15.8,55.03
661,8.17,22.88,50.84,4.95,0.53,0.0,-3.83,25.72,16.89,-49.12,-18.73,2.67,77.03,-16.06,60.96
671,8.03,18.44,49.59,3.54,0.69,0.0,-3.77,24.52,17.66,-45.89,-18.03,2.68,72.79,-15.35,57.43
681,8.96,20.36,51.03,3.62,0.8,0.0,-5.42,23.5,14.97,-43.68,-19.1,2.7,74.14,-16.4,57.74
691,14.23,22.97,46.88,4.8,0.55,0.0,-1.03,24.03,16.05,-47.07,-18.69,2.72,81.39,-15.97,65.42
701,12.71,16.04,49.9,3.49,1.11,0.0,-3.22,25.8,18.48,-50.07,-18.42,2.69,74.24,-15.74,58.51
711,13.36,20.36,51.3,3.05,0.22,0.0,-1.15,23.09,15.45,-45.98,-18.38,2.67,79.7,-15.71,63.99
721,8.81,22.6,49.39,4.49,0.05,0.0,-1.99,22.82,14.63,-45.39,-18.67,2.71,75.42,-15.96,59.46
731,8.35,20.11,52.47,4.94,1.08,0.0,-4.97,24.24,17.17,-45.86,-17.8,2.68,77.53,-15.12,62.41
741,10.49,17.58,50.79,3.28,0.9,0.0,-3.45,24.66,16.35,-44.71,-18.55,2.71,75.89,-15.84,60.05
751,10.61,18.44,48.93,3.78,0.09,0.0,-4.45,25.54,14.29,-48.73,-19.36,2.7,68.5,-16.66,51.84
761,8.77,16.43,54.72,4.27,0.06,0.0,-5.24,25.36,16.78,-44.51,-19.7,2.67,76.65,-17.03,59.63
771,6.81,22.03,50.26,5.62,0.02,0.0,-4.36,22.72,18.28,-44.99,-18.31,2.64,76.39,-15.67,60.72
781,12.18,23.16,50.43,5.58,0.03,0.0,-5.0,25.38,13.08,-48.62,-18.48,2.72,76.22,-15.76,60.46
791,9.59,17.01,50.9,3.29,0.1,0.0,-3.31,23.93,16.97,-46.49,-19.09,2.71,71.98,-16.38,55.6
801,11.57,15.65,48.14,4.34,0.01,0.0,-0.38,25.07,14.88,-47.74,-18.5,2.7,71.54,-15.79,55.75
811,8.43,21.54,49.01,4.72,1.04,0.0,-4.43,25.33,15.38,-48.05,-18.86,2.69,72.96,-16.17,56.79
821,6.29,17.88,47.95,3.85,0.09,0.0,-2.9,24.29,18.19,-45.08,-18.8,2.69,70.56,-16.11,54.45
831,6.39,21.51,49.37,4.09,1.2,0.0,-2.39,24.12,14.89,-45.21,-18.73,2.67,73.97,-16.07,57.91
841,8.18,16.33,52.47,3.2,0.43,0.0,-3.37,25.46,14.38,-48.95,-19.23,2.69,68.13,-16.54,51.59
851,10.69,20.35,50.38,4.41,1.19,0.0,-2.55,26.34,16.75,-50.27,-18.45,2.66,77.28,-15.79,61.49
861,10.38,15.86,52.39,3.61,0.13,0.0,-0.64,24.84,16.22,-48.02,-18.76,2.7,74.8,-16.06,58.75
871,7.36,20.22,48.11,2.99,1.15,0.0,-3.76,24.91,14.54,-46.26,-18.47,2.7,69.28,-15.77,53.5
881,6.05,19.05,54.51,3.9,1.42,0.0,-4.17,26.41,14.9,-49.12,-19.73,2.7,72.95,-17.03,55.92
891,7.96,18.75,51.18,3.38,0.22,0.0,-1.19,25.72,15.92,-48.17,-18.21,2.68,73.75,-15.53,58.22
901,10.31,14.85,49.58,4.69,1.17,0.0,-3.64,24.39,15.5,-46.85,-18.85,2.69,69.98,-16.16,53.82
911,8.11,19.6,50.88,4.04,0.06,0.0,-4.36,24.37,18.84,-46.93,-17.84,2.68,74.62,-15.16,59.46
921,11.79,16.89,53.94,3.75,0.08,0.0,-5.19,24.65,14.75,-46.25,-18.59,2.69,74.42,-15.9,58.52
931,12.34,19.6,50.1,4.03,0.1,0.0,-3.26,23.83,14.11,-45.61,-18.27,2.68,75.25,-15.59,59.65
941,7.2,19.22,50.32,3.56,0.62,0.0,-4.38,25.23,16.41,-48.06,-18.67,2.67,70.11,-16.0,54.1
951,10.61,18.62,50.11,3.22,1.79,0.0,-3.43,27.62,14.9,-50.94,-18.84,2.65,72.5,-16.19,56.31
961,12.86,14.14,49.64,3.84,0.03,0.0,-4.18,25.29,16.5,-47.81,-19.12,2.68,70.31,-16.44,53.87
971,10.63,19.53,51.47,4.55,0.18,0.0,-3.29,23.56,15.36,-44.26,-19.51,2.7,77.73,-16.8,60.93
981,12.22,14.55,52.09,3.56,0.24,0.0,-4.26,25.03,15.02,-45.56,-19.64,2.68,72.89,-16.96,55.93
991,11.03,17.73,52.82,5.06,0.07,0.0,-3.81,25.25,14.9,-48.81,-18.71,2.67,74.26,-16.04,58.22
1001,6.93,19.51,51.82,4.17,0.18,0.0,-1.15,24.43,16.01,-45.38,-18.94,2.72,76.51,-16.22,60.29
1011,7.77,21.14,51.92,3.95,0.42,0.0,-3.56,24.15,16.97,-47.29,-18.67,2.68,75.46,-15.99,59.48
1021,7.59,19.09,53.23,4.08,0.74,0.0,-5.46,23.56,16.02,-43.77,-19.15,2.69,75.08,-16.46,58.62
1031,10.05,17.22,50.84,4.95,0.72,0.0,-4.57,24.09,17.19,-45.24,-18.7,2.66,75.26,-16.04,59.22
1041,8.43,14.89,52.99,4.27,0.4,0.0,-3.46,23.52,16.71,-44.05,-19.19,2.68,73.69,-16.51,57.18
1051,9.43,18.18,53.38,4.24,0.16,0.0,-4.68,25.27,16.22,-46.3,-18.92,2.67,75.9,-16.25,59.65
1061,10.17,22.65,48.34,4.37,0.18,0.0,-4.79,23.52,14.68,-45.57,-19.03,2.71,73.54,-16.32,57.22
1071,7.18,17.93,49.63,3.96,0.49,0.0,-4.31,23.44,16.24,-44.82,-18.84,2.7,69.74,-16.14,53.59
1081,7.82,15.51,54.69,4.2,0.35,0.0,-3.82,25.12,18.2,-47.02,-18.45,2.69,75.04,-15.76,59.28
1091,9.93,25.12,49.6,5.11,0.1,0.0,-4.09,25.21,17.33,-46.69,-19.09,2.7,81.62,-16.39,65.24
1101,9.86,19.18,53.26,4.0,2.23,0.0,-5.09,24.86,14.86,-46.33,-18.73,2.69,76.84,-16.03,60.8
1111,12.62,20.49,50.79,3.14,1.12,0.0,-4.55,23.79,17.73,-45.59,-18.92,2.69,79.55,-16.23,63.32
1121,8.53,14.41,52.25,3.4,0.5,0.0,-2.32,23.54,18.15,-44.63,-18.18,2.7,73.82,-15.47,58.35
1131,9.77,20.88,51.91,4.63,1.06,0.0,-3.81,23.95,18.65,-47.31,-17.95,2.71,79.74,-15.24,64.51
1141,9.2,19.65,54.2,5.25,1.36,0.0,-4.5,22.66,17.01,-45.72,-18.2,2.68,79.11,-15.52,63.59
1151,11.58,17.62,52.46,5.19,0.04,0.0,-3.49,25.84,15.12,-47.63,-18.89,2.71,76.71,-16.18,60.54
1161,17.04,13.77,49.79,4.68,0.85,0.0,-3.28,25.41,14.43,-47.73,-18.37,2.71,74.96,-15.66,59.29
1171,6.82,19.44,49.43,3.99,0.14,0.0,-4.3,25.48,17.33,-47.27,-18.95,2.66,71.07,-16.29,54.78
1181,10.51,18.32,51.25,4.61,0.61,0.0,-4.72,25.4,15.72,-48.52,-18.19,2.68,73.17,-15.51,57.67
1191,9.57,13.81,50.22,3.57,0.95,0.0,-2.64,25.31,17.79,-47.38,-18.05,2.66,71.2,-15.38,55.82
1201,6.05,22.05,50.89,6.73,0.25,0.0,-3.5,25.85,19.08,-49.8,-18.18,2.66,77.59,-15.51,62.08
1211,12.85,18.72,50.17,3.98,0.44,0.0,-3.81,22.78,15.49,-43.17,-18.09,2.73,77.44,-15.36,62.09
1221,10.4,17.76,51.16,3.74,3.13,0.0,-5.61,26.08,13.71,-48.51,-18.76,2.71,71.87,-16.04,55.83
1231,10.34,14.33,50.53,4.24,0.03,0.0,-3.8,26.26,16.15,-48.28,-18.33,2.67,69.8,-15.66,54.14
1241,12.77,21.95,52.3,4.48,0.67,0.0,-3.72,23.46,17.23,-46.11,-19.08,2.67,83.04,-16.42,66.62
1251,8.03,15.57,54.82,3.52,0.22,0.0,-6.44,25.29,15.48,-45.06,-19.41,2.67,71.43,-16.74,54.69
1261,6.09,22.62,48.73,4.11,0.03,0.0,-3.18,24.96,16.05,-49.43,-18.55,2.7,69.97,-15.85,54.12
1271,8.52,20.13,50.23,3.55,0.84,0.0,-3.75,25.69,14.82,-48.17,-19.46,2.73,71.87,-16.73,55.14
1281,10.52,15.6,50.48,3.64,0.01,0.0,-4.96,24.95,14.19,-45.75,-18.11,2.71,68.68,-15.41,53.27
1291,8.34,18.09,52.74,6.13,0.08,0.0,-4.58,26.56,15.72,-48.58,-18.83,2.65,74.5,-16.18,58.32
1301,6.98,12.54,49.92,2.92,1.91,0.0,-3.83,24.63,15.67,-46.31,-18.52,2.65,64.43,-15.86,48.57
1311,5.22,16.78,49.53,4.19,0.73,0.0,-4.93,24.15,18.65,-45.48,-19.03,2.68,68.85,-16.35,52.5
1321,6.31,18.52,49.92,3.05,0.88,0.0,-2.0,28.16,15.45,-52.31,-19.19,2.73,67.96,-16.46,51.49
1331,10.26,17.46,52.49,3.91,1.3,0.0,-2.36,25.8,18.58,-46.98,-18.99,2.67,80.47,-16.32,64.15
1341,13.97,16.48,49.59,4.99,0.61,0.0,-3.78,26.03,16.03,-48.59,-19.42,2.68,75.33,-16.74,58.59
1351,11.46,15.19,49.28,3.78,1.13,0.0,0.3,23.39,20.2,-45.2,-17.98,2.72,79.53,-15.26,64.27
1361,8.37,18.29,53.25,4.53,2.34,0.0,-3.14,23.4,18.47,-45.95,-17.58,2.67,79.56,-14.9,64.66
1371,9.04,18.06,51.62,4.79,0.04,0.0,-5.26,24.42,16.88,-46.58,-18.33,2.71,73.01,-15.63,57.39
1381,4.35,20.6,47.85,3.59,0.08,0.0,-4.76,25.83,15.5,-46.36,-19.04,2.7,66.69,-16.34,50.35
1391,6.3,16.41,54.96,2.99,0.04,0.0,-3.26,26.22,15.68,-47.58,-19.51,2.71,71.76,-16.8,54.96
1401,5.89,15.44,47.67,3.77,0.02,0.0,-3.7,24.09,16.93,-46.03,-18.59,2.71,64.07,-15.88,48.2
1411,9.72,14.44,48.52,3.9,0.83,0.0,-3.5,25.38,15.15,-48.37,-18.42,2.71,66.08,-15.71,50.36
1421,8.26,17.83,50.21,3.92,0.14,0.0,-2.58,27.39,15.06,-49.42,-18.37,2.69,70.81,-15.67,55.14
1431,9.31,15.72,50.83,6.85,0.36,0.0,-4.36,24.84,16.74,-48.03,-18.49,2.74,72.25,-15.75,56.5
1441,9.92,16.54,49.64,3.37,0.05,0.0,-1.74,25.79,15.59,-48.17,-18.51,2.7,71.0,-15.8,55.2
1451,7.24,14.73,51.27,2.98,0.07,0.0,-3.84,24.66,16.75,-46.55,-18.71,2.7,67.31,-16.0,51.3
1461,11.69,15.3,47.89,3.49,0.8,0.0,-5.11,23.77,13.68,-45.91,-18.4,2.7,65.61,-15.71,49.9
1471,8.92,17.56,48.57,3.06,0.1,0.0,-4.9,27.13,13.81,-50.22,-19.61,2.72,64.02,-16.89,47.12
1481,11.74,19.67,50.37,3.79,1.47,0.0,-4.16,25.34,15.13,-48.0,-18.74,2.7,75.35,-16.05,59.31
1491,12.41,14.63,51.25,3.56,0.2,0.0,-3.68,26.58,15.15,-49.1,-19.07,2.67,71.0,-16.39,54.6
1501,10.12,17.49,52.19,3.45,0.1,0.0,-4.33,26.09,16.31,-49.43,-18.61,2.7,71.98,-15.91,56.06
1511,7.39,19.75,49.45,4.28,0.81,0.0,-2.83,24.9,15.75,-47.48,-18.6,2.67,72.02,-15.92,56.1
1521,9.63,18.4,48.73,3.93,0.36,0.0,-4.27,25.25,14.08,-48.16,-18.26,2.69,67.96,-15.57,52.39
1531,9.23,16.41,49.01,3.58,0.13,0.0,-0.63,25.56,17.89,-48.37,-18.27,2.7,72.81,-15.58,57.23
1541,7.65,21.66,50.21,3.85,0.22,0.0,-4.57,23.99,16.72,-47.55,-18.06,2.66,72.18,-15.4,56.78
1551,7.49,19.89,55.9,3.82,1.5,0.0,-5.43,24.71,16.23,-46.93,-17.94,2.64,77.19,-15.31,61.88
1561,5.34,15.66,51.63,3.47,0.33,0.0,-2.88,27.42,16.92,-50.09,-18.64,2.66,67.79,-15.98,51.81
1571,8.49,17.78,51.72,4.22,0.24,0.0,-4.09,26.73,15.55,-48.84,-19.09,2.68,71.79,-16.41,55.38
1581,12.98,16.04,50.16,3.7,1.45,0.0,-3.25,26.6,14.61,-49.39,-19.4,2.69,72.89,-16.71,56.18
1591,8.02,17.27,55.29,3.36,0.42,0.0,-4.54,25.27,17.1,-47.46,-19.13,2.7,74.73,-16.43,58.3
1601,11.95,18.56,50.79,4.11,0.32,0.0,-4.31,26.27,14.33,-49.82,-19.05,2.65,72.2,-16.39,55.81
1611,5.21,18.06,49.75,5.38,0.84,0.0,-5.09,26.43,15.8,-47.78,-18.96,2.72,68.59,-16.24,52.35
1621,9.22,15.73,50.59,4.76,1.12,0.0,-3.1,25.67,15.53,-48.87,-18.41,2.66,70.67,-15.75,54.92
1631,10.47,17.2,54.2,3.61,0.36,0.0,-1.48,27.99,17.06,-49.98,-18.46,2.7,79.44,-15.77,63.67
1641,10.77,18.54,47.95,3.17,0.01,0.0,-3.73,25.34,19.43,-47.2,-18.05,2.7,74.29,-15.35,58.94
1651,8.1,21.05,50.47,3.61,0.17,0.0,-2.6,24.88,16.21,-46.97,-18.32,2.72,74.92,-15.6,59.32
1661,10.28,20.46,48.98,4.58,1.51,0.0,-5.2,24.14,18.48,-44.42,-18.79,2.72,78.81,-16.07,62.75
1671,13.17,15.73,52.54,4.02,1.1,0.0,-3.79,27.72,14.49,-51.59,-18.16,2.65,73.39,-15.5,57.89
1681,11.51,19.9,47.57,3.7,0.83,0.0,-4.74,25.17,15.77,-46.82,-18.77,2.73,72.89,-16.04,56.85
1691,8.57,14.46,48.6,4.63,0.03,0.0,-2.66,24.52,15.73,-46.71,-18.5,2.69,67.17,-15.81,51.36
1701,6.81,22.38,50.83,3.38,1.83,0.0,-2.24,26.81,16.85,-50.69,-17.91,2.68,75.96,-15.24,60.72
1711,11.32,18.2,48.92,2.89,0.26,0.0,-1.87,26.24,15.58,-49.37,-18.31,2.71,72.18,-15.61,56.57
1721,8.76,20.31,50.54,4.15,0.9,0.0,-1.21,25.42,17.39,-50.68,-17.69,2.65,75.58,-15.04,60.53
1731,10.28,18.5,49.53,5.5,0.51,0.0,-2.39,24.96,16.87,-46.6,-18.34,2.68,77.16,-15.66,61.5
1741,12.48,19.84,55.85,2.87,0.19,0.0,-5.35,28.39,14.19,-51.34,-20.27,2.71,77.11,-17.56,59.55
1751,12.51,18.34,49.05,3.58,0.25,0.0,-3.83,24.01,16.23,-45.68,-18.38,2.71,74.45,-15.67,58.78
1761,6.52,16.01,54.2,3.58,0.48,0.0,-5.84,24.66,15.77,-46.13,-19.1,2.64,69.24,-16.46,52.78
1771,5.28,14.35,49.69,3.33,1.38,0.0,-3.57,25.15,15.24,-46.8,-18.31,2.73,64.05,-15.58,48.47
1781,7.76,20.86,48.77,4.24,0.56,0.0,-4.18,24.89,15.73,-45.54,-18.71,2.71,73.08,-16.0,57.08
1791,8.98,17.93,48.84,3.79,0.48,0.0,-4.37,26.33,14.95,-46.69,-19.43,2.73,70.25,-16.7,53.54
1801,8.44,14.48,49.06,3.71,0.68,0.0,-3.21,24.54,15.19,-45.23,-18.64,2.73,67.68,-15.9,51.78
1811,9.44,20.72,50.11,3.55,1.39,0.0,-1.96,27.55,14.85,-49.25,-19.21,2.68,76.4,-16.53,59.87
1821,7.25,18.07,49.34,3.62,1.42,0.0,-4.86,26.32,15.13,-47.36,-19.44,2.72,68.94,-16.73,52.21
1831,14.22,27.62,57.4,5.57,0.53,0.0,-6.16,26.61,14.73,-49.7,-18.97,2.72,90.83,-16.25,74.58
1841,11.2,15.89,50.74,5.1,0.45,0.0,-5.3,26.59,15.84,-50.25,-18.91,2.72,70.26,-16.2,54.06
1851,10.82,22.76,50.66,3.73,0.13,0.0,-4.73,28.31,15.17,-50.35,-19.24,2.7,76.49,-16.54,59.95
1861,9.94,15.07,48.06,2.92,1.6,0.0,-2.98,25.62,16.67,-48.02,-18.99,2.7,68.88,-16.3,52.58
1871,8.62,21.45,51.35,3.68,0.54,0.0,-5.34,28.04,15.95,-51.75,-19.91,2.72,72.52,-17.19,55.33
1881,8.35,17.54,51.95,4.39,0.02,0.0,-4.65,28.03,18.6,-48.95,-19.04,2.7,75.29,-16.35,58.94
1891,9.3,16.36,49.95,3.41,0.92,0.0,-4.81,26.66,14.73,-48.32,-20.26,2.72,68.2,-17.54,50.66
1901,10.73,17.66,52.11,3.44,0.19,0.0,-2.01,29.62,16.61,-52.65,-20.04,2.74,75.69,-17.3,58.39
1911,7.97,16.07,50.18,4.47,0.44,0.0,-5.11,26.29,17.29,-47.08,-19.26,2.7,70.51,-16.56,53.95
1921,8.64,18.33,50.83,3.82,1.13,0.0,-3.67,26.84,14.22,-48.28,-19.84,2.75,71.85,-17.08,54.76
1931,8.19,21.16,52.42,4.54,0.58,0.0,-4.92,29.0,14.81,-50.9,-19.32,2.69,74.89,-16.63,58.26
1941,11.6,19.27,52.7,5.86,0.12,0.0,-4.8,26.92,16.75,-49.44,-19.13,2.71,78.97,-16.42,62.55
1951,10.02,15.86,53.53,3.33,2.22,0.0,-4.0,26.81,15.04,-48.67,-19.37,2.73,74.13,-16.64,57.49
1961,9.43,16.02,48.8,3.41,0.43,0.0,-3.57,27.74,13.14,-49.98,-19.3,2.72,65.42,-16.58,48.84
1971,6.18,14.79,48.85,2.71,0.32,0.0,-5.05,24.31,16.64,-44.6,-19.1,2.71,64.13,-16.38,47.75
1981,10.97,24.97,53.87,5.04,0.47,0.0,-4.14,25.44,14.24,-49.47,-19.26,2.74,81.4,-16.52,64.87
1991,9.16,16.79,50.48,4.54,0.16,0.0,-3.27,26.66,15.59,-50.01,-18.96,2.71,70.09,-16.25,53.84
2001,9.26,15.88,51.12,5.17,0.2,0.0,-4.54,28.24,15.81,-51.0,-19.11,2.73,70.15,-16.39,53.77
2011,12.16,18.65,50.34,3.3,1.42,0.0,-0.99,27.33,15.24,-50.81,-18.4,2.67,76.64,-15.72,60.91
2021,13.32,15.86,51.12,3.4,0.78,0.0,-4.15,26.77,15.47,-47.42,-19.24,2.71,75.14,-16.53,58.61
2031,11.64,17.93,50.61,3.6,1.34,0.0,-3.84,27.45,15.93,-50.31,-19.1,2.69,74.36,-16.4,57.96
2041,8.47,14.98,51.7,4.89,0.51,0.0,-4.16,26.97,19.97,-50.16,-18.83,2.73,73.16,-16.1,57.07
2051,12.66,17.95,50.76,5.08,0.54,0.0,-4.81,26.48,12.45,-47.46,-20.15,2.74,73.65,-17.41,56.24
2061,6.61,20.34,54.31,4.18,1.44,0.0,-3.86,25.21,17.96,-45.16,-19.45,2.8,81.03,-16.64,64.39
2071,14.11,18.8,50.59,4.73,0.3,0.0,-4.19,25.54,14.98,-47.98,-18.92,2.73,76.88,-16.19,60.69
2081,6.04,13.33,51.53,3.52,0.17,0.0,-0.85,27.25,16.32,-49.92,-19.02,2.68,67.39,-16.34,51.05
2091,9.9,13.96,50.0,3.98,1.4,0.0,-3.59,26.51,15.08,-50.5,-18.9,2.69,66.72,-16.21,50.51
2101,11.33,16.25,51.47,3.87,1.31,0.0,-4.19,25.61,16.02,-46.86,-18.75,2.68,74.8,-16.08,58.73
2111,10.52,22.38,49.75,5.02,0.31,0.0,-5.4,26.84,14.79,-46.37,-19.2,2.68,77.84,-16.52,61.32
2121,11.46,18.79,51.79,4.53,0.75,0.0,-4.55,23.67,16.99,-45.72,-19.32,2.71,77.7,-16.61,61.1
2131,5.39,17.76,52.34,4.11,0.74,0.0,-4.98,25.79,17.87,-48.24,-19.28,2.66,70.78,-16.62,54.15
2141,9.16,22.68,48.46,4.87,0.95,0.0,-2.38,26.59,18.53,-49.9,-18.76,2.67,78.96,-16.09,62.87
2151,5.68,19.23,53.45,3.38,0.71,0.0,-3.86,26.1,16.17,-48.22,-18.71,2.75,72.63,-15.96,56.67
2161,14.25,22.63,49.55,3.53,0.1,0.0,-3.91,25.48,15.33,-48.27,-19.31,2.77,78.7,-16.55,62.15
2171,6.86,18.49,50.42,3.52,0.53,0.0,-4.17,26.08,17.02,-49.33,-19.15,2.71,69.42,-16.43,52.99
2181,11.58,22.64,48.96,4.03,1.04,0.0,-4.79,25.81,16.38,-48.33,-18.63,2.7,77.33,-15.93,61.4
2191,8.16,19.03,49.75,3.75,0.99,0.0,-3.79,23.98,15.51,-45.99,-18.91,2.71,71.39,-16.19,55.2
2201,12.75,17.53,54.5,4.6,1.8,0.0,-4.35,25.82,16.77,-47.55,-19.35,2.71,81.86,-16.64,65.22
2211,5.9,18.32,51.22,3.48,0.39,0.0,-5.14,26.12,17.75,-47.45,-19.36,2.71,70.61,-16.66,53.95
2221,10.11,18.63,48.29,2.92,0.41,0.0,-3.17,26.75,14.55,-49.33,-19.15,2.69,69.16,-16.46,52.69
2231,11.37,17.04,51.12,3.68,0.34,0.0,-5.08,26.24,15.16,-49.67,-19.33,2.7,70.19,-16.63,53.56
2241,11.46,16.82,47.04,3.14,0.35,0.0,-2.4,26.05,16.74,-48.48,-18.49,2.71,70.73,-15.78,54.95
2251,10.48,17.04,51.04,3.59,0.02,0.0,-1.83,29.16,17.85,-51.64,-19.49,2.69,75.7,-16.8,58.9
2261,9.21,18.77,51.53,5.6,0.1,0.0,-2.16,25.72,13.92,-47.82,-18.92,2.69,74.88,-16.22,58.66
2271,5.83,18.48,50.28,4.81,0.42,0.0,-4.11,24.5,19.07,-46.71,-18.16,2.66,72.58,-15.5,57.08
2281,15.57,16.99,53.86,4.43,1.13,0.0,-5.04,23.83,14.87,-43.43,-19.38,2.69,82.22,-16.69,65.54
2291,8.83,15.46,50.85,3.67,1.4,0.0,1.2,24.13,17.37,-45.68,-17.97,2.7,77.23,-15.28,61.95
2301,11.34,14.92,49.33,4.24,1.09,0.0,0.97,24.93,14.65,-48.95,-18.41,2.68,72.51,-15.72,56.79
2311,8.81,16.71,48.12,3.88,0.28,0.0,-2.7,25.98,16.45,-48.59,-18.44,2.67,68.94,-15.77,53.17
2321,9.27,20.5,49.5,5.35,0.41,0.0,-4.52,24.1,18.61,-46.65,-18.66,2.67,76.56,-15.99,60.57
2331,8.95,17.35,51.26,2.93,4.13,0.0,-5.2,24.11,14.88,-46.29,-19.32,2.69,72.11,-16.63,55.48
2341,8.61,14.92,51.77,3.28,0.97,0.0,-4.26,23.88,15.41,-45.58,-19.14,2.7,69.0,-16.44,52.56
2351,8.69,17.72,49.21,3.62,0.51,0.0,-3.14,24.89,18.13,-46.34,-19.74,2.69,73.29,-17.04,56.25
2361,8.58,23.46,55.89,5.36,0.16,0.0,-5.96,24.78,17.34,-45.21,-19.45,2.69,84.39,-16.76,67.63
2371,7.19,13.89,48.79,3.14,0.15,0.0,-2.98,25.7,17.42,-48.76,-18.27,2.71,64.55,-15.56,48.99
2381,8.91,16.99,52.52,3.48,0.2,0.0,-5.47,26.36,17.51,-46.44,-19.77,2.69,74.06,-17.08,56.98
2391,11.27,17.3,54.04,5.2,0.05,0.0,-1.68,26.9,16.97,-48.02,-19.0,2.67,82.03,-16.33,65.71
2401,10.45,18.61,50.73,4.27,0.16,0.0,-1.01,24.4,15.74,-46.64,-18.15,2.68,76.71,-15.47,61.23
2411,6.66,17.78,50.06,3.31,0.14,0.0,-3.18,25.22,18.57,-46.97,-18.88,2.7,71.6,-16.18,55.42
2421,7.13,13.81,51.33,3.67,0.02,0.0,-4.76,27.52,17.46,-47.82,-19.41,2.69,68.37,-16.72,51.64
2431,9.42,21.01,52.75,4.47,1.02,0.0,-2.39,29.04,13.99,-51.14,-19.48,2.76,78.17,-16.72,61.45
2441,8.56,19.2,50.71,3.96,0.14,0.0,-4.65,26.29,16.52,-49.03,-19.68,2.67,71.7,-17.01,54.69
2451,7.15,18.05,52.05,5.46,0.68,0.0,-4.22,27.08,18.37,-49.96,-18.63,2.65,74.66,-15.98,58.67
2461,9.99,17.64,49.32,3.39,0.65,0.0,-2.25,25.46,14.81,-45.9,-18.88,2.72,73.11,-16.16,56.95
2471,11.11,18.21,50.59,4.56,3.68,0.0,-5.84,25.3,14.65,-47.31,-18.86,2.71,74.94,-16.15,58.79
2481,10.73,19.9,47.17,5.34,0.17,0.0,-3.62,26.38,15.85,-47.71,-19.46,2.7,74.21,-16.76,57.46
2491,6.39,21.43,50.07,5.59,0.41,0.0,-5.17,26.13,15.39,-47.57,-19.38,2.69,72.67,-16.7,55.97
2501,9.83,17.56,54.51,3.31,2.94,0.0,-4.28,25.68,15.27,-46.97,-18.72,2.7,77.86,-16.02,61.84
2511,9.01,21.44,50.13,4.16,0.27,0.0,-4.73,23.13,16.61,-44.55,-17.98,2.71,75.47,-15.27,60.19
2521,9.0,13.25,46.95,4.3,0.79,0.0,-1.95,25.59,16.41,-48.1,-18.28,2.71,66.26,-15.57,50.69
2531,10.43,17.19,52.43,3.93,0.42,0.0,-5.1,25.06,15.28,-46.49,-18.71,2.72,73.15,-16.0,57.16
2541,4.57,21.79,54.81,4.38,0.28,0.0,-4.88,27.74,16.36,-50.79,-19.95,2.75,74.26,-17.2,57.06
2551,7.06,17.07,55.09,2.79,1.11,0.0,-3.02,26.27,17.45,-49.23,-19.37,2.68,74.6,-16.69,57.91
2561,9.14,19.75,47.55,4.53,0.15,0.0,-3.47,25.45,15.88,-47.6,-18.97,2.7,71.37,-16.27,55.1
2571,4.8,20.79,51.07,4.19,1.21,0.0,-5.71,28.81,17.24,-52.7,-18.82,2.72,69.69,-16.09,53.6
2581,6.29,19.97,52.85,3.82,0.36,0.0,-3.53,26.96,16.39,-47.66,-19.55,2.74,75.45,-16.81,58.65
2591,11.22,15.95,52.39,3.16,0.69,0.0,-4.32,27.41,13.09,-50.87,-19.23,2.71,68.72,-16.53,52.19
2601,7.75,18.69,48.25,3.53,0.21,0.0,-3.64,27.11,16.13,-48.84,-19.37,2.7,69.19,-16.67,52.51
2611,11.9,24.42,49.49,5.01,0.77,0.0,-5.0,26.14,15.35,-48.48,-19.5,2.71,79.61,-16.79,62.82
2621,7.43,21.27,48.45,4.74,1.47,0.0,-2.59,26.5,17.49,-48.69,-18.26,2.7,76.07,-15.56,60.5
2631,10.25,14.25,54.28,3.41,0.03,0.0,-5.04,25.85,14.88,-45.5,-19.71,2.75,72.42,-16.96,55.46
2641,10.14,18.09,51.86,6.41,1.36,0.0,-4.27,26.31,18.42,-50.32,-19.2,2.69,78.0,-16.51,61.49
2651,12.67,20.2,52.24,3.86,1.01,0.0,-3.61,26.12,15.67,-48.32,-19.54,2.7,79.84,-16.84,63.0
2661,11.33,13.27,49.89,3.32,0.87,0.0,-4.47,26.27,14.59,-49.91,-18.98,2.72,65.17,-16.26,48.91
2671,10.26,20.7,52.26,5.65,1.3,0.0,-5.21,25.99,14.17,-48.21,-19.99,2.75,76.91,-17.24,59.67
2681,10.19,20.46,52.98,5.84,0.06,0.0,-4.71,25.16,16.62,-47.79,-18.8,2.69,78.81,-16.11,62.7
2691,7.13,17.07,50.4,4.4,0.48,0.0,-3.34,25.75,17.7,-48.13,-17.83,2.67,71.46,-15.16,56.3
2701,7.89,15.17,49.44,4.38,0.38,0.0,-3.27,26.93,17.49,-49.16,-19.47,2.71,69.25,-16.76,52.49
2711,4.5,18.36,49.52,3.08,0.21,0.0,-3.5,25.94,20.44,-47.86,-18.96,2.71,70.69,-16.24,54.45
2721,9.88,15.24,51.68,4.22,2.14,0.0,-5.13,26.78,15.06,-49.04,-20.24,2.72,70.83,-17.52,53.32
2731,7.27,15.65,49.72,3.46,1.33,0.0,-1.15,26.71,16.07,-50.77,-17.98,2.68,68.28,-15.31,52.97
2741,7.16,13.51,51.43,2.29,0.89,0.0,-4.37,23.0,16.77,-44.64,-18.71,2.65,66.02,-16.06,49.97
2751,13.1,16.95,50.63,4.6,1.74,0.0,-3.16,25.66,14.58,-49.65,-18.6,2.7,74.46,-15.89,58.57
2761,12.78,17.49,49.31,3.77,0.63,0.0,-4.97,25.47,14.06,-48.35,-18.33,2.73,70.2,-15.6,54.6
2771,7.44,15.2,51.95,2.47,2.16,0.0,-4.76,24.75,15.83,-47.96,-17.79,2.66,67.09,-15.12,51.96
2781,13.64,17.74,50.58,3.6,3.58,0.0,-3.99,24.91,13.12,-47.03,-19.12,2.71,76.14,-16.41,59.73
2791,17.45,21.74,50.66,5.42,2.18,0.0,-4.35,27.33,13.62,-50.17,-19.23,2.73,83.89,-16.51,67.38
2801,6.65,19.0,48.98,3.18,0.04,0.0,-4.51,24.01,15.97,-45.11,-18.39,2.72,68.21,-15.68,52.53
2811,11.32,18.15,53.72,4.09,0.57,0.0,-3.78,27.52,14.48,-49.91,-19.52,2.74,76.16,-16.78,59.38
2821,12.83,21.99,50.73,3.3,1.31,0.0,-4.19,28.11,14.54,-50.86,-19.86,2.72,77.75,-17.14,60.61
2831,6.19,16.2,51.44,4.26,0.32,0.0,-5.12,25.26,17.3,-45.62,-19.16,2.73,70.23,-16.43,53.8
2841,11.32,13.15,49.62,3.84,0.74,0.0,-3.33,25.18,13.87,-46.26,-19.07,2.72,68.13,-16.35,51.78
2851,7.24,18.93,49.5,4.55,0.75,0.0,-3.72,25.7,17.12,-48.08,-18.46,2.71,71.99,-15.75,56.24
2861,11.72,17.93,52.99,4.17,0.79,0.0,-4.44,22.83,17.82,-43.94,-19.35,2.67,79.88,-16.68,63.2
2871,10.13,16.69,51.52,3.82,0.26,0.0,-4.26,23.8,15.74,-43.67,-18.89,2.7,74.05,-16.19,57.85
2881,9.13,12.82,51.36,3.64,0.26,0.0,-3.92,25.55,18.32,-46.08,-18.94,2.67,71.09,-16.27,54.82
2891,6.9,14.19,50.95,3.97,0.12,0.0,-0.6,25.94,15.85,-48.54,-18.95,2.68,68.79,-16.26,52.53
2901,7.45,17.5,50.5,4.69,0.07,0.0,-3.87,25.94,16.81,-47.77,-18.67,2.64,71.32,-16.03,55.29
2911,12.37,17.83,53.99,3.75,0.69,0.0,0.83,27.05,14.3,-48.36,-18.78,2.69,82.45,-16.09,66.36
2921,7.39,14.06,53.75,3.11,0.73,0.0,-4.18,24.56,17.89,-46.15,-18.84,2.71,71.16,-16.13,55.03
2931,6.51,10.33,52.15,2.91,2.26,0.0,-4.42,26.03,15.67,-47.04,-19.1,2.7,64.41,-16.4,48.01
2941,9.36,15.96,50.27,3.91,1.56,0.0,-3.23,24.28,15.8,-44.78,-18.83,2.66,73.13,-16.17,56.96
2951,4.75,17.33,49.91,2.94,0.67,0.0,-1.33,23.5,16.45,-45.81,-18.96,2.69,68.4,-16.27,52.13
2961,12.43,20.94,49.27,3.83,1.1,0.0,-4.05,23.39,14.98,-45.11,-18.6,2.72,76.78,-15.88,60.91
2971,7.76,16.03,55.46,3.44,0.2,0.0,-4.79,25.5,16.75,-47.83,-19.29,2.67,72.5,-16.62,55.88
2981,7.02,16.39,53.55,2.55,1.25,0.0,-3.84,24.6,16.2,-45.59,-18.89,2.71,72.13,-16.19,55.94
2991,13.92,12.46,53.54,3.24,0.74,0.0,-4.23,29.05,16.57,-51.95,-19.86,2.74,73.34,-17.12,56.22
3001,6.44,20.26,51.16,4.08,0.72,0.0,-4.28,27.5,15.79,-49.73,-19.23,2.74,71.95,-16.49,55.46
3011,11.45,11.56,53.03,3.09,0.12,0.0,-3.74,24.72,15.05,-46.72,-18.56,2.69,68.57,-15.87,52.7
3021,7.79,17.8,50.87,6.04,0.29,0.0,-4.13,24.56,15.22,-45.59,-19.43,2.71,72.85,-16.72,56.13
3031,10.18,18.39,50.7,3.69,0.82,0.0,-4.17,24.37,17.27,-45.86,-19.1,2.7,75.39,-16.4,58.99
3041,6.78,20.9,49.76,4.1,0.54,0.0,-3.63,28.48,17.36,-51.61,-19.15,2.67,72.7,-16.48,56.21
3051,5.75,18.72,49.92,4.73,0.83,0.0,-3.36,26.02,17.35,-48.68,-19.14,2.73,71.28,-16.41,54.86
3061,10.27,17.53,53.88,3.67,0.9,0.0,-6.04,25.89,14.9,-48.56,-19.32,2.71,72.44,-16.61,55.83
3071,11.27,15.34,50.72,3.69,0.04,0.0,-5.66,26.34,16.26,-49.64,-18.67,2.7,68.36,-15.97,52.39
3081,10.76,18.6,54.11,3.91,0.67,0.0,-4.05,26.86,15.56,-49.26,-19.82,2.69,77.14,-17.13,60.01
3091,11.15,22.73,50.22,4.58,0.0,0.0,-5.45,27.27,14.02,-50.46,-20.41,2.72,74.07,-17.7,56.37
3101,5.02,14.74,52.51,2.63,0.39,0.0,-4.64,26.82,15.87,-48.46,-19.84,2.71,64.88,-17.13,47.75
3111,11.87,16.38,48.88,5.36,1.44,0.0,-4.16,23.77,16.03,-44.23,-18.78,2.73,75.33,-16.04,59.29
3121,9.54,17.5,50.9,3.82,0.65,0.0,-4.96,25.6,15.43,-47.94,-19.46,2.71,70.54,-16.75,53.79
3131,5.91,21.16,48.84,6.08,0.45,0.0,-5.02,24.74,16.75,-47.74,-18.62,2.71,71.18,-15.91,55.27
3141,7.76,15.12,49.23,2.58,0.12,0.0,-4.62,27.04,18.14,-47.36,-19.47,2.69,68.01,-16.78,51.23
3151,9.06,21.41,51.28,4.66,0.53,0.0,-4.55,26.26,13.7,-47.28,-19.48,2.68,75.07,-16.79,58.28
3161,11.1,22.09,49.46,4.39,0.04,0.0,-4.08,23.38,14.64,-42.86,-19.07,2.73,78.15,-16.34,61.82
3171,5.66,17.52,52.09,4.66,0.18,0.0,-2.38,29.19,16.89,-50.15,-19.1,2.72,73.65,-16.38,57.27
3181,8.59,16.72,56.58,3.17,0.55,0.0,-4.72,27.81,16.62,-48.67,-19.59,2.74,76.65,-16.85,59.8
3191,9.58,15.97,48.78,3.74,0.12,0.0,-4.35,25.35,14.12,-47.98,-18.16,2.67,65.34,-15.49,49.85
3201,8.16,17.11,51.44,3.74,0.61,0.0,-3.73,27.4,15.86,-49.2,-19.07,2.69,71.38,-16.38,55.0
3211,7.93,22.17,50.05,4.27,0.38,0.0,-4.01,26.43,14.29,-49.58,-18.86,2.71,71.93,-16.16,55.77
3221,13.96,14.22,51.39,4.42,0.16,0.0,-3.67,23.34,16.9,-43.8,-18.94,2.71,76.93,-16.23,60.7
3231,10.71,17.63,52.66,5.01,0.29,0.0,-4.44,26.81,15.64,-47.52,-19.12,2.71,76.8,-16.41,60.39
3241,9.18,15.9,49.74,3.46,0.54,0.0,-5.3,26.36,18.58,-46.89,-18.36,2.68,71.58,-15.68,55.9
3251,8.36,19.87,50.39,6.16,0.72,0.0,-3.68,25.41,17.44,-47.76,-18.47,2.71,76.91,-15.76,61.15
3261,9.36,19.21,53.12,5.74,0.31,0.0,-6.19,25.85,14.8,-47.23,-19.5,2.71,74.96,-16.79,58.18
3271,14.05,21.28,49.41,4.84,0.27,0.0,-4.46,26.54,15.6,-49.65,-18.97,2.69,77.89,-16.28,61.61
3281,11.97,23.0,49.47,5.12,0.6,0.0,-4.81,25.61,15.25,-48.45,-19.14,2.7,77.76,-16.44,61.32
3291,4.79,18.52,49.09,4.6,0.03,0.0,-3.92,25.29,18.92,-47.87,-18.65,2.7,69.45,-15.96,53.49
3301,6.42,13.64,52.09,3.1,0.69,0.0,-3.63,27.65,16.31,-50.59,-19.25,2.68,65.67,-16.57,49.1
3311,6.56,17.02,50.64,3.84,0.08,0.0,-2.57,25.94,15.08,-49.23,-18.41,2.69,67.37,-15.72,51.64
3321,7.59,18.39,54.82,3.01,0.96,0.0,-2.57,26.12,17.63,-48.3,-18.85,2.73,77.67,-16.12,61.55
3331,9.33,15.16,49.23,3.24,0.26,0.0,-4.02,24.02,15.98,-44.39,-18.93,2.69,68.81,-16.24,52.56
3341,6.63,18.45,50.04,4.9,1.74,0.0,-4.41,24.94,15.81,-46.54,-19.19,2.71,71.58,-16.48,55.1
3351,15.84,19.81,50.36,4.51,0.49,0.0,-4.29,24.54,16.06,-46.54,-19.14,2.72,80.77,-16.42,64.36
3361,10.35,20.48,51.25,5.76,2.48,0.0,-5.0,26.37,16.46,-49.6,-18.1,2.68,78.55,-15.42,63.13
3371,13.65,20.58,47.51,5.26,0.86,0.0,-3.99,25.7,12.37,-47.65,-18.77,2.71,74.28,-16.05,58.23
3381,11.69,16.72,54.33,4.1,0.33,0.0,-4.26,25.52,14.06,-47.03,-19.07,2.68,75.46,-16.39,59.06
3391,15.41,15.5,50.12,4.37,0.29,0.0,-2.9,24.63,15.32,-47.15,-17.46,2.69,75.58,-14.77,60.81
3401,8.19,18.08,52.62,3.19,0.62,0.0,-3.15,25.03,15.76,-47.07,-18.4,2.67,73.26,-15.73,57.53
3411,12.45,22.6,49.62,5.4,0.34,0.0,-4.81,25.78,15.97,-47.89,-18.05,2.66,79.46,-15.38,64.07
3421,8.9,16.11,54.86,2.15,0.21,0.0,-4.32,27.41,14.27,-47.73,-19.67,2.75,71.86,-16.92,54.94
3431,9.2,13.46,50.03,3.14,0.1,0.0,-5.11,27.67,15.06,-48.89,-19.72,2.73,64.67,-16.98,47.69
3441,11.87,20.6,49.82,5.0,1.9,0.0,-4.51,27.3,14.27,-49.34,-18.94,2.7,76.91,-16.24,60.67
3451,11.2,19.23,51.17,5.25,1.43,0.0,-5.93,25.68,14.48,-46.32,-19.84,2.74,76.19,-17.1,59.09
3461,12.57,18.17,47.84,3.92,0.4,0.0,-3.1,27.67,15.62,-50.22,-19.46,2.68,72.87,-16.78,56.09
3471,10.76,17.22,51.29,5.69,0.36,0.0,-3.47,25.37,19.47,-48.25,-18.63,2.67,78.44,-15.96,62.48
3481,16.17,13.11,49.39,4.25,0.99,0.0,-4.51,25.72,14.9,-49.41,-19.09,2.66,70.61,-16.43,54.18
3491,8.51,19.74,51.21,4.24,0.53,0.0,-4.75,26.95,17.0,-48.92,-18.81,2.66,74.5,-16.15,58.35
3501,12.94,18.2,49.3,4.34,0.87,0.0,-4.78,24.28,15.72,-44.96,-18.75,2.69,75.92,-16.06,59.86
3511,5.0,19.65,50.23,4.93,0.7,0.0,-4.83,26.55,17.19,-48.25,-19.39,2.71,71.17,-16.68,54.49
3521,9.64,23.16,50.06,3.73,0.99,0.0,-6.32,26.74,15.51,-50.02,-19.55,2.72,73.48,-16.83,56.65
3531,10.63,16.34,54.74,4.07,0.72,0.0,-2.89,27.28,18.17,-49.57,-18.54,2.73,79.5,-15.81,63.68
3541,7.46,16.78,49.09,4.53,0.48,0.0,-2.5,27.66,18.66,-50.35,-17.99,2.73,71.81,-15.26,56.55
3551,12.49,18.44,50.93,4.62,0.69,0.0,-1.4,27.82,15.13,-51.92,-18.33,2.75,76.81,-15.58,61.22
3561,14.53,17.31,54.21,3.83,0.95,0.0,-4.45,26.28,15.03,-49.9,-19.02,2.77,77.78,-16.25,61.53
3571,6.34,17.43,51.46,3.5,1.26,0.0,-4.36,27.09,16.19,-48.63,-18.91,2.71,70.29,-16.19,54.09
3581,10.75,22.93,51.73,5.31,0.05,0.0,-5.0,26.41,14.49,-48.49,-19.23,2.75,78.18,-16.48,61.7
3591,19.54,15.59,49.97,5.07,0.18,0.0,-4.36,27.7,13.36,-50.02,-18.74,2.71,77.04,-16.03,61.01
3601,9.26,12.88,51.16,4.29,0.37,0.0,-4.08,25.34,17.79,-45.78,-18.4,2.69,71.23,-15.7,55.53
3611,8.22,21.16,50.28,3.33,0.29,0.0,-5.26,26.84,18.63,-49.34,-19.4,2.74,74.14,-16.66,57.48
3621,10.92,20.68,52.44,5.89,0.11,0.0,-4.26,24.09,16.94,-46.2,-18.94,2.68,80.61,-16.26,64.35
3631,10.67,17.53,49.85,4.4,0.31,0.0,-3.62,25.3,16.32,-47.35,-18.47,2.7,73.4,-15.77,57.63
3641,8.74,17.33,50.56,2.84,0.46,0.0,-4.54,24.37,16.26,-46.11,-19.28,2.71,69.92,-16.58,53.34
3651,10.71,23.35,48.26,5.42,3.44,0.0,-3.83,24.32,15.5,-46.42,-18.04,2.67,80.75,-15.37,65.38
3661,10.07,18.62,55.91,3.2,2.44,0.0,-5.22,25.33,14.56,-46.48,-19.6,2.71,78.44,-16.89,61.55
3671,10.25,16.21,50.26,4.59,0.9,0.0,-2.87,26.27,17.21,-50.56,-17.73,2.72,72.26,-15.01,57.25
3681,11.83,12.31,50.77,4.62,0.45,0.0,-4.12,27.53,14.82,-49.72,-19.69,2.71,68.5,-16.98,51.52
3691,7.62,13.47,51.1,3.39,0.35,0.0,-5.83,25.96,17.95,-48.01,-18.79,2.67,66.01,-16.11,49.9
3701,12.99,16.47,49.14,4.63,1.06,0.0,-2.79,25.29,14.9,-47.4,-19.01,2.68,74.29,-16.32,57.96
3711,5.88,18.7,47.93,3.98,0.2,0.0,-4.89,25.38,16.08,-46.89,-18.86,2.69,66.38,-16.17,50.21
3721,8.16,15.42,50.68,3.83,0.76,0.0,-4.97,26.14,17.15,-47.53,-19.37,2.71,69.64,-16.66,52.98
3731,6.99,20.12,51.86,4.35,0.55,0.0,-6.38,26.53,17.5,-48.64,-19.1,2.69,72.88,-16.4,56.48
3741,8.62,14.33,49.25,3.38,0.56,0.0,-4.51,25.66,16.59,-47.28,-18.6,2.72,66.6,-15.88,50.72
3751,11.07,10.47,49.48,3.58,0.5,0.0,-2.83,25.34,15.09,-46.36,-19.09,2.71,66.35,-16.38,49.97
3761,9.49,15.82,54.17,4.13,0.02,0.0,-5.33,25.18,16.87,-46.94,-18.3,2.67,73.4,-15.63,57.77
3771,10.84,15.36,48.31,3.93,0.17,0.0,-2.94,28.5,16.21,-52.5,-19.28,2.69,67.88,-16.59,51.29
3781,5.74,17.22,53.34,3.76,1.3,0.0,-5.16,26.16,17.46,-48.02,-18.57,2.64,71.8,-15.93,55.88
3791,8.09,17.33,54.64,5.12,0.8,0.0,-7.07,25.51,15.79,-47.87,-18.34,2.61,72.33,-15.72,56.6
3801,7.94,18.39,54.8,2.98,0.78,0.0,-4.04,26.99,17.24,-52.47,-17.67,2.63,72.62,-15.04,57.58
3811,8.89,16.54,51.1,5.11,0.11,0.0,-5.19,26.73,17.56,-49.24,-18.72,2.7,71.6,-16.02,55.59
3821,10.58,19.1,52.08,5.14,2.73,0.0,-4.57,26.93,13.86,-47.09,-19.76,2.7,78.76,-17.06,61.7
3831,9.99,22.52,50.2,5.16,0.58,0.0,-3.72,27.91,18.2,-51.56,-18.33,2.7,79.29,-15.63,63.66
3841,7.53,20.16,52.41,4.72,0.86,0.0,-4.05,25.47,15.83,-45.42,-19.0,2.77,77.5,-16.24,61.27
3851,5.56,16.71,50.4,3.77,0.95,0.0,-3.98,28.04,17.05,-48.96,-19.29,2.72,69.55,-16.57,52.97
3861,8.23,21.81,51.55,4.1,0.58,0.0,-3.89,27.01,15.69,-48.7,-20.22,2.75,76.38,-17.48,58.91
3871,8.15,16.33,49.81,3.78,0.8,0.0,-4.57,25.98,15.99,-47.78,-18.96,2.71,68.49,-16.25,52.24
3881,10.98,17.94,51.0,5.0,0.93,0.0,-3.06,25.38,14.63,-47.77,-19.37,2.75,75.03,-16.61,58.42
3891,8.25,22.03,53.94,3.9,1.33,0.0,-3.38,29.51,15.12,-52.82,-19.51,2.75,77.88,-16.76,61.12
3901,8.25,14.19,48.71,3.82,3.03,0.0,-1.56,26.86,17.87,-49.85,-18.29,2.73,71.32,-15.56,55.76
3911,9.82,20.21,49.66,5.41,0.24,0.0,-1.43,27.59,18.78,-50.76,-18.5,2.74,79.52,-15.76,63.76
3921,7.89,13.0,52.07,2.96,0.13,0.0,-3.94,27.17,17.88,-49.95,-18.37,2.73,67.21,-15.64,51.57
3931,12.22,18.02,51.85,5.14,1.01,0.0,-4.28,26.75,16.31,-51.48,-17.95,2.74,75.54,-15.22,60.32
3941,8.01,18.66,46.58,4.76,0.09,0.0,-1.97,26.64,18.61,-51.39,-18.32,2.72,70.0,-15.6,54.4
3951,15.43,18.77,48.33,4.67,0.64,0.0,-1.81,27.16,16.16,-52.44,-18.6,2.74,76.91,-15.87,61.05
3961,13.78,18.68,49.23,3.46,0.65,0.0,-3.6,25.84,15.33,-48.62,-18.21,2.76,74.75,-15.45,59.3
3971,8.36,19.01,51.97,4.25,0.21,0.0,-3.86,28.46,17.62,-52.49,-18.94,2.74,73.53,-16.2,57.33
3981,14.12,12.66,47.85,3.76,1.96,0.0,-2.62,28.08,15.15,-50.97,-18.34,2.73,69.99,-15.61,54.38
3991,11.97,18.47,51.52,4.69,0.9,0.0,-4.27,27.25,16.42,-50.52,-18.34,2.71,76.44,-15.63,60.81
4001,11.66,18.8,53.23,3.29,0.44,0.0,-4.87,28.8,17.27,-52.18,-19.68,2.75,76.42,-16.93,59.49

Delta Energy Terms
Frame #,BOND,ANGLE,DIHED,UB,IMP,CMAP,VDWAALS,EEL,1-4 VDW,1-4 EEL,EGB,ESURF,GGAS,GSOLV,TOTAL
1,-0.0,-0.0,-0.0,-0.0,0.0,0.0,-12.97,-7.77,0.0,0.0,18.49,-2.1,-20.74,16.39,-4.35
11,-0.0,0.0,0.0,-0.0,-0.0,0.0,-12.67,-4.16,-0.0,-0.0,16.75,-2.02,-16.83,14.73,-2.1
21,0.0,-0.0,0.0,0.0,-0.0,0.0,-11.67,-7.56,-0.0,-0.0,18.36,-1.89,-19.23,16.47,-2.76
31,0.0,0.0,-0.0,-0.0,-0.0,0.0,-11.54,-7.4,-0.0,-0.0,16.88,-1.71,-18.93,15.17,-3.77
41,-0.0,0.0,-0.0,0.0,-0.0,0.0,-12.49,-7.61,0.0,-0.0,16.72,-1.78,-20.1,14.94,-5.16
51,-0.0,-0.0,-0.0,0.0,0.0,0.0,-11.3,-4.75,-0.0,-0.0,14.19,-1.6,-16.05,12.58,-3.47
61,-0.0,-0.0,-0.0,0.0,0.0,0.0,-11.53,-7.07,-0.0,-0.0,15.5,-1.69,-18.6,13.81,-4.78
71,-0.0,-0.0,0.0,0.0,-0.0,0.0,-13.37,-4.61,0.0,-0.0,17.06,-1.95,-17.98,15.11,-2.87
81,-0.0,0.0,0.0,-0.0,-0.0,0.0,-12.45,-5.97,-0.0,0.0,17.54,-1.76,-18.43,15.78,-2.65
91,-0.0,-0.0,0.0,-0.0,-0.0,0.0,-14.12,-4.97,-0.0,0.0,16.45,-1.89,-19.09,14.56,-4.52
101,0.0,-0.0,-0.0,0.0,0.0,0.0,-11.07,-2.72,-0.0,-0.0,13.27,-1.71,-13.79,11.56,-2.22
111,-0.0,0.0,0.0,0.0,-0.0,0.0,-14.35,-5.76,0.0,-0.0,16.97,-1.93,-20.1,15.03,-5.07
121,0.0,-0.0,-0.0,0.0,0.0,0.0,-13.56,-5.96,0.0,0.0,19.48,-2.27,-19.52,17.22,-2.31
131,0.0,-0.0,-0.0,0.0,-0.0,0.0,-11.83,-3.5,0.0,0.0,15.24,-1.8,-15.33,13.44,-1.89
141,0.0,0.0,-0.0,0.0,0.0,0.0,-12.68,-3.23,0.0,-0.0,14.24,-1.92,-15.91,12.32,-3.59
151,0.0,0.0,0.0,0.0,-0.0,0.0,-14.95,-3.73,0.0,-0.0,16.65,-2.19,-18.68,14.46,-4.22
161,0.0,0.0,0.0,-0.0,-0.0,0.0,-14.61,-2.72,0.0,0.0,17.41,-2.13,-17.34,15.28,-2.06
171,-0.0,0.0,-0.0,-0.0,-0.0,0.0,-15.51,-4.77,-0.0,-0.0,18.26,-2.22,-20.28,16.04,-4.25
181,0.0,-0.0,0.0,0.0,0.0,0.0,-16.06,-4.67,-0.0,0.0,17.64,-2.14,-20.73,15.5,-5.23
191,-0.0,-0.0,0.0,-0.0,-0.0,0.0,-13.1,-4.41,-0.0,0.0,19.05,-2.21,-17.51,16.84,-0.67
201,0.0,-0.0,0.0,0.0,0.0,0.0,-13.36,-3.77,-0.0,0.0,15.89,-2.11,-17.13,13.77,-3.36
211,-0.0,-0.0,-0.0,-0.0,-0.0,0.0,-13.72,-5.86,0.0,0.0,17.69,-2.12,-19.58,15.57,-4.02
221,-0.0,0.0,-0.0,-0.0,-0.0,0.0,-15.39,-5.94,0.0,-0.0,18.54,-2.25,-21.34,16.3,-5.04
231,0.0,-0.0,-0.0,0.0,0.0,0.0,-12.59,-5.32,-0.0,-0.0,17.35,-2.1,-17.91,15.26,-2.66
241,0.0,0.0,0.0,0.0,0.0,0.0,-13.1,-5.02,0.0,0.0,19.02,-2.23,-18.12,16.79,-1.33
251,0.0,0.0,-0.0,0.0,-0.0,0.0,-13.97,-3.93,0.0,-0.0,17.64,-2.17,-17.9,15.46,-2.44
261,0.0,-0.0,0.0,-0.0,-0.0,0.0,-14.27,-5.08,-0.0,0.0,17.31,-2.0,-19.35,15.31,-4.03
271,0.0,0.0,0.0,0.0,-0.0,0.0,-12.73,-4.19,0.0,0.0,15.79,-1.93,-16.91,13.85,-3.06
281,-0.0,0.0,0.0,-0.0,0.0,0.0,-11.27,-9.57,0.0,-0.0,18.18,-1.84,-20.84,16.34,-4.5
291,-0.0,0.0,0.0,-0.0,-0.0,0.0,-12.39,-6.32,0.0,-0.0,18.05,-1.8,-18.71,16.25,-2.47
301,-0.0,0.0,0.0,-0.0,0.0,0.0,-9.17,-8.44,-0.0,0.0,15.32,-1.52,-17.62,13.8,-3.82
311,0.0,0.0,0.0,0.0,-0.0,0.0,-9.98,-1.77,-0.0,0.0,11.79,-1.58,-11.75,10.21,-1.54
321,-0.0,0.0,-0.0,0.0,-0.0,0.0,-10.37,-11.65,0.0,0.0,20.86,-2.06,-22.02,18.8,-3.22
331,-0.0,0.0,-0.0,-0.0,-0.0,0.0,-13.72,-7.66,-0.0,-0.0,17.5,-1.91,-21.38,15.59,-5.79
341,0.0,-0.0,0.0,-0.0,-0.0,0.0,-10.77,-6.25,0.0,-0.0,15.54,-1.56,-17.02,13.98,-3.03
351,0.0,0.0,0.0,-0.0,-0.0,0.0,-12.25,-9.57,-0.0,-0.0,18.59,-1.87,-21.82,16.73,-5.09
361,0.0,-0.0,-0.0,-0.0,-0.0,0.0,-11.84,-8.34,-0.0,-0.0,17.11,-1.7,-20.18,15.41,-4.77
371,0.0,-0.0,-0.0,-0.0,0.0,0.0,-9.77,-2.49,-0.0,-0.0,13.71,-1.88,-12.26,11.82,-0.44
381,0.0,0.0,0.0,-0.0,-0.0,0.0,-12.74,-6.49,-0.0,0.0,16.23,-1.88,-19.22,14.35,-4.87
391,-0.0,0.0,-0.0,0.0,-0.0,0.0,-13.55,-8.63,0.0,-0.0,17.74,-2.14,-22.19,15.6,-6.59
401,-0.0,-0.0,0.0,-0.0,-0.0,0.0,-11.3,-8.3,-0.0,0.0,17.48,-1.8,-19.6,15.69,-3.92
411,0.0,0.0,0.0,-0.0,-0.0,0.0,-14.3,-6.7,-0.0,0.0,17.03,-2.09,-20.99,14.94,-6.06
421,-0.0,-0.0,0.0,0.0,-0.0,0.0,-11.58,-2.7,0.0,-0.0,13.29,-1.73,-14.27,11.57,-2.71
431,0.0,0.0,0.0,0.0,-0.0,0.0,-12.93,-5.33,-0.0,-0.0,15.95,-1.89,-18.26,14.05,-4.21
441,0.0,-0.0,-0.0,-0.0,0.0,0.0,-12.8,-8.16,-0.0,-0.0,17.75,-1.88,-20.95,15.87,-5.09
451,0.0,0.0,-0.0,0.0,-0.0,0.0,-13.38,-7.2,-0.0,-0.0,16.1,-2.05,-20.58,14.05,-6.53
461,-0.0,0.0,0.0,-0.0,-0.0,0.0,-12.3,-9.65,0.0,0.0,19.95,-2.0,-21.96,17.94,-4.01
471,0.0,-0.0,-0.0,0.0,0.0,0.0,-16.1,-8.47,-0.0,-0.0,20.59,-2.3,-24.56,18.29,-6.27
481,0.0,-0.0,0.0,0.0,-0.0,0.0,-12.36,-8.6,-0.0,0.0,18.41,-1.99,-20.97,16.43,-4.54
491,-0.0,0.0,0.0,0.0,0.0,0.0,-12.52,-4.42,0.0,0.0,15.92,-1.77,-16.94,14.15,-2.79
501,0.0,-0.0,-0.0,-0.0,-0.0,0.0,-12.91,-9.19,-0.0,0.0,17.73,-1.81,-22.09,15.92,-6.17
511,-0.0,0.0,-0.0,0.0,0.0,0.0,-12.7,-8.08,-0.0,0.0,17.47,-1.89,-20.78,15.58,-5.2
521,-0.0,-0.0,-0.0,-0.0,0.0,0.0,-12.01,-7.6,-0.0,-0.0,16.88,-1.82,-19.61,15.06,-4.55
531,-0.0,0.0,0.0,0.0,-0.0,0.0,-11.02,-8.47,-0.0,0.0,16.67,-1.81,-19.49,14.86,-4.63
541,-0.0,-0.0,0.0,-0.0,0.0,0.0,-14.12,-6.54,0.0,-0.0,16.59,-2.03,-20.66,14.56,-6.1
551,0.0,0.0,0.0,0.0,-0.0,0.0,-10.58,-1.4,-0.0,-0.0,11.05,-1.45,-11.98,9.59,-2.39
561,-0.0,0.0,-0.0,0.0,0.0,0.0,-11.84,-7.26,0.0,-0.0,16.79,-1.74,-19.1,15.05,-4.05
571,0.0,0.0,0.0,0.0,-0.0,0.0,-10.05,-4.59,-0.0,-0.0,14.94,-1.71,-14.63,13.23,-1.4
581,0.0,-0.0,-0.0,0.0,0.0,0.0,-12.41,-10.51,-0.0,0.0,19.16,-1.87,-22.91,17.29,-5.62
591,0.0,0.0,-0.0,-0.0,-0.0,0.0,-11.69,-10.61,0.0,-0.0,17.98,-1.76,-22.31,16.22,-6.09
601,0.0,0.0,0.0,-0.0,-0.0,0.0,-11.91,-11.28,-0.0,-0.0,18.67,-1.8,-23.2,16.86,-6.34
611,0.0,-0.0,0.0,0.0,-0.0,0.0,-14.26,-7.05,0.0,0.0,17.39,-2.11,-21.31,15.28,-6.03
621,-0.0,-0.0,0.0,0.0,-0.0,0.0,-13.05,-7.36,-0.0,0.0,16.16,-1.72,-20.41,14.44,-5.97
631,0.0,0.0,0.0,0.0,0.0,0.0,-11.47,-9.35,0.0,-0.0,17.95,-1.99,-20.81,15.96,-4.85
641,0.0,0.0,0.0,0.0,0.0,0.0,-13.06,-5.39,0.0,0.0,15.0,-1.82,-18.45,13.18,-5.27
651,-0.0,0.0,0.0,-0.0,0.0,0.0,-12.3,-8.34,-0.0,0.0,17.35,-1.95,-20.64,15.41,-5.24
661,-0.0,0.0,-0.0,-0.0,-0.0,0.0,-13.39,-7.96,-0.0,-0.0,17.41,-2.04,-21.35,15.37,-5.98
671,0.0,0.0,0.0,0.0,0.0,0.0,-11.98,-0.4,0.0,-0.0,11.78,-1.64,-12.38,10.15,-2.23
681,0.0,0.0,0.0,-0.0,0.0,0.0,-11.69,-6.4,-0.0,-0.0,17.24,-2.01,-18.09,15.23,-2.86
691,0.0,0.0,0.0,-0.0,-0.0,0.0,-10.49,-8.47,-0.0,0.0,16.69,-1.79,-18.96,14.91,-4.05
701,-0.0,-0.0,-0.0,-0.0,-0.0,0.0,-13.92,-5.36,0.0,-0.0,15.2,-1.96,-19.28,13.24,-6.04
711,-0.0,-0.0,0.0,-0.0,0.0,0.0,-13.56,-4.36,0.0,0.0,14.57,-1.87,-17.92,12.7,-5.23
721,0.0,-0.0,-0.0,-0.0,-0.0,0.0,-13.1,-3.35,-0.0,0.0,15.63,-2.01,-16.45,13.61,-2.84
731,0.0,0.0,-0.0,-0.0,0.0,0.0,-12.49,-5.06,0.0,-0.0,14.45,-1.85,-17.55,12.6,-4.95
741,0.0,-0.0,-0.0,0.0,0.0,0.0,-11.23,-7.88,-0.0,0.0,17.3,-1.79,-19.12,15.51,-3.61
751,-0.0,0.0,-0.0,-0.0,-0.0,0.0,-10.52,-6.38,0.0,-0.0,14.21,-1.62,-16.9,12.59,-4.31
761,0.0,-0.0,-0.0,-0.0,0.0,0.0,-9.85,-8.4,-0.0,-0.0,16.3,-1.39,-18.24,14.91,-3.34
771,-0.0,0.0,0.0,0.0,-0.0,0.0,-12.37,-6.74,-0.0,-0.0,15.96,-1.73,-19.1,14.23,-4.87
781,0.0,-0.0,0.0,-0.0,0.0,0.0,-14.7,-3.4,-0.0,0.0,17.14,-2.36,-18.1,14.78,-3.32
791,-0.0,-0.0,-0.0,0.0,0.0,0.0,-14.19,-6.85,-0.0,-0.0,18.73,-2.27,-21.04,16.47,-4.57
801,0.0,-0.0,-0.0,-0.0,0.0,0.0,-12.57,-7.06,-0.0,-0.0,17.08,-1.93,-19.63,15.15,-4.48
811,0.0,0.0,-0.0,0.0,-0.0,0.0,-14.97,-7.63,0.0,0.0,17.18,-2.06,-22.6,15.12,-7.47
821,0.0,0.0,0.0,-0.0,0.0,0.0,-12.99,-9.41,-0.0,-0.0,19.04,-2.15,-22.4,16.89,-5.51
831,-0.0,-0.0,0.0,-0.0,0.0,0.0,-14.04,-7.13,-0.0,-0.0,17.77,-2.06,-21.17,15.71,-5.45
841,0.0,-0.0,0.0,0.0,0.0,0.0,-13.12,-8.78,0.0,-0.0,16.96,-1.96,-21.91,15.01,-6.9
851,0.0,-0.0,0.0,0.0,0.0,0.0,-12.02,-4.58,0.0,0.0,14.63,-1.78,-16.59,12.84,-3.75
861,0.0,-0.0,-0.0,-0.0,0.0,0.0,-10.43,-5.82,0.0,-0.0,15.87,-1.81,-16.24,14.06,-2.19
871,-0.0,-0.0,0.0,0.0,0.0,0.0,-8.49,-11.32,0.0,-0.0,19.19,-1.91,-19.81,17.27,-2.54
881,0.0,0.0,0.0,-0.0,-0.0,0.0,-13.07,-3.53,0.0,0.0,17.12,-2.08,-16.6,15.03,-1.57
891,-0.0,-0.0,0.0,-0.0,-0.0,0.0,-10.73,-8.9,0.0,0.0,16.93,-1.89,-19.63,15.04,-4.59
901,-0.0,0.0,-0.0,0.0,0.0,0.0,-11.48,-2.21,-0.0,-0.0,13.46,-1.95,-13.68,11.52,-2.17
911,0.0,0.0,0.0,0.0,0.0,0.0,-15.2,-3.66,0.0,-0.0,15.86,-2.12,-18.87,13.74,-5.13
921,0.0,0.0,-0.0,-0.0,-0.0,0.0,-12.27,-8.85,-0.0,0.0,17.46,-1.99,-21.13,15.47,-5.66
931,0.0,0.0,-0.0,-0.0,0.0,0.0,-13.82,-6.53,-0.0,0.0,16.85,-2.15,-20.34,14.7,-5.64
941,-0.0,0.0,-0.0,-0.0,0.0,0.0,-10.83,-9.22,0.0,-0.0,17.77,-1.47,-20.04,16.29,-3.75
951,-0.0,-0.0,0.0,0.0,-0.0,0.0,-16.56,-5.48,0.0,0.0,20.07,-2.24,-22.03,17.83,-4.2
961,-0.0,0.0,0.0,0.0,0.0,0.0,-11.8,-1.62,-0.0,0.0,12.46,-1.51,-13.42,10.96,-2.46
971,-0.0,0.0,0.0,0.0,-0.0,0.0,-10.3,-9.38,0.0,-0.0,19.82,-1.61,-19.68,18.21,-1.48
981,-0.0,0.0,0.0,-0.0,-0.0,0.0,-10.84,-6.82,0.0,0.0,18.4,-1.68,-17.66,16.71,-0.94
991,-0.0,-0.0,-0.0,0.0,-0.0,0.0,-9.08,-5.58,-0.0,0.0,15.21,-1.25,-14.66,13.96,-0.71
1001,-0.0,-0.0,-0.0,-0.0,-0.0,0.0,-9.08,-4.57,0.0,-0.0,14.6,-1.25,-13.65,13.36,-0.29
1011,-0.0,0.0,0.0,-0.0,0.0,0.0,-6.73,-11.79,-0.0,-0.0,16.74,-1.07,-18.52,15.67,-2.85
1021,0.0,-0.0,-0.0,0.0,0.0,0.0,-6.74,-2.8,-0.0,0.0,10.62,-1.0,-9.54,9.61,0.07
1031,-0.0,-0.0,-0.0,-0.0,0.0,0.0,-7.97,-6.42,0.0,0.0,15.71,-1.09,-14.4,14.62,0.23
1041,-0.0,0.0,-0.0,0.0,-0.0,0.0,-7.48,-5.12,0.0,0.0,12.19,-0.93,-12.6,11.25,-1.35
1051,0.0,-0.0,-0.0,0.0,-0.0,0.0,-7.52,-1.1,-0.0,-0.0,8.92,-0.91,-8.63,8.01,-0.61
1061,0.0,-0.0,0.0,0.0,0.0,0.0,-8.78,-3.12,-0.0,0.0,11.59,-1.05,-11.9,10.54,-1.36
1071,0.0,0.0,-0.0,0.0,0.0,0.0,-7.96,-5.01,-0.0,0.0,12.5,-0.93,-12.97,11.57,-1.4
1081,-0.0,0.0,-0.0,-0.0,-0.0,0.0,-10.88,-2.23,0.0,-0.0,12.75,-1.3,-13.11,11.45,-1.66
1091,0.0,-0.0,-0.0,0.0,0.0,0.0,-13.65,-6.94,-0.0,-0.0,18.88,-2.08,-20.59,16.8,-3.79
1101,0.0,0.0,-0.0,-0.0,-0.0,0.0,-12.86,-3.82,0.0,-0.0,15.32,-1.94,-16.69,13.38,-3.3
1111,-0.0,-0.0,0.0,0.0,0.0,0.0,-13.9,2.19,0.0,-0.0,9.61,-1.84,-11.71,7.77,-3.94
1121,-0.0,0.0,0.0,-0.0,-0.0,0.0,-10.14,-1.14,0.0,0.0,9.66,-1.3,-11.28,8.36,-2.92
1131,-0.0,0.0,-0.0,0.0,-0.0,0.0,-11.08,-1.75,0.0,-0.0,11.89,-1.51,-12.83,10.38,-2.45
1141,-0.0,0.0,0.0,-0.0,-0.0,0.0,-9.0,-2.71,-0.0,-0.0,10.86,-1.16,-11.7,9.7,-2.0
1151,0.0,-0.0,0.0,-0.0,0.0,0.0,-10.13,-2.91,-0.0,0.0,11.76,-1.45,-13.04,10.31,-2.73
1161,0.0,-0.0,0.0,0.0,0.0,0.0,-12.16,-5.81,-0.0,-0.0,16.38,-1.87,-17.97,14.5,-3.46
1171,-0.0,0.0,0.0,0.0,0.0,0.0,-10.71,-0.9,-0.0,-0.0,11.27,-1.47,-11.61,9.8,-1.81
1181,-0.0,-0.0,0.0,-0.0,0.0,0.0,-14.06,-8.27,0.0,0.0,18.59,-2.07,-22.32,16.53,-5.8
1191,0.0,-0.0,0.0,0.0,0.0,0.0,-12.49,-3.36,0.0,0.0,13.65,-1.68,-15.86,11.97,-3.88
1201,0.0,0.0,-0.0,0.0,-0.0,0.0,-8.24,-1.69,0.0,-0.0,9.7,-0.97,-9.93,8.73,-1.2
1211,0.0,-0.0,0.0,-0.0,0.0,0.0,-8.04,0.04,0.0,0.0,7.09,-0.99,-8.0,6.1,-1.9
1221,0.0,-0.0,0.0,-0.0,-0.0,0.0,-5.77,-2.08,-0.0,-0.0,8.65,-0.66,-7.85,7.99,0.14
1231,-0.0,-0.0,0.0,0.0,-0.0,0.0,-6.9,-0.4,0.0,-0.0,7.76,-0.81,-7.31,6.96,-0.35
1241,0.0,-0.0,0.0,0.0,0.0,0.0,-9.93,-3.78,-0.0,0.0,10.87,-1.48,-13.72,9.39,-4.33
1251,-0.0,-0.0,-0.0,0.0,0.0,0.0,-9.41,-0.06,0.0,0.0,9.14,-1.35,-9.47,7.79,-1.68
1261,0.0,0.0,-0.0,0.0,0.0,0.0,-5.42,-6.2,0.0,0.0,11.21,-1.14,-11.62,10.06,-1.56
1271,-0.0,0.0,0.0,0.0,0.0,0.0,-11.44,-7.41,0.0,-0.0,16.04,-1.69,-18.86,14.35,-4.51
1281,0.0,0.0,-0.0,-0.0,-0.0,0.0,-13.04,-6.19,-0.0,0.0,17.47,-2.07,-19.23,15.4,-3.83
1291,0.0,0.0,0.0,-0.0,-0.0,0.0,-11.94,-11.81,-0.0,-0.0,20.93,-2.04,-23.75,18.9,-4.86
1301,0.0,0.0,0.0,-0.0,-0.0,0.0,-11.87,-9.78,-0.0,0.0,19.61,-1.81,-21.65,17.8,-3.84
1311,0.0,0.0,-0.0,-0.0,0.0,0.0,-14.72,-10.37,-0.0,-0.0,21.42,-2.15,-25.09,19.26,-5.83
1321,-0.0,0.0,-0.0,0.0,0.0,0.0,-12.65,-4.96,0.0,0.0,16.43,-1.94,-17.61,14.49,-3.12
1331,-0.0,0.0,0.0,-0.0,-0.0,0.0,-11.92,-9.85,-0.0,-0.0,20.18,-2.21,-21.77,17.97,-3.8
1341,-0.0,-0.0,0.0,0.0,-0.0,0.0,-12.89,-9.93,-0.0,0.0,19.8,-2.12,-22.83,17.67,-5.15
1351,0.0,-0.0,0.0,-0.0,0.0,0.0,-14.69,-5.32,0.0,0.0,17.84,-2.19,-20.01,15.65,-4.36
1361,-0.0,0.0,0.0,0.0,-0.0,0.0,-15.98,-5.18,-0.0,0.0,18.92,-2.2,-21.16,16.73,-4.43
1371,-0.0,0.0,0.0,-0.0,0.0,0.0,-11.39,-10.02,0.0,0.0,18.75,-2.2,-21.41,16.55,-4.85
1381,0.0,-0.0,-0.0,0.0,-0.0,0.0,-11.89,-7.86,0.0,-0.0,17.6,-2.05,-19.75,15.54,-4.2
1391,0.0,-0.0,-0.0,0.0,0.0,0.0,-14.28,-9.31,-0.0,0.0,20.57,-2.28,-23.59,18.29,-5.3
1401,0.0,-0.0,-0.0,0.0,0.0,0.0,-12.85,-7.05,0.0,-0.0,17.33,-2.01,-19.9,15.32,-4.58
1411,-0.0,0.0,0.0,-0.0,0.0,0.0,-11.98,-6.48,0.0,0.0,20.26,-2.33,-18.46,17.93,-0.53
1421,-0.0,-0.0,-0.0,0.0,-0.0,0.0,-13.8,-6.84,0.0,-0.0,19.93,-2.1,-20.64,17.83,-2.8
1431,0.0,-0.0,-0.0,0.0,0.0,0.0,-13.41,-2.46,-0.0,0.0,15.68,-2.2,-15.87,13.48,-2.39
1441,0.0,0.0,-0.0,0.0,-0.0,0.0,-14.08,-7.96,-0.0,-0.0,19.08,-2.17,-22.04,16.9,-5.14
1451,-0.0,-0.0,-0.0,0.0,0.0,0.0,-14.69,-9.5,-0.0,0.0,19.68,-2.07,-24.19,17.61,-6.58
1461,-0.0,-0.0,-0.0,0.0,0.0,0.0,-11.44,-10.53,0.0,-0.0,20.48,-1.88,-21.98,18.6,-3.38
1471,0.0,0.0,-0.0,-0.0,0.0,0.0,-12.74,-5.57,0.0,0.0,18.23,-2.07,-18.31,16.16,-2.15
1481,-0.0,-0.0,0.0,0.0,0.0,0.0,-11.73,-8.5,-0.0,0.0,18.62,-2.13,-20.24,16.49,-3.75
1491,0.0,0.0,-0.0,-0.0,-0.0,0.0,-13.58,-6.9,-0.0,0.0,19.35,-2.02,-20.48,17.34,-3.14
1501,-0.0,0.0,-0.0,0.0,-0.0,0.0,-13.92,-1.05,0.0,-0.0,12.37,-1.9,-14.96,10.47,-4.49
1511,0.0,-0.0,-0.0,0.0,-0.0,0.0,-14.59,-5.08,-0.0,0.0,17.55,-2.09,-19.67,15.46,-4.21
1521,-0.0,0.0,-0.0,0.0,0.0,0.0,-13.38,-7.71,-0.0,0.0,17.23,-1.9,-21.09,15.33,-5.76
1531,-0.0,-0.0,0.0,-0.0,0.0,0.0,-10.16,-7.32,-0.0,-0.0,18.7,-2.07,-17.48,16.63,-0.85
1541,0.0,-0.0,-0.0,0.0,0.0,0.0,-15.09,-4.22,0.0,0.0,18.19,-2.08,-19.31,16.1,-3.21
1551,0.0,0.0,0.0,-0.0,-0.0,0.0,-12.56,-3.19,0.0,0.0,16.19,-1.91,-15.75,14.28,-1.47
1561,0.0,0.0,0.0,0.0,0.0,0.0,-12.78,-3.08,-0.0,0.0,14.01,-1.87,-15.86,12.14,-3.72
1571,-0.0,0.0,0.0,-0.0,0.0,0.0,-11.41,-1.67,-0.0,0.0,13.44,-1.84,-13.09,11.59,-1.49
1581,0.0,0.0,-0.0,0.0,0.0,0.0,-14.44,-1.97,-0.0,0.0,13.81,-1.88,-16.42,11.93,-4.49
1591,0.0,0.0,0.0,0.0,-0.0,0.0,-6.76,-0.01,-0.0,-0.0,8.67,-1.14,-6.78,7.53,0.75
1601,-0.0,0.0,-0.0,0.0,0.0,0.0,-13.15,-3.68,-0.0,0.0,15.35,-1.88,-16.83,13.47,-3.36
1611,0.0,-0.0,0.0,-0.0,0.0,0.0,-10.96,-7.85,-0.0,0.0,16.51,-1.6,-18.81,14.91,-3.9
1621,0.0,-0.0,0.0,0.0,0.0,0.0,-8.78,-3.21,0.0,-0.0,13.88,-1.62,-11.99,12.26,0.27
1631,-0.0,0.0,0.0,-0.0,0.0,0.0,-12.78,-7.86,0.0,-0.0,18.27,-1.88,-20.64,16.39,-4.25
1641,0.0,0.0,-0.0,-0.0,-0.0,0.0,-12.86,-6.9,-0.0,0.0,17.25,-1.89,-19.76,15.36,-4.4
1651,-0.0,-0.0,0.0,-0.0,0.0,0.0,-6.74,-2.92,-0.0,0.0,10.67,-0.92,-9.66,9.74,0.09
1661,-0.0,-0.0,-0.0,0.0,0.0,0.0,-8.68,-0.25,-0.0,-0.0,8.95,-0.98,-8.92,7.97,-0.95
1671,0.0,0.0,0.0,0.0,-0.0,0.0,-6.94,-0.72,-0.0,-0.0,8.04,-0.78,-7.66,7.27,-0.4
1681,0.0,-0.0,0.0,0.0,0.0,0.0,-7.47,0.46,-0.0,0.0,9.75,-1.28,-7.01,8.47,1.46
1691,-0.0,-0.0,0.0,0.0,0.0,0.0,-7.3,-2.18,-0.0,-0.0,10.22,-1.08,-9.48,9.14,-0.34
1701,0.0,-0.0,0.0,-0.0,-0.0,0.0,-9.16,-1.79,-0.0,-0.0,10.86,-1.25,-10.95,9.61,-1.34
1711,-0.0,0.0,0.0,0.0,-0.0,0.0,-7.38,-1.26,0.0,0.0,10.42,-1.09,-8.64,9.34,0.69
1721,-0.0,0.0,-0.0,-0.0,-0.0,0.0,-6.88,-3.23,-0.0,-0.0,10.97,-1.09,-10.11,9.89,-0.22
1731,0.0,-0.0,-0.0,-0.0,-0.0,0.0,-7.74,-1.5,0.0,-0.0,10.0,-0.99,-9.23,9.01,-0.22
1741,-0.0,0.0,0.0,-0.0,-0.0,0.0,-8.51,-5.18,0.0,0.0,13.32,-1.15,-13.69,12.17,-1.52
1751,0.0,-0.0,0.0,0.0,-0.0,0.0,-7.41,-1.51,0.0,0.0,9.35,-0.86,-8.93,8.49,-0.44
1761,0.0,0.0,0.0,-0.0,0.0,0.0,-8.8,0.63,-0.0,-0.0,8.27,-1.11,-8.17,7.16,-1.01
1771,0.0,0.0,0.0,0.0,-0.0,0.0,-7.6,1.16,0.0,-0.0,7.1,-1.06,-6.45,6.04,-0.41
1781,-0.0,-0.0,-0.0,-0.0,-0.0,0.0,-8.34,-0.78,-0.0,0.0,9.38,-0.99,-9.12,8.39,-0.73
1791,-0.0,0.0,-0.0,0.0,-0.0,0.0,-7.35,-0.77,0.0,0.0,8.39,-0.85,-8.12,7.53,-0.59
1801,-0.0,-0.0,0.0,-0.0,-0.0,0.0,-8.85,-1.37,0.0,0.0,10.49,-1.1,-10.22,9.39,-0.83
1811,-0.0,0.0,-0.0,-0.0,0.0,0.0,-10.89,-0.99,0.0,0.0,11.65,-1.5,-11.88,10.15,-1.73
1821,-0.0,-0.0,-0.0,-0.0,0.0,0.0,-9.82,1.13,-0.0,0.0,9.44,-1.49,-8.69,7.95,-0.74
1831,-0.0,0.0,0.0,0.0,0.0,0.0,-8.08,-1.41,-0.0,0.0,9.35,-1.03,-9.49,8.32,-1.17
1841,-0.0,0.0,0.0,0.0,-0.0,0.0,-9.0,1.87,0.0,-0.0,8.0,-1.13,-7.14,6.88,-0.26
1851,0.0,0.0,-0.0,0.0,0.0,0.0,-10.74,-5.01,0.0,-0.0,12.32,-1.6,-15.75,10.72,-5.04
1861,-0.0,0.0,0.0,0.0,-0.0,0.0,-8.84,-6.62,-0.0,-0.0,13.39,-1.48,-15.47,11.91,-3.56
1871,-0.0,0.0,-0.0,0.0,-0.0,0.0,-9.93,-5.82,-0.0,0.0,13.08,-1.5,-15.75,11.58,-4.18
1881,0.0,0.0,-0.0,-0.0,-0.0,0.0,-10.34,-7.18,0.0,0.0,14.81,-1.59,-17.52,13.22,-4.29
1891,-0.0,-0.0,-0.0,0.0,-0.0,0.0,-7.67,-9.33,-0.0,0.0,14.68,-1.47,-16.99,13.22,-3.78
1901,-0.0,-0.0,0.0,0.0,-0.0,0.0,-6.94,-3.23,0.0,0.0,10.75,-0.98,-10.17,9.77,-0.4
1911,0.0,-0.0,0.0,0.0,0.0,0.0,-9.23,-1.02,0.0,-0.0,10.0,-1.19,-10.25,8.8,-1.45
1921,0.0,0.0,-0.0,-0.0,0.0,0.0,-8.6,-1.89,-0.0,0.0,10.95,-1.23,-10.48,9.72,-0.77
1931,0.0,-0.0,-0.0,-0.0,-0.0,0.0,-10.94,-8.05,0.0,-0.0,17.51,-1.47,-18.99,16.04,-2.95
1941,-0.0,0.0,0.0,0.0,0.0,0.0,-10.0,-6.32,0.0,0.0,16.01,-1.45,-16.31,14.56,-1.75
1951,0.0,-0.0,0.0,-0.0,-0.0,0.0,-8.31,-0.99,0.0,0.0,10.53,-1.17,-9.3,9.36,0.06
1961,0.0,0.0,-0.0,0.0,-0.0,0.0,-9.6,-0.22,0.0,0.0,10.31,-1.3,-9.81,9.02,-0.79
1971,-0.0,0.0,-0.0,-0.0,0.0,0.0,-4.34,-5.86,-0.0,0.0,8.26,-0.76,-10.2,7.5,-2.7
1981,-0.0,-0.0,-0.0,-0.0,-0.0,0.0,-4.73,-1.81,-0.0,-0.0,7.57,-0.41,-6.54,7.16,0.61
1991,-0.0,0.0,-0.0,0.0,0.0,0.0,-5.04,-6.11,0.0,0.0,9.62,-0.68,-11.15,8.94,-2.21
2001,-0.0,0.0,0.0,-0.0,-0.0,0.0,-3.43,-7.49,0.0,0.0,10.23,-0.89,-10.92,9.34,-1.57
2011,-0.0,-0.0,-0.0,-0.0,0.0,0.0,-3.29,-0.15,-0.0,0.0,4.52,-0.23,-3.44,4.29,0.85
2021,0.0,-0.0,-0.0,-0.0,0.0,0.0,-3.61,-0.36,0.0,0.0,5.18,-0.28,-3.98,4.9,0.92
2031,0.0,-0.0,-0.0,-0.0,0.0,0.0,-4.71,0.38,0.0,-0.0,5.29,-0.46,-4.32,4.83,0.51
2041,-0.0,0.0,0.0,0.0,-0.0,0.0,-5.14,-0.33,-0.0,-0.0,6.18,-0.58,-5.47,5.6,0.13
2051,-0.0,-0.0,0.0,-0.0,0.0,0.0,-6.65,0.8,-0.0,0.0,7.36,-0.83,-5.85,6.52,0.67
2061,0.0,-0.0,0.0,-0.0,-0.0,0.0,-6.47,-1.36,-0.0,0.0,8.91,-0.77,-7.84,8.14,0.3
2071,-0.0,-0.0,-0.0,-0.0,-0.0,0.0,-6.06,-2.1,0.0,0.0,7.9,-0.8,-8.16,7.1,-1.06
2081,-0.0,-0.0,0.0,-0.0,0.0,0.0,-6.71,0.83,0.0,-0.0,6.2,-0.83,-5.87,5.36,-0.51
2091,-0.0,0.0,-0.0,-0.0,-0.0,0.0,-7.94,-5.19,-0.0,-0.0,9.9,-1.14,-13.13,8.76,-4.38
2101,0.0,-0.0,0.0,0.0,0.0,0.0,-7.99,-6.4,-0.0,-0.0,12.24,-1.06,-14.39,11.18,-3.21
2111,-0.0,0.0,0.0,0.0,0.0,0.0,-6.86,-4.57,0.0,0.0,9.59,-0.82,-11.43,8.76,-2.67
2121,-0.0,0.0,0.0,0.0,0.0,0.0,-6.98,-6.57,-0.0,-0.0,11.78,-1.07,-13.55,10.71,-2.84
2131,0.0,-0.0,-0.0,0.0,-0.0,0.0,-6.34,-5.27,-0.0,0.0,11.05,-0.93,-11.61,10.12,-1.49
2141,-0.0,0.0,-0.0,-0.0,0.0,0.0,-7.49,-2.66,-0.0,0.0,9.36,-0.97,-10.14,8.39,-1.75
2151,0.0,-0.0,0.0,0.0,0.0,0.0,-7.04,-0.7,-0.0,-0.0,8.08,-0.75,-7.74,7.33,-0.41
2161,-0.0,-0.0,-0.0,0.0,0.0,0.0,-7.75,-4.76,-0.0,0.0,10.73,-0.99,-12.51,9.73,-2.77
2171,0.0,-0.0,0.0,-0.0,-0.0,0.0,-9.06,-3.34,0.0,0.0,10.53,-1.33,-12.4,9.2,-3.2
2181,0.0,0.0,0.0,-0.0,-0.0,0.0,-5.59,0.84,0.0,0.0,5.44,-0.64,-4.75,4.8,0.04
2191,-0.0,0.0,0.0,0.0,-0.0,0.0,-6.5,-2.27,-0.0,-0.0,7.94,-0.77,-8.77,7.17,-1.6
2201,-0.0,-0.0,0.0,-0.0,0.0,0.0,-4.27,-1.12,0.0,-0.0,6.36,-0.45,-5.38,5.91,0.53
2211,0.0,-0.0,-0.0,0.0,-0.0,0.0,-5.7,-2.81,0.0,0.0,8.59,-0.7,-8.5,7.89,-0.61
2221,-0.0,-0.0,-0.0,0.0,0.0,0.0,-6.4,-2.96,-0.0,-0.0,8.18,-0.77,-9.36,7.41,-1.95
2231,-0.0,0.0,0.0,-0.0,0.0,0.0,-6.56,-0.7,0.0,-0.0,7.56,-0.85,-7.26,6.71,-0.55
2241,0.0,0.0,-0.0,0.0,0.0,0.0,-6.81,-1.54,-0.0,-0.0,7.53,-0.98,-8.36,6.55,-1.81
2251,-0.0,-0.0,0.0,-0.0,0.0,0.0,-8.83,-1.36,-0.0,0.0,10.19,-1.13,-10.2,9.06,-1.13
2261,0.0,0.0,0.0,-0.0,-0.0,0.0,-6.51,-2.47,0.0,-0.0,9.65,-0.86,-8.98,8.78,-0.2
2271,-0.0,0.0,0.0,0.0,0.0,0.0,-8.29,-6.23,0.0,0.0,11.9,-1.25,-14.52,10.65,-3.87
2281,-0.0,-0.0,0.0,0.0,-0.0,0.0,-5.98,-5.61,-0.0,-0.0,11.85,-0.9,-11.59,10.95,-0.63
2291,-0.0,-0.0,-0.0,-0.0,0.0,0.0,-8.14,-4.46,0.0,0.0,11.64,-1.09,-12.61,10.56,-2.05
2301,0.0,0.0,-0.0,-0.0,-0.0,0.0,-8.57,-2.55,-0.0,-0.0,10.37,-1.41,-11.13,8.95,-2.17
2311,0.0,-0.0,0.0,-0.0,0.0,0.0,-7.87,-5.11,-0.0,0.0,11.63,-1.1,-12.97,10.53,-2.45
2321,-0.0,0.0,-0.0,0.0,-0.0,0.0,-7.74,-4.26,-0.0,-0.0,10.36,-1.0,-12.0,9.35,-2.65
2331,0.0,-0.0,0.0,0.0,-0.0,0.0,-7.93,-7.63,0.0,0.0,14.07,-1.24,-15.56,12.83,-2.73
2341,0.0,0.0,-0.0,-0.0,-0.0,0.0,-7.1,-4.34,0.0,0.0,11.67,-0.88,-11.44,10.79,-0.65
2351,0.0,-0.0,0.0,0.0,0.0,0.0,-6.09,-7.05,0.0,-0.0,13.02,-1.08,-13.14,11.94,-1.19
2361,0.0,-0.0,-0.0,-0.0,0.0,0.0,-6.98,-7.75,0.0,0.0,12.92,-1.03,-14.73,11.89,-2.84
2371,-0.0,-0.0,-0.0,0.0,0.0,0.0,-5.89,-3.45,0.0,0.0,9.48,-0.63,-9.34,8.85,-0.5
2381,0.0,0.0,-0.0,-0.0,0.0,0.0,-8.59,-2.19,-0.0,0.0,11.62,-1.27,-10.78,10.35,-0.43
2391,0.0,-0.0,0.0,0.0,-0.0,0.0,-7.87,-1.54,0.0,-0.0,8.43,-1.07,-9.4,7.36,-2.04
2401,0.0,-0.0,-0.0,0.0,0.0,0.0,-8.3,-6.11,-0.0,0.0,13.28,-1.4,-14.42,11.88,-2.54
2411,-0.0,0.0,0.0,0.0,0.0,0.0,-9.23,-5.99,-0.0,-0.0,13.13,-1.3,-15.21,11.83,-3.38
2421,0.0,0.0,0.0,-0.0,-0.0,0.0,-9.68,-2.85,-0.0,-0.0,11.34,-1.25,-12.53,10.09,-2.44
2431,0.0,-0.0,-0.0,0.0,-0.0,0.0,-8.93,-6.84,0.0,-0.0,15.09,-1.05,-15.76,14.04,-1.72
2441,-0.0,0.0,-0.0,0.0,0.0,0.0,-9.74,-1.16,-0.0,-0.0,10.8,-1.37,-10.9,9.42,-1.47
2451,0.0,-0.0,0.0,-0.0,0.0,0.0,-11.39,-6.07,0.0,0.0,17.66,-1.93,-17.45,15.73,-1.72
2461,-0.0,0.0,-0.0,-0.0,0.0,0.0,-9.74,-3.68,0.0,0.0,12.03,-1.42,-13.41,10.61,-2.8
2471,0.0,-0.0,0.0,0.0,-0.0,0.0,-11.73,-1.95,-0.0,0.0,12.71,-1.76,-13.67,10.96,-2.72
2481,-0.0,-0.0,0.0,-0.0,0.0,0.0,-12.97,-2.84,-0.0,-0.0,14.56,-1.83,-15.81,12.73,-3.08
2491,0.0,-0.0,-0.0,-0.0,0.0,0.0,-10.53,-1.82,-0.0,0.0,12.08,-1.51,-12.35,10.57,-1.78
2501,-0.0,0.0,0.0,0.0,0.0,0.0,-13.68,-1.8,0.0,0.0,12.45,-1.86,-15.47,10.6,-4.87
2511,0.0,-0.0,0.0,-0.0,0.0,0.0,-11.19,-1.38,-0.0,0.0,12.34,-1.72,-12.57,10.62,-1.95
2521,0.0,-0.0,-0.0,0.0,0.0,0.0,-10.3,-2.17,-0.0,0.0,11.34,-1.39,-12.47,9.94,-2.53
2531,0.0,0.0,0.0,-0.0,0.0,0.0,-10.13,-5.2,-0.0,-0.0,15.24,-1.47,-15.33,13.76,-1.57
2541,0.0,-0.0,0.0,-0.0,-0.0,0.0,-8.36,-2.61,-0.0,-0.0,11.3,-1.17,-10.97,10.13,-0.84
2551,-0.0,-0.0,-0.0,-0.0,-0.0,0.0,-10.01,-2.06,0.0,-0.0,11.18,-1.37,-12.07,9.81,-2.26
2561,0.0,-0.0,0.0,0.0,-0.0,0.0,-9.54,-2.16,-0.0,-0.0,10.94,-1.32,-11.7,9.63,-2.07
2571,0.0,0.0,-0.0,0.0,0.0,0.0,-10.99,-8.68,-0.0,0.0,18.33,-1.55,-19.67,16.78,-2.89
2581,0.0,0.0,0.0,0.0,0.0,0.0,-9.63,-3.6,-0.0,0.0,13.95,-1.59,-13.24,12.36,-0.88
2591,-0.0,-0.0,-0.0,0.0,0.0,0.0,-10.45,1.02,0.0,-0.0,9.5,-1.4,-9.43,8.1,-1.33
2601,-0.0,0.0,0.0,-0.0,-0.0,0.0,-11.27,0.96,-0.0,0.0,10.11,-1.52,-10.32,8.59,-1.73
2611,0.0,0.0,0.0,-0.0,-0.0,0.0,-10.98,-0.34,-0.0,0.0,11.01,-1.62,-11.32,9.39,-1.93
2621,0.0,-0.0,0.0,-0.0,0.0,0.0,-11.2,1.42,0.0,-0.0,9.52,-1.5,-9.78,8.02,-1.76
2631,-0.0,-0.0,0.0,0.0,-0.0,0.0,-9.61,-1.39,0.0,-0.0,11.58,-1.28,-11.01,10.3,-0.71
2641,-0.0,-0.0,-0.0,-0.0,-0.0,0.0,-10.57,-2.01,-0.0,-0.0,11.03,-1.47,-12.58,9.56,-3.02
2651,-0.0,0.0,-0.0,-0.0,0.0,0.0,-9.46,-1.39,-0.0,0.0,9.78,-1.16,-10.85,8.63,-2.22
2661,0.0,-0.0,0.0,-0.0,0.0,0.0,-8.99,0.1,-0.0,-0.0,11.29,-1.43,-8.89,9.86,0.97
2671,-0.0,-0.0,0.0,-0.0,-0.0,0.0,-8.09,-3.52,-0.0,-0.0,11.57,-1.35,-11.6,10.22,-1.38
2681,0.0,-0.0,0.0,0.0,0.0,0.0,-9.88,-4.63,0.0,0.0,11.74,-1.4,-14.51,10.34,-4.17
2691,0.0,-0.0,-0.0,0.0,-0.0,0.0,-9.78,-6.05,0.0,0.0,12.57,-1.51,-15.83,11.06,-4.77
2701,0.0,0.0,-0.0,-0.0,-0.0,0.0,-10.25,-6.94,-0.0,-0.0,13.47,-1.5,-17.19,11.97,-5.22
2711,-0.0,-0.0,0.0,-0.0,0.0,0.0,-4.22,-7.59,0.0,-0.0,10.35,-1.11,-11.8,9.24,-2.56
2721,-0.0,-0.0,-0.0,-0.0,0.0,0.0,-10.07,0.54,-0.0,0.0,10.18,-1.48,-9.52,8.7,-0.82
2731,-0.0,0.0,-0.0,0.0,0.0,0.0,-9.19,1.41,-0.0,-0.0,8.18,-1.18,-7.78,7.0,-0.78
2741,0.0,-0.0,0.0,0.0,0.0,0.0,-12.46,-1.64,-0.0,0.0,12.39,-1.73,-14.1,10.67,-3.43
2751,-0.0,-0.0,0.0,-0.0,-0.0,0.0,-9.81,-3.4,-0.0,-0.0,13.64,-1.41,-13.21,12.23,-0.98
2761,-0.0,0.0,0.0,0.0,-0.0,0.0,-9.18,0.44,-0.0,-0.0,8.78,-1.19,-8.74,7.59,-1.15
2771,0.0,0.0,-0.0,0.0,0.0,0.0,-10.6,-3.67,0.0,-0.0,13.85,-1.44,-14.28,12.41,-1.87
2781,-0.0,-0.0,-0.0,0.0,-0.0,0.0,-8.97,0.01,-0.0,0.0,8.98,-1.16,-8.95,7.82,-1.13
2791,0.0,0.0,0.0,-0.0,0.0,0.0,-8.13,3.32,0.0,-0.0,6.79,-1.18,-4.81,5.61,0.8
2801,0.0,0.0,0.0,-0.0,0.0,0.0,-8.22,-1.35,0.0,-0.0,9.34,-1.08,-9.57,8.26,-1.31
2811,-0.0,0.0,0.0,0.0,0.0,0.0,-9.24,-1.56,0.0,-0.0,10.69,-1.22,-10.81,9.47,-1.34
2821,0.0,0.0,0.0,-0.0,0.0,0.0,-7.47,-12.77,-0.0,0.0,17.44,-1.35,-20.24,16.09,-4.15
2831,0.0,0.0,-0.0,0.0,0.0,0.0,-9.3,-8.53,-0.0,-0.0,15.26,-1.37,-17.83,13.89,-3.93
2841,-0.0,0.0,-0.0,-0.0,-0.0,0.0,-8.04,-6.49,0.0,0.0,14.77,-1.46,-14.53,13.31,-1.22
2851,-0.0,0.0,-0.0,0.0,-0.0,0.0,-6.03,-7.52,-0.0,0.0,12.42,-1.09,-13.55,11.33,-2.22
2861,-0.0,0.0,0.0,0.0,-0.0,0.0,-8.61,-5.45,0.0,0.0,11.12,-1.21,-14.06,9.92,-4.14
2871,-0.0,-0.0,-0.0,-0.0,-0.0,0.0,-9.54,0.18,-0.0,0.0,9.06,-1.27,-9.36,7.79,-1.57
2881,0.0,0.0,-0.0,0.0,-0.0,0.0,-9.25,-1.22,0.0,-0.0,10.89,-1.2,-10.47,9.69,-0.78
2891,0.0,-0.0,0.0,-0.0,0.0,0.0,-9.78,-0.75,-0.0,0.0,10.39,-1.38,-10.53,9.0,-1.53
2901,-0.0,-0.0,0.0,0.0,-0.0,0.0,-9.31,-0.8,-0.0,-0.0,10.98,-1.25,-10.11,9.73,-0.38
2911,-0.0,0.0,0.0,0.0,-0.0,0.0,-9.14,-2.61,-0.0,-0.0,12.04,-1.16,-11.75,10.89,-0.86
2921,-0.0,-0.0,0.0,0.0,-0.0,0.0,-10.48,-3.34,0.0,-0.0,12.18,-1.34,-13.83,10.84,-2.99
2931,-0.0,0.0,0.0,0.0,0.0,0.0,-7.37,-2.61,-0.0,-0.0,12.52,-1.21,-9.97,11.31,1.34
2941,-0.0,0.0,-0.0,-0.0,0.0,0.0,-8.97,-2.88,-0.0,0.0,12.38,-1.25,-11.86,11.13,-0.73
2951,-0.0,-0.0,-0.0,0.0,0.0,0.0,-8.25,-1.29,-0.0,0.0,9.69,-1.05,-9.53,8.64,-0.9
2961,-0.0,-0.0,-0.0,0.0,0.0,0.0,-8.5,-0.92,0.0,0.0,9.28,-1.13,-9.43,8.15,-1.28
2971,0.0,0.0,-0.0,0.0,-0.0,0.0,-7.04,-11.88,0.0,-0.0,16.33,-1.21,-18.92,15.12,-3.8
2981,0.0,0.0,-0.0,-0.0,-0.0,0.0,-6.82,-4.29,0.0,0.0,9.21,-1.17,-11.11,8.04,-3.06
2991,-0.0,0.0,-0.0,-0.0,0.0,0.0,-9.34,-14.1,0.0,-0.0,19.63,-1.36,-23.44,18.27,-5.17
3001,-0.0,0.0,0.0,0.0,-0.0,0.0,-8.56,-0.27,-0.0,-0.0,9.66,-1.06,-8.84,8.6,-0.24
3011,0.0,0.0,0.0,0.0,0.0,0.0,-8.64,-1.63,0.0,0.0,10.03,-1.03,-10.27,9.0,-1.27
3021,-0.0,0.0,-0.0,-0.0,0.0,0.0,-8.54,-7.57,-0.0,-0.0,13.24,-1.3,-16.12,11.94,-4.18
3031,-0.0,-0.0,-0.0,-0.0,0.0,0.0,-8.81,-3.96,-0.0,-0.0,9.83,-1.22,-12.76,8.61,-4.15
3041,0.0,0.0,-0.0,0.0,0.0,0.0,-6.8,-10.02,-0.0,0.0,15.54,-1.41,-16.82,14.13,-2.7
3051,0.0,0.0,0.0,-0.0,0.0,0.0,-8.21,-11.12,0.0,-0.0,16.81,-1.54,-19.33,15.27,-4.06
3061,0.0,-0.0,0.0,0.0,0.0,0.0,-7.2,-8.08,0.0,0.0,14.24,-1.47,-15.28,12.76,-2.51
3071,-0.0,0.0,-0.0,0.0,-0.0,0.0,-9.28,-8.69,-0.0,-0.0,14.35,-1.41,-17.97,12.94,-5.03
3081,0.0,-0.0,-0.0,-0.0,-0.0,0.0,-8.12,-7.2,-0.0,-0.0,13.8,-1.34,-15.32,12.46,-2.85
3091,0.0,-0.0,0.0,-0.0,0.0,0.0,-9.79,-4.65,-0.0,-0.0,12.59,-1.28,-14.44,11.31,-3.12
3101,0.0,0.0,0.0,-0.0,-0.0,0.0,-7.91,-8.14,0.0,-0.0,15.48,-1.46,-16.04,14.02,-2.02
3111,0.0,0.0,0.0,-0.0,0.0,0.0,-8.01,-3.56,-0.0,-0.0,8.9,-1.21,-11.56,7.7,-3.86
3121,-0.0,-0.0,0.0,-0.0,-0.0,0.0,-10.2,-4.62,-0.0,0.0,12.62,-1.51,-14.82,11.11,-3.71
3131,0.0,0.0,-0.0,-0.0,0.0,0.0,-10.16,2.63,-0.0,-0.0,7.12,-1.4,-7.52,5.72,-1.8
3141,-0.0,0.0,0.0,-0.0,-0.0,0.0,-9.72,-6.48,-0.0,-0.0,12.99,-1.33,-16.19,11.66,-4.54
3151,0.0,-0.0,-0.0,0.0,-0.0,0.0,-7.86,-8.39,-0.0,-0.0,13.17,-1.27,-16.24,11.89,-4.35
3161,0.0,-0.0,0.0,0.0,0.0,0.0,-7.4,-9.22,0.0,-0.0,13.66,-1.09,-16.62,12.56,-4.06
3171,0.0,0.0,-0.0,0.0,0.0,0.0,-5.95,-15.47,-0.0,0.0,18.48,-1.29,-21.42,17.19,-4.23
3181,-0.0,-0.0,-0.0,-0.0,-0.0,0.0,-9.5,-8.71,0.0,-0.0,17.37,-1.27,-18.21,16.1,-2.11
3191,0.0,0.0,-0.0,0.0,0.0,0.0,-10.56,-0.38,0.0,-0.0,9.91,-1.45,-10.94,8.46,-2.48
3201,-0.0,0.0,0.0,-0.0,0.0,0.0,-8.13,-1.48,0.0,0.0,10.0,-1.35,-9.61,8.65,-0.96
3211,-0.0,-0.0,0.0,0.0,0.0,0.0,-11.69,-1.13,-0.0,-0.0,11.66,-1.54,-12.83,10.12,-2.7
3221,-0.0,-0.0,-0.0,0.0,0.0,0.0,-10.39,-1.43,-0.0,0.0,10.68,-1.37,-11.82,9.31,-2.51
3231,0.0,0.0,-0.0,0.0,0.0,0.0,-9.36,-1.33,0.0,0.0,11.02,-1.27,-10.69,9.75,-0.94
3241,0.0,-0.0,-0.0,0.0,-0.0,0.0,-9.31,0.12,-0.0,-0.0,9.5,-1.17,-9.2,8.33,-0.87
3251,-0.0,-0.0,-0.0,0.0,0.0,0.0,-10.02,1.08,0.0,0.0,9.95,-1.35,-8.94,8.6,-0.34
3261,0.0,-0.0,-0.0,-0.0,0.0,0.0,-8.31,-9.07,0.0,-0.0,14.19,-1.33,-17.38,12.86,-4.52
3271,-0.0,0.0,-0.0,0.0,-0.0,0.0,-8.06,-5.27,0.0,-0.0,10.53,-1.21,-13.33,9.31,-4.01
3281,0.0,0.0,-0.0,-0.0,-0.0,0.0,-7.43,-5.21,0.0,-0.0,11.31,-1.1,-12.64,10.22,-2.42
3291,0.0,-0.0,-0.0,0.0,-0.0,0.0,-8.45,-5.18,0.0,-0.0,11.95,-1.26,-13.63,10.69,-2.94
3301,0.0,-0.0,-0.0,0.0,0.0,0.0,-8.75,-5.68,-0.0,0.0,12.19,-1.22,-14.43,10.97,-3.46
3311,0.0,-0.0,0.0,0.0,-0.0,0.0,-9.17,-3.05,0.0,-0.0,10.66,-1.25,-12.22,9.41,-2.81
3321,0.0,-0.0,-0.0,-0.0,-0.0,0.0,-6.16,-7.11,0.0,0.0,11.31,-1.04,-13.27,10.27,-3.0
3331,-0.0,-0.0,-0.0,0.0,0.0,0.0,-9.29,2.96,-0.0,0.0,7.57,-1.21,-6.33,6.36,0.03
3341,0.0,0.0,0.0,-0.0,-0.0,0.0,-8.98,-1.15,-0.0,0.0,10.03,-1.07,-10.13,8.95,-1.18
3351,0.0,0.0,-0.0,-0.0,-0.0,0.0,-8.12,-0.32,0.0,-0.0,8.18,-0.9,-8.44,7.28,-1.16
3361,0.0,0.0,0.0,-0.0,-0.0,0.0,-7.69,-2.34,-0.0,-0.0,11.66,-1.5,-10.03,10.16,0.13
3371,0.0,-0.0,-0.0,-0.0,0.0,0.0,-8.57,0.62,-0.0,-0.0,7.87,-1.08,-7.95,6.79,-1.16
3381,-0.0,0.0,-0.0,-0.0,0.0,0.0,-8.37,0.63,-0.0,0.0,9.83,-1.27,-7.74,8.56,0.82
3391,0.0,0.0,-0.0,0.0,-0.0,0.0,-9.96,0.89,-0.0,-0.0,8.02,-1.21,-9.07,6.81,-2.26
3401,-0.0,-0.0,0.0,-0.0,0.0,0.0,-9.7,3.46,-0.0,0.0,7.05,-1.26,-6.24,5.79,-0.45
3411,-0.0,-0.0,-0.0,0.0,0.0,0.0,-8.29,0.92,-0.0,-0.0,9.03,-1.24,-7.37,7.79,0.42
3421,-0.0,0.0,-0.0,0.0,-0.0,0.0,-9.29,-6.1,0.0,0.0,14.68,-1.41,-15.39,13.28,-2.11
3431,-0.0,-0.0,0.0,0.0,-0.0,0.0,-9.09,-2.84,-0.0,-0.0,13.07,-1.49,-11.93,11.59,-0.34
3441,0.0,0.0,0.0,-0.0,-0.0,0.0,-9.24,-1.32,0.0,-0.0,10.05,-1.16,-10.56,8.89,-1.67
3451,-0.0,0.0,-0.0,0.0,0.0,0.0,-7.95,-7.07,0.0,0.0,12.66,-1.33,-15.02,11.33,-3.69
3461,-0.0,0.0,-0.0,-0.0,-0.0,0.0,-6.6,-6.3,0.0,-0.0,11.64,-1.17,-12.9,10.47,-2.43
3471,0.0,-0.0,0.0,0.0,0.0,0.0,-6.48,-0.16,0.0,0.0,7.43,-0.95,-6.64,6.48,-0.16
3481,-0.0,-0.0,-0.0,-0.0,0.0,0.0,-6.36,0.33,-0.0,0.0,7.0,-0.89,-6.03,6.11,0.08
3491,-0.0,-0.0,-0.0,-0.0,-0.0,0.0,-8.61,-1.35,-0.0,0.0,10.88,-1.25,-9.97,9.63,-0.34
3501,0.0,-0.0,0.0,0.0,-0.0,0.0,-6.85,2.2,-0.0,-0.0,6.35,-0.98,-4.65,5.37,0.72
3511,0.0,-0.0,-0.0,-0.0,0.0,0.0,-7.14,0.39,0.0,-0.0,7.84,-1.04,-6.75,6.8,0.05
3521,-0.0,-0.0,0.0,-0.0,0.0,0.0,-7.07,3.04,-0.0,-0.0,5.33,-1.02,-4.03,4.31,0.28
3531,0.0,-0.0,0.0,0.0,-0.0,0.0,-5.05,-3.39,-0.0,0.0,8.69,-0.46,-8.45,8.22,-0.22
3541,-0.0,0.0,-0.0,0.0,-0.0,0.0,-5.82,-2.41,0.0,0.0,7.76,-0.61,-8.23,7.15,-1.08
3551,0.0,0.0,-0.0,0.0,0.0,0.0,-6.41,-4.43,0.0,0.0,10.11,-0.72,-10.84,9.38,-1.46
3561,-0.0,0.0,0.0,0.0,0.0,0.0,-7.39,-3.21,0.0,-0.0,9.24,-0.87,-10.6,8.37,-2.23
3571,-0.0,0.0,-0.0,0.0,-0.0,0.0,-6.09,-1.45,0.0,0.0,6.85,-0.72,-7.54,6.13,-1.4
3581,-0.0,-0.0,0.0,-0.0,0.0,0.0,-8.03,-3.26,0.0,0.0,11.05,-0.97,-11.3,10.08,-1.22
3591,-0.0,0.0,0.0,-0.0,0.0,0.0,-7.02,-4.91,-0.0,-0.0,11.77,-0.82,-11.93,10.96,-0.98
3601,0.0,-0.0,0.0,-0.0,-0.0,0.0,-9.85,-2.07,0.0,-0.0,11.07,-1.43,-11.92,9.64,-2.28
3611,-0.0,-0.0,0.0,-0.0,0.0,0.0,-6.88,-0.62,0.0,-0.0,7.81,-0.69,-7.5,7.12,-0.38
3621,-0.0,-0.0,0.0,0.0,0.0,0.0,-6.97,-1.35,0.0,0.0,8.88,-0.88,-8.32,8.0,-0.32
3631,-0.0,-0.0,-0.0,-0.0,0.0,0.0,-8.22,-0.05,-0.0,0.0,9.28,-1.08,-8.27,8.2,-0.07
3641,0.0,-0.0,0.0,-0.0,-0.0,0.0,-7.99,-1.69,0.0,-0.0,10.22,-1.16,-9.68,9.06,-0.62
3651,0.0,0.0,-0.0,-0.0,-0.0,0.0,-10.08,3.38,0.0,-0.0,6.5,-1.47,-6.69,5.03,-1.67
3661,0.0,-0.0,0.0,-0.0,0.0,0.0,-9.96,-2.75,-0.0,-0.0,12.87,-1.35,-12.71,11.51,-1.19
3671,0.0,0.0,-0.0,-0.0,0.0,0.0,-10.36,0.23,-0.0,-0.0,10.38,-1.39,-10.13,9.0,-1.14
3681,0.0,0.0,0.0,0.0,-0.0,0.0,-10.11,-6.04,0.0,0.0,14.39,-1.35,-16.15,13.04,-3.11
3691,-0.0,-0.0,-0.0,-0.0,-0.0,0.0,-8.81,-6.08,0.0,-0.0,14.08,-1.6,-14.89,12.48,-2.41
3701,-0.0,-0.0,-0.0,-0.0,-0.0,0.0,-8.28,-5.28,0.0,-0.0,11.38,-1.23,-13.56,10.15,-3.41
3711,-0.0,-0.0,-0.0,-0.0,0.0,0.0,-8.52,-1.07,-0.0,-0.0,9.29,-1.08,-9.6,8.21,-1.38
3721,0.0,0.0,-0.0,-0.0,0.0,0.0,-14.8,-4.93,0.0,0.0,16.89,-2.13,-19.74,14.76,-4.98
3731,0.0,-0.0,-0.0,-0.0,0.0,0.0,-12.16,-2.38,0.0,0.0,15.74,-2.05,-14.53,13.69,-0.84
3741,0.0,0.0,0.0,-0.0,-0.0,0.0,-12.41,-1.57,0.0,0.0,13.98,-1.79,-13.97,12.19,-1.79
3751,0.0,-0.0,0.0,0.0,0.0,0.0,-14.54,-4.57,0.0,0.0,17.86,-1.92,-19.11,15.95,-3.17
3761,0.0,0.0,0.0,-0.0,0.0,0.0,-12.98,-4.14,0.0,-0.0,16.26,-1.66,-17.12,14.6,-2.52
3771,-0.0,0.0,0.0,-0.0,0.0,0.0,-13.67,-4.19,-0.0,0.0,16.57,-1.79,-17.86,14.77,-3.09
3781,0.0,-0.0,-0.0,0.0,0.0,0.0,-14.07,-3.4,-0.0,-0.0,16.03,-1.85,-17.48,14.18,-3.29
3791,-0.0,-0.0,-0.0,-0.0,-0.0,0.0,-15.52,-3.59,0.0,0.0,16.39,-2.21,-19.12,14.18,-4.94
3801,0.0,0.0,0.0,0.0,0.0,0.0,-14.93,-3.07,0.0,0.0,15.48,-1.95,-18.0,13.53,-4.46
3811,-0.0,0.0,-0.0,-0.0,0.0,0.0,-11.45,-0.42,0.0,0.0,10.66,-1.57,-11.88,9.1,-2.78
3821,0.0,0.0,-0.0,-0.0,-0.0,0.0,-9.62,-0.67,-0.0,-0.0,10.99,-1.45,-10.3,9.54,-0.76
3831,0.0,0.0,0.0,-0.0,-0.0,0.0,-9.54,1.19,-0.0,-0.0,9.14,-1.34,-8.35,7.8,-0.55
3841,-0.0,-0.0,-0.0,-0.0,0.0,0.0,-9.29,-1.86,0.0,-0.0,10.6,-1.24,-11.16,9.36,-1.79
3851,0.0,-0.0,-0.0,0.0,-0.0,0.0,-8.46,-0.93,0.0,0.0,8.68,-1.02,-9.39,7.66,-1.73
3861,0.0,-0.0,-0.0,0.0,-0.0,0.0,-7.77,-3.33,0.0,-0.0,12.25,-1.15,-11.1,11.1,-0.0
3871,0.0,0.0,-0.0,0.0,-0.0,0.0,-9.39,-0.69,0.0,0.0,9.37,-1.26,-10.08,8.11,-1.98
3881,0.0,-0.0,-0.0,0.0,0.0,0.0,-3.7,-3.65,-0.0,-0.0,10.8,-0.87,-7.34,9.94,2.59
3891,0.0,-0.0,-0.0,0.0,0.0,0.0,-6.65,-7.75,0.0,-0.0,13.48,-0.94,-14.4,12.54,-1.86
3901,-0.0,-0.0,-0.0,0.0,-0.0,0.0,-4.74,-5.21,0.0,-0.0,9.73,-0.72,-9.95,9.01,-0.94
3911,0.0,0.0,0.0,-0.0,-0.0,0.0,-4.92,-4.58,-0.0,-0.0,10.23,-0.64,-9.5,9.58,0.08
3921,-0.0,-0.0,0.0,-0.0,-0.0,0.0,-6.87,-3.38,0.0,0.0,9.5,-0.81,-10.26,8.69,-1.56
3931,-0.0,-0.0,-0.0,-0.0,-0.0,0.0,-5.93,-2.87,-0.0,-0.0,7.84,-0.66,-8.8,7.18,-1.62
3941,0.0,0.0,0.0,0.0,0.0,0.0,-3.52,-1.87,0.0,-0.0,5.89,-0.28,-5.39,5.61,0.22
3951,-0.0,-0.0,-0.0,-0.0,0.0,0.0,-4.88,-3.52,-0.0,-0.0,8.58,-0.59,-8.39,7.99,-0.4
3961,0.0,0.0,-0.0,-0.0,0.0,0.0,-3.39,-2.13,-0.0,0.0,6.61,-0.19,-5.52,6.42,0.9
3971,0.0,-0.0,-0.0,-0.0,-0.0,0.0,-6.15,-3.8,-0.0,-0.0,10.35,-0.74,-9.95,9.61,-0.34
3981,0.0,0.0,-0.0,0.0,0.0,0.0,-5.27,-3.71,-0.0,0.0,9.18,-0.53,-8.98,8.65,-0.33
3991,0.0,0.0,-0.0,0.0,-0.0,0.0,-5.3,-5.23,-0.0,0.0,9.57,-0.67,-10.53,8.9,-1.63
4001,0.0,0.0,0.0,0.0,-0.0,0.0,-5.03,-5.55,-0.0,-0.0,11.33,-0.64,-10.58,10.69,0.11


