GENERALIZED BORN:
Complex Energy Terms
Frame #,BOND,ANGLE,DIHED,UB,IMP,CMAP,VDWAALS,EEL,1-4 VDW,1-4 EEL,EGB,ESURF,GGAS,GSOLV,TOTAL
1,503.48,1180.77,1527.51,134.93,74.68,-42.73,-1020.89,-9356.53,510.85,7732.52,-1725.22,70.36,1244.59,-1654.86,-410.27
11,513.09,1158.32,1525.39,136.22,76.72,-67.76,-1029.12,-9349.39,504.19,7796.71,-1749.31,70.96,1264.36,-1678.35,-413.98
21,529.85,1179.52,1552.85,136.6,80.81,-68.05,-997.98,-9345.67,501.28,7754.24,-1765.22,70.95,1323.45,-1694.27,-370.82
31,506.84,1162.2,1552.82,132.34,77.66,-67.28,-1000.04,-9382.48,517.96,7808.49,-1729.9,70.16,1308.51,-1659.74,-351.23
41,524.89,1162.69,1544.52,132.96,76.29,-38.8,-1010.54,-9270.95,522.08,7769.65,-1815.58,70.67,1412.78,-1744.9,-332.12
51,503.54,1230.58,1557.27,134.73,69.36,-46.43,-1011.87,-9306.22,501.89,7747.43,-1772.36,71.31,1380.27,-1701.05,-320.78
61,484.7,1182.48,1533.92,131.05,77.04,-56.04,-1003.81,-9282.26,527.45,7798.99,-1831.43,71.74,1393.53,-1759.69,-366.16
71,528.27,1184.88,1531.87,130.25,69.03,-73.04,-1011.04,-9278.96,490.98,7744.5,-1816.81,70.6,1316.75,-1746.21,-429.46
81,527.06,1171.79,1529.44,141.09,72.98,-52.57,-1025.74,-9312.94,502.44,7821.56,-1793.21,70.95,1375.11,-1722.26,-347.15
91,500.01,1204.57,1536.56,132.36,77.92,-76.4,-1000.88,-9313.75,505.6,7804.9,-1797.27,71.99,1370.89,-1725.28,-354.39
101,507.74,1156.16,1567.95,140.12,85.65,-68.88,-1018.06,-9286.25,510.5,7829.77,-1841.41,73.23,1424.7,-1768.19,-343.48
111,469.87,1144.67,1542.95,130.36,74.85,-78.58,-1021.43,-9259.14,514.26,7858.68,-1884.93,71.55,1376.49,-1813.38,-436.89
121,484.04,1214.57,1519.76,127.56,69.78,-74.65,-997.62,-9232.35,532.0,7772.65,-1863.75,71.89,1415.75,-1791.87,-376.12
131,530.07,1255.13,1542.02,145.06,69.7,-75.91,-995.05,-9159.75,500.22,7754.64,-1920.86,74.91,1566.13,-1845.95,-279.83
141,477.61,1160.03,1550.94,129.88,77.71,-68.36,-1020.17,-9166.75,505.75,7831.77,-1935.88,72.4,1478.4,-1863.48,-385.08
151,482.45,1225.26,1506.64,135.09,77.53,-64.73,-1007.17,-9134.48,507.4,7748.43,-1945.94,72.86,1476.43,-1873.08,-396.65
161,516.16,1179.62,1538.7,146.26,74.88,-61.07,-995.49,-9244.87,516.42,7813.03,-1890.75,72.24,1483.63,-1818.51,-334.88
171,467.81,1216.97,1529.86,143.76,88.94,-61.76,-1039.1,-9143.71,519.23,7704.87,-1887.54,71.92,1426.88,-1815.62,-388.75
181,532.36,1167.71,1569.27,131.61,71.91,-64.59,-1001.85,-9201.86,511.48,7756.86,-1885.94,72.25,1472.9,-1813.69,-340.79
191,507.31,1202.3,1556.54,130.1,72.44,-57.48,-994.83,-9186.23,504.59,7711.05,-1874.0,72.84,1445.8,-1801.16,-355.36
201,497.88,1224.71,1559.35,142.97,69.89,-61.95,-1026.53,-9230.21,502.86,7811.48,-1869.2,71.71,1490.43,-1797.5,-307.07
211,525.83,1199.65,1547.45,125.78,75.25,-59.14,-1021.29,-9191.32,488.29,7762.28,-1856.48,71.77,1452.77,-1784.71,-331.94
221,515.14,1200.43,1539.53,134.15,72.73,-47.59,-988.03,-9242.56,519.71,7795.53,-1849.54,72.14,1499.04,-1777.4,-278.36
231,520.38,1223.37,1531.22,135.29,74.84,-63.15,-1035.25,-9273.94,496.69,7758.91,-1802.27,70.56,1368.35,-1731.71,-363.36
241,503.89,1199.36,1528.82,136.5,78.12,-55.33,-1017.84,-9232.62,527.95,7779.67,-1855.05,71.32,1448.53,-1783.73,-335.2
251,499.65,1197.97,1521.43,128.1,78.4,-58.54,-1028.9,-9209.06,513.36,7776.98,-1885.07,71.95,1419.39,-1813.12,-393.73
261,532.8,1228.09,1536.11,154.2,78.24,-67.32,-976.65,-9210.83,489.28,7764.93,-1872.9,71.29,1528.86,-1801.61,-272.75
271,524.61,1194.25,1534.16,142.44,87.05,-63.0,-1029.07,-9226.15,498.9,7799.27,-1850.48,70.78,1462.46,-1779.7,-317.24
281,511.68,1227.6,1532.36,137.57,68.97,-63.43,-1020.28,-9224.11,520.62,7769.07,-1839.6,71.28,1460.05,-1768.33,-308.28
291,484.36,1214.21,1545.32,133.11,89.28,-60.0,-1014.95,-9198.0,512.86,7743.72,-1863.36,70.69,1449.91,-1792.67,-342.76
301,540.84,1213.34,1527.91,135.05,68.07,-55.79,-1025.08,-9296.06,507.83,7703.1,-1756.41,70.54,1319.2,-1685.87,-366.67
311,512.12,1150.09,1560.81,128.08,79.18,-58.42,-1033.84,-9255.79,498.41,7759.65,-1783.95,69.91,1340.29,-1714.05,-373.76
321,538.46,1233.57,1545.63,142.88,72.88,-70.51,-1019.45,-9307.62,509.56,7735.89,-1768.78,70.08,1381.3,-1698.7,-317.4
331,492.44,1183.78,1548.89,138.62,72.07,-54.22,-1024.32,-9302.98,501.2,7714.98,-1758.69,70.84,1270.46,-1687.85,-417.39
341,533.5,1236.17,1553.53,141.83,78.35,-59.39,-1047.32,-9213.92,514.53,7756.77,-1864.68,71.69,1494.06,-1792.99,-298.93
351,490.94,1204.02,1548.1,138.33,76.88,-57.08,-1004.7,-9227.12,509.38,7732.88,-1833.52,72.23,1411.63,-1761.28,-349.66
361,534.18,1224.29,1562.34,135.03,75.18,-56.0,-1008.45,-9239.54,500.38,7736.17,-1818.04,73.06,1463.57,-1744.98,-281.41
371,478.69,1164.35,1562.56,132.99,78.2,-69.54,-997.58,-9323.34,506.3,7751.72,-1752.62,70.11,1284.36,-1682.51,-398.15
381,517.28,1229.91,1534.76,137.84,75.67,-50.64,-1040.89,-9180.79,504.44,7754.99,-1852.92,69.59,1482.56,-1783.33,-300.76
391,513.35,1183.27,1520.95,139.52,78.92,-52.24,-1015.54,-9221.07,526.82,7730.39,-1841.43,72.08,1404.37,-1769.35,-364.97
401,495.36,1188.22,1529.33,143.3,70.99,-64.45,-1039.88,-9224.7,519.21,7725.87,-1791.18,69.89,1343.26,-1721.29,-378.03
411,518.02,1203.89,1559.93,131.59,78.42,-56.31,-1007.55,-9317.12,510.96,7764.71,-1767.25,70.9,1386.54,-1696.35,-309.8
421,496.36,1156.43,1554.6,131.9,81.45,-64.13,-1017.79,-9263.34,531.72,7746.03,-1809.46,70.34,1353.23,-1739.12,-385.89
431,516.34,1188.1,1536.64,132.76,75.42,-62.97,-995.79,-9277.3,499.07,7730.94,-1775.37,71.66,1343.22,-1703.71,-360.48
441,538.37,1186.68,1544.02,139.75,78.56,-50.22,-1008.48,-9319.82,526.5,7725.41,-1748.16,70.99,1360.77,-1677.17,-316.4
451,523.32,1195.77,1535.68,133.91,67.59,-52.91,-1021.76,-9315.84,514.41,7800.94,-1777.73,70.97,1381.1,-1706.76,-325.66
461,494.45,1240.2,1552.87,132.68,76.22,-71.38,-1013.99,-9282.16,509.92,7715.36,-1750.32,70.88,1354.16,-1679.44,-325.27
471,507.79,1258.24,1534.09,140.33,72.64,-60.25,-1008.15,-9163.62,510.0,7722.0,-1862.68,71.91,1513.07,-1790.77,-277.7
481,507.69,1161.29,1537.48,139.11,85.6,-56.9,-1003.01,-9292.77,513.23,7757.8,-1795.14,70.69,1349.52,-1724.45,-374.93
491,489.94,1197.12,1563.6,136.75,73.54,-59.6,-1017.65,-9212.57,517.78,7760.64,-1841.29,70.17,1449.56,-1771.12,-321.56
501,506.84,1234.08,1561.09,129.88,77.13,-48.99,-1001.78,-9201.25,505.13,7746.61,-1846.61,72.03,1508.73,-1774.58,-265.85
511,523.14,1191.42,1547.02,143.52,63.43,-52.18,-1020.17,-9180.38,512.02,7730.21,-1846.7,71.97,1458.02,-1774.72,-316.7
521,547.91,1174.09,1536.41,133.32,80.0,-53.44,-1002.32,-9313.97,488.66,7743.46,-1749.53,69.28,1334.1,-1680.25,-346.15
531,515.47,1225.06,1550.4,132.92,74.2,-53.63,-1018.48,-9129.55,508.56,7712.84,-1879.11,70.94,1517.79,-1808.17,-290.39
541,485.16,1218.72,1576.14,137.83,83.02,-72.39,-1034.62,-9163.97,516.35,7777.59,-1896.46,71.1,1523.81,-1825.36,-301.54
551,495.04,1194.9,1545.7,130.01,81.06,-55.88,-1009.93,-9166.45,518.36,7755.0,-1889.44,71.01,1487.81,-1818.43,-330.62
561,510.77,1188.74,1554.09,134.67,88.25,-66.91,-1004.56,-9233.01,511.55,7795.74,-1874.25,72.3,1479.33,-1801.95,-322.62
571,506.18,1183.66,1551.55,137.47,80.99,-68.9,-993.5,-9180.77,514.71,7743.5,-1867.1,71.25,1474.9,-1795.85,-320.94
581,511.34,1241.93,1578.19,130.22,80.94,-69.9,-1025.04,-9251.67,501.28,7727.32,-1796.75,70.0,1424.61,-1726.75,-302.14
591,495.11,1194.69,1532.21,132.98,73.58,-54.27,-1028.02,-9288.31,517.9,7735.54,-1770.17,70.99,1311.41,-1699.18,-387.77
601,536.45,1189.43,1539.83,131.91,75.99,-62.46,-1039.45,-9331.96,503.96,7792.21,-1768.58,69.69,1335.92,-1698.89,-362.97
611,555.69,1166.61,1532.87,140.2,87.31,-58.03,-989.97,-9350.37,511.9,7784.54,-1764.65,71.02,1380.75,-1693.63,-312.89
621,525.18,1192.1,1548.09,136.48,67.41,-57.43,-1009.93,-9257.46,518.39,7686.47,-1773.01,70.54,1349.31,-1702.47,-353.16
631,518.43,1168.11,1542.9,134.95,69.6,-50.59,-1026.41,-9343.14,511.5,7787.23,-1756.45,70.88,1312.58,-1685.57,-372.99
641,514.58,1200.88,1525.12,143.34,73.98,-54.65,-1034.2,-9288.03,506.72,7743.67,-1745.98,70.29,1331.4,-1675.69,-344.28
651,504.9,1202.06,1541.19,130.36,76.27,-52.76,-1030.07,-9215.1,514.04,7729.9,-1833.84,71.92,1400.79,-1761.92,-361.12
661,532.7,1173.77,1535.51,134.35,74.54,-54.05,-1037.41,-9234.96,508.74,7690.46,-1784.16,68.85,1323.65,-1715.31,-391.67
671,532.41,1229.52,1535.56,135.08,82.48,-53.29,-1021.24,-9259.57,510.09,7779.26,-1790.21,69.88,1470.31,-1720.33,-250.02
681,526.88,1181.58,1556.48,140.15,65.55,-51.48,-1027.69,-9262.1,527.09,7722.06,-1776.71,69.84,1378.51,-1706.87,-328.36
691,511.75,1214.29,1522.08,134.65,74.84,-59.78,-1019.37,-9235.35,494.55,7726.7,-1803.56,68.3,1364.36,-1735.25,-370.89
701,479.51,1214.08,1514.4,134.52,69.41,-62.7,-1010.56,-9370.16,518.13,7786.52,-1737.61,70.61,1273.16,-1667.0,-393.84
711,517.93,1152.12,1553.99,132.31,76.83,-55.66,-1007.54,-9272.68,510.52,7742.7,-1794.59,69.44,1350.51,-1725.16,-374.65
721,494.24,1190.35,1518.62,128.38,76.84,-58.44,-1021.69,-9322.94,512.9,7796.23,-1784.38,69.6,1314.5,-1714.78,-400.29
731,552.47,1221.54,1540.6,138.61,84.97,-73.66,-1042.61,-9245.31,505.72,7741.87,-1826.65,71.32,1424.21,-1755.33,-331.12
741,510.22,1162.11,1555.95,139.78,73.03,-70.24,-1014.46,-9274.58,506.75,7771.81,-1813.58,69.23,1360.36,-1744.35,-383.99
751,491.57,1219.38,1538.66,134.48,76.69,-69.05,-1029.13,-9211.44,513.24,7768.0,-1857.4,70.01,1432.39,-1787.38,-354.99
761,513.1,1225.33,1552.95,143.57,69.51,-60.81,-1009.83,-9265.36,500.82,7732.88,-1777.38,70.57,1402.15,-1706.81,-304.66
771,518.5,1224.18,1534.41,146.06,82.37,-64.71,-995.17,-9315.09,495.15,7706.8,-1716.06,69.24,1332.51,-1646.82,-314.3
781,484.27,1178.03,1518.01,133.36,76.24,-61.24,-1021.87,-9338.61,507.7,7820.93,-1788.77,70.02,1296.82,-1718.75,-421.94
791,470.22,1190.86,1545.69,137.31,92.01,-70.37,-1017.28,-9303.99,510.3,7770.11,-1773.91,69.84,1324.85,-1704.07,-379.22
801,504.63,1167.5,1540.61,130.32,77.37,-71.55,-1039.63,-9256.11,526.74,7769.75,-1802.85,70.11,1349.63,-1732.75,-383.12
811,507.73,1165.81,1537.17,136.88,79.46,-47.86,-1024.54,-9258.98,522.38,7733.08,-1791.93,69.4,1351.13,-1722.53,-371.4
821,487.97,1234.78,1554.64,144.86,74.98,-63.28,-1023.55,-9264.79,522.42,7719.35,-1790.23,69.57,1387.38,-1720.65,-333.27
831,508.98,1178.96,1548.06,132.42,82.16,-68.52,-1037.84,-9239.06,491.7,7766.16,-1822.5,69.5,1363.03,-1753.0,-389.96
841,493.51,1201.56,1560.74,139.77,77.75,-65.22,-1035.19,-9324.09,524.86,7761.83,-1764.87,69.95,1335.52,-1694.92,-359.4
851,524.91,1157.01,1557.56,124.54,72.69,-56.48,-1013.65,-9334.9,506.96,7764.36,-1755.85,69.49,1302.99,-1686.36,-383.37
861,536.0,1157.5,1545.34,132.68,71.98,-65.58,-1029.59,-9258.63,516.4,7734.0,-1789.04,69.75,1340.09,-1719.29,-379.2
871,524.26,1146.2,1556.42,140.68,62.44,-62.36,-1030.27,-9288.22,509.15,7828.95,-1829.23,69.64,1387.25,-1759.59,-372.35
881,509.33,1221.38,1549.82,132.91,70.01,-71.18,-1032.54,-9278.66,512.66,7799.17,-1803.17,69.12,1412.91,-1734.05,-321.15
891,504.83,1210.29,1548.65,136.12,75.6,-66.31,-1028.28,-9315.44,507.36,7783.08,-1785.89,68.63,1355.9,-1717.25,-361.35
901,492.77,1193.3,1544.37,135.8,84.8,-56.96,-1035.65,-9301.25,505.65,7763.18,-1769.31,67.65,1326.0,-1701.66,-375.66
911,495.25,1229.21,1554.42,137.5,84.94,-66.69,-1015.47,-9354.63,520.0,7787.15,-1780.56,68.42,1371.67,-1712.13,-340.46
921,550.47,1226.67,1533.61,136.88,83.72,-65.6,-1050.67,-9277.75,498.89,7718.86,-1777.31,69.55,1355.06,-1707.76,-352.7
931,533.0,1247.17,1542.96,143.72,80.32,-67.55,-1048.04,-9326.07,512.44,7719.54,-1748.56,67.27,1337.48,-1681.28,-343.8
941,534.03,1178.63,1555.18,138.65,69.08,-61.03,-1022.77,-9388.89,525.36,7814.09,-1745.65,67.97,1342.31,-1677.68,-335.36
951,497.55,1215.3,1540.75,138.84,83.7,-67.94,-1038.38,-9375.93,513.14,7820.1,-1742.58,68.57,1327.14,-1674.0,-346.87
961,512.86,1171.99,1528.62,130.02,68.92,-75.09,-1014.81,-9381.85,516.27,7813.33,-1747.77,69.61,1270.24,-1678.16,-407.92
971,505.6,1181.72,1552.28,131.78,76.06,-72.88,-1011.67,-9357.02,524.89,7762.53,-1732.85,67.69,1293.29,-1665.16,-371.87
981,494.79,1170.4,1555.76,133.35,75.68,-67.55,-1008.46,-9364.83,520.79,7790.92,-1734.67,68.38,1300.85,-1666.29,-365.44
991,529.99,1247.78,1533.95,139.08,74.92,-67.56,-1042.27,-9357.26,506.62,7791.67,-1737.27,67.52,1356.91,-1669.75,-312.84
1001,499.84,1187.52,1545.58,136.85,78.66,-63.89,-1041.9,-9358.0,516.94,7835.53,-1779.73,68.12,1337.11,-1711.61,-374.5
1011,521.8,1168.24,1561.68,132.65,82.29,-70.75,-1025.98,-9339.83,523.74,7787.33,-1775.17,69.69,1341.18,-1705.48,-364.3
1021,532.94,1195.74,1533.66,131.69,70.47,-66.11,-1010.86,-9249.73,506.09,7750.69,-1842.98,69.96,1394.57,-1773.01,-378.44
1031,524.22,1187.43,1541.05,137.19,82.53,-47.73,-1035.44,-9227.27,522.44,7760.42,-1831.67,67.53,1444.83,-1764.14,-319.3
1041,536.96,1206.6,1520.46,148.0,71.03,-47.41,-1039.34,-9174.77,500.88,7760.13,-1886.26,69.25,1482.54,-1817.01,-334.47
1051,484.19,1188.33,1548.06,133.74,82.33,-55.99,-999.66,-9292.68,527.63,7796.06,-1821.45,69.45,1412.01,-1752.01,-339.99
1061,530.31,1198.6,1541.35,143.73,78.42,-52.12,-1027.4,-9302.24,508.22,7796.04,-1799.71,69.1,1414.92,-1730.61,-315.69
1071,495.38,1188.6,1561.63,132.19,77.76,-66.84,-1031.16,-9283.8,518.72,7835.37,-1838.45,69.57,1427.86,-1768.88,-341.02
1081,536.49,1184.08,1545.1,126.28,74.01,-52.17,-1046.04,-9239.77,522.88,7777.13,-1829.3,69.11,1427.98,-1760.19,-332.2
1091,527.67,1218.05,1582.21,140.1,75.74,-77.35,-1047.49,-9170.05,493.31,7681.76,-1846.44,68.68,1423.95,-1777.75,-353.8
1101,502.01,1182.53,1543.59,140.13,89.31,-66.14,-1007.6,-9266.21,501.41,7723.21,-1781.73,67.71,1342.23,-1714.02,-371.79
1111,508.56,1191.47,1530.96,137.11,79.0,-56.88,-1003.65,-9269.6,527.29,7801.56,-1819.29,68.96,1445.83,-1750.33,-304.5
1121,524.68,1169.01,1536.16,129.54,76.63,-61.78,-1028.88,-9216.89,506.27,7730.97,-1844.44,69.15,1365.71,-1775.3,-409.59
1131,508.09,1154.53,1560.03,136.59,79.03,-57.03,-1033.86,-9278.15,536.04,7805.86,-1812.8,68.55,1411.14,-1744.25,-333.11
1141,475.62,1182.38,1554.79,128.47,78.33,-66.43,-1006.89,-9212.61,529.06,7721.93,-1828.5,68.93,1384.63,-1759.57,-374.94
1151,539.15,1196.69,1560.05,136.54,86.63,-61.92,-1026.49,-9274.01,500.07,7745.93,-1808.82,71.16,1402.64,-1737.66,-335.02
1161,503.5,1203.35,1530.74,132.03,67.68,-80.46,-1038.02,-9276.24,507.85,7760.92,-1776.19,68.09,1311.36,-1708.1,-396.73
1171,511.37,1184.89,1543.35,142.29,75.76,-54.57,-1021.27,-9295.5,511.56,7718.08,-1737.98,69.51,1315.97,-1668.47,-352.5
1181,536.25,1239.94,1552.79,142.26,80.87,-71.32,-1013.22,-9296.93,516.31,7718.44,-1761.75,69.33,1405.38,-1692.42,-287.04
1191,506.59,1213.81,1550.03,147.48,80.07,-68.96,-1024.41,-9346.77,504.41,7763.26,-1732.47,67.83,1325.52,-1664.64,-339.12
1201,521.36,1189.34,1548.28,135.98,81.95,-57.27,-1024.63,-9300.57,519.09,7789.49,-1797.42,68.92,1403.03,-1728.5,-325.47
1211,490.41,1177.35,1552.87,139.39,67.64,-59.05,-1037.12,-9276.5,531.59,7810.66,-1814.94,68.41,1397.25,-1746.53,-349.28
1221,488.9,1168.75,1532.48,130.98,75.24,-67.12,-1024.74,-9329.92,529.82,7804.92,-1781.12,68.67,1309.31,-1712.44,-403.14
1231,520.32,1215.92,1529.26,134.08,74.21,-63.79,-1037.04,-9233.45,516.91,7790.85,-1852.6,69.62,1447.28,-1782.98,-335.7
1241,504.79,1149.71,1558.63,128.87,70.56,-62.83,-1019.21,-9255.71,510.08,7768.32,-1813.69,70.53,1353.21,-1743.15,-389.94
1251,518.34,1190.45,1559.51,142.0,80.56,-72.58,-1027.85,-9184.41,515.95,7779.29,-1885.4,68.86,1501.27,-1816.54,-315.27
1261,504.94,1234.01,1536.59,134.55,78.96,-61.11,-1030.43,-9241.9,512.99,7779.42,-1839.05,68.29,1448.02,-1770.76,-322.74
1271,505.48,1149.41,1530.04,131.47,87.4,-71.31,-1049.17,-9300.47,523.68,7811.69,-1801.88,68.51,1318.23,-1733.37,-415.14
1281,493.13,1145.61,1549.22,134.4,81.79,-69.13,-1024.62,-9288.01,521.82,7783.41,-1797.01,68.37,1327.64,-1728.64,-401.01
1291,526.59,1164.07,1531.39,129.91,83.22,-67.93,-1029.23,-9311.52,498.17,7752.98,-1775.48,69.3,1277.65,-1706.18,-428.52
1301,541.64,1196.83,1545.98,146.54,83.73,-65.77,-1024.44,-9214.74,513.69,7683.9,-1838.95,70.56,1407.37,-1768.38,-361.02
1311,550.27,1248.65,1562.37,134.19,80.14,-61.52,-1026.93,-9222.1,492.11,7763.35,-1853.8,69.81,1520.53,-1783.99,-263.45
1321,475.07,1224.9,1537.24,143.51,78.13,-61.6,-1036.21,-9280.47,507.07,7791.53,-1822.88,71.14,1379.16,-1751.73,-372.58
1331,496.76,1236.8,1533.63,130.27,77.63,-72.72,-1035.28,-9286.16,511.06,7771.3,-1774.48,67.61,1363.28,-1706.86,-343.59
1341,501.47,1145.01,1555.21,133.12,73.4,-57.19,-1034.08,-9308.79,516.08,7827.22,-1807.64,68.89,1351.45,-1738.76,-387.3
1351,526.42,1192.29,1562.83,138.58,83.5,-73.53,-1050.86,-9216.17,501.27,7770.27,-1832.22,69.47,1434.61,-1762.75,-328.14
1361,518.78,1133.06,1560.36,133.75,71.63,-74.14,-1006.67,-9250.99,517.18,7789.39,-1855.16,70.01,1392.36,-1785.15,-392.79
1371,485.39,1219.32,1544.23,132.65,64.2,-68.77,-1028.18,-9191.15,508.99,7755.56,-1854.86,69.3,1422.24,-1785.56,-363.32
1381,509.34,1210.46,1551.46,126.05,82.81,-74.57,-1028.94,-9192.98,468.35,7766.41,-1877.39,70.4,1418.4,-1806.99,-388.59
1391,501.19,1213.97,1537.88,133.6,86.7,-60.36,-1036.26,-9296.41,513.7,7835.19,-1829.33,68.95,1429.21,-1760.38,-331.17
1401,503.19,1195.55,1554.61,133.59,80.2,-64.87,-1010.16,-9300.22,523.81,7764.27,-1774.55,70.34,1379.96,-1704.21,-324.24
1411,506.07,1199.57,1532.26,129.93,78.01,-54.03,-1035.39,-9307.72,505.83,7780.6,-1784.75,69.0,1335.14,-1715.75,-380.61
1421,508.64,1172.47,1550.3,137.91,84.32,-77.65,-1021.12,-9362.94,509.91,7836.9,-1781.54,69.45,1338.74,-1712.09,-373.35
1431,534.58,1183.76,1531.04,141.15,72.32,-68.36,-1043.58,-9296.55,508.84,7781.37,-1783.11,68.58,1344.56,-1714.54,-369.98
1441,481.34,1157.89,1531.98,136.43,78.76,-73.36,-1004.26,-9355.52,524.65,7798.72,-1772.77,69.71,1276.61,-1703.06,-426.45
1451,524.02,1213.04,1547.63,137.0,65.66,-66.73,-1023.38,-9286.82,496.45,7743.57,-1791.64,69.15,1350.43,-1722.49,-372.05
1461,510.71,1166.6,1546.93,134.02,72.19,-57.31,-1003.68,-9249.13,511.8,7759.66,-1825.16,69.81,1391.79,-1755.36,-363.56
1471,495.49,1184.71,1554.16,141.12,76.75,-43.08,-1008.48,-9270.46,537.8,7795.84,-1816.0,70.05,1463.84,-1745.95,-282.11
1481,505.53,1192.12,1565.98,136.77,77.79,-83.09,-1034.21,-9282.16,517.19,7802.16,-1815.69,70.05,1398.08,-1745.64,-347.56
1491,527.94,1181.72,1542.26,137.25,91.55,-65.2,-1037.06,-9275.99,522.08,7781.39,-1820.0,69.22,1405.96,-1750.78,-344.82
1501,488.1,1202.14,1565.78,129.98,78.4,-65.57,-1028.33,-9301.69,522.78,7765.24,-1797.16,68.6,1356.84,-1728.57,-371.73
1511,499.14,1178.95,1543.32,128.28,79.18,-73.1,-1025.64,-9280.92,509.22,7768.83,-1806.81,70.78,1327.25,-1736.03,-408.78
1521,502.18,1186.5,1560.73,131.72,81.56,-75.23,-1020.59,-9298.39,513.14,7795.87,-1804.51,70.37,1377.5,-1734.14,-356.64
1531,542.09,1182.79,1543.53,132.64,73.51,-67.96,-1003.32,-9304.97,506.07,7782.12,-1798.99,69.56,1386.51,-1729.43,-342.92
1541,467.18,1142.23,1564.29,126.84,76.22,-60.64,-1031.16,-9368.9,525.99,7822.25,-1742.51,67.6,1264.29,-1674.91,-410.62
1551,502.53,1165.23,1536.64,135.23,73.35,-68.45,-1007.14,-9292.81,519.44,7790.0,-1792.17,69.98,1354.02,-1722.19,-368.17
1561,541.89,1143.73,1568.87,136.38,85.32,-52.81,-1005.86,-9397.36,489.12,7868.52,-1776.03,68.96,1377.8,-1707.07,-329.27
1571,512.78,1196.98,1540.9,133.02,90.5,-60.64,-1039.04,-9342.05,516.26,7818.38,-1787.76,68.14,1367.09,-1719.62,-352.53
1581,515.71,1177.44,1539.31,139.02,79.49,-68.81,-1043.03,-9310.88,497.62,7784.2,-1786.12,68.89,1310.08,-1717.23,-407.15
1591,490.14,1232.28,1533.87,145.33,73.35,-68.3,-1010.42,-9305.43,513.58,7775.93,-1801.57,69.04,1380.33,-1732.53,-352.2
1601,530.41,1191.2,1551.95,135.93,80.01,-73.3,-1041.39,-9276.44,501.39,7797.29,-1820.75,69.16,1397.05,-1751.59,-354.54
1611,509.8,1196.26,1518.16,136.97,77.83,-73.26,-1013.41,-9344.53,512.83,7787.78,-1759.05,70.06,1308.43,-1688.99,-380.56
1621,527.68,1178.3,1546.71,134.32,80.98,-54.58,-1019.37,-9351.47,513.64,7780.02,-1755.35,68.13,1336.23,-1687.21,-350.99
1631,522.91,1158.55,1550.53,130.32,67.42,-68.56,-1014.35,-9285.51,526.45,7803.3,-1818.59,68.89,1391.05,-1749.7,-358.65
1641,519.48,1209.54,1565.01,143.55,78.74,-68.88,-1043.48,-9292.47,485.53,7765.1,-1796.11,68.67,1362.12,-1727.44,-365.32
1651,491.16,1198.44,1537.49,134.63,71.53,-56.17,-1010.95,-9323.07,522.71,7792.2,-1781.96,68.99,1357.97,-1712.97,-355.0
1661,514.06,1228.22,1571.57,138.45,93.04,-47.67,-1029.89,-9260.58,498.95,7771.46,-1811.8,69.19,1477.62,-1742.61,-264.99
1671,553.74,1194.0,1551.56,139.8,91.49,-71.04,-1040.78,-9272.89,498.09,7738.67,-1791.35,68.5,1382.64,-1722.85,-340.21
1681,516.57,1241.73,1552.75,148.9,73.78,-70.64,-1042.29,-9211.09,514.97,7704.1,-1825.83,68.8,1428.79,-1757.04,-328.24
1691,521.82,1154.54,1534.95,137.4,74.36,-66.78,-997.33,-9254.77,519.03,7747.38,-1830.38,70.33,1370.6,-1760.05,-389.45
1701,479.7,1248.1,1547.39,140.11,73.57,-75.74,-1040.1,-9326.32,502.68,7788.33,-1774.42,68.84,1337.73,-1705.58,-367.85
1711,529.58,1173.57,1558.02,135.18,83.91,-74.59,-1018.39,-9255.11,506.53,7768.01,-1835.62,70.22,1406.73,-1765.4,-358.68
1721,530.98,1169.01,1552.23,131.79,71.02,-67.69,-1019.5,-9279.65,510.15,7771.75,-1797.23,67.88,1370.09,-1729.35,-359.26
1731,499.91,1169.9,1539.31,131.4,81.01,-71.67,-1037.53,-9271.05,525.11,7768.16,-1803.67,68.62,1334.55,-1735.05,-400.5
1741,507.1,1206.52,1544.23,131.56,80.61,-59.53,-1027.06,-9327.56,517.44,7791.97,-1788.89,67.81,1365.27,-1721.08,-355.81
1751,478.32,1181.59,1531.7,135.95,81.62,-57.57,-1042.33,-9328.01,517.72,7833.13,-1784.6,68.48,1332.1,-1716.11,-384.01
1761,492.95,1215.4,1527.08,135.78,75.61,-55.16,-1039.01,-9194.16,500.1,7750.52,-1853.28,68.52,1409.1,-1784.76,-375.66
1771,538.19,1200.16,1539.69,137.31,86.52,-58.52,-1042.18,-9243.5,493.06,7745.17,-1819.59,68.88,1395.9,-1750.71,-354.81
1781,489.21,1198.8,1556.14,135.89,78.18,-73.09,-1025.48,-9321.76,514.33,7779.89,-1764.28,68.26,1332.12,-1696.02,-363.9
1791,514.17,1188.85,1559.93,142.84,80.26,-49.86,-1034.75,-9286.16,506.25,7824.66,-1811.34,68.85,1446.19,-1742.49,-296.3
1801,532.42,1173.34,1529.09,134.75,69.29,-71.92,-1010.78,-9258.91,512.4,7780.58,-1835.13,69.28,1390.26,-1765.85,-375.59
1811,517.5,1166.41,1556.56,137.45,77.1,-65.44,-1006.9,-9299.8,509.35,7786.75,-1812.32,70.32,1378.97,-1742.0,-363.03
1821,517.49,1190.46,1554.89,141.4,76.7,-61.92,-1010.13,-9252.56,519.71,7784.72,-1851.04,69.72,1460.76,-1781.32,-320.57
1831,462.79,1196.06,1546.04,129.87,71.86,-68.44,-1027.12,-9297.21,521.43,7805.41,-1803.34,68.52,1340.69,-1734.82,-394.13
1841,509.69,1209.56,1560.53,138.55,88.92,-64.2,-1023.88,-9254.11,503.83,7785.34,-1837.91,69.56,1454.24,-1768.35,-314.11
1851,540.11,1167.63,1536.58,135.39,77.56,-58.49,-1025.19,-9294.04,503.51,7790.01,-1793.86,70.52,1373.08,-1723.35,-350.27
1861,506.01,1234.2,1550.53,133.36,79.23,-67.33,-1021.56,-9267.56,505.84,7758.59,-1821.52,69.81,1411.31,-1751.72,-340.4
1871,500.0,1203.7,1559.08,139.78,82.41,-78.94,-1052.73,-9300.8,513.26,7796.46,-1785.93,68.18,1362.21,-1717.75,-355.54
1881,505.79,1182.16,1540.62,143.39,79.05,-66.85,-1026.61,-9319.84,519.46,7764.19,-1770.28,68.81,1321.36,-1701.47,-380.11
1891,493.73,1192.25,1532.34,138.21,87.82,-67.72,-1051.97,-9301.94,522.77,7827.44,-1806.27,69.79,1372.91,-1736.48,-363.57
1901,495.49,1197.73,1543.79,123.8,76.92,-66.53,-1051.03,-9288.37,515.91,7808.03,-1803.73,67.28,1355.75,-1736.45,-380.71
1911,510.73,1215.53,1527.16,142.9,68.96,-76.95,-1044.48,-9269.88,516.96,7757.93,-1806.38,68.67,1348.85,-1737.71,-388.86
1921,528.54,1197.41,1561.76,141.36,81.24,-65.1,-1028.05,-9343.14,521.86,7827.86,-1784.73,68.4,1423.74,-1716.33,-292.59
1931,525.15,1232.33,1565.69,135.71,81.3,-68.69,-1019.74,-9352.05,495.84,7770.47,-1753.84,69.34,1366.01,-1684.49,-318.48
1941,469.45,1134.14,1546.03,139.55,81.97,-55.8,-1023.68,-9375.7,522.32,7783.97,-1733.76,68.88,1222.27,-1664.88,-442.61
1951,504.69,1229.08,1562.25,136.61,64.35,-56.85,-1028.96,-9337.23,499.04,7750.66,-1733.23,67.27,1323.65,-1665.96,-342.31
1961,524.86,1201.98,1518.08,136.22,85.74,-70.08,-1018.83,-9418.55,505.9,7814.22,-1707.71,67.93,1279.54,-1639.78,-360.24
1971,504.14,1176.4,1558.23,133.47,76.17,-75.53,-1021.62,-9360.24,520.65,7794.24,-1736.41,69.27,1305.9,-1667.14,-361.23
1981,510.51,1207.19,1542.94,133.45,78.63,-65.19,-1013.32,-9454.44,517.18,7819.45,-1692.14,69.76,1276.4,-1622.38,-345.98
1991,498.11,1170.18,1545.45,127.26,80.95,-77.06,-1029.78,-9368.06,512.31,7823.31,-1751.59,68.8,1282.68,-1682.79,-400.11
2001,503.25,1198.95,1557.01,134.63,75.08,-65.1,-1025.11,-9359.46,497.72,7812.04,-1756.91,69.37,1329.01,-1687.54,-358.53
2011,507.39,1237.31,1556.64,136.04,75.93,-54.53,-1038.14,-9302.2,495.13,7729.35,-1747.41,69.02,1342.92,-1678.39,-335.46
2021,550.0,1193.75,1536.81,137.36,84.36,-61.84,-1015.44,-9389.25,486.58,7734.33,-1685.88,68.8,1256.66,-1617.08,-360.42
2031,527.99,1214.7,1549.3,139.87,80.9,-62.65,-1025.84,-9333.85,534.82,7771.94,-1767.49,67.59,1397.18,-1699.89,-302.71
2041,516.84,1204.23,1559.71,136.94,75.88,-65.84,-1037.12,-9385.98,496.23,7801.46,-1740.56,67.55,1302.35,-1673.01,-370.66
2051,489.16,1229.22,1571.25,138.01,74.56,-70.4,-1009.56,-9346.11,524.01,7750.34,-1733.68,69.0,1350.47,-1664.68,-314.21
2061,504.8,1235.04,1537.42,144.4,67.98,-68.81,-1012.92,-9359.03,518.1,7783.87,-1740.01,68.12,1350.86,-1671.89,-321.03
2071,489.84,1230.5,1556.14,135.53,66.93,-69.61,-1017.7,-9418.03,511.9,7841.28,-1753.61,69.16,1326.78,-1684.45,-357.67
2081,505.23,1170.95,1543.68,148.23,69.81,-70.12,-1038.94,-9312.81,510.95,7777.68,-1765.94,68.36,1304.66,-1697.58,-392.93
2091,502.65,1231.11,1548.7,142.91,72.21,-59.39,-1020.55,-9346.41,508.01,7739.89,-1730.68,68.66,1319.13,-1662.02,-342.89
2101,512.02,1181.58,1568.89,132.3,79.55,-61.54,-1017.64,-9384.15,493.69,7796.64,-1734.47,68.7,1301.34,-1665.77,-364.43
2111,499.31,1180.47,1564.67,124.57,81.41,-79.68,-984.57,-9238.85,514.99,7745.61,-1829.02,70.05,1407.95,-1758.97,-351.02
2121,504.86,1198.85,1565.95,138.52,79.26,-81.81,-1017.93,-9258.13,542.07,7719.16,-1787.31,70.55,1390.8,-1716.76,-325.96
2131,480.6,1190.35,1561.08,137.39,79.13,-73.57,-1029.77,-9346.89,518.12,7803.0,-1751.38,69.05,1319.43,-1682.33,-362.9
2141,497.3,1206.27,1547.22,139.78,67.93,-61.41,-1016.55,-9306.51,502.26,7776.33,-1768.64,68.96,1352.62,-1699.68,-347.06
2151,498.12,1212.57,1541.42,132.6,82.26,-61.15,-1009.06,-9287.61,512.41,7774.66,-1789.14,69.99,1396.22,-1719.15,-322.94
2161,502.94,1192.22,1529.22,142.03,77.95,-55.83,-1014.34,-9245.95,518.8,7770.58,-1823.45,69.73,1417.61,-1753.72,-336.11
2171,516.12,1200.28,1536.4,139.82,86.33,-59.14,-1045.61,-9265.57,518.12,7798.03,-1820.69,70.74,1424.79,-1749.95,-325.15
2181,504.62,1211.47,1537.98,143.62,80.7,-71.01,-1015.56,-9173.15,496.55,7721.7,-1849.34,70.31,1436.91,-1779.03,-342.12
2191,514.92,1246.7,1556.41,129.88,79.49,-70.58,-1022.49,-9236.9,502.95,7760.37,-1832.19,70.7,1460.75,-1761.49,-300.74
2201,498.66,1185.28,1563.73,133.46,79.5,-70.95,-1011.32,-9239.33,515.39,7791.79,-1834.0,71.02,1446.22,-1762.98,-316.75
2211,534.9,1155.77,1544.96,125.42,86.95,-64.95,-1028.29,-9288.86,504.91,7811.19,-1834.52,70.59,1382.0,-1763.92,-381.92
2221,503.14,1203.96,1547.51,130.13,75.75,-60.37,-1006.93,-9226.64,539.26,7756.63,-1839.41,70.15,1462.42,-1769.26,-306.84
2231,502.9,1193.9,1543.48,133.26,69.97,-63.87,-1019.26,-9246.14,517.09,7756.43,-1805.07,70.89,1387.77,-1734.18,-346.41
2241,524.46,1187.11,1542.88,138.31,81.86,-71.54,-1008.94,-9305.64,501.9,7776.04,-1775.26,71.25,1366.44,-1704.02,-337.57
2251,522.19,1180.16,1541.39,137.42,73.46,-64.74,-1005.47,-9370.88,515.76,7850.64,-1762.16,72.37,1379.93,-1689.8,-309.87
2261,530.49,1212.03,1528.83,139.58,75.46,-46.46,-1015.9,-9307.62,502.7,7775.31,-1786.44,70.27,1394.41,-1716.17,-321.76
2271,522.52,1189.26,1577.3,138.89,81.96,-74.79,-1011.29,-9312.15,491.99,7737.79,-1751.61,70.02,1341.47,-1681.59,-340.12
2281,494.42,1182.96,1533.46,138.75,81.56,-69.1,-1019.92,-9351.04,522.84,7833.66,-1760.23,70.39,1347.6,-1689.84,-342.24
2291,519.37,1190.27,1544.7,133.13,80.11,-80.05,-1012.99,-9332.71,504.7,7777.64,-1759.9,70.09,1324.17,-1689.8,-365.64
2301,497.57,1152.79,1548.99,138.14,68.3,-71.82,-1038.12,-9308.42,527.14,7843.14,-1795.94,70.14,1357.72,-1725.81,-368.08
2311,533.86,1175.14,1553.18,141.27,77.34,-77.24,-990.21,-9277.8,517.87,7813.13,-1827.27,72.07,1466.53,-1755.2,-288.66
2321,518.15,1183.51,1562.01,144.63,67.78,-61.3,-1010.17,-9295.48,515.15,7788.42,-1794.7,71.23,1412.69,-1723.48,-310.79
2331,551.93,1179.4,1537.69,139.7,76.17,-58.33,-1006.62,-9255.84,520.55,7769.27,-1837.48,70.52,1453.92,-1766.97,-313.05
2341,505.09,1188.35,1572.58,141.11,80.65,-68.78,-1036.78,-9314.43,512.16,7769.02,-1768.98,70.64,1348.99,-1698.35,-349.36
2351,522.78,1196.65,1553.85,142.4,78.92,-73.06,-1015.02,-9335.55,504.54,7808.37,-1787.62,70.68,1383.88,-1716.94,-333.05
2361,515.94,1192.16,1575.11,143.79,81.06,-68.95,-1023.65,-9240.65,494.13,7762.85,-1814.31,70.06,1431.79,-1744.25,-312.47
2371,481.38,1201.2,1536.05,136.51,87.09,-71.62,-1014.91,-9310.46,515.42,7799.99,-1780.64,70.14,1360.64,-1710.5,-349.86
2381,485.47,1189.46,1540.88,132.57,76.04,-65.63,-1009.38,-9249.55,512.22,7783.92,-1852.13,71.84,1395.99,-1780.29,-384.31
2391,492.65,1243.88,1546.27,140.73,78.15,-66.38,-1015.34,-9297.78,504.05,7754.6,-1774.71,69.94,1380.82,-1704.77,-323.95
2401,543.0,1167.21,1553.5,140.96,77.3,-66.28,-1014.07,-9278.03,513.53,7795.12,-1822.68,70.27,1432.23,-1752.4,-320.17
2411,495.58,1173.71,1551.14,133.96,89.24,-66.8,-1030.43,-9266.48,515.53,7755.96,-1811.08,69.96,1351.39,-1741.11,-389.72
2421,490.97,1203.69,1557.67,132.83,76.2,-48.13,-1027.18,-9286.63,520.01,7798.77,-1793.25,69.59,1418.22,-1723.66,-305.44
2431,506.73,1189.43,1536.26,136.18,85.09,-56.92,-1025.25,-9319.24,517.43,7779.36,-1762.91,70.34,1349.09,-1692.57,-343.48
2441,487.31,1194.07,1558.89,141.9,74.33,-56.72,-999.4,-9328.2,511.8,7768.37,-1777.33,69.63,1352.33,-1707.7,-355.37
2451,507.47,1217.5,1535.36,136.94,75.32,-57.9,-1020.47,-9270.57,530.52,7762.84,-1812.51,69.88,1417.01,-1742.62,-325.61
2461,518.98,1161.55,1567.63,142.05,74.67,-69.39,-1014.36,-9314.08,510.79,7769.53,-1774.01,70.33,1347.37,-1703.68,-356.31
2471,497.21,1194.74,1580.6,136.51,78.09,-62.82,-1039.53,-9238.99,519.96,7750.13,-1816.1,69.45,1415.89,-1746.65,-330.76
2481,487.18,1189.49,1522.88,125.24,82.74,-62.39,-1027.39,-9255.78,525.26,7730.76,-1776.58,69.08,1317.98,-1707.5,-389.52
2491,506.57,1164.04,1568.96,126.44,86.43,-74.54,-1002.0,-9276.98,516.75,7720.12,-1773.79,69.57,1335.79,-1704.22,-368.43
2501,484.58,1240.94,1553.16,141.64,92.98,-59.56,-1060.08,-9307.18,511.08,7853.14,-1817.04,69.6,1450.71,-1747.44,-296.73
2511,521.02,1196.64,1574.15,141.38,82.6,-61.84,-1011.69,-9290.59,507.58,7760.97,-1802.05,70.08,1420.21,-1731.97,-311.76
2521,506.74,1143.51,1540.91,133.57,81.55,-54.74,-1031.5,-9310.18,520.64,7818.7,-1802.9,69.21,1349.2,-1733.68,-384.49
2531,513.83,1163.02,1557.54,133.83,86.9,-62.28,-1006.12,-9280.11,508.83,7793.62,-1812.44,69.51,1409.07,-1742.93,-333.86
2541,505.34,1210.05,1570.8,141.24,81.86,-61.77,-1033.81,-9216.55,513.14,7717.35,-1852.96,69.47,1427.66,-1783.5,-355.84
2551,539.09,1193.88,1562.96,137.3,89.29,-60.0,-1032.91,-9238.85,504.04,7827.28,-1876.2,69.26,1522.06,-1806.94,-284.88
2561,506.36,1175.58,1549.37,135.87,83.78,-57.0,-1030.83,-9179.9,518.03,7728.21,-1866.99,69.83,1429.47,-1797.16,-367.69
2571,509.04,1205.61,1537.61,138.6,90.99,-69.18,-986.57,-9183.4,520.59,7793.15,-1899.9,70.15,1556.43,-1829.76,-273.33
2581,497.03,1212.82,1551.23,129.25,79.65,-64.86,-1018.75,-9283.03,507.27,7757.42,-1788.64,70.25,1368.05,-1718.39,-350.33
2591,499.07,1139.37,1539.92,126.29,77.8,-70.65,-1022.65,-9247.63,511.27,7786.33,-1826.63,70.69,1339.12,-1755.95,-416.83
2601,500.45,1213.51,1547.0,131.18,65.13,-76.72,-1000.48,-9325.84,494.26,7774.24,-1779.73,71.22,1322.72,-1708.51,-385.79
2611,506.19,1189.46,1574.02,135.25,77.22,-57.22,-1013.2,-9331.93,500.47,7792.35,-1771.49,69.14,1372.6,-1702.35,-329.75
2621,512.65,1179.35,1551.67,140.75,78.33,-65.78,-1029.11,-9202.78,517.21,7739.69,-1831.87,69.41,1421.98,-1762.46,-340.48
2631,527.45,1222.21,1550.22,138.81,76.11,-62.95,-1037.35,-9205.76,513.95,7709.45,-1815.09,68.34,1432.13,-1746.74,-314.62
2641,493.56,1252.27,1549.05,148.41,68.14,-71.39,-1006.11,-9196.81,512.69,7704.07,-1844.68,69.18,1453.88,-1775.5,-321.62
2651,517.67,1178.08,1549.18,140.91,69.47,-53.68,-1023.03,-9254.49,513.17,7744.98,-1799.67,68.67,1382.27,-1731.0,-348.74
2661,496.95,1190.11,1556.91,146.02,81.3,-61.47,-1025.11,-9304.13,520.92,7807.29,-1791.71,68.25,1408.79,-1723.46,-314.68
2671,498.87,1191.87,1533.92,133.31,81.34,-64.31,-1021.66,-9232.4,502.13,7710.78,-1809.03,68.87,1333.85,-1740.15,-406.31
2681,532.4,1196.32,1571.77,145.59,73.77,-67.21,-1007.75,-9263.01,514.17,7767.54,-1831.96,71.14,1463.57,-1760.82,-297.26
2691,502.52,1171.1,1560.91,134.02,80.72,-67.18,-1016.87,-9222.82,526.57,7759.5,-1858.97,70.11,1428.47,-1788.86,-360.39
2701,516.25,1208.49,1549.75,136.75,77.24,-44.61,-1013.79,-9154.33,504.3,7687.87,-1867.3,72.53,1467.92,-1794.77,-326.85
2711,487.86,1198.01,1583.89,131.57,66.95,-59.31,-993.52,-9257.24,523.57,7793.44,-1849.06,71.24,1475.23,-1777.82,-302.6
2721,512.78,1165.59,1565.18,133.87,79.24,-56.5,-1006.22,-9328.72,505.94,7790.71,-1795.63,72.62,1361.87,-1723.01,-361.14
2731,482.64,1181.66,1539.35,135.11,76.77,-73.49,-992.06,-9284.89,515.77,7806.47,-1835.84,70.39,1387.34,-1765.44,-378.1
2741,477.25,1191.0,1561.07,140.02,72.58,-55.69,-1025.03,-9345.16,523.02,7798.81,-1735.56,69.68,1337.87,-1665.87,-328.0
2751,515.6,1225.31,1533.9,135.89,65.96,-55.43,-1022.24,-9217.47,500.11,7777.08,-1850.85,70.81,1458.7,-1780.04,-321.34
2761,531.9,1196.48,1567.33,133.82,84.53,-76.28,-1019.75,-9350.22,501.06,7816.63,-1763.38,71.38,1385.49,-1692.0,-306.5
2771,501.18,1184.82,1544.24,139.25,74.79,-57.0,-984.32,-9280.84,538.1,7794.41,-1825.32,72.28,1454.62,-1753.04,-298.42
2781,508.15,1173.38,1531.85,138.15,75.15,-56.56,-1010.92,-9176.63,511.82,7784.17,-1905.3,71.47,1478.56,-1833.83,-355.27
2791,482.34,1187.26,1556.48,145.11,75.4,-56.55,-1020.12,-9343.61,532.72,7848.07,-1792.38,69.97,1407.11,-1722.42,-315.3
2801,489.18,1190.98,1534.18,133.17,86.47,-56.26,-1012.41,-9313.98,507.78,7825.23,-1833.78,71.67,1384.33,-1762.11,-377.78
2811,547.08,1212.97,1537.23,142.14,69.12,-69.62,-1007.48,-9272.48,495.34,7790.5,-1828.29,71.57,1444.78,-1756.72,-311.93
2821,513.02,1251.21,1558.95,143.52,74.68,-75.03,-1024.16,-9248.6,498.88,7797.9,-1880.6,71.36,1490.38,-1809.24,-318.86
2831,507.98,1157.77,1534.97,123.28,79.55,-65.88,-1007.46,-9294.35,502.23,7857.56,-1855.99,71.41,1395.64,-1784.58,-388.93
2841,499.65,1208.03,1532.63,137.31,80.29,-61.31,-1021.4,-9289.13,502.88,7813.13,-1820.74,70.67,1402.07,-1750.06,-348.0
2851,524.55,1204.1,1557.02,133.34,83.16,-71.3,-1027.1,-9259.75,502.97,7820.67,-1864.79,71.17,1467.65,-1793.63,-325.98
2861,474.78,1189.39,1553.08,137.6,86.88,-54.12,-1012.17,-9321.88,529.87,7825.16,-1809.67,70.4,1408.58,-1739.27,-330.69
2871,481.93,1228.1,1559.03,133.44,75.43,-68.28,-998.8,-9197.11,533.66,7779.04,-1891.78,70.92,1526.45,-1820.86,-294.41
2881,530.39,1206.84,1558.49,136.31,82.16,-62.91,-1031.9,-9201.61,505.48,7786.9,-1901.84,71.47,1510.15,-1830.37,-320.22
2891,491.95,1222.72,1534.63,136.6,76.44,-64.01,-1026.33,-9269.78,508.08,7801.91,-1829.6,70.93,1412.22,-1758.67,-346.45
2901,540.53,1187.21,1529.54,136.15,90.94,-59.61,-998.19,-9323.36,503.91,7771.51,-1773.29,70.54,1378.63,-1702.75,-324.13
2911,498.61,1216.4,1561.63,144.52,73.93,-65.61,-1016.13,-9333.97,505.83,7847.17,-1827.98,71.26,1432.38,-1756.73,-324.34
2921,518.21,1184.23,1557.27,137.43,81.11,-59.17,-1007.65,-9267.09,525.45,7801.63,-1833.71,70.12,1471.42,-1763.59,-292.17
2931,503.21,1168.97,1539.97,128.09,76.26,-53.17,-1011.91,-9314.99,518.32,7841.47,-1829.44,69.05,1396.21,-1760.38,-364.17
2941,496.02,1236.98,1550.56,130.77,80.5,-70.77,-1005.71,-9239.87,501.15,7767.54,-1848.88,69.93,1447.16,-1778.95,-331.78
2951,506.3,1182.3,1556.58,137.36,80.06,-59.69,-1000.81,-9281.0,535.32,7839.89,-1863.87,71.74,1496.32,-1792.13,-295.8
2961,510.04,1168.36,1531.48,134.07,74.98,-64.37,-1035.34,-9243.22,501.13,7849.16,-1891.51,71.84,1426.28,-1819.66,-393.39
2971,520.14,1198.68,1531.46,133.61,71.37,-68.03,-1013.08,-9253.31,512.25,7783.18,-1850.82,71.76,1416.29,-1779.06,-362.77
2981,514.54,1176.45,1544.34,133.13,85.92,-78.73,-1005.51,-9257.94,524.86,7825.35,-1867.41,71.68,1462.4,-1795.73,-333.32
2991,519.45,1191.79,1531.52,130.81,69.16,-63.08,-1021.47,-9272.55,498.95,7817.84,-1835.08,71.99,1402.4,-1763.09,-360.69
3001,505.75,1176.26,1566.73,134.76,83.57,-66.25,-984.88,-9291.27,524.29,7798.35,-1821.41,70.97,1447.31,-1750.44,-303.13
3011,505.06,1195.23,1551.27,130.67,81.51,-62.04,-1002.57,-9249.54,521.17,7788.35,-1852.44,71.5,1459.09,-1780.94,-321.84
3021,492.13,1187.34,1549.09,134.94,80.14,-64.81,-1039.12,-9267.06,517.89,7818.36,-1847.67,70.7,1408.89,-1776.97,-368.08
3031,503.08,1205.02,1547.57,134.54,78.79,-73.12,-1006.72,-9351.24,505.76,7837.07,-1786.17,70.05,1380.75,-1716.12,-335.36
3041,523.16,1182.62,1570.69,131.16,80.33,-66.39,-989.93,-9247.15,518.37,7746.43,-1819.09,71.56,1449.3,-1747.52,-298.22
3051,507.9,1189.4,1540.24,133.05,83.26,-53.75,-1020.36,-9225.43,509.3,7763.93,-1847.71,70.03,1427.54,-1777.68,-350.14
3061,512.26,1179.7,1557.78,135.73,82.91,-68.49,-1011.27,-9204.58,510.56,7759.9,-1861.52,71.53,1454.49,-1790.0,-335.51
3071,515.01,1181.08,1534.71,132.07,66.91,-60.88,-1010.92,-9142.93,528.88,7703.59,-1877.85,71.48,1447.51,-1806.37,-358.85
3081,507.76,1205.79,1554.2,129.12,84.2,-68.43,-1009.15,-9223.07,518.81,7753.62,-1861.33,72.56,1452.85,-1788.76,-335.91
3091,514.57,1167.8,1550.26,136.18,78.04,-78.05,-988.33,-9303.03,531.0,7838.38,-1839.47,70.61,1446.82,-1768.86,-322.04
3101,519.01,1166.09,1532.84,143.06,76.97,-62.88,-1008.63,-9234.02,499.45,7777.07,-1864.89,71.53,1408.97,-1793.36,-384.39
3111,512.48,1163.3,1557.29,124.84,88.87,-55.0,-1006.05,-9232.12,523.41,7784.62,-1879.08,72.5,1461.63,-1806.58,-344.94
3121,501.15,1220.19,1558.28,145.07,78.84,-68.6,-1029.59,-9251.89,502.67,7769.82,-1836.41,71.02,1425.94,-1765.39,-339.45
3131,500.4,1190.12,1540.71,131.34,72.89,-79.85,-1019.73,-9271.06,513.53,7809.0,-1842.41,72.43,1387.34,-1769.98,-382.64
3141,514.64,1191.1,1519.1,142.95,72.75,-64.83,-1013.76,-9228.6,506.63,7834.09,-1896.19,72.23,1474.07,-1823.96,-349.9
3151,529.79,1195.83,1552.26,136.23,75.15,-60.53,-998.29,-9217.42,525.84,7739.06,-1863.46,73.41,1477.91,-1790.05,-312.14
3161,531.42,1174.95,1567.96,133.92,77.52,-76.26,-1030.74,-9229.02,511.24,7780.78,-1849.3,72.77,1441.77,-1776.53,-334.76
3171,539.49,1179.05,1540.36,135.12,74.77,-62.72,-1005.31,-9201.92,510.37,7746.6,-1851.15,71.96,1455.8,-1779.18,-323.38
3181,556.41,1183.56,1534.18,140.91,76.65,-62.49,-986.82,-9240.4,520.75,7747.38,-1836.61,71.74,1470.14,-1764.88,-294.74
3191,542.08,1198.39,1567.53,140.55,70.66,-57.3,-1010.59,-9211.35,501.94,7744.07,-1855.98,72.5,1485.98,-1783.48,-297.5
3201,526.92,1166.37,1553.63,129.37,74.45,-62.12,-1032.48,-9245.89,520.51,7806.37,-1837.1,71.79,1437.12,-1765.32,-328.19
3211,529.75,1216.6,1554.96,136.15,81.08,-72.32,-1014.49,-9245.53,500.61,7766.24,-1834.42,71.53,1453.04,-1762.9,-309.85
3221,506.83,1184.53,1540.82,139.53,88.36,-62.19,-1009.55,-9245.27,512.76,7768.02,-1841.25,72.93,1423.85,-1768.32,-344.47
3231,501.25,1174.66,1556.82,135.13,70.61,-60.87,-1001.29,-9326.56,515.9,7728.98,-1737.39,72.88,1294.64,-1664.51,-369.87
3241,488.86,1172.39,1520.93,139.99,67.94,-62.9,-981.73,-9227.89,508.63,7733.88,-1829.91,74.25,1360.1,-1755.66,-395.55
3251,506.01,1184.06,1545.51,126.84,83.15,-52.05,-985.55,-9310.78,524.29,7762.9,-1791.24,72.44,1384.38,-1718.8,-334.42
3261,521.59,1190.52,1571.79,141.68,83.64,-62.05,-1014.96,-9296.08,511.31,7770.59,-1770.73,72.82,1418.03,-1697.91,-279.88
3271,536.68,1234.57,1563.84,144.45,78.9,-75.43,-981.44,-9273.73,500.68,7717.94,-1799.68,73.14,1446.46,-1726.54,-280.08
3281,517.93,1186.71,1569.92,141.27,76.34,-74.19,-996.16,-9317.1,507.72,7774.96,-1781.58,73.26,1387.39,-1708.33,-320.93
3291,492.39,1218.36,1552.35,139.89,69.41,-64.89,-1003.97,-9286.51,516.36,7805.14,-1818.08,72.11,1438.53,-1745.97,-307.44
3301,500.88,1171.76,1561.96,127.4,75.25,-62.3,-986.61,-9299.99,520.3,7742.79,-1763.35,72.01,1351.44,-1691.34,-339.89
3311,482.04,1167.76,1546.33,128.62,69.12,-71.02,-1005.47,-9305.77,509.61,7748.5,-1753.92,71.69,1269.72,-1682.23,-412.52
3321,538.78,1244.93,1565.78,136.01,77.14,-63.1,-1006.1,-9283.39,517.91,7750.71,-1794.09,71.71,1478.68,-1722.37,-243.69
3331,514.94,1197.18,1547.97,132.08,81.91,-74.91,-1017.89,-9258.19,496.96,7792.03,-1829.37,72.2,1412.07,-1757.16,-345.09
3341,491.84,1172.06,1550.7,135.36,73.06,-79.75,-1009.99,-9338.38,530.96,7809.9,-1781.44,72.08,1335.77,-1709.36,-373.59
3351,544.06,1184.0,1549.21,136.46,73.03,-62.36,-1011.31,-9319.46,499.98,7788.97,-1766.24,71.22,1382.58,-1695.02,-312.45
3361,499.35,1193.78,1572.96,126.83,74.99,-74.48,-1024.54,-9261.87,503.4,7771.1,-1785.28,72.41,1381.51,-1712.86,-331.35
3371,495.75,1215.38,1557.18,131.53,74.42,-73.95,-1007.39,-9246.44,518.03,7778.79,-1844.86,73.17,1443.31,-1771.7,-328.39
3381,498.73,1222.8,1557.22,146.12,67.55,-71.88,-1006.62,-9310.5,521.3,7755.65,-1780.18,71.36,1380.38,-1708.82,-328.44
3391,496.46,1201.44,1552.88,140.7,67.78,-90.22,-1012.24,-9272.51,527.53,7795.48,-1815.63,72.42,1407.29,-1743.21,-335.92
3401,518.08,1185.39,1558.16,134.62,72.56,-73.93,-1001.23,-9306.86,504.07,7806.41,-1826.84,72.51,1397.29,-1754.34,-357.05
3411,527.23,1185.34,1552.26,141.24,80.3,-67.56,-1026.42,-9263.17,510.79,7805.2,-1842.73,71.9,1445.21,-1770.83,-325.62
3421,534.98,1182.04,1542.69,144.53,73.51,-69.02,-1031.82,-9254.21,516.41,7808.48,-1836.7,71.65,1447.58,-1765.06,-317.48
3431,476.12,1207.41,1561.6,129.91,66.94,-67.78,-1021.55,-9229.85,510.01,7762.48,-1841.82,72.65,1395.31,-1769.17,-373.87
3441,492.22,1226.49,1567.06,138.5,72.5,-69.0,-1011.72,-9294.04,539.06,7804.32,-1802.13,71.33,1465.38,-1730.8,-265.42
3451,535.15,1175.91,1509.29,137.92,70.84,-75.89,-1000.88,-9274.87,504.4,7774.27,-1799.52,72.29,1356.15,-1727.22,-371.07
3461,521.48,1192.15,1536.28,139.65,72.28,-68.88,-1027.03,-9198.82,511.18,7741.69,-1861.79,72.43,1419.98,-1789.37,-369.39
3471,489.24,1195.75,1544.85,135.62,82.91,-75.44,-1029.62,-9283.75,500.18,7807.69,-1814.92,72.02,1367.44,-1742.9,-375.46
3481,506.44,1175.08,1573.62,135.28,87.92,-70.01,-1012.39,-9307.95,516.71,7829.22,-1809.42,71.43,1433.91,-1737.99,-304.08
3491,512.19,1160.04,1560.86,133.17,70.82,-52.23,-982.84,-9368.52,513.48,7772.03,-1730.02,71.24,1318.99,-1658.78,-339.79
3501,527.34,1187.64,1549.25,134.08,78.92,-73.55,-1008.6,-9262.33,511.75,7737.13,-1782.34,72.03,1381.63,-1710.3,-328.68
3511,540.83,1235.08,1541.1,141.79,79.39,-63.84,-1006.39,-9299.33,497.94,7761.0,-1771.85,70.83,1427.57,-1701.02,-273.44
3521,501.15,1210.49,1539.85,139.03,76.99,-60.92,-1009.29,-9348.83,519.16,7819.94,-1763.4,70.77,1387.57,-1692.64,-305.07
3531,498.4,1177.28,1544.5,136.53,70.6,-63.28,-1015.65,-9375.39,515.29,7822.53,-1760.07,69.9,1310.82,-1690.16,-379.35
3541,500.9,1161.51,1564.89,130.86,86.11,-68.57,-1014.29,-9252.59,494.22,7738.98,-1804.55,70.64,1342.02,-1733.91,-391.89
3551,540.94,1210.97,1542.72,138.52,73.35,-69.31,-1008.81,-9257.5,513.86,7754.91,-1801.25,71.08,1439.66,-1730.17,-290.51
3561,527.52,1193.06,1538.96,137.8,82.93,-48.4,-1016.95,-9327.17,509.64,7795.35,-1780.39,69.56,1392.73,-1710.84,-318.1
3571,508.64,1238.05,1546.55,146.51,76.32,-64.12,-1001.45,-9305.73,522.16,7769.83,-1812.79,70.82,1436.76,-1741.97,-305.22
3581,521.2,1166.98,1552.65,131.34,73.48,-70.37,-1011.1,-9324.94,516.82,7762.11,-1752.11,70.76,1318.19,-1681.35,-363.16
3591,512.61,1197.6,1551.29,135.91,74.19,-53.05,-1014.45,-9285.15,499.14,7800.71,-1825.23,71.95,1418.82,-1753.29,-334.47
3601,494.12,1167.23,1544.49,135.62,76.4,-57.52,-995.41,-9302.28,523.49,7771.69,-1800.24,71.56,1357.83,-1728.68,-370.86
3611,505.73,1172.88,1548.21,137.51,72.22,-48.73,-1020.46,-9280.19,520.91,7754.79,-1794.21,71.24,1362.87,-1722.97,-360.1
3621,543.47,1187.74,1552.85,130.28,68.3,-73.44,-1001.0,-9274.03,489.09,7714.05,-1793.15,70.73,1337.29,-1722.41,-385.12
3631,534.47,1176.19,1565.92,127.91,74.99,-59.79,-1005.06,-9295.99,489.83,7783.01,-1793.47,72.94,1391.49,-1720.53,-329.04
3641,497.62,1204.04,1554.48,139.86,85.15,-69.02,-1012.69,-9275.73,514.83,7720.06,-1793.62,71.35,1358.61,-1722.26,-363.65
3651,495.87,1161.11,1554.57,133.12,77.99,-60.19,-1007.05,-9268.3,504.19,7803.14,-1829.22,70.8,1394.45,-1758.42,-363.97
3661,510.52,1193.37,1562.13,138.66,85.2,-62.93,-1004.48,-9248.06,497.3,7745.41,-1818.41,71.88,1417.11,-1746.54,-329.42
3671,501.06,1193.04,1545.87,140.69,75.6,-62.8,-1033.68,-9236.02,516.59,7768.5,-1832.26,71.09,1408.85,-1761.18,-352.32
3681,505.76,1188.34,1532.59,139.1,82.08,-70.55,-996.09,-9208.06,532.61,7731.38,-1846.15,72.86,1437.18,-1773.3,-336.12
3691,501.86,1186.85,1551.06,137.45,72.97,-76.02,-991.03,-9264.48,523.55,7754.69,-1823.37,70.38,1396.89,-1752.99,-356.1
3701,499.4,1213.03,1538.14,140.2,73.28,-55.62,-1020.16,-9273.59,521.16,7776.15,-1802.89,70.8,1412.0,-1732.1,-320.1
3711,498.24,1175.91,1562.8,131.12,75.74,-61.74,-1019.89,-9283.1,507.04,7778.47,-1789.7,71.79,1364.58,-1717.91,-353.33
3721,506.07,1189.38,1551.47,133.35,86.76,-75.37,-996.54,-9296.16,513.84,7797.11,-1793.91,72.35,1409.91,-1721.56,-311.65
3731,511.44,1220.37,1550.98,140.58,67.87,-70.95,-1002.31,-9288.3,510.28,7732.31,-1759.93,71.94,1372.27,-1688.0,-315.73
3741,511.54,1200.5,1534.54,132.96,78.61,-70.11,-1018.28,-9246.79,501.58,7723.3,-1792.86,71.29,1347.84,-1721.57,-373.72
3751,519.46,1182.33,1564.55,133.19,74.03,-62.0,-1013.49,-9224.45,516.65,7729.47,-1800.86,70.77,1419.76,-1730.08,-310.33
3761,475.94,1143.4,1554.31,130.04,79.53,-71.88,-1010.33,-9294.33,521.22,7823.86,-1834.47,71.32,1351.76,-1763.15,-411.39
3771,493.85,1167.35,1545.25,126.77,73.75,-67.43,-995.67,-9284.89,518.52,7788.34,-1818.81,70.71,1365.84,-1748.1,-382.26
3781,508.55,1169.88,1580.16,136.18,77.18,-70.09,-1023.19,-9263.27,504.03,7823.38,-1843.5,70.23,1442.81,-1773.27,-330.45
3791,521.2,1267.07,1580.18,138.32,61.82,-73.38,-1007.91,-9240.79,511.62,7724.06,-1807.99,70.93,1482.18,-1737.06,-254.88
3801,522.86,1213.51,1564.11,134.54,83.76,-71.95,-1018.74,-9199.3,498.43,7721.0,-1849.87,70.26,1448.23,-1779.61,-331.38
3811,495.52,1173.6,1532.45,136.83,82.46,-56.25,-1033.0,-9263.46,511.28,7785.52,-1831.77,70.36,1364.95,-1761.41,-396.47
3821,537.12,1254.33,1526.55,144.69,68.67,-52.25,-1007.71,-9145.87,489.53,7732.31,-1899.98,69.78,1547.37,-1830.2,-282.83
3831,504.85,1203.37,1560.1,132.92,71.88,-70.42,-1030.84,-9285.82,504.54,7782.1,-1813.34,70.38,1372.68,-1742.96,-370.28
3841,511.43,1204.27,1545.66,141.62,86.84,-60.71,-1013.19,-9215.59,506.83,7744.89,-1843.71,71.42,1452.03,-1772.29,-320.26
3851,543.67,1198.94,1542.94,135.52,80.72,-58.73,-999.38,-9227.24,494.63,7776.7,-1839.06,70.96,1487.77,-1768.09,-280.33
3861,459.96,1235.88,1555.68,143.47,75.78,-71.42,-996.35,-9209.77,522.42,7721.06,-1850.17,72.16,1436.7,-1778.01,-341.32
3871,532.23,1197.63,1534.91,135.85,74.82,-67.92,-1018.46,-9230.78,509.62,7761.96,-1843.75,71.21,1429.86,-1772.53,-342.67
3881,508.68,1198.62,1557.95,134.78,71.42,-74.33,-1028.54,-9247.25,525.05,7846.13,-1869.89,72.16,1492.51,-1797.74,-305.23
3891,505.23,1236.81,1569.34,130.84,76.06,-55.52,-1012.03,-9227.34,508.51,7760.01,-1860.3,72.52,1491.9,-1787.78,-295.88
3901,467.65,1213.23,1554.87,143.88,79.09,-50.19,-1021.92,-9261.12,516.81,7757.9,-1809.9,71.69,1400.2,-1738.21,-338.01
3911,507.9,1145.07,1565.78,130.84,70.78,-58.54,-1017.42,-9216.91,510.5,7779.22,-1866.07,71.98,1417.2,-1794.09,-376.89
3921,544.9,1245.14,1560.11,143.12,75.91,-58.43,-1052.77,-9209.01,484.86,7745.03,-1844.67,72.03,1478.85,-1772.64,-293.79
3931,526.8,1155.05,1551.1,126.99,82.51,-60.53,-1010.62,-9176.34,519.03,7736.57,-1871.26,73.39,1450.57,-1797.87,-347.3
3941,518.69,1200.41,1552.39,136.35,82.9,-55.36,-1003.97,-9189.72,505.83,7732.01,-1845.9,71.26,1479.53,-1774.64,-295.11
3951,496.48,1198.99,1529.02,141.9,82.18,-54.05,-1015.78,-9240.57,500.8,7738.18,-1822.82,70.81,1377.15,-1752.0,-374.86
3961,511.34,1203.8,1554.99,139.66,66.98,-69.4,-1012.01,-9202.28,522.46,7755.13,-1853.62,71.27,1470.69,-1782.35,-311.66
3971,490.27,1154.89,1554.34,134.85,76.56,-62.43,-1030.17,-9254.26,508.31,7784.16,-1828.44,72.12,1356.53,-1756.32,-399.79
3981,488.23,1192.8,1558.81,137.15,72.82,-75.68,-995.39,-9222.19,523.59,7787.83,-1863.69,72.81,1467.96,-1790.88,-322.91
3991,469.05,1207.61,1543.64,130.13,68.3,-74.23,-1020.18,-9266.06,519.63,7768.41,-1788.52,71.34,1346.31,-1717.18,-370.87
4001,521.75,1185.86,1553.48,122.79,70.54,-60.01,-1031.92,-9281.91,499.11,7776.6,-1796.77,71.66,1356.28,-1725.1,-368.82

Receptor Energy Terms
Frame #,BOND,ANGLE,DIHED,UB,IMP,CMAP,VDWAALS,EEL,1-4 VDW,1-4 EEL,EGB,ESURF,GGAS,GSOLV,TOTAL
1,494.71,1165.16,1478.35,132.0,73.14,-42.73,-1008.28,-9384.43,494.64,7783.52,-1710.22,68.9,1186.07,-1641.31,-455.25
11,505.67,1138.81,1475.97,131.26,76.45,-67.76,-1015.25,-9377.61,485.94,7849.45,-1734.53,69.49,1202.95,-1665.03,-462.09
21,524.43,1162.53,1499.64,131.86,79.37,-68.05,-986.61,-9376.29,486.88,7803.36,-1746.06,69.05,1257.11,-1677.01,-419.9
31,495.32,1145.88,1503.18,128.23,76.79,-67.28,-987.37,-9407.39,501.6,7855.23,-1716.72,68.95,1244.2,-1647.77,-403.56
41,512.63,1148.61,1492.66,129.8,75.95,-38.8,-993.18,-9296.19,508.5,7816.97,-1801.38,69.7,1356.96,-1731.68,-374.72
51,490.76,1206.19,1504.08,130.71,68.92,-46.43,-998.85,-9336.24,488.68,7797.35,-1754.62,69.84,1305.17,-1684.78,-379.62
61,474.18,1164.92,1484.68,127.51,76.83,-56.04,-993.23,-9310.83,512.04,7849.55,-1816.9,70.34,1329.62,-1746.56,-416.94
71,521.42,1166.8,1482.39,125.45,68.79,-73.04,-998.66,-9306.4,472.36,7794.72,-1801.64,69.11,1253.82,-1732.53,-478.71
81,514.72,1149.81,1478.08,136.76,72.84,-52.57,-1016.11,-9340.55,488.22,7870.07,-1776.29,69.12,1301.28,-1707.17,-405.89
91,493.51,1185.51,1486.82,129.88,77.27,-76.4,-990.53,-9341.82,487.7,7856.65,-1781.91,70.29,1308.59,-1711.62,-403.03
101,496.01,1140.03,1516.17,135.49,85.17,-68.88,-1007.95,-9317.43,496.29,7882.37,-1823.48,71.32,1357.27,-1752.16,-394.89
111,461.88,1124.6,1489.35,126.96,73.93,-78.58,-1008.65,-9284.81,496.12,7907.38,-1871.06,70.1,1308.16,-1800.96,-492.81
121,475.2,1196.91,1470.66,123.89,68.88,-74.65,-985.79,-9257.96,514.74,7820.32,-1848.27,70.33,1352.19,-1777.95,-425.76
131,520.1,1235.51,1492.82,141.11,67.6,-75.91,-984.36,-9188.55,483.76,7803.86,-1903.22,73.04,1495.93,-1830.18,-334.24
141,469.76,1144.94,1498.83,126.15,77.42,-68.36,-1011.2,-9194.78,489.02,7882.27,-1920.16,70.64,1414.04,-1849.52,-435.48
151,477.59,1205.25,1457.43,129.84,77.16,-64.73,-993.86,-9160.18,490.59,7797.98,-1932.14,71.53,1417.06,-1860.61,-443.54
161,507.93,1159.07,1490.34,141.24,73.98,-61.07,-979.4,-9270.8,500.14,7863.39,-1879.49,71.24,1424.81,-1808.25,-383.43
171,458.39,1198.56,1479.07,139.68,88.53,-61.76,-1023.56,-9167.49,502.53,7756.07,-1877.45,70.8,1370.03,-1806.65,-436.62
181,514.79,1149.07,1518.97,127.21,71.7,-64.59,-985.54,-9227.92,497.26,7806.92,-1873.74,71.16,1407.87,-1802.58,-394.7
191,496.48,1187.9,1507.11,126.69,72.4,-57.48,-977.98,-9209.69,486.62,7757.55,-1864.05,71.92,1389.6,-1792.13,-402.53
201,487.81,1207.83,1510.1,139.25,69.18,-61.95,-1009.19,-9253.99,486.75,7860.17,-1858.47,70.65,1435.97,-1787.82,-351.85
211,513.29,1180.77,1499.17,122.73,74.94,-59.14,-1001.81,-9214.37,473.18,7811.62,-1847.18,70.92,1400.38,-1776.26,-375.88
221,502.44,1182.75,1488.03,131.04,72.36,-47.59,-971.36,-9266.96,503.21,7844.38,-1839.17,70.93,1438.29,-1768.24,-329.95
231,512.86,1202.75,1481.06,132.05,73.52,-63.15,-1015.59,-9297.02,479.94,7808.71,-1795.7,70.35,1315.11,-1725.35,-410.24
241,495.97,1182.18,1478.07,133.38,77.34,-55.33,-997.5,-9256.02,512.5,7830.07,-1847.02,70.88,1400.66,-1776.14,-375.48
251,488.32,1181.85,1473.28,125.07,76.89,-58.54,-1007.43,-9235.29,499.17,7827.67,-1875.41,71.38,1370.99,-1804.02,-433.04
261,526.37,1208.06,1487.66,149.89,77.95,-67.32,-958.03,-9235.65,469.64,7814.1,-1867.05,70.87,1472.67,-1796.17,-323.51
271,514.0,1175.78,1483.55,137.33,85.36,-63.0,-1008.0,-9249.85,484.48,7849.87,-1843.44,70.38,1409.51,-1773.06,-363.56
281,502.8,1210.88,1477.87,134.17,68.96,-63.43,-997.31,-9249.24,502.25,7819.78,-1830.97,70.81,1406.73,-1760.16,-353.44
291,474.36,1198.57,1495.04,129.29,87.72,-60.0,-989.34,-9223.49,495.82,7794.23,-1854.16,70.32,1402.2,-1783.83,-381.63
301,529.42,1195.25,1475.46,132.52,67.81,-55.79,-1006.31,-9322.97,491.05,7751.84,-1745.83,69.74,1258.28,-1676.1,-417.82
311,499.99,1134.88,1510.13,124.41,75.69,-58.42,-1014.83,-9282.13,485.43,7812.36,-1772.6,68.98,1287.52,-1703.62,-416.1
321,529.14,1213.88,1493.7,138.1,72.7,-70.51,-1000.18,-9332.84,492.28,7785.92,-1759.2,69.47,1322.2,-1689.73,-367.53
331,483.52,1163.33,1495.12,134.8,71.37,-54.22,-1007.51,-9326.93,483.07,7764.92,-1749.23,69.8,1207.5,-1679.44,-471.94
341,524.66,1219.65,1505.22,138.06,78.27,-59.39,-1034.98,-9240.57,496.38,7809.35,-1853.99,70.63,1436.68,-1783.36,-346.68
351,478.46,1183.24,1497.8,133.96,76.25,-57.08,-987.44,-9252.19,493.99,7784.27,-1823.37,71.07,1351.23,-1752.3,-401.06
361,523.58,1207.35,1511.33,131.65,75.13,-56.0,-997.52,-9263.65,484.65,7786.14,-1806.05,71.38,1402.65,-1734.68,-332.02
371,468.73,1142.7,1510.96,129.05,77.59,-69.54,-980.98,-9347.0,490.98,7804.03,-1743.34,68.84,1226.53,-1674.5,-447.97
381,508.45,1208.6,1485.02,133.22,75.56,-50.64,-1019.14,-9206.4,488.24,7804.7,-1843.4,69.09,1427.61,-1774.31,-346.71
391,503.58,1163.9,1471.59,134.91,78.62,-52.24,-1000.94,-9247.55,510.37,7781.77,-1829.31,70.71,1344.01,-1758.6,-414.59
401,486.33,1174.53,1477.17,139.53,70.96,-64.45,-1022.53,-9250.69,502.11,7776.42,-1780.57,68.61,1289.38,-1711.96,-422.59
411,504.06,1183.06,1513.14,126.44,78.17,-56.31,-997.57,-9341.24,494.47,7814.91,-1756.61,69.38,1319.14,-1687.23,-368.09
421,487.48,1135.83,1501.27,128.07,81.14,-64.13,-999.03,-9288.2,511.94,7796.01,-1799.05,69.4,1290.39,-1729.65,-439.26
431,504.65,1171.27,1485.98,128.48,75.34,-62.97,-980.02,-9304.31,483.25,7782.12,-1763.12,70.88,1283.79,-1692.24,-408.45
441,532.81,1168.8,1496.19,135.44,78.38,-50.22,-991.88,-9340.57,506.66,7776.24,-1742.03,70.34,1311.86,-1671.69,-359.83
451,514.83,1181.59,1488.59,131.37,67.22,-52.91,-999.15,-9336.87,498.22,7852.29,-1770.88,70.34,1345.18,-1700.55,-355.37
461,483.8,1217.64,1501.47,127.33,75.94,-71.38,-993.57,-9307.32,493.13,7764.81,-1739.75,70.35,1291.85,-1669.4,-377.55
471,499.21,1236.19,1479.37,135.7,71.49,-60.25,-984.41,-9191.84,496.05,7774.19,-1853.53,71.45,1455.71,-1782.09,-326.37
481,502.21,1144.97,1489.37,134.75,85.49,-56.9,-984.59,-9315.31,495.47,7807.4,-1785.79,70.09,1302.85,-1715.69,-412.84
491,478.63,1179.8,1514.44,132.12,72.91,-59.6,-996.42,-9240.01,500.77,7812.49,-1831.24,69.5,1395.13,-1761.73,-366.61
501,494.39,1217.15,1512.76,126.25,76.88,-48.99,-983.05,-9227.4,488.68,7800.12,-1837.22,71.42,1456.79,-1765.8,-309.01
511,516.17,1176.61,1494.93,139.96,62.91,-52.18,-998.8,-9206.8,493.89,7782.87,-1836.99,71.3,1409.56,-1765.68,-356.13
521,538.94,1155.92,1486.08,129.23,79.07,-53.44,-979.51,-9341.21,471.33,7791.8,-1738.63,68.79,1278.23,-1669.83,-391.61
531,506.37,1209.78,1501.4,129.61,73.51,-53.63,-1001.65,-9155.49,489.55,7765.09,-1870.73,70.49,1464.54,-1800.24,-335.7
541,473.44,1203.42,1527.63,133.91,81.87,-72.39,-1012.75,-9192.28,498.84,7827.65,-1884.68,70.56,1469.33,-1814.11,-344.78
551,487.07,1180.57,1495.83,126.27,80.5,-55.88,-989.68,-9191.78,500.64,7805.5,-1880.82,70.52,1439.04,-1810.3,-371.26
561,500.45,1167.45,1504.49,130.72,87.91,-66.91,-984.5,-9252.26,497.74,7845.04,-1866.76,71.67,1430.13,-1795.09,-364.96
571,496.96,1171.0,1504.01,134.55,80.87,-68.9,-976.84,-9208.96,498.52,7795.86,-1856.31,70.48,1427.07,-1785.83,-358.76
581,497.27,1222.5,1527.24,125.69,80.83,-69.9,-1005.12,-9281.12,484.73,7780.96,-1785.46,69.54,1363.09,-1715.93,-352.84
591,487.63,1176.74,1483.16,128.79,72.94,-54.27,-1007.57,-9315.23,501.02,7784.83,-1759.41,70.5,1258.04,-1688.9,-430.86
601,525.21,1173.15,1492.99,128.09,75.35,-62.46,-1019.85,-9355.08,486.21,7842.72,-1761.1,69.22,1286.32,-1691.88,-405.56
611,544.04,1146.14,1482.99,136.16,87.0,-58.03,-967.85,-9376.27,499.29,7836.86,-1755.02,70.45,1330.31,-1684.57,-354.25
621,518.47,1174.28,1498.83,131.96,67.23,-57.43,-989.52,-9285.94,501.11,7736.29,-1760.86,69.88,1295.29,-1690.97,-395.69
631,510.19,1149.79,1493.59,131.22,69.44,-50.59,-1011.11,-9366.13,489.92,7840.74,-1749.83,69.69,1257.06,-1680.14,-423.08
641,504.92,1183.56,1474.26,139.11,73.7,-54.65,-1014.91,-9317.01,490.12,7796.01,-1734.98,69.44,1275.12,-1665.54,-390.42
651,498.55,1181.35,1490.64,127.34,75.31,-52.76,-1008.1,-9240.3,497.65,7782.2,-1824.57,71.02,1351.87,-1753.55,-401.68
661,527.06,1156.71,1481.34,129.68,73.35,-54.05,-1013.54,-9261.98,492.25,7742.01,-1774.44,68.33,1272.83,-1706.11,-433.28
671,521.38,1208.97,1488.23,130.95,81.57,-53.29,-1001.13,-9285.84,491.5,7833.73,-1781.11,69.37,1416.06,-1711.74,-295.68
681,518.84,1159.59,1502.9,135.04,65.48,-51.48,-1003.75,-9288.65,508.82,7772.09,-1766.1,69.48,1318.88,-1696.62,-377.73
691,503.24,1201.58,1472.77,131.28,74.36,-59.78,-997.39,-9260.27,476.68,7774.56,-1794.21,67.8,1317.04,-1726.41,-409.37
701,465.87,1197.9,1465.23,131.03,68.69,-62.7,-992.09,-9394.94,501.56,7838.06,-1727.95,69.87,1218.6,-1658.07,-439.47
711,510.41,1135.77,1500.76,128.5,76.82,-55.66,-984.92,-9300.86,493.84,7790.93,-1781.36,68.87,1295.58,-1712.49,-416.91
721,486.46,1170.45,1470.18,124.78,76.35,-58.44,-1002.08,-9344.85,496.39,7847.3,-1777.9,68.94,1266.55,-1708.97,-442.42
731,541.45,1194.87,1487.14,132.41,84.36,-73.66,-1024.92,-9269.34,489.54,7796.48,-1818.16,70.06,1358.33,-1748.11,-389.78
741,504.5,1142.41,1502.62,132.17,72.25,-70.24,-993.3,-9301.39,490.82,7822.15,-1801.57,68.42,1302.0,-1733.15,-431.15
751,481.75,1193.72,1490.17,129.37,76.5,-69.05,-1008.16,-9236.49,496.84,7816.18,-1846.86,69.21,1370.82,-1777.65,-406.83
761,502.32,1207.01,1502.88,138.85,68.37,-60.81,-988.47,-9289.45,484.76,7782.65,-1769.39,69.97,1348.12,-1699.42,-351.3
771,508.42,1206.17,1483.84,142.97,81.93,-64.71,-977.76,-9339.57,478.5,7755.62,-1706.88,68.7,1275.43,-1638.18,-362.75
781,477.17,1162.77,1468.07,129.09,76.1,-61.24,-1001.21,-9363.01,491.17,7871.27,-1779.48,69.35,1250.18,-1710.13,-459.95
791,461.31,1173.26,1496.86,133.34,91.57,-70.37,-995.51,-9330.54,492.54,7820.54,-1761.6,69.16,1273.01,-1692.44,-419.43
801,492.49,1147.96,1492.14,125.41,77.27,-71.55,-1017.27,-9282.57,508.92,7820.79,-1793.41,69.43,1293.59,-1723.98,-430.39
811,499.06,1146.69,1487.69,133.36,79.23,-47.86,-1003.33,-9284.97,505.47,7784.78,-1782.86,68.59,1300.12,-1714.27,-414.15
821,477.6,1217.22,1505.63,140.14,74.28,-63.28,-1001.59,-9291.15,502.93,7767.78,-1780.68,69.11,1329.56,-1711.57,-382.01
831,499.95,1163.99,1495.89,128.81,81.09,-68.52,-1016.54,-9268.37,473.03,7816.51,-1809.88,68.94,1305.84,-1740.95,-435.11
841,484.79,1180.87,1511.91,135.51,77.47,-65.22,-1011.0,-9349.29,508.2,7809.08,-1755.33,69.44,1282.32,-1685.89,-403.57
851,514.04,1144.24,1506.34,121.55,71.63,-56.48,-992.24,-9362.34,491.95,7815.94,-1746.08,69.01,1254.63,-1677.07,-422.44
861,525.53,1142.93,1494.5,128.0,71.7,-65.58,-1006.61,-9285.46,496.24,7783.89,-1780.93,69.4,1285.15,-1711.53,-426.38
871,512.87,1130.4,1502.41,136.86,62.2,-62.36,-1007.99,-9314.01,492.74,7877.9,-1818.42,68.89,1331.01,-1749.54,-418.52
881,493.28,1204.22,1498.18,129.52,69.95,-71.18,-1007.94,-9301.49,498.16,7847.59,-1795.08,68.73,1360.28,-1726.35,-366.07
891,494.36,1192.37,1497.98,132.04,73.4,-66.31,-1006.6,-9334.74,491.73,7834.67,-1782.47,68.15,1308.91,-1714.31,-405.4
901,483.25,1175.94,1491.46,132.09,84.56,-56.96,-1015.02,-9322.33,489.66,7816.69,-1764.88,67.07,1279.35,-1697.81,-418.46
911,490.7,1205.93,1503.72,133.27,84.44,-66.69,-994.89,-9377.24,503.37,7836.68,-1771.43,67.74,1319.29,-1703.69,-384.4
921,543.35,1206.13,1482.95,132.5,83.04,-65.6,-1033.0,-9304.44,481.85,7770.6,-1765.98,68.69,1297.37,-1697.29,-399.92
931,518.89,1230.72,1494.85,139.75,80.01,-67.55,-1026.63,-9349.85,499.23,7770.56,-1740.28,66.77,1289.97,-1673.51,-383.54
941,519.88,1161.77,1504.11,134.56,68.96,-61.03,-1008.78,-9414.93,509.2,7867.51,-1734.99,66.87,1281.25,-1668.12,-386.87
951,491.21,1190.34,1492.13,133.32,83.6,-67.94,-1016.02,-9403.5,495.01,7873.24,-1733.25,68.06,1271.39,-1665.19,-393.8
961,500.24,1152.93,1478.11,126.26,68.76,-75.09,-991.89,-9407.09,501.83,7866.03,-1741.25,69.1,1220.08,-1672.15,-452.07
971,496.5,1159.51,1499.37,127.3,73.91,-72.88,-990.59,-9380.85,508.33,7813.26,-1724.23,67.12,1233.83,-1657.11,-423.28
981,484.1,1152.04,1506.93,128.42,75.1,-67.55,-987.24,-9386.97,504.85,7839.73,-1726.73,67.53,1249.41,-1659.2,-409.79
991,514.48,1231.35,1482.25,134.58,74.41,-67.56,-1019.6,-9382.3,492.12,7840.55,-1726.75,66.95,1300.28,-1659.79,-359.51
1001,486.8,1169.68,1493.72,132.98,78.24,-63.89,-1019.18,-9381.36,500.94,7882.63,-1768.65,67.44,1280.55,-1701.21,-420.66
1011,510.67,1153.47,1513.89,128.63,82.07,-70.75,-1003.83,-9363.84,506.9,7835.08,-1765.28,69.07,1292.3,-1696.21,-403.91
1021,519.51,1180.57,1483.95,127.62,70.18,-66.11,-988.98,-9274.66,492.0,7800.78,-1833.45,69.46,1344.85,-1763.99,-419.15
1031,514.34,1170.49,1491.01,132.72,80.39,-47.73,-1018.77,-9254.08,504.69,7811.98,-1819.69,66.39,1385.04,-1753.3,-368.26
1041,526.66,1191.39,1468.33,145.2,70.37,-47.41,-1027.22,-9198.54,484.91,7810.78,-1877.12,68.24,1424.47,-1808.88,-384.41
1051,477.98,1171.46,1498.14,130.94,82.25,-55.99,-982.67,-9316.31,510.77,7846.5,-1811.87,68.45,1363.07,-1743.42,-380.35
1061,521.13,1180.28,1493.61,140.06,78.4,-52.12,-1007.61,-9327.03,490.49,7843.71,-1790.01,68.54,1360.92,-1721.47,-360.55
1071,487.48,1166.33,1511.87,127.08,76.79,-66.84,-1008.16,-9312.04,503.41,7884.69,-1826.67,69.01,1370.61,-1757.66,-387.05
1081,526.39,1167.31,1493.15,122.24,73.89,-52.17,-1022.23,-9264.43,506.71,7824.32,-1820.19,68.65,1375.17,-1751.54,-376.37
1091,518.58,1202.83,1532.98,136.69,75.34,-77.35,-1026.62,-9197.09,477.72,7727.24,-1834.63,67.85,1370.32,-1766.78,-396.46
1101,497.31,1167.37,1494.71,137.29,89.28,-66.14,-983.81,-9290.64,481.09,7772.82,-1770.8,67.15,1299.29,-1703.64,-404.35
1111,499.92,1168.74,1477.79,132.43,78.51,-56.88,-980.89,-9295.59,509.92,7850.92,-1809.93,68.45,1384.88,-1741.47,-356.59
1121,507.94,1155.83,1486.04,125.27,76.34,-61.78,-1005.34,-9244.39,491.57,7779.43,-1833.81,68.58,1310.91,-1765.23,-454.32
1131,501.83,1135.26,1508.51,132.22,78.72,-57.03,-1009.0,-9303.69,519.38,7856.07,-1804.93,68.07,1362.27,-1736.86,-374.59
1141,464.55,1168.48,1504.6,125.6,77.99,-66.43,-988.89,-9238.88,512.61,7771.41,-1817.71,68.08,1331.03,-1749.62,-418.59
1151,530.18,1179.02,1511.46,132.35,86.5,-61.92,-1008.35,-9299.89,487.29,7795.92,-1796.94,70.21,1352.55,-1726.73,-374.18
1161,493.81,1185.98,1478.9,127.39,67.52,-80.46,-1015.42,-9303.1,490.4,7813.43,-1767.19,67.63,1258.44,-1699.56,-441.12
1171,503.78,1166.11,1489.48,138.1,75.44,-54.57,-1000.45,-9318.91,495.28,7767.96,-1729.03,68.65,1262.22,-1660.38,-398.16
1181,528.44,1219.23,1502.14,138.71,80.4,-71.32,-992.44,-9317.05,498.93,7769.7,-1757.17,68.8,1356.73,-1688.37,-331.64
1191,496.25,1192.81,1503.33,143.25,80.03,-68.96,-1003.23,-9371.92,489.79,7815.25,-1724.67,67.4,1276.62,-1657.26,-380.64
1201,506.1,1167.96,1497.14,130.49,81.54,-57.27,-1004.47,-9325.43,503.32,7841.12,-1787.14,68.29,1340.49,-1718.85,-378.35
1211,478.6,1164.32,1503.03,136.35,67.59,-59.05,-1017.86,-9301.92,514.35,7859.11,-1804.29,67.72,1344.54,-1736.57,-392.03
1221,479.6,1154.12,1484.66,127.49,74.59,-67.12,-1006.05,-9354.92,511.36,7857.69,-1771.61,68.03,1261.42,-1703.58,-442.16
1231,508.71,1200.15,1480.72,129.68,74.04,-63.79,-1013.55,-9258.65,500.09,7835.88,-1841.35,69.01,1393.28,-1772.34,-379.06
1241,491.88,1128.15,1511.23,124.56,70.34,-62.83,-1004.65,-9281.6,493.3,7818.88,-1801.86,69.41,1289.28,-1732.44,-443.17
1251,504.67,1173.53,1506.32,137.35,80.25,-72.58,-1006.49,-9209.59,503.61,7828.85,-1874.83,68.38,1445.92,-1806.45,-360.53
1261,491.69,1208.9,1485.68,129.27,77.89,-61.11,-1012.95,-9267.21,499.55,7830.99,-1829.61,67.58,1382.68,-1762.03,-379.35
1271,498.33,1129.01,1480.87,126.55,87.27,-71.31,-1025.86,-9324.18,504.29,7859.87,-1793.37,68.0,1264.85,-1725.38,-460.53
1281,481.1,1129.79,1500.05,131.17,81.73,-69.13,-1001.93,-9314.71,503.98,7833.22,-1786.11,67.84,1275.26,-1718.27,-443.01
1291,520.75,1144.97,1480.68,125.8,81.94,-67.93,-1005.37,-9336.94,481.67,7800.93,-1765.48,68.8,1226.48,-1696.68,-470.19
1301,534.64,1175.4,1498.38,140.81,83.58,-65.77,-1004.4,-9238.2,495.44,7732.18,-1828.56,69.89,1352.08,-1758.66,-406.59
1311,537.46,1224.74,1513.14,130.03,79.73,-61.52,-1004.71,-9247.75,477.89,7814.65,-1844.47,69.25,1463.65,-1775.22,-311.57
1321,469.66,1205.41,1487.17,138.89,78.11,-61.6,-1011.93,-9304.7,488.01,7840.08,-1815.1,70.64,1329.11,-1744.46,-415.36
1331,493.53,1217.37,1483.06,126.02,76.82,-72.72,-1012.48,-9312.96,491.46,7822.04,-1765.48,67.02,1312.13,-1698.46,-386.33
1341,494.58,1125.99,1505.67,129.21,72.18,-57.19,-1012.05,-9334.16,497.14,7877.36,-1797.76,68.43,1298.74,-1729.33,-430.59
1351,522.57,1175.14,1513.5,134.59,81.7,-73.53,-1031.64,-9239.72,482.3,7819.23,-1823.32,68.97,1384.14,-1754.35,-370.21
1361,509.32,1114.64,1511.35,129.37,71.34,-74.14,-986.86,-9278.15,502.33,7840.86,-1844.58,69.41,1340.06,-1775.17,-435.11
1371,474.53,1202.15,1493.21,128.35,63.09,-68.77,-1003.47,-9215.56,493.13,7805.68,-1846.84,68.8,1372.35,-1778.04,-405.7
1381,496.19,1187.37,1501.92,121.69,82.0,-74.57,-1006.37,-9216.0,454.7,7814.78,-1869.12,69.74,1361.72,-1799.38,-437.67
1391,492.53,1196.31,1487.64,130.64,86.61,-60.36,-1016.23,-9319.89,498.61,7884.36,-1822.3,68.33,1380.23,-1753.97,-373.74
1401,495.51,1178.85,1504.32,129.8,79.69,-64.87,-989.92,-9324.14,505.6,7814.83,-1765.79,69.87,1329.67,-1695.92,-366.25
1411,499.81,1181.99,1482.47,126.4,77.63,-54.03,-1016.99,-9332.06,490.85,7829.81,-1774.37,68.22,1285.88,-1706.15,-420.26
1421,499.59,1156.93,1498.94,133.05,84.28,-77.65,-998.71,-9388.76,493.99,7882.66,-1768.57,68.92,1284.32,-1699.65,-415.33
1431,524.64,1164.18,1480.85,136.35,72.17,-68.36,-1020.75,-9323.25,491.58,7830.69,-1772.16,67.95,1288.11,-1704.21,-416.1
1441,471.98,1141.97,1483.04,132.8,77.94,-73.36,-987.64,-9385.03,506.36,7852.52,-1762.92,69.13,1220.58,-1693.8,-473.22
1451,513.28,1197.66,1495.3,134.04,65.58,-66.73,-999.63,-9311.64,481.03,7794.48,-1782.51,68.68,1303.37,-1713.83,-410.46
1461,498.42,1149.1,1499.06,130.75,70.32,-57.31,-981.01,-9274.34,495.26,7807.86,-1815.41,69.09,1338.12,-1746.32,-408.21
1471,487.86,1163.09,1505.57,137.93,76.48,-43.08,-985.92,-9300.48,522.36,7848.53,-1804.61,69.47,1412.34,-1735.14,-322.8
1481,496.46,1177.19,1515.08,132.96,77.74,-83.09,-1011.89,-9305.06,500.41,7849.4,-1805.28,69.42,1349.19,-1735.86,-386.67
1491,520.83,1162.51,1490.89,131.65,91.22,-65.2,-1012.33,-9303.14,501.45,7830.04,-1809.68,68.85,1347.92,-1740.83,-392.91
1501,481.02,1183.52,1513.89,125.77,78.14,-65.57,-1004.55,-9326.22,506.16,7817.66,-1787.69,68.18,1309.81,-1719.51,-409.69
1511,492.76,1164.13,1494.62,125.78,78.38,-73.1,-1010.94,-9305.28,493.46,7818.83,-1797.53,69.53,1278.64,-1728.01,-449.37
1521,488.83,1171.37,1512.03,127.1,80.8,-75.23,-1004.27,-9325.22,496.57,7846.92,-1792.82,69.0,1318.91,-1723.82,-404.91
1531,531.56,1168.5,1493.17,128.03,72.86,-67.96,-988.21,-9331.15,490.46,7831.74,-1786.6,68.23,1329.0,-1718.37,-389.36
1541,458.84,1126.5,1512.53,123.13,75.45,-60.64,-1011.65,-9392.63,509.73,7872.26,-1733.02,67.06,1213.53,-1665.96,-452.43
1551,494.35,1151.34,1489.56,130.61,73.35,-68.45,-989.49,-9316.84,502.74,7839.46,-1780.8,69.06,1306.65,-1711.75,-405.1
1561,530.89,1119.66,1514.4,132.24,82.79,-52.81,-988.94,-9423.5,473.69,7919.97,-1763.47,68.08,1308.39,-1695.4,-387.0
1571,504.21,1175.95,1489.13,128.64,88.71,-60.64,-1016.49,-9364.55,501.04,7869.16,-1781.47,67.6,1315.16,-1713.87,-398.71
1581,502.56,1158.3,1491.02,133.41,78.0,-68.81,-1025.86,-9331.68,482.67,7836.52,-1780.91,68.36,1256.13,-1712.55,-456.42
1591,482.34,1212.39,1481.21,141.34,73.26,-68.3,-986.22,-9329.18,495.88,7825.64,-1793.88,68.59,1328.35,-1725.29,-396.94
1601,516.04,1176.57,1502.45,132.63,79.45,-73.3,-1019.84,-9296.3,487.52,7845.17,-1813.14,68.71,1350.38,-1744.43,-394.05
1611,502.8,1181.4,1469.71,133.28,77.64,-73.26,-989.94,-9365.86,496.01,7834.5,-1751.64,69.55,1266.28,-1682.09,-415.8
1621,520.09,1152.54,1497.04,129.69,80.84,-54.58,-995.49,-9374.54,497.06,7832.09,-1748.52,67.64,1284.74,-1680.88,-396.14
1631,510.18,1140.29,1500.76,127.25,67.41,-68.56,-993.11,-9306.34,513.34,7852.46,-1811.16,68.26,1343.69,-1742.91,-399.22
1641,505.95,1188.62,1516.08,139.01,77.96,-68.88,-1021.47,-9314.91,470.23,7813.93,-1788.02,68.17,1306.51,-1719.84,-413.34
1651,474.71,1178.4,1484.0,129.81,70.94,-56.17,-992.56,-9346.7,503.71,7843.25,-1773.06,68.09,1289.38,-1704.97,-415.58
1661,502.59,1208.01,1521.57,134.56,93.01,-47.67,-1003.81,-9283.59,485.97,7821.34,-1805.06,68.86,1431.98,-1736.2,-304.22
1671,542.27,1170.36,1501.4,136.6,90.95,-71.04,-1016.19,-9294.28,482.29,7791.25,-1784.97,68.09,1333.62,-1716.88,-383.27
1681,506.39,1223.44,1500.09,143.74,72.94,-70.64,-1019.02,-9232.37,497.17,7755.38,-1823.24,68.36,1377.12,-1754.88,-377.76
1691,512.36,1135.28,1487.2,132.35,74.16,-66.78,-976.1,-9281.11,501.62,7796.51,-1819.42,69.73,1315.5,-1749.68,-434.19
1701,470.02,1228.78,1498.3,134.3,73.44,-75.74,-1020.94,-9353.12,485.52,7841.55,-1765.45,68.33,1282.11,-1697.12,-415.01
1711,516.68,1155.77,1505.91,129.71,82.32,-74.59,-997.39,-9276.59,490.59,7816.2,-1829.03,69.68,1348.62,-1759.35,-410.73
1721,523.95,1151.07,1500.96,127.94,69.89,-67.69,-996.0,-9304.92,493.82,7822.38,-1788.15,67.44,1321.41,-1720.71,-399.31
1731,489.86,1151.54,1491.23,127.03,80.15,-71.67,-1018.05,-9301.35,508.56,7819.02,-1793.14,68.11,1276.33,-1725.03,-448.71
1741,496.94,1187.14,1494.54,127.68,80.55,-59.53,-1004.47,-9345.72,501.76,7842.85,-1786.22,67.35,1321.73,-1718.88,-397.14
1751,472.4,1157.57,1483.01,131.55,81.05,-57.57,-1023.04,-9355.16,498.74,7885.22,-1774.34,67.9,1273.77,-1706.43,-432.66
1761,482.43,1199.94,1474.98,131.47,74.89,-55.16,-1016.28,-9218.83,483.43,7798.6,-1844.06,68.04,1355.47,-1776.02,-420.55
1771,527.92,1184.44,1487.5,134.08,84.44,-58.52,-1021.92,-9270.31,474.38,7796.85,-1807.69,68.1,1338.85,-1739.6,-400.75
1781,483.14,1181.5,1507.56,132.38,76.84,-73.09,-1012.73,-9342.23,495.08,7829.31,-1757.6,66.92,1277.76,-1690.68,-412.92
1791,503.71,1165.87,1507.17,139.46,80.02,-49.86,-1019.59,-9312.56,488.95,7874.44,-1797.7,67.51,1377.63,-1730.19,-352.56
1801,520.84,1157.28,1477.85,130.76,68.4,-71.92,-996.95,-9282.37,494.74,7831.43,-1825.63,67.84,1330.05,-1757.79,-427.73
1811,507.21,1148.56,1507.18,132.98,76.19,-65.44,-991.48,-9326.21,490.76,7838.38,-1800.95,68.95,1318.12,-1732.0,-413.88
1821,509.79,1176.95,1505.23,137.83,75.99,-61.92,-990.28,-9275.13,499.63,7834.08,-1842.89,68.73,1412.16,-1774.16,-362.0
1831,453.8,1174.66,1497.76,126.14,71.63,-68.44,-1004.1,-9326.22,504.89,7857.02,-1793.59,68.0,1287.13,-1725.59,-438.46
1841,501.52,1196.53,1511.6,135.35,88.88,-64.2,-1003.31,-9279.16,487.09,7835.44,-1829.41,69.02,1409.75,-1760.39,-350.65
1851,529.0,1149.01,1486.79,131.88,77.32,-58.49,-1005.69,-9317.54,486.57,7837.33,-1783.08,69.76,1316.16,-1713.32,-397.15
1861,499.14,1214.14,1500.96,128.33,78.7,-67.33,-998.51,-9296.77,488.48,7810.8,-1811.45,69.46,1357.95,-1741.99,-384.03
1871,487.56,1184.13,1507.41,136.59,81.39,-78.94,-1031.54,-9327.77,499.83,7846.4,-1772.92,67.55,1305.06,-1705.37,-400.31
1881,496.81,1167.08,1490.07,140.04,78.74,-66.85,-1003.93,-9341.85,503.33,7810.81,-1762.84,68.32,1274.24,-1694.52,-420.28
1891,484.7,1169.14,1482.02,133.96,87.75,-67.72,-1031.09,-9323.44,507.65,7877.19,-1800.17,69.01,1320.16,-1731.16,-411.01
1901,484.65,1175.97,1493.21,119.85,75.91,-66.53,-1026.41,-9310.75,502.92,7858.48,-1796.12,66.81,1307.3,-1729.32,-422.02
1911,500.81,1193.72,1476.17,136.15,68.73,-76.95,-1018.08,-9295.61,497.92,7807.95,-1795.85,68.2,1290.8,-1727.65,-436.85
1921,517.67,1177.55,1512.5,137.07,81.16,-65.1,-1006.94,-9367.66,502.31,7877.86,-1776.65,68.01,1366.43,-1708.64,-342.21
1931,515.21,1219.27,1517.48,132.23,80.77,-68.69,-998.0,-9379.63,479.96,7820.29,-1742.7,68.81,1318.89,-1673.88,-354.99
1941,459.75,1118.78,1497.77,136.16,80.81,-55.8,-1001.84,-9400.89,503.76,7835.36,-1727.19,68.51,1173.86,-1658.68,-484.82
1951,493.93,1213.46,1508.94,132.49,63.0,-56.85,-1009.12,-9363.2,483.06,7799.57,-1723.89,66.78,1265.28,-1657.11,-391.83
1961,516.92,1186.38,1468.43,132.41,83.98,-70.08,-997.96,-9443.5,488.51,7863.86,-1698.77,67.36,1228.95,-1631.41,-402.45
1971,498.11,1157.74,1509.61,129.59,74.99,-75.53,-998.78,-9385.99,503.0,7843.68,-1727.4,68.84,1256.43,-1658.57,-402.13
1981,500.25,1184.43,1492.86,128.77,77.44,-65.19,-998.96,-9479.8,500.72,7871.17,-1681.79,68.4,1211.68,-1613.39,-401.71
1991,488.75,1154.01,1494.27,123.39,79.57,-77.06,-1019.46,-9390.47,494.25,7875.97,-1742.47,67.18,1223.23,-1675.29,-452.06
2001,494.69,1181.22,1508.77,130.38,74.56,-65.1,-1005.24,-9382.33,481.23,7863.13,-1750.49,68.76,1281.3,-1681.73,-400.42
2011,497.75,1215.79,1506.59,132.22,75.86,-54.53,-1014.91,-9325.87,479.79,7779.92,-1739.68,68.45,1292.61,-1671.23,-378.62
2021,539.44,1178.42,1487.9,133.84,83.87,-61.84,-991.47,-9415.47,470.63,7787.7,-1677.56,68.38,1213.02,-1609.18,-396.15
2031,518.49,1195.31,1498.59,135.71,80.34,-62.65,-1005.62,-9360.8,516.76,7821.4,-1757.1,67.12,1337.53,-1689.99,-352.46
2041,508.79,1180.3,1510.38,131.74,75.74,-65.84,-1015.26,-9410.53,478.93,7851.95,-1733.37,67.04,1246.21,-1666.33,-420.12
2051,481.5,1213.84,1519.01,133.29,74.54,-70.4,-992.14,-9368.9,506.31,7798.53,-1724.16,68.44,1295.57,-1655.72,-360.15
2061,494.08,1211.11,1487.56,140.64,67.36,-68.81,-994.13,-9388.56,502.41,7834.26,-1726.75,67.32,1285.93,-1659.43,-373.5
2071,479.59,1218.78,1507.56,132.26,65.41,-69.61,-1002.97,-9444.0,496.99,7892.76,-1743.5,68.37,1276.77,-1675.12,-398.36
2081,497.91,1153.19,1494.64,143.36,68.97,-70.12,-1015.36,-9337.34,494.95,7826.33,-1757.32,67.8,1256.54,-1689.52,-432.98
2091,491.2,1212.74,1500.53,138.5,71.3,-59.39,-1006.68,-9369.27,492.58,7791.58,-1720.45,67.34,1263.1,-1653.1,-390.01
2101,499.16,1164.69,1518.48,127.72,78.1,-61.54,-1004.93,-9407.57,477.34,7848.13,-1724.23,67.31,1239.58,-1656.91,-417.33
2111,490.18,1164.48,1514.4,121.07,80.46,-79.68,-975.5,-9264.48,495.15,7795.56,-1815.53,68.34,1341.63,-1747.19,-405.56
2121,497.31,1180.26,1513.03,134.07,77.08,-81.81,-1007.86,-9283.13,526.56,7769.01,-1774.12,68.81,1324.52,-1705.31,-380.79
2131,469.84,1170.04,1506.99,132.51,78.35,-73.57,-1016.55,-9375.53,502.84,7855.99,-1737.43,67.62,1250.91,-1669.81,-418.89
2141,484.73,1189.48,1492.72,135.81,67.36,-61.41,-1001.69,-9330.08,488.59,7823.89,-1756.23,67.5,1289.41,-1688.73,-399.32
2151,490.5,1195.56,1491.7,129.47,82.08,-61.15,-997.01,-9312.87,495.41,7824.47,-1775.59,68.41,1338.15,-1707.18,-369.03
2161,496.61,1175.92,1476.39,137.18,76.15,-55.83,-1001.68,-9267.15,503.48,7817.64,-1811.98,68.14,1358.72,-1743.83,-385.12
2171,507.94,1183.87,1487.45,136.52,85.9,-59.14,-1036.69,-9290.76,501.48,7843.04,-1805.57,69.06,1359.6,-1736.51,-376.92
2181,493.81,1184.02,1488.31,137.36,79.86,-71.01,-1007.02,-9199.99,480.51,7770.28,-1832.69,68.37,1356.12,-1764.32,-408.19
2191,506.18,1230.85,1505.39,125.44,79.37,-70.58,-1010.84,-9257.22,486.99,7807.25,-1820.43,69.05,1402.82,-1751.38,-348.56
2201,493.14,1167.11,1511.77,128.75,79.24,-70.95,-1003.36,-9264.75,496.11,7839.62,-1817.4,68.8,1376.7,-1748.6,-371.9
2211,525.6,1142.06,1495.33,121.85,85.04,-64.95,-1020.89,-9311.85,489.71,7856.18,-1819.2,68.32,1318.07,-1750.88,-432.81
2221,498.93,1185.6,1497.86,126.27,75.18,-60.37,-997.18,-9248.51,520.45,7802.18,-1825.21,68.1,1400.4,-1757.11,-356.7
2231,495.55,1178.87,1493.29,130.39,69.3,-63.87,-1012.38,-9272.04,498.37,7805.3,-1790.26,68.88,1322.77,-1721.38,-398.6
2241,515.24,1169.63,1493.25,133.36,79.2,-71.54,-1003.34,-9333.81,485.95,7827.72,-1758.75,68.83,1295.66,-1689.92,-394.26
2251,516.7,1158.97,1492.32,132.34,72.96,-64.74,-1001.65,-9397.61,497.69,7901.81,-1744.15,69.63,1308.79,-1674.51,-365.72
2261,518.76,1193.47,1479.99,134.59,74.27,-46.46,-1013.68,-9335.4,485.9,7828.12,-1768.09,67.53,1319.57,-1700.56,-380.99
2271,514.75,1171.1,1526.96,134.52,81.71,-74.79,-1009.27,-9339.35,475.95,7788.1,-1733.21,67.33,1269.66,-1665.88,-396.22
2281,484.95,1161.85,1480.81,134.84,79.51,-69.1,-1015.92,-9379.04,506.48,7882.5,-1740.79,67.7,1266.89,-1673.1,-406.2
2291,510.61,1172.29,1494.19,129.53,79.62,-80.05,-1007.6,-9358.51,489.97,7825.75,-1740.85,67.39,1255.79,-1673.45,-417.66
2301,490.02,1134.9,1500.71,134.17,67.52,-71.82,-1034.07,-9334.41,511.72,7890.64,-1777.15,67.41,1289.37,-1709.74,-420.37
2311,518.95,1152.43,1503.97,136.4,77.21,-77.24,-987.05,-9303.51,503.43,7862.64,-1809.27,69.38,1387.21,-1739.89,-352.68
2321,512.38,1162.66,1512.31,138.92,67.77,-61.3,-1005.33,-9324.52,498.27,7837.76,-1774.27,68.51,1338.91,-1705.76,-366.86
2331,546.15,1161.58,1487.45,134.02,74.01,-58.33,-1001.82,-9282.19,499.35,7819.7,-1821.56,67.82,1379.92,-1753.75,-373.82
2341,494.35,1168.4,1519.13,137.08,79.34,-68.78,-1031.65,-9339.24,498.1,7815.69,-1751.25,67.94,1272.42,-1683.31,-410.89
2351,512.15,1177.23,1502.58,138.3,78.83,-73.06,-1009.87,-9360.56,487.24,7856.29,-1769.81,67.97,1309.14,-1701.84,-392.7
2361,503.23,1177.67,1524.77,141.08,80.97,-68.95,-1020.67,-9268.22,476.58,7812.14,-1796.25,67.34,1358.61,-1728.91,-370.3
2371,472.76,1184.64,1483.59,132.34,86.42,-71.62,-1009.8,-9339.64,498.54,7851.14,-1761.84,67.43,1288.36,-1694.41,-406.05
2381,478.89,1164.8,1491.67,128.18,75.86,-65.63,-1006.63,-9280.04,491.86,7836.98,-1834.68,69.23,1315.94,-1765.45,-449.5
2391,485.66,1228.98,1498.94,137.72,77.87,-66.38,-1005.09,-9322.92,485.86,7804.9,-1763.32,68.31,1325.54,-1695.01,-369.47
2401,530.33,1153.85,1500.22,138.68,75.36,-66.28,-1011.53,-9306.44,498.82,7845.27,-1803.99,67.54,1358.28,-1736.45,-378.17
2411,485.24,1154.05,1500.17,129.14,89.07,-66.8,-1023.29,-9283.48,499.23,7801.51,-1802.05,67.75,1284.85,-1734.3,-449.45
2421,481.97,1189.39,1504.79,128.79,74.6,-48.13,-1019.82,-9312.65,502.91,7846.19,-1776.8,67.37,1348.03,-1709.44,-361.41
2431,501.14,1172.0,1486.24,133.08,84.22,-56.92,-1017.19,-9342.71,502.16,7826.49,-1749.73,68.28,1288.5,-1681.45,-392.94
2441,479.72,1178.64,1508.81,137.7,74.07,-56.72,-988.62,-9346.19,494.5,7814.76,-1769.85,68.02,1296.69,-1701.84,-405.15
2451,501.99,1195.45,1487.18,132.24,75.28,-57.9,-1002.78,-9293.14,513.4,7811.54,-1801.16,68.81,1363.27,-1732.35,-369.08
2461,509.36,1146.47,1515.12,139.18,74.36,-69.39,-998.07,-9334.62,496.01,7814.91,-1764.49,69.06,1293.34,-1695.43,-402.09
2471,485.98,1174.4,1529.61,132.74,77.46,-62.82,-1022.7,-9265.0,503.63,7798.84,-1803.26,68.27,1352.13,-1734.99,-382.86
2481,477.48,1170.91,1473.63,121.83,81.16,-62.39,-1009.95,-9275.68,508.82,7776.39,-1767.91,68.37,1262.22,-1699.53,-437.32
2491,499.66,1145.52,1518.68,122.5,86.37,-74.54,-984.55,-9299.13,500.71,7768.69,-1763.83,68.45,1283.9,-1695.38,-411.47
2501,471.2,1217.19,1500.97,136.07,90.22,-59.56,-1045.49,-9327.32,496.66,7900.06,-1806.55,68.33,1380.0,-1738.22,-358.21
2511,510.38,1172.57,1521.65,137.51,82.43,-61.84,-996.18,-9309.74,492.94,7807.82,-1793.28,68.97,1357.54,-1724.31,-366.77
2521,496.27,1125.4,1489.87,130.14,81.2,-54.74,-1015.11,-9330.73,505.67,7865.89,-1795.26,68.19,1293.86,-1727.08,-433.21
2531,506.13,1144.96,1507.1,129.75,86.21,-62.28,-991.34,-9301.69,493.41,7840.7,-1801.68,68.35,1352.95,-1733.33,-380.38
2541,492.84,1194.73,1519.87,137.59,81.7,-61.77,-1022.26,-9243.08,498.42,7766.04,-1837.27,67.71,1364.07,-1769.56,-405.49
2551,530.32,1178.47,1513.31,134.56,89.02,-60.0,-1018.6,-9261.54,486.7,7873.44,-1864.35,67.85,1465.68,-1796.5,-330.82
2561,495.36,1152.87,1499.88,132.26,83.62,-57.0,-1014.25,-9200.64,504.13,7775.09,-1858.22,68.69,1371.33,-1789.53,-418.2
2571,496.55,1188.02,1483.98,134.55,90.45,-69.18,-978.93,-9212.73,502.71,7843.37,-1883.93,68.19,1478.78,-1815.74,-336.95
2581,492.16,1196.34,1496.79,125.46,79.03,-64.86,-1011.9,-9309.9,490.6,7807.55,-1773.32,67.88,1301.28,-1705.45,-404.17
2591,490.24,1121.74,1488.12,121.34,76.91,-70.65,-1018.14,-9276.1,492.53,7838.07,-1809.0,68.01,1264.07,-1740.99,-476.92
2601,489.34,1198.39,1496.76,127.73,65.09,-76.72,-991.19,-9352.63,479.97,7823.89,-1763.64,69.16,1260.64,-1694.48,-433.84
2611,497.53,1169.56,1522.97,129.64,76.37,-57.22,-1007.85,-9360.04,485.86,7840.47,-1752.19,66.6,1297.29,-1685.59,-388.3
2621,497.79,1163.14,1501.24,135.56,78.26,-65.78,-1018.12,-9228.79,501.87,7792.8,-1821.26,67.89,1357.96,-1753.37,-395.41
2631,518.14,1198.73,1503.14,134.31,75.38,-62.95,-1022.2,-9228.33,495.35,7758.05,-1806.4,67.41,1369.63,-1738.99,-369.36
2641,486.03,1235.34,1498.9,144.08,67.51,-71.39,-992.59,-9222.82,496.05,7750.84,-1833.29,68.79,1391.95,-1764.5,-372.55
2651,508.52,1157.85,1498.77,136.66,68.81,-53.68,-1006.67,-9283.07,496.67,7797.95,-1791.28,68.22,1321.81,-1723.06,-401.25
2661,485.62,1172.59,1507.06,142.56,81.01,-61.47,-1007.68,-9330.71,506.28,7855.23,-1781.34,67.65,1350.48,-1713.69,-363.21
2671,489.32,1175.47,1483.86,129.0,78.32,-64.31,-1000.8,-9255.37,486.71,7758.73,-1803.27,68.55,1280.93,-1734.72,-453.78
2681,523.66,1173.66,1520.99,139.17,73.62,-67.21,-998.33,-9289.66,495.2,7815.83,-1818.43,69.53,1386.93,-1748.9,-361.96
2691,490.17,1152.68,1506.15,129.75,80.36,-67.18,-1006.71,-9246.22,510.99,7806.29,-1846.19,68.17,1356.28,-1778.01,-421.73
2701,505.41,1192.5,1496.59,133.72,76.71,-44.61,-1009.78,-9180.52,488.86,7737.19,-1849.68,69.8,1396.06,-1779.88,-383.81
2711,475.52,1181.77,1533.85,127.95,66.95,-59.31,-988.8,-9285.76,508.7,7843.3,-1831.37,68.8,1404.18,-1762.57,-358.39
2721,502.42,1145.5,1515.78,129.31,77.67,-56.5,-1001.4,-9355.61,490.95,7840.18,-1776.4,69.9,1288.29,-1706.5,-418.21
2731,470.18,1164.97,1488.73,132.07,75.95,-73.49,-987.46,-9312.12,500.16,7856.13,-1817.42,67.66,1315.13,-1749.76,-434.63
2741,469.65,1168.53,1510.41,135.87,71.91,-55.69,-1023.69,-9372.67,502.77,7851.2,-1717.98,66.97,1258.28,-1651.01,-392.73
2751,503.62,1206.75,1484.9,132.23,65.9,-55.43,-1017.32,-9244.54,486.12,7825.57,-1831.25,68.06,1387.82,-1763.19,-375.36
2761,523.04,1179.11,1518.44,131.14,84.2,-76.28,-1017.07,-9376.93,481.88,7868.0,-1745.61,68.65,1315.53,-1676.96,-361.44
2771,492.4,1161.6,1491.08,135.09,74.38,-57.0,-980.12,-9306.2,519.95,7841.19,-1805.89,69.55,1372.38,-1736.35,-363.96
2781,497.62,1157.2,1481.37,133.08,75.02,-56.56,-1008.3,-9203.28,492.49,7832.66,-1886.79,68.74,1401.29,-1818.05,-416.76
2791,472.45,1172.94,1504.8,140.71,74.27,-56.55,-1017.34,-9371.16,516.61,7898.41,-1774.16,67.22,1335.14,-1706.94,-371.8
2801,479.33,1173.75,1483.65,129.17,85.38,-56.26,-1010.13,-9340.21,493.49,7874.38,-1815.16,68.95,1312.56,-1746.2,-433.64
2811,535.62,1197.5,1489.94,138.15,69.01,-69.62,-1007.42,-9300.32,477.7,7844.11,-1810.54,68.85,1374.69,-1741.69,-367.0
2821,505.3,1235.75,1505.36,138.13,74.18,-75.03,-1018.32,-9276.48,481.11,7848.18,-1861.58,68.63,1418.19,-1792.94,-374.76
2831,501.75,1141.14,1484.57,119.26,79.46,-65.88,-1003.95,-9321.11,486.96,7906.74,-1837.13,68.65,1328.96,-1768.48,-439.52
2841,489.02,1188.48,1482.04,133.15,80.08,-61.31,-1017.28,-9316.22,486.51,7863.02,-1802.31,67.94,1327.49,-1734.38,-406.88
2851,514.65,1181.35,1508.09,127.74,82.04,-71.3,-1023.18,-9287.56,487.53,7870.51,-1845.9,68.42,1389.88,-1777.48,-387.6
2861,462.79,1170.07,1498.76,132.11,85.86,-54.12,-1008.77,-9350.16,510.64,7874.89,-1790.01,67.69,1322.07,-1722.31,-400.24
2871,473.45,1208.75,1507.63,129.0,74.27,-68.28,-995.22,-9224.85,515.87,7830.13,-1872.99,68.2,1450.75,-1804.79,-354.04
2881,524.06,1188.02,1504.98,133.07,79.44,-62.91,-1029.9,-9231.44,489.41,7841.04,-1883.58,68.77,1435.78,-1814.81,-379.03
2891,484.57,1208.1,1487.17,133.21,76.42,-64.01,-1022.32,-9296.12,491.12,7851.02,-1811.92,68.22,1349.15,-1743.7,-394.55
2901,534.86,1169.68,1476.43,131.77,90.85,-59.61,-994.97,-9349.18,486.09,7820.63,-1754.95,67.78,1306.54,-1687.17,-380.63
2911,486.51,1196.62,1507.69,139.48,73.92,-65.61,-1013.32,-9362.04,489.24,7898.54,-1808.99,68.5,1351.03,-1740.49,-389.45
2921,508.68,1164.21,1505.37,134.02,80.31,-59.17,-1003.55,-9294.33,509.51,7852.48,-1814.56,67.36,1397.52,-1747.2,-349.68
2931,493.65,1144.7,1485.8,123.64,75.39,-53.17,-1008.67,-9341.33,498.96,7891.29,-1810.62,66.37,1310.27,-1744.25,-433.99
2941,483.44,1220.58,1498.71,125.87,79.06,-70.77,-1002.41,-9266.63,484.41,7814.54,-1829.76,67.19,1366.8,-1762.57,-395.77
2951,498.27,1163.09,1507.73,133.66,80.03,-59.69,-995.49,-9306.23,517.34,7884.92,-1844.91,69.03,1423.63,-1775.88,-352.25
2961,496.91,1154.45,1483.33,131.09,73.64,-64.37,-1032.29,-9269.92,485.38,7900.18,-1873.09,69.12,1358.39,-1803.97,-445.57
2971,508.45,1175.91,1482.23,129.2,70.56,-68.03,-1010.87,-9280.01,495.66,7832.88,-1832.68,69.02,1335.99,-1763.66,-427.68
2981,500.86,1162.19,1496.03,130.33,84.69,-78.73,-1004.67,-9285.63,509.41,7876.28,-1848.41,68.92,1390.77,-1779.49,-388.72
2991,507.51,1171.63,1479.35,125.96,69.01,-63.08,-1018.18,-9299.96,486.28,7868.37,-1815.52,69.24,1326.88,-1746.28,-419.4
3001,495.12,1154.43,1513.8,129.35,83.02,-66.25,-982.24,-9317.55,505.76,7849.86,-1802.88,68.24,1365.31,-1734.63,-369.32
3011,493.13,1171.47,1499.98,125.22,80.76,-62.04,-999.79,-9278.11,505.27,7842.97,-1833.98,68.77,1378.87,-1765.21,-386.35
3021,486.92,1171.51,1497.27,131.96,79.24,-64.81,-1034.5,-9293.08,498.99,7865.64,-1829.34,67.97,1339.14,-1761.37,-422.23
3031,497.02,1185.99,1496.39,130.48,78.23,-73.12,-1002.17,-9379.79,489.5,7889.04,-1766.71,67.36,1311.57,-1699.35,-387.78
3041,512.37,1168.81,1522.04,128.47,79.54,-66.39,-988.8,-9274.26,502.43,7797.56,-1800.61,68.81,1381.78,-1731.8,-350.02
3051,499.77,1175.22,1484.65,129.32,83.07,-53.75,-1015.28,-9251.79,494.03,7812.07,-1828.68,67.3,1357.31,-1761.38,-404.07
3061,503.76,1161.54,1509.61,132.29,82.26,-68.49,-1005.72,-9228.82,493.51,7806.01,-1843.44,68.81,1385.96,-1774.63,-388.67
3071,505.29,1165.18,1484.98,128.19,66.62,-60.88,-1006.77,-9170.79,511.94,7756.42,-1859.33,68.75,1380.17,-1790.58,-410.41
3081,497.44,1188.04,1503.61,125.69,83.2,-68.43,-1006.27,-9250.72,503.25,7802.93,-1841.91,69.8,1378.75,-1772.11,-393.36
3091,504.93,1149.24,1500.0,131.81,77.33,-78.05,-986.41,-9329.97,514.03,7889.76,-1820.55,67.88,1372.67,-1752.67,-380.0
3101,507.16,1152.19,1483.42,138.61,76.46,-62.88,-1006.59,-9261.07,483.43,7827.82,-1846.66,68.8,1338.55,-1777.86,-439.31
3111,503.47,1142.92,1502.95,121.16,88.36,-55.0,-1004.15,-9261.5,506.04,7838.4,-1861.71,69.8,1382.64,-1791.91,-409.27
3121,493.13,1198.5,1507.58,139.8,78.31,-68.6,-1025.12,-9279.57,485.77,7820.46,-1817.04,68.29,1350.27,-1748.76,-398.49
3131,490.67,1176.25,1493.39,128.32,70.39,-79.85,-1019.6,-9297.53,496.48,7858.48,-1824.36,69.71,1317.0,-1754.65,-437.65
3141,500.94,1173.29,1469.56,138.25,71.88,-64.83,-1009.15,-9255.38,491.01,7884.61,-1877.82,69.5,1400.17,-1808.32,-408.15
3151,518.5,1172.31,1496.15,130.95,75.13,-60.53,-994.89,-9244.17,509.51,7789.21,-1845.43,70.68,1392.17,-1774.75,-382.58
3161,521.6,1158.77,1517.56,130.57,76.0,-76.26,-1025.99,-9255.13,497.49,7828.36,-1830.46,70.04,1372.99,-1760.42,-387.43
3171,532.44,1160.91,1488.24,128.64,74.26,-62.72,-1002.5,-9229.34,492.25,7795.27,-1832.14,69.24,1377.45,-1762.9,-385.45
3181,547.09,1163.49,1483.92,133.26,76.32,-62.49,-986.79,-9270.13,504.14,7800.34,-1817.47,68.99,1389.16,-1748.48,-359.32
3191,529.42,1182.05,1515.35,136.4,69.3,-57.3,-1007.36,-9237.26,486.09,7793.06,-1838.2,69.77,1409.75,-1768.43,-358.67
3201,518.15,1153.09,1503.5,126.26,73.97,-62.12,-1030.12,-9271.78,503.5,7854.7,-1818.5,69.08,1369.15,-1749.42,-380.28
3211,515.49,1195.25,1500.71,131.46,80.96,-72.32,-1012.36,-9272.22,483.93,7814.14,-1814.62,68.76,1365.07,-1745.85,-380.79
3221,497.57,1169.07,1492.26,135.73,88.09,-62.19,-1005.69,-9271.26,496.3,7815.72,-1822.63,70.16,1355.61,-1752.47,-396.86
3231,495.38,1158.3,1506.82,131.28,69.38,-60.87,-999.02,-9352.88,494.74,7777.69,-1719.44,70.17,1220.82,-1649.27,-428.45
3241,478.7,1150.01,1469.22,134.64,67.0,-62.9,-978.73,-9252.58,492.91,7780.58,-1810.54,71.5,1278.85,-1739.04,-460.19
3251,493.09,1165.13,1494.8,122.97,83.14,-52.05,-982.16,-9337.53,507.6,7814.23,-1772.59,69.73,1309.21,-1702.86,-393.65
3261,514.37,1177.53,1522.23,138.96,82.91,-62.05,-1012.25,-9323.61,496.25,7821.78,-1752.43,70.07,1356.1,-1682.36,-326.25
3271,527.49,1211.26,1514.21,139.72,77.92,-75.43,-977.62,-9301.03,484.67,7769.66,-1780.53,70.41,1370.85,-1710.12,-339.27
3281,506.38,1169.76,1521.09,135.98,75.67,-74.19,-993.1,-9343.09,489.05,7824.04,-1762.96,70.54,1311.6,-1692.42,-380.82
3291,482.32,1202.52,1500.53,136.17,69.31,-64.89,-1001.2,-9315.05,497.49,7858.21,-1799.61,69.38,1365.4,-1730.22,-364.82
3301,492.88,1149.55,1509.72,122.68,74.92,-62.3,-982.98,-9327.87,504.34,7793.13,-1744.73,69.27,1274.07,-1675.45,-401.38
3311,474.72,1154.73,1494.82,125.24,67.68,-71.02,-1001.77,-9332.85,489.07,7797.69,-1735.33,68.96,1198.32,-1666.37,-468.05
3321,524.13,1223.32,1513.61,131.11,77.06,-63.1,-1003.44,-9309.31,501.92,7799.82,-1775.62,68.98,1395.12,-1706.64,-311.52
3331,505.68,1183.41,1496.61,128.56,81.25,-74.91,-1013.29,-9285.63,481.24,7843.25,-1810.93,69.47,1346.16,-1741.46,-395.31
3341,480.48,1157.21,1501.82,132.3,72.93,-79.75,-1006.55,-9365.34,517.34,7861.07,-1762.64,69.32,1271.51,-1693.32,-421.81
3351,535.2,1166.44,1497.26,132.61,72.95,-62.36,-1007.44,-9345.81,484.56,7838.81,-1747.71,68.47,1312.23,-1679.24,-367.01
3361,490.52,1172.89,1523.54,122.84,74.65,-74.48,-1021.72,-9288.24,485.79,7820.89,-1766.73,69.67,1306.68,-1697.06,-390.37
3371,484.16,1197.51,1508.42,127.8,74.28,-73.95,-1004.59,-9274.39,502.4,7829.54,-1825.95,70.43,1371.18,-1755.52,-384.34
3381,487.25,1208.07,1506.81,143.78,67.03,-71.88,-1004.97,-9337.26,502.4,7807.97,-1762.51,68.63,1309.2,-1693.88,-384.67
3391,483.91,1186.34,1504.17,136.02,67.63,-90.22,-1009.33,-9299.47,512.06,7846.53,-1797.09,69.68,1337.64,-1727.4,-389.76
3401,508.27,1168.04,1505.85,130.61,71.98,-73.93,-996.72,-9334.33,484.6,7858.29,-1808.75,69.78,1322.64,-1738.97,-416.33
3411,518.76,1168.44,1502.93,138.24,79.73,-67.56,-1021.86,-9291.29,496.06,7854.99,-1823.52,69.2,1378.45,-1754.32,-375.87
3421,520.05,1166.05,1491.41,139.97,73.18,-69.02,-1030.29,-9283.02,498.16,7859.82,-1817.3,68.92,1366.32,-1748.38,-382.06
3431,468.64,1190.48,1510.44,126.39,66.89,-67.78,-1018.2,-9256.88,493.08,7812.34,-1823.24,69.91,1325.41,-1753.33,-427.92
3441,480.56,1208.66,1518.23,134.41,72.45,-69.0,-1007.89,-9322.67,522.28,7856.81,-1783.08,68.59,1393.84,-1714.49,-320.65
3451,525.1,1157.88,1458.97,134.88,70.53,-75.89,-998.05,-9302.34,488.85,7825.43,-1780.98,69.56,1285.35,-1711.42,-426.07
3461,511.77,1171.35,1485.76,136.11,71.31,-68.88,-1023.34,-9224.06,493.45,7789.63,-1843.58,69.7,1343.09,-1773.88,-430.78
3471,481.06,1174.67,1493.79,131.34,82.17,-75.44,-1025.91,-9309.68,484.75,7854.96,-1795.76,69.31,1291.7,-1726.44,-434.74
3481,493.35,1156.98,1524.39,132.01,87.69,-70.01,-1006.63,-9333.55,500.78,7876.76,-1789.4,68.69,1361.79,-1720.71,-358.92
3491,499.28,1142.29,1509.0,128.36,70.72,-52.23,-978.84,-9396.32,498.67,7822.23,-1710.06,68.51,1243.17,-1641.55,-398.39
3501,521.51,1165.27,1500.86,129.64,78.72,-73.55,-1004.95,-9289.99,494.01,7787.92,-1764.27,69.31,1309.44,-1694.95,-385.51
3511,526.21,1218.44,1487.34,137.51,79.16,-63.84,-1003.0,-9326.38,486.62,7810.97,-1752.94,68.05,1353.03,-1684.89,-331.86
3521,490.0,1189.76,1487.96,135.0,76.24,-60.92,-1004.88,-9374.86,505.73,7869.04,-1744.11,68.06,1313.06,-1676.06,-362.99
3531,487.9,1160.73,1490.32,131.41,70.3,-63.28,-1012.31,-9402.54,496.5,7870.2,-1740.67,67.18,1229.23,-1673.49,-444.26
3541,487.31,1149.61,1514.22,128.12,85.63,-68.57,-1013.43,-9280.25,479.95,7790.59,-1786.14,67.89,1273.18,-1718.25,-445.07
3551,532.24,1190.34,1491.03,133.77,71.83,-69.31,-1005.83,-9286.05,498.0,7805.83,-1781.8,68.31,1361.85,-1713.48,-351.63
3561,517.03,1174.65,1491.78,132.99,82.73,-48.4,-1015.18,-9355.1,494.42,7845.76,-1761.63,66.82,1320.68,-1694.81,-374.13
3571,498.76,1219.95,1498.08,142.54,75.51,-64.12,-998.99,-9333.58,507.04,7821.62,-1794.23,68.08,1366.81,-1726.15,-359.34
3581,516.03,1147.5,1502.98,126.98,73.22,-70.37,-1007.71,-9352.08,497.5,7812.66,-1734.15,68.06,1246.71,-1666.09,-419.38
3591,504.48,1183.01,1495.78,132.37,72.55,-53.05,-1009.84,-9313.4,482.43,7852.36,-1805.81,69.19,1346.71,-1736.62,-389.91
3601,480.55,1151.66,1493.51,132.03,75.06,-57.52,-992.9,-9329.2,510.69,7820.36,-1780.8,68.79,1284.25,-1712.01,-427.77
3611,498.45,1155.09,1496.07,134.47,71.98,-48.73,-1017.27,-9305.08,503.98,7802.92,-1776.26,68.53,1291.88,-1707.73,-415.86
3621,534.7,1169.17,1505.11,126.76,66.58,-73.44,-996.19,-9299.01,473.56,7759.57,-1774.53,68.05,1266.8,-1706.48,-439.67
3631,525.3,1160.67,1515.95,124.24,74.72,-59.79,-1000.94,-9321.46,475.27,7830.16,-1774.35,70.27,1324.12,-1704.09,-379.96
3641,480.43,1185.78,1500.59,135.33,85.14,-69.02,-1009.12,-9302.88,498.76,7772.78,-1775.07,68.58,1277.81,-1706.49,-428.68
3651,485.47,1145.04,1503.51,128.67,77.5,-60.19,-1005.05,-9295.73,488.08,7853.63,-1810.22,68.05,1320.92,-1742.17,-421.25
3661,496.57,1173.49,1510.64,134.16,84.93,-62.93,-1000.94,-9274.2,482.0,7794.11,-1799.73,69.12,1337.83,-1730.61,-392.78
3671,491.6,1174.44,1497.5,136.66,73.4,-62.8,-1030.86,-9261.7,499.86,7819.08,-1814.59,68.35,1337.18,-1746.24,-409.06
3681,496.37,1170.79,1483.13,134.89,81.55,-70.55,-995.11,-9235.71,515.59,7782.48,-1827.28,70.13,1363.43,-1757.14,-393.71
3691,494.35,1164.32,1503.53,132.92,72.89,-76.02,-987.41,-9292.43,503.1,7807.93,-1805.91,67.67,1323.18,-1738.25,-415.06
3701,491.83,1197.86,1486.52,136.92,73.24,-55.62,-1016.37,-9299.94,502.25,7824.02,-1784.15,68.04,1340.71,-1716.1,-375.4
3711,490.05,1154.44,1512.22,126.35,75.29,-61.74,-1016.97,-9309.86,489.93,7825.35,-1771.16,69.07,1285.05,-1702.09,-417.03
3721,497.85,1169.67,1502.15,129.9,86.61,-75.37,-994.31,-9323.11,496.75,7846.77,-1775.79,69.65,1336.89,-1706.15,-369.25
3731,498.53,1203.94,1502.62,136.96,67.55,-70.95,-1000.35,-9315.78,497.14,7783.51,-1741.98,69.2,1303.19,-1672.78,-369.59
3741,502.57,1181.52,1486.82,127.76,77.18,-70.11,-1013.5,-9272.74,482.89,7771.44,-1773.8,68.54,1273.82,-1705.26,-431.44
3751,511.65,1161.98,1514.94,128.56,72.69,-62.0,-1010.78,-9251.87,500.38,7782.62,-1782.5,68.02,1348.17,-1714.48,-366.32
3761,459.74,1126.56,1505.79,127.27,79.47,-71.88,-1007.74,-9321.08,504.03,7869.88,-1815.37,68.57,1272.04,-1746.8,-474.76
3771,482.97,1147.36,1493.92,121.91,73.5,-67.43,-995.12,-9311.97,502.39,7841.1,-1800.2,67.98,1288.63,-1732.22,-443.6
3781,499.31,1156.73,1527.07,133.75,76.85,-70.09,-1020.34,-9289.34,487.75,7871.56,-1824.85,67.49,1373.26,-1757.36,-384.1
3791,510.36,1250.1,1528.97,134.28,60.96,-73.38,-1006.33,-9266.33,493.16,7773.91,-1790.63,68.21,1405.69,-1722.42,-316.74
3801,514.37,1190.53,1508.36,129.51,82.94,-71.95,-1016.48,-9224.97,481.48,7770.17,-1831.45,67.5,1363.96,-1763.95,-399.99
3811,480.98,1156.56,1481.52,132.07,82.45,-56.25,-1030.13,-9290.92,496.14,7838.18,-1813.69,67.63,1290.59,-1746.05,-455.46
3821,528.9,1231.59,1473.11,138.49,68.39,-52.25,-1003.69,-9172.67,470.97,7782.02,-1882.13,67.08,1464.88,-1815.05,-350.17
3831,494.07,1189.13,1510.7,130.42,70.77,-70.42,-1027.9,-9312.46,485.63,7833.61,-1795.7,67.66,1303.55,-1728.04,-424.49
3841,500.41,1190.07,1495.3,137.73,86.82,-60.71,-1009.15,-9243.38,488.61,7793.85,-1824.87,68.68,1379.56,-1756.18,-376.63
3851,534.64,1183.36,1493.39,133.39,80.7,-58.73,-996.48,-9254.23,477.87,7828.01,-1821.47,68.24,1421.92,-1753.22,-331.3
3861,448.05,1213.12,1502.87,138.67,75.7,-71.42,-992.83,-9237.24,505.96,7773.9,-1831.1,69.41,1356.78,-1761.68,-404.9
3871,519.33,1178.62,1484.92,131.01,74.45,-67.92,-1014.44,-9258.0,494.35,7812.07,-1824.38,68.44,1354.38,-1755.93,-401.55
3881,498.5,1178.75,1509.21,130.08,70.3,-74.33,-1024.93,-9277.31,510.18,7897.93,-1849.51,69.43,1418.37,-1780.08,-361.71
3891,493.28,1217.85,1519.02,125.64,75.79,-55.52,-1006.22,-9253.15,491.71,7806.2,-1840.22,69.82,1414.6,-1770.4,-355.8
3901,459.29,1196.09,1501.92,141.56,78.99,-50.19,-1018.13,-9288.2,501.13,7808.79,-1792.14,68.95,1331.25,-1723.19,-391.94
3911,498.07,1126.96,1513.39,127.32,70.75,-58.54,-1013.21,-9241.94,493.13,7825.29,-1848.06,69.24,1341.22,-1778.83,-437.6
3921,535.09,1223.84,1507.41,137.75,75.87,-58.43,-1046.68,-9237.24,471.64,7797.6,-1826.58,69.3,1406.86,-1757.28,-350.42
3931,514.22,1132.5,1501.46,121.7,81.12,-60.53,-1005.19,-9202.03,499.88,7786.93,-1854.6,70.68,1370.08,-1783.91,-413.84
3941,510.07,1176.23,1502.88,129.9,80.3,-55.36,-998.64,-9214.03,489.86,7777.64,-1827.76,68.52,1398.86,-1759.24,-360.38
3951,487.68,1179.19,1477.06,138.15,82.02,-54.05,-1010.37,-9267.63,483.88,7790.96,-1806.16,68.21,1306.89,-1737.96,-431.07
3961,501.46,1187.8,1506.75,135.47,66.37,-69.4,-1008.81,-9229.61,505.01,7808.35,-1837.72,68.7,1403.38,-1769.03,-365.64
3971,477.07,1139.16,1506.43,129.96,75.79,-62.43,-1026.39,-9279.41,493.97,7834.52,-1812.39,69.38,1288.67,-1743.01,-454.34
3981,479.2,1176.77,1508.96,132.76,71.98,-75.68,-991.22,-9251.49,506.42,7840.53,-1847.08,70.13,1398.24,-1776.94,-378.71
3991,455.83,1190.71,1495.33,125.87,67.33,-74.23,-1015.92,-9291.71,500.34,7820.71,-1773.3,68.64,1274.27,-1704.67,-430.4
4001,512.87,1170.29,1500.87,119.46,70.44,-60.01,-1028.8,-9310.47,480.79,7827.17,-1778.38,68.98,1282.61,-1709.4,-426.78

Ligand Energy Terms
Frame #,BOND,ANGLE,DIHED,UB,IMP,CMAP,VDWAALS,EEL,1-4 VDW,1-4 EEL,EGB,ESURF,GGAS,GSOLV,TOTAL
1,8.77,15.61,49.16,2.94,1.53,0.0,-2.12,27.09,16.21,-50.99,-18.7,2.77,68.2,-15.94,52.26
11,7.41,19.51,49.42,4.95,0.27,0.0,-3.42,27.68,18.24,-52.75,-18.11,2.74,71.33,-15.37,55.95
21,5.42,17.0,53.21,4.74,1.43,0.0,-5.26,28.61,14.4,-49.12,-20.55,2.73,70.43,-17.82,52.61
31,11.52,16.31,49.64,4.11,0.87,0.0,-2.92,24.64,16.36,-46.73,-18.18,2.72,73.8,-15.46,58.34
41,12.25,14.08,51.86,3.16,0.34,0.0,-5.02,25.41,13.58,-47.31,-19.36,2.73,68.33,-16.64,51.7
51,12.78,24.39,53.18,4.01,0.44,0.0,-5.23,28.12,13.21,-49.92,-20.34,2.74,81.0,-17.6,63.4
61,10.52,17.56,49.24,3.54,0.2,0.0,-1.6,27.28,15.41,-50.56,-18.66,2.75,71.59,-15.91,55.68
71,6.85,18.08,49.48,4.8,0.24,0.0,-3.13,26.97,18.63,-50.22,-18.78,2.73,71.7,-16.05,55.65
81,12.34,21.98,51.36,4.33,0.14,0.0,-3.6,25.96,14.22,-48.51,-18.87,2.75,78.22,-16.12,62.1
91,6.5,19.06,49.74,2.47,0.65,0.0,-2.95,27.29,17.9,-51.75,-17.93,2.74,68.92,-15.2,53.72
101,11.73,16.12,51.78,4.63,0.49,0.0,-3.89,29.68,14.22,-52.6,-19.79,2.76,72.15,-17.03,55.12
111,7.99,20.07,53.61,3.4,0.92,0.0,-2.7,25.4,18.14,-48.7,-18.12,2.75,78.13,-15.37,62.76
121,8.85,17.66,49.1,3.67,0.9,0.0,-3.54,24.81,17.26,-47.67,-18.48,2.76,71.04,-15.72,55.33
131,9.97,19.63,49.19,3.96,2.1,0.0,-3.9,26.5,16.46,-49.22,-18.88,2.75,74.69,-16.13,58.55
141,7.85,15.09,52.11,3.73,0.29,0.0,-2.3,27.18,16.73,-50.5,-18.48,2.71,70.19,-15.77,54.42
151,4.86,20.01,49.21,5.25,0.37,0.0,-1.67,26.19,16.81,-49.55,-18.46,2.74,71.49,-15.72,55.77
161,8.23,20.55,48.36,5.01,0.9,0.0,-2.72,27.47,16.27,-50.36,-19.17,2.73,73.72,-16.44,57.28
171,9.42,18.42,50.78,4.08,0.41,0.0,-2.8,26.99,16.69,-51.2,-18.41,2.73,72.79,-15.68,57.11
181,17.56,18.64,50.3,4.4,0.21,0.0,-2.83,27.44,14.22,-50.06,-18.88,2.73,79.88,-16.15,63.74
191,10.84,14.4,49.43,3.41,0.04,0.0,-2.74,24.7,17.97,-46.5,-18.01,2.74,71.56,-15.27,56.29
201,10.07,16.87,49.25,3.71,0.7,0.0,-3.47,25.66,16.11,-48.7,-18.37,2.74,70.21,-15.63,54.58
211,12.54,18.88,48.28,3.05,0.31,0.0,-3.79,27.02,15.11,-49.34,-19.19,2.73,72.05,-16.46,55.59
221,12.7,17.68,51.5,3.12,0.37,0.0,-3.62,27.17,16.5,-48.84,-19.44,2.72,76.58,-16.72,59.86
231,7.52,20.62,50.16,3.24,1.33,0.0,-3.2,27.04,16.75,-49.8,-18.56,2.71,73.67,-15.85,57.82
241,7.92,17.18,50.75,3.12,0.79,0.0,-3.02,27.75,15.45,-50.4,-18.72,2.72,69.55,-16.0,53.55
251,11.33,16.12,48.15,3.03,1.5,0.0,-3.1,27.08,14.2,-50.69,-18.51,2.75,67.62,-15.76,51.85
261,6.43,20.03,48.46,4.31,0.29,0.0,-2.95,27.53,19.64,-49.17,-17.77,2.7,74.57,-15.07,59.51
271,10.62,18.47,50.62,5.11,1.7,0.0,-3.66,26.78,14.42,-50.6,-18.4,2.75,73.45,-15.65,57.8
281,8.87,16.72,54.5,3.4,0.02,0.0,-2.99,26.94,18.36,-50.71,-18.75,2.74,75.11,-16.01,59.1
291,10.0,15.65,50.28,3.82,1.57,0.0,-3.97,27.11,17.04,-50.51,-18.58,2.71,70.98,-15.87,55.11
301,11.42,18.09,52.45,2.53,0.25,0.0,-4.39,26.82,16.78,-48.74,-18.91,2.75,75.22,-16.16,59.06
311,12.13,15.21,50.67,3.68,3.49,0.0,-2.93,28.48,12.97,-52.71,-19.4,2.74,70.99,-16.66,54.33
321,9.32,19.69,51.94,4.78,0.18,0.0,-2.84,26.57,17.27,-50.03,-19.07,2.73,76.88,-16.35,60.53
331,8.92,20.45,53.77,3.81,0.7,0.0,-4.52,27.37,18.12,-49.94,-18.9,2.74,78.68,-16.16,62.52
341,8.84,16.52,48.31,3.77,0.08,0.0,-1.41,28.77,18.15,-52.58,-18.13,2.71,70.44,-15.41,55.03
351,12.48,20.78,50.31,4.38,0.63,0.0,-3.97,27.77,15.39,-51.39,-18.46,2.76,76.37,-15.7,60.67
361,10.6,16.94,51.01,3.38,0.05,0.0,-3.51,26.61,15.73,-49.97,-18.38,2.71,70.83,-15.67,55.17
371,9.96,21.65,51.6,3.94,0.61,0.0,-3.07,27.49,15.31,-52.31,-18.59,2.76,75.18,-15.83,59.35
381,8.83,21.31,49.74,4.62,0.11,0.0,-3.83,26.65,16.2,-49.7,-18.58,2.74,73.94,-15.85,58.09
391,9.77,19.37,49.36,4.61,0.3,0.0,-3.94,27.66,16.45,-51.38,-18.5,2.7,72.21,-15.8,56.41
401,9.04,13.69,52.16,3.77,0.03,0.0,-4.92,27.67,17.1,-50.55,-18.48,2.72,68.0,-15.76,52.23
411,13.96,20.84,46.78,5.15,0.25,0.0,0.09,26.65,16.49,-50.2,-18.04,2.73,80.01,-15.31,64.69
421,8.88,20.6,53.33,3.84,0.32,0.0,-2.44,26.41,19.78,-49.98,-18.58,2.74,80.72,-15.84,64.88
431,11.69,16.83,50.66,4.28,0.09,0.0,-1.09,28.46,15.82,-51.18,-20.6,2.74,75.55,-17.86,57.69
441,5.56,17.88,47.83,4.31,0.18,0.0,-0.39,27.31,19.84,-50.83,-18.07,2.71,71.68,-15.37,56.32
451,8.5,14.17,47.09,2.54,0.36,0.0,-2.58,26.75,16.19,-51.35,-18.76,2.75,61.68,-16.01,45.68
461,10.65,22.56,51.4,5.34,0.27,0.0,-1.98,26.56,16.8,-49.45,-18.82,2.76,82.15,-16.06,66.09
471,8.57,22.05,54.71,4.63,1.15,0.0,-3.69,28.86,13.95,-52.19,-19.54,2.75,78.05,-16.79,61.26
481,5.48,16.33,48.12,4.36,0.11,0.0,0.24,26.35,17.76,-49.6,-18.85,2.75,69.14,-16.09,53.04
491,11.31,17.32,49.16,4.64,0.63,0.0,-2.73,29.3,17.01,-51.85,-17.88,2.73,74.8,-15.14,59.65
501,12.45,16.92,48.33,3.64,0.25,0.0,0.53,27.84,16.45,-53.51,-18.28,2.73,72.91,-15.54,57.36
511,6.97,14.81,52.09,3.55,0.53,0.0,-2.41,29.18,18.13,-52.66,-18.72,2.73,70.19,-15.99,54.2
521,8.97,18.17,50.32,4.09,0.93,0.0,-4.22,27.66,17.33,-48.34,-19.51,2.74,74.9,-16.77,58.13
531,9.11,15.28,49.0,3.31,0.68,0.0,1.67,27.41,19.01,-52.25,-17.82,2.72,73.22,-15.1,58.12
541,11.72,15.3,48.51,3.92,1.15,0.0,-4.34,26.84,17.5,-50.06,-18.38,2.74,70.55,-15.64,54.91
551,7.97,14.33,49.87,3.74,0.56,0.0,-1.46,27.28,17.72,-50.5,-18.55,2.73,69.51,-15.83,53.68
561,10.33,21.29,49.6,3.94,0.34,0.0,-3.52,25.7,13.81,-49.3,-18.84,2.76,72.2,-16.08,56.12
571,9.23,12.66,47.54,2.92,0.12,0.0,-1.58,27.83,16.19,-52.36,-17.98,2.73,62.55,-15.24,47.31
581,14.07,19.43,50.95,4.53,0.11,0.0,-2.05,28.64,16.55,-53.65,-18.15,2.74,78.59,-15.41,63.18
591,7.48,17.95,49.05,4.19,0.64,0.0,-2.81,26.59,16.88,-49.3,-18.16,2.71,70.68,-15.45,55.23
601,11.24,16.28,46.84,3.82,0.65,0.0,-2.15,26.58,17.75,-50.5,-17.72,2.74,70.51,-14.98,55.53
611,11.65,20.48,49.88,4.04,0.31,0.0,-2.59,28.48,12.61,-52.31,-19.37,2.76,72.55,-16.61,55.94
621,6.72,17.82,49.26,4.52,0.18,0.0,-2.08,28.13,17.29,-49.82,-19.06,2.72,72.0,-16.34,55.66
631,8.24,18.33,49.31,3.73,0.15,0.0,-1.69,27.79,21.58,-53.5,-17.92,2.7,73.93,-15.22,58.71
641,9.66,17.32,50.86,4.23,0.28,0.0,-3.06,27.96,16.59,-52.34,-18.26,2.73,71.51,-15.53,55.98
651,6.36,20.7,50.55,3.02,0.96,0.0,-3.09,28.23,16.39,-52.3,-18.8,2.72,70.82,-16.07,54.75
661,5.64,17.06,54.18,4.67,1.19,0.0,-5.08,30.44,16.49,-51.56,-20.15,2.74,73.02,-17.41,55.61
671,11.04,20.55,47.33,4.14,0.91,0.0,-2.55,27.4,18.58,-54.46,-17.8,2.74,72.93,-15.05,57.88
681,8.04,21.99,53.58,5.12,0.07,0.0,-5.54,27.01,18.27,-50.03,-19.43,2.72,78.5,-16.71,61.79
691,8.51,12.71,49.31,3.37,0.48,0.0,-3.16,26.0,17.87,-47.86,-18.25,2.75,67.21,-15.5,51.71
701,13.63,16.17,49.18,3.5,0.73,0.0,-2.5,27.33,16.57,-51.53,-18.72,2.75,73.07,-15.97,57.1
711,7.52,16.35,53.24,3.8,0.01,0.0,-4.3,27.31,16.68,-48.23,-19.27,2.73,72.38,-16.54,55.84
721,7.78,19.9,48.44,3.61,0.49,0.0,-2.49,27.28,16.51,-51.06,-17.94,2.76,70.44,-15.18,55.26
731,11.02,26.67,53.47,6.2,0.61,0.0,-2.58,28.41,16.18,-54.61,-18.69,2.74,85.37,-15.95,69.41
741,5.73,19.69,53.33,7.61,0.78,0.0,-5.18,28.56,15.93,-50.34,-19.97,2.73,76.11,-17.24,58.86
751,9.82,25.66,48.49,5.1,0.19,0.0,-4.4,26.25,16.4,-48.19,-18.41,2.74,79.33,-15.67,63.66
761,10.78,18.32,50.07,4.71,1.14,0.0,-2.51,26.03,16.06,-49.78,-18.47,2.76,74.83,-15.7,59.12
771,10.08,18.0,50.57,3.09,0.44,0.0,-1.37,27.02,16.65,-48.83,-18.2,2.75,75.66,-15.45,60.21
781,7.1,15.26,49.93,4.27,0.13,0.0,-3.7,26.41,16.53,-50.33,-18.38,2.74,65.61,-15.65,49.96
791,8.91,17.6,48.83,3.97,0.44,0.0,-3.5,26.39,17.76,-50.42,-18.55,2.75,69.97,-15.8,54.17
801,12.14,19.54,48.47,4.91,0.1,0.0,-4.16,27.55,17.83,-51.04,-18.44,2.74,75.33,-15.7,59.63
811,8.66,19.12,49.48,3.52,0.23,0.0,-3.29,28.39,16.91,-51.7,-18.6,2.75,71.33,-15.85,55.48
821,10.37,17.57,49.02,4.72,0.7,0.0,-3.32,24.91,19.49,-48.43,-17.75,2.74,75.02,-15.01,60.01
831,9.04,14.97,52.17,3.61,1.07,0.0,-2.71,27.29,18.67,-50.34,-18.45,2.74,73.77,-15.71,58.07
841,8.72,20.69,48.83,4.26,0.28,0.0,-5.23,25.9,16.66,-47.25,-19.25,2.77,72.86,-16.48,56.39
851,10.87,12.77,51.22,2.99,1.06,0.0,-0.75,27.61,15.01,-51.58,-18.32,2.75,69.2,-15.58,53.62
861,10.47,14.57,50.83,4.68,0.28,0.0,-3.37,26.58,20.16,-49.89,-18.64,2.76,74.31,-15.88,58.42
871,11.38,15.8,54.01,3.82,0.24,0.0,-3.76,27.83,16.41,-48.95,-19.45,2.74,76.79,-16.7,60.08
881,16.05,17.16,51.64,3.39,0.06,0.0,-4.6,26.55,14.5,-48.42,-19.44,2.72,76.34,-16.71,59.63
891,10.47,17.92,50.67,4.09,2.2,0.0,-0.46,27.21,15.63,-51.59,-17.91,2.74,76.12,-15.17,60.96
901,9.52,17.35,52.91,3.7,0.23,0.0,-2.66,28.74,15.99,-53.51,-18.67,2.74,72.27,-15.93,56.34
911,4.55,23.29,50.7,4.23,0.5,0.0,-4.15,25.73,16.63,-49.54,-19.0,2.75,71.94,-16.25,55.69
921,7.12,20.55,50.65,4.37,0.68,0.0,-2.54,26.83,17.05,-51.74,-18.69,2.75,72.97,-15.94,57.02
931,14.12,16.45,48.11,3.97,0.31,0.0,-2.89,26.83,13.2,-51.02,-18.84,2.78,69.08,-16.06,53.03
941,14.15,16.86,51.06,4.09,0.12,0.0,-0.82,28.47,16.15,-53.43,-18.72,2.73,76.67,-15.98,60.68
951,6.34,24.97,48.62,5.52,0.11,0.0,-2.49,28.48,18.13,-53.14,-17.33,2.71,76.53,-14.63,61.9
961,12.62,19.06,50.5,3.76,0.16,0.0,-2.46,28.4,14.44,-52.7,-17.92,2.74,73.78,-15.18,58.6
971,9.11,22.22,52.91,4.49,2.15,0.0,-2.29,26.39,16.56,-50.73,-18.49,2.74,80.81,-15.74,65.07
981,10.69,18.36,48.82,4.93,0.57,0.0,-3.76,26.58,15.95,-48.81,-18.23,2.75,73.34,-15.48,57.85
991,15.5,16.43,51.7,4.5,0.51,0.0,-4.95,27.5,14.5,-48.88,-19.26,2.75,76.82,-16.51,60.31
1001,13.04,17.84,51.86,3.87,0.43,0.0,-4.55,26.19,16.0,-47.1,-19.72,2.76,77.58,-16.96,60.62
1011,11.13,14.78,47.79,4.03,0.22,0.0,-1.99,26.91,16.83,-47.75,-18.81,2.73,71.95,-16.09,55.86
1021,13.43,15.16,49.71,4.07,0.28,0.0,-3.16,26.04,14.08,-50.08,-18.16,2.76,69.55,-15.4,54.15
1031,9.89,16.94,50.04,4.47,2.13,0.0,-3.55,28.08,17.75,-51.56,-18.48,2.73,74.18,-15.75,58.43
1041,10.29,15.21,52.14,2.8,0.66,0.0,-1.26,26.41,15.97,-50.65,-18.17,2.76,71.58,-15.41,56.17
1051,6.22,16.87,49.92,2.79,0.08,0.0,-4.03,26.72,16.86,-50.43,-18.62,2.74,65.0,-15.89,49.11
1061,9.18,18.32,47.74,3.67,0.02,0.0,-2.17,25.08,17.73,-47.67,-17.64,2.74,71.91,-14.9,57.01
1071,7.9,22.28,49.76,5.12,0.97,0.0,-3.88,26.1,15.3,-49.32,-18.9,2.74,74.23,-16.16,58.07
1081,10.1,16.77,51.95,4.05,0.11,0.0,-3.93,26.16,16.17,-47.19,-18.78,2.75,74.19,-16.03,58.16
1091,9.09,15.22,49.23,3.41,0.41,0.0,-4.79,25.97,15.59,-45.48,-18.81,2.75,68.64,-16.06,52.58
1101,4.7,15.15,48.88,2.84,0.02,0.0,-4.04,26.46,20.31,-49.61,-18.65,2.74,64.72,-15.91,48.81
1111,8.65,22.73,53.17,4.68,0.48,0.0,-3.05,26.2,17.37,-49.35,-18.37,2.75,80.87,-15.62,65.24
1121,16.74,13.18,50.12,4.28,0.28,0.0,-3.0,26.75,14.7,-48.46,-18.77,2.75,74.58,-16.02,58.56
1131,6.26,19.27,51.53,4.38,0.31,0.0,-3.44,27.49,16.67,-50.2,-18.85,2.72,72.25,-16.13,56.12
1141,11.06,13.9,50.19,2.87,0.34,0.0,-2.22,25.77,16.45,-49.49,-18.3,2.72,68.87,-15.58,53.3
1151,8.97,17.67,48.6,4.18,0.13,0.0,-2.97,27.7,12.78,-49.98,-19.44,2.74,67.07,-16.71,50.36
1161,9.69,17.37,51.84,4.64,0.17,0.0,-3.85,28.56,17.45,-52.51,-18.13,2.71,73.36,-15.42,57.95
1171,7.59,18.79,53.87,4.19,0.32,0.0,-5.23,27.14,16.28,-49.88,-19.1,2.74,73.06,-16.36,56.7
1181,7.82,20.71,50.65,3.55,0.47,0.0,-3.71,27.16,17.38,-51.26,-18.13,2.73,72.76,-15.4,57.36
1191,10.34,21.0,46.7,4.23,0.04,0.0,-2.3,27.73,14.62,-52.0,-18.27,2.73,70.35,-15.55,54.8
1201,15.26,21.39,51.15,5.5,0.41,0.0,-3.53,27.27,15.77,-51.64,-18.41,2.74,81.57,-15.67,65.9
1211,11.81,13.03,49.84,3.03,0.05,0.0,-2.53,26.39,17.24,-48.45,-18.61,2.75,70.4,-15.86,54.54
1221,9.3,14.63,47.83,3.49,0.65,0.0,-1.38,27.58,18.45,-52.77,-17.39,2.73,67.77,-14.66,53.11
1231,11.61,15.78,48.54,4.4,0.17,0.0,-4.39,24.9,16.82,-45.03,-18.73,2.75,72.79,-15.98,56.81
1241,12.91,21.57,47.4,4.31,0.22,0.0,-2.82,26.68,16.77,-50.57,-18.51,2.76,76.47,-15.75,60.72
1251,13.68,16.92,53.19,4.64,0.32,0.0,-3.2,29.05,12.34,-49.56,-20.02,2.74,77.37,-17.27,60.1
1261,13.25,25.11,50.92,5.29,1.07,0.0,-1.46,28.8,13.45,-51.57,-19.06,2.73,84.85,-16.33,68.52
1271,7.14,20.4,49.17,4.92,0.13,0.0,-3.92,26.07,19.39,-48.19,-18.46,2.74,75.12,-15.72,59.4
1281,12.03,15.82,49.18,3.23,0.06,0.0,-3.44,28.81,17.84,-49.81,-19.61,2.73,73.73,-16.87,56.85
1291,5.84,19.1,50.71,4.12,1.28,0.0,-3.58,25.36,16.5,-47.94,-18.76,2.76,71.39,-16.01,55.38
1301,6.99,21.42,47.6,5.74,0.16,0.0,-3.29,25.76,18.25,-48.28,-18.45,2.74,74.34,-15.71,58.63
1311,12.82,23.91,49.23,4.16,0.42,0.0,-4.14,27.74,14.22,-51.3,-18.81,2.74,77.06,-16.07,60.99
1321,5.4,19.5,50.06,4.61,0.01,0.0,-4.67,27.13,19.06,-48.55,-18.49,2.73,72.56,-15.76,56.79
1331,3.23,19.42,50.57,4.25,0.8,0.0,-2.64,26.87,19.6,-50.74,-17.87,2.7,71.37,-15.17,56.2
1341,6.89,19.02,49.53,3.91,1.22,0.0,-1.4,26.02,18.94,-50.14,-18.74,2.74,73.99,-16.0,57.99
1351,3.85,17.15,49.33,3.99,1.8,0.0,-1.68,25.56,18.98,-48.96,-17.58,2.71,70.02,-14.86,55.16
1361,9.46,18.42,49.01,4.38,0.29,0.0,-2.43,27.96,14.86,-51.47,-18.34,2.72,70.48,-15.63,54.85
1371,10.86,17.17,51.02,4.29,1.11,0.0,-3.83,25.88,15.87,-50.12,-18.66,2.75,72.24,-15.91,56.33
1381,13.14,23.09,49.54,4.37,0.8,0.0,-4.5,26.04,13.65,-48.37,-19.26,2.77,77.77,-16.49,61.27
1391,8.66,17.66,50.25,2.96,0.09,0.0,-2.66,27.02,15.09,-49.17,-18.93,2.77,69.89,-16.16,53.74
1401,7.68,16.69,50.29,3.79,0.51,0.0,-2.15,25.85,18.21,-50.55,-17.63,2.73,70.31,-14.9,55.41
1411,6.26,17.58,49.79,3.53,0.38,0.0,-3.28,25.98,14.98,-49.22,-18.45,2.74,66.01,-15.71,50.3
1421,9.05,15.54,51.36,4.86,0.04,0.0,-3.38,25.91,15.92,-45.76,-20.24,2.77,73.55,-17.47,56.08
1431,9.93,19.58,50.19,4.8,0.15,0.0,-4.04,27.1,17.26,-49.33,-19.24,2.73,75.64,-16.51,59.14
1441,9.35,15.92,48.94,3.62,0.82,0.0,0.44,28.79,18.29,-53.79,-17.36,2.7,72.39,-14.65,57.73
1451,10.74,15.38,52.33,2.95,0.08,0.0,-3.25,28.24,15.42,-50.91,-19.39,2.74,70.98,-16.64,54.34
1461,12.29,17.51,47.87,3.27,1.86,0.0,-5.31,27.06,16.54,-48.2,-19.15,2.73,72.88,-16.42,56.46
1471,7.63,21.62,48.58,3.19,0.27,0.0,-1.73,27.95,15.44,-52.69,-17.96,2.72,70.26,-15.24,55.02
1481,9.07,14.93,50.9,3.81,0.04,0.0,-3.28,26.15,16.78,-47.23,-19.57,2.72,71.17,-16.84,54.33
1491,7.12,19.21,51.37,5.6,0.33,0.0,-4.22,27.2,20.64,-48.65,-18.75,2.72,78.6,-16.03,62.56
1501,7.08,18.61,51.9,4.21,0.26,0.0,-4.5,29.95,16.62,-52.41,-19.56,2.72,71.73,-16.84,54.89
1511,6.38,14.82,48.7,2.5,0.8,0.0,-2.39,27.27,15.76,-50.0,-18.42,2.73,63.83,-15.69,48.14
1521,13.35,15.14,48.7,4.62,0.76,0.0,-4.69,28.47,16.57,-51.05,-19.13,2.74,71.87,-16.39,55.48
1531,10.53,14.29,50.36,4.62,0.65,0.0,-2.73,27.2,15.61,-49.62,-19.04,2.73,70.9,-16.31,54.59
1541,8.33,15.73,51.76,3.71,0.77,0.0,-4.54,26.52,16.26,-50.01,-18.53,2.75,68.52,-15.78,52.75
1551,8.18,13.88,47.07,4.62,0.0,0.0,-3.09,26.06,16.7,-49.47,-18.24,2.74,63.95,-15.5,48.45
1561,11.0,24.07,54.47,4.14,2.53,0.0,-3.04,26.43,15.43,-51.45,-19.14,2.75,83.59,-16.4,67.19
1571,8.57,21.03,51.78,4.38,1.78,0.0,-4.06,28.43,15.22,-50.78,-18.93,2.72,76.35,-16.21,60.14
1581,13.15,19.14,48.29,5.62,1.49,0.0,1.62,27.23,14.95,-52.32,-17.75,2.74,79.16,-15.02,64.14
1591,7.79,19.89,52.66,3.99,0.09,0.0,-4.41,27.15,17.7,-49.71,-18.26,2.72,75.17,-15.54,59.63
1601,14.36,14.64,49.49,3.3,0.57,0.0,-4.01,26.29,13.88,-47.89,-19.32,2.78,70.62,-16.54,54.08
1611,7.0,14.86,48.45,3.69,0.18,0.0,-4.51,25.68,16.82,-46.72,-18.73,2.74,65.45,-15.99,49.46
1621,7.59,25.75,49.67,4.64,0.14,0.0,-3.27,28.83,16.57,-52.07,-18.9,2.73,77.85,-16.18,61.67
1631,12.72,18.26,49.77,3.07,0.0,0.0,-3.68,27.02,13.11,-49.16,-19.03,2.76,71.1,-16.27,54.83
1641,13.53,20.92,48.93,4.55,0.78,0.0,-3.38,25.75,15.3,-48.83,-18.7,2.76,77.54,-15.93,61.61
1651,16.45,20.04,53.5,4.82,0.59,0.0,-1.85,27.34,19.0,-51.05,-18.39,2.75,88.84,-15.65,73.2
1661,11.47,20.21,50.0,3.89,0.03,0.0,-4.13,28.26,12.98,-49.88,-19.22,2.74,72.84,-16.48,56.36
1671,11.48,23.64,50.16,3.2,0.54,0.0,-4.98,29.35,15.8,-52.58,-19.49,2.73,76.6,-16.76,59.83
1681,10.18,18.28,52.66,5.16,0.85,0.0,-3.87,28.03,17.8,-51.28,-18.36,2.72,77.82,-15.64,62.18
1691,9.46,19.27,47.75,5.05,0.2,0.0,-4.22,26.29,17.41,-49.13,-18.32,2.73,72.08,-15.59,56.49
1701,9.68,19.32,49.08,5.82,0.13,0.0,-1.65,29.04,17.16,-53.22,-18.38,2.71,75.37,-15.67,59.71
1711,12.89,17.8,52.11,5.47,1.59,0.0,-3.09,26.47,15.94,-48.19,-18.51,2.73,81.0,-15.77,65.23
1721,7.03,17.94,51.27,3.85,1.13,0.0,-3.71,28.92,16.33,-50.63,-19.21,2.75,72.13,-16.46,55.67
1731,10.05,18.36,48.08,4.38,0.85,0.0,-1.47,27.52,16.56,-50.87,-18.3,2.75,73.45,-15.56,57.89
1741,10.16,19.38,49.7,3.88,0.05,0.0,-2.21,27.38,15.68,-50.88,-18.72,2.75,73.15,-15.97,57.17
1751,5.92,24.01,48.69,4.39,0.57,0.0,-3.0,28.63,18.99,-52.1,-18.43,2.73,76.11,-15.71,60.41
1761,10.52,15.46,52.1,4.31,0.72,0.0,-3.87,25.38,16.67,-48.08,-18.39,2.74,73.21,-15.65,57.56
1771,10.27,15.73,52.19,3.24,2.07,0.0,-4.75,27.42,18.69,-51.68,-18.39,2.73,73.17,-15.66,57.51
1781,6.08,17.3,48.58,3.51,1.34,0.0,-1.8,25.8,19.24,-49.42,-17.9,2.74,70.63,-15.16,55.47
1791,10.46,22.97,52.76,3.38,0.24,0.0,-5.59,27.43,17.29,-49.79,-18.53,2.7,79.16,-15.83,63.34
1801,11.58,16.07,51.24,3.99,0.89,0.0,-2.52,27.69,17.66,-50.85,-18.38,2.74,75.74,-15.64,60.1
1811,10.29,17.85,49.39,4.47,0.91,0.0,-3.5,27.56,18.58,-51.63,-18.38,2.72,73.91,-15.65,58.26
1821,7.7,13.51,49.66,3.57,0.72,0.0,-4.02,27.59,20.08,-49.35,-19.22,2.74,69.45,-16.48,52.97
1831,8.99,21.4,48.28,3.73,0.24,0.0,-3.66,27.56,16.54,-51.61,-18.14,2.72,71.46,-15.42,56.04
1841,8.17,13.04,48.93,3.2,0.04,0.0,-2.82,27.48,16.74,-50.11,-18.1,2.72,64.66,-15.38,49.28
1851,11.11,18.62,49.79,3.51,0.25,0.0,-4.73,26.38,16.95,-47.32,-18.77,2.74,74.56,-16.03,58.52
1861,6.87,20.06,49.57,5.03,0.53,0.0,-3.51,28.07,17.35,-52.21,-18.93,2.74,71.76,-16.19,55.57
1871,12.44,19.57,51.67,3.19,1.02,0.0,-4.25,26.58,13.44,-49.94,-19.12,2.77,73.71,-16.35,57.36
1881,8.98,15.08,50.55,3.35,0.32,0.0,-3.39,25.5,16.13,-46.61,-19.25,2.74,69.9,-16.51,53.39
1891,9.02,23.1,50.32,4.25,0.06,0.0,-4.26,27.46,15.12,-49.75,-18.95,2.75,75.34,-16.2,59.14
1901,10.85,21.76,50.58,3.96,1.01,0.0,-4.98,27.97,12.99,-50.46,-19.42,2.75,73.67,-16.67,57.0
1911,9.92,21.81,50.99,6.75,0.23,0.0,-4.93,26.39,19.04,-50.02,-18.75,2.7,80.19,-16.04,64.15
1921,10.87,19.86,49.26,4.29,0.07,0.0,-1.88,26.01,19.56,-50.01,-17.17,2.72,78.04,-14.44,63.6
1931,9.94,13.06,48.21,3.49,0.52,0.0,-3.34,27.25,15.89,-49.82,-18.53,2.73,65.2,-15.8,49.4
1941,9.7,15.37,48.26,3.39,1.17,0.0,-2.01,27.83,18.56,-51.39,-18.19,2.75,70.88,-15.44,55.44
1951,10.75,15.62,53.32,4.12,1.35,0.0,-2.15,27.26,15.98,-48.91,-19.0,2.75,77.35,-16.25,61.1
1961,7.93,15.6,49.65,3.81,1.76,0.0,-3.49,25.89,17.39,-49.64,-18.19,2.73,68.91,-15.45,53.45
1971,6.03,18.66,48.62,3.88,1.18,0.0,-3.5,26.91,17.65,-49.45,-17.97,2.74,69.98,-15.22,54.75
1981,10.26,22.76,50.09,4.68,1.19,0.0,-3.0,28.71,16.46,-51.72,-18.56,2.73,79.41,-15.83,63.58
1991,9.37,16.17,51.18,3.87,1.38,0.0,-1.68,27.95,18.06,-52.66,-17.83,2.73,73.63,-15.1,58.54
2001,8.56,17.73,48.24,4.26,0.52,0.0,-1.98,26.4,16.49,-51.09,-17.56,2.74,69.11,-14.82,54.29
2011,9.64,21.52,50.05,3.83,0.08,0.0,-3.73,27.23,15.34,-50.57,-18.63,2.73,73.38,-15.89,57.49
2021,10.56,15.33,48.92,3.51,0.48,0.0,-3.05,28.41,15.95,-53.37,-18.52,2.74,66.75,-15.78,50.97
2031,9.5,19.39,50.71,4.16,0.56,0.0,-1.52,27.34,18.07,-49.46,-19.52,2.75,78.75,-16.77,61.98
2041,8.05,23.93,49.32,5.2,0.14,0.0,-3.28,27.44,17.3,-50.49,-18.63,2.72,77.61,-15.91,61.7
2051,7.67,15.38,52.24,4.72,0.02,0.0,-3.68,26.26,17.7,-48.2,-18.61,2.75,72.11,-15.86,56.25
2061,10.72,23.93,49.86,3.76,0.62,0.0,-3.76,27.49,15.69,-50.4,-19.26,2.74,77.92,-16.52,61.4
2071,10.26,11.72,48.58,3.28,1.52,0.0,0.56,27.36,14.91,-51.48,-18.77,2.76,66.68,-16.01,50.67
2081,7.31,17.76,49.04,4.87,0.83,0.0,-5.09,26.52,16.0,-48.65,-17.9,2.73,68.6,-15.17,53.43
2091,11.45,18.37,48.18,4.41,0.91,0.0,-1.76,26.47,15.42,-51.7,-18.56,2.74,71.76,-15.81,55.95
2101,12.86,16.89,50.41,4.58,1.45,0.0,-2.56,26.9,16.35,-51.5,-18.69,2.74,75.38,-15.95,59.44
2111,9.13,16.0,50.27,3.5,0.95,0.0,-2.54,26.62,19.84,-49.94,-18.11,2.73,73.83,-15.38,58.45
2121,7.55,18.58,52.92,4.46,2.18,0.0,-4.83,26.79,15.51,-49.85,-18.37,2.71,73.3,-15.67,57.63
2131,10.76,20.31,54.09,4.88,0.78,0.0,-3.9,30.37,15.28,-52.99,-20.06,2.74,79.58,-17.32,62.26
2141,12.57,16.79,54.5,3.96,0.57,0.0,-4.1,26.05,13.67,-47.56,-19.37,2.72,76.45,-16.65,59.8
2151,7.62,17.01,49.72,3.13,0.18,0.0,-3.5,26.72,17.0,-49.81,-18.65,2.7,68.07,-15.95,52.12
2161,6.34,16.3,52.83,4.85,1.8,0.0,-3.37,24.14,15.31,-47.06,-18.4,2.74,71.12,-15.66,55.46
2171,8.18,16.41,48.95,3.31,0.43,0.0,-4.14,24.96,16.65,-45.0,-19.24,2.7,69.75,-16.55,53.2
2181,10.81,27.45,49.67,6.26,0.84,0.0,-3.81,26.59,16.04,-48.57,-19.62,2.68,85.28,-16.94,68.34
2191,8.74,15.85,51.02,4.44,0.12,0.0,-5.69,25.71,15.96,-46.88,-19.05,2.67,69.26,-16.37,52.89
2201,5.51,18.17,51.96,4.71,0.27,0.0,-4.88,25.75,19.28,-47.83,-19.2,2.71,72.93,-16.49,56.44
2211,9.3,13.71,49.63,3.57,1.91,0.0,-4.19,24.02,15.2,-44.99,-18.66,2.67,68.17,-15.99,52.18
2221,4.21,18.36,49.65,3.86,0.57,0.0,-5.29,23.81,18.82,-45.55,-18.98,2.69,68.43,-16.29,52.14
2231,7.36,15.03,50.19,2.87,0.66,0.0,-3.61,26.38,18.72,-48.87,-18.04,2.72,68.74,-15.33,53.41
2241,9.22,17.49,49.63,4.95,2.66,0.0,-3.78,28.77,15.95,-51.69,-18.43,2.75,73.21,-15.68,57.52
2251,5.49,21.19,49.07,5.08,0.51,0.0,-3.78,26.98,18.07,-51.17,-18.39,2.73,71.43,-15.65,55.77
2261,11.73,18.55,48.84,4.99,1.19,0.0,-2.22,27.63,16.8,-52.81,-18.23,2.74,74.71,-15.5,59.21
2271,7.77,18.16,50.34,4.37,0.25,0.0,-1.99,27.34,16.04,-50.31,-18.62,2.69,71.97,-15.94,56.04
2281,9.48,21.11,52.65,3.9,2.05,0.0,-3.97,27.9,16.35,-48.84,-19.46,2.69,80.63,-16.76,63.87
2291,8.77,17.98,50.51,3.61,0.5,0.0,-5.36,25.91,14.73,-48.12,-19.29,2.7,68.52,-16.59,51.93
2301,7.56,17.88,48.29,3.98,0.78,0.0,-3.98,25.78,15.42,-47.5,-18.83,2.73,68.21,-16.1,52.11
2311,14.91,22.71,49.21,4.87,0.13,0.0,-3.08,25.97,14.44,-49.51,-18.6,2.69,79.66,-15.91,63.74
2321,5.77,20.85,49.7,5.71,0.01,0.0,-4.75,28.14,16.88,-49.34,-19.89,2.72,72.96,-17.18,55.79
2331,5.78,17.82,50.24,5.68,2.16,0.0,-4.18,28.08,21.2,-50.43,-18.68,2.71,76.35,-15.97,60.37
2341,10.74,19.95,53.45,4.04,1.31,0.0,-4.86,25.58,14.06,-46.66,-19.48,2.7,77.61,-16.78,60.83
2351,10.63,19.41,51.27,4.1,0.09,0.0,-4.59,25.09,17.3,-47.93,-18.84,2.71,75.37,-16.13,59.24
2361,12.71,14.5,50.33,2.7,0.09,0.0,-2.87,27.02,17.54,-49.3,-17.97,2.71,72.73,-15.25,57.47
2371,8.62,16.55,52.46,4.17,0.68,0.0,-4.93,28.07,16.88,-51.15,-18.44,2.71,71.35,-15.73,55.63
2381,6.58,24.66,49.21,4.39,0.18,0.0,-1.62,29.38,20.36,-53.06,-18.85,2.7,80.06,-16.14,63.92
2391,6.99,14.9,47.33,3.01,0.28,0.0,-3.21,26.39,18.19,-50.3,-18.46,2.72,63.58,-15.73,47.84
2401,12.67,13.36,53.28,2.28,1.94,0.0,-1.65,26.93,14.71,-50.15,-18.93,2.76,73.37,-16.17,57.2
2411,10.34,19.65,50.97,4.82,0.16,0.0,-4.06,24.52,16.3,-45.56,-18.71,2.7,77.15,-16.01,61.14
2421,9.01,14.3,52.89,4.05,1.61,0.0,-3.89,26.23,17.1,-47.42,-18.95,2.73,73.87,-16.23,57.64
2431,5.59,17.43,50.03,3.1,0.87,0.0,-3.98,25.07,15.27,-47.12,-18.77,2.71,66.26,-16.06,50.2
2441,7.59,15.43,50.07,4.2,0.25,0.0,-4.46,24.13,17.29,-46.39,-18.51,2.68,68.12,-15.83,52.29
2451,5.48,22.05,48.17,4.7,0.04,0.0,-4.64,25.77,17.12,-48.7,-19.08,2.72,69.99,-16.36,53.63
2461,9.62,15.07,52.51,2.87,0.31,0.0,-5.38,25.75,14.77,-45.38,-19.44,2.7,70.15,-16.74,53.41
2471,11.22,20.34,50.99,3.77,0.63,0.0,-3.91,26.25,16.33,-48.7,-19.59,2.72,76.91,-16.87,60.04
2481,9.7,18.58,49.25,3.41,1.58,0.0,-3.63,23.49,16.43,-45.62,-18.8,2.73,73.17,-16.07,57.1
2491,6.91,18.52,50.28,3.94,0.07,0.0,-5.16,26.45,16.04,-48.57,-20.09,2.72,68.48,-17.37,51.11
2501,13.39,23.75,52.19,5.57,2.77,0.0,-4.59,24.09,14.42,-46.92,-18.65,2.7,84.66,-15.95,68.72
2511,10.65,24.06,52.5,3.87,0.17,0.0,-4.82,23.94,14.64,-46.86,-18.84,2.74,78.15,-16.1,62.04
2521,10.47,18.11,51.04,3.42,0.35,0.0,-5.93,25.54,14.97,-47.18,-19.42,2.7,70.79,-16.72,54.07
2531,7.69,18.06,50.44,4.08,0.69,0.0,-3.39,24.87,15.42,-47.08,-18.95,2.75,70.79,-16.2,54.59
2541,12.5,15.32,50.93,3.65,0.16,0.0,-4.04,25.98,14.72,-48.69,-18.72,2.72,70.55,-15.99,54.55
2551,8.76,15.41,49.65,2.74,0.27,0.0,-4.0,24.91,17.34,-46.16,-18.63,2.72,68.92,-15.91,53.01
2561,11.0,22.71,49.49,3.61,0.16,0.0,-5.08,25.3,13.9,-46.88,-19.17,2.69,74.21,-16.48,57.73
2571,12.49,17.59,53.63,4.05,0.55,0.0,-1.58,27.29,17.87,-50.22,-18.67,2.74,81.66,-15.93,65.73
2581,4.87,16.48,54.44,3.78,0.63,0.0,-4.27,28.3,16.67,-50.13,-19.27,2.73,70.78,-16.54,54.24
2591,8.83,17.63,51.8,4.95,0.89,0.0,-3.58,28.05,18.73,-51.75,-18.47,2.69,75.55,-15.77,59.78
2601,11.11,15.12,50.24,3.45,0.04,0.0,-4.62,27.1,14.29,-49.65,-19.27,2.76,67.08,-16.51,50.56
2611,8.66,19.9,51.05,5.61,0.85,0.0,-3.09,26.31,14.61,-48.12,-19.52,2.75,75.77,-16.77,59.0
2621,14.86,16.21,50.43,5.2,0.08,0.0,-2.43,28.05,15.34,-53.11,-18.99,2.75,74.62,-16.25,58.37
2631,9.31,23.48,47.07,4.5,0.72,0.0,-3.58,25.5,18.59,-48.6,-17.88,2.72,77.0,-15.15,61.84
2641,7.53,16.92,50.16,4.33,0.63,0.0,-2.07,24.96,16.64,-46.77,-18.69,2.75,72.33,-15.93,56.4
2651,9.15,20.23,50.41,4.24,0.66,0.0,-2.59,29.68,16.5,-52.97,-18.46,2.69,75.32,-15.77,59.55
2661,11.33,17.51,49.85,3.46,0.3,0.0,-4.5,26.46,14.65,-47.95,-18.87,2.74,71.11,-16.13,54.99
2671,9.55,16.4,50.06,4.3,3.02,0.0,-5.53,25.44,15.42,-47.94,-18.95,2.71,70.72,-16.24,54.48
2681,8.73,22.66,50.78,6.42,0.15,0.0,-2.43,25.23,18.97,-48.29,-18.01,2.69,82.21,-15.33,66.88
2691,12.35,18.41,54.76,4.27,0.36,0.0,-5.29,25.63,15.58,-46.79,-19.16,2.75,79.3,-16.4,62.89
2701,10.84,15.99,53.16,3.03,0.53,0.0,-3.61,26.68,15.44,-49.33,-19.05,2.72,72.75,-16.32,56.42
2711,12.34,16.23,50.05,3.62,0.0,0.0,-2.71,27.14,14.86,-49.86,-19.26,2.71,71.67,-16.56,55.12
2721,10.36,20.1,49.41,4.55,1.57,0.0,-4.72,26.48,14.99,-49.47,-19.17,2.72,73.27,-16.45,56.82
2731,12.45,16.7,50.62,3.04,0.83,0.0,-4.52,26.92,15.61,-49.66,-18.37,2.73,71.98,-15.64,56.34
2741,7.6,22.47,50.67,4.16,0.67,0.0,-1.25,27.52,20.25,-52.39,-17.88,2.71,79.71,-15.17,64.53
2751,11.98,18.56,49.0,3.66,0.05,0.0,-4.86,27.08,13.98,-48.49,-19.89,2.75,70.97,-17.14,53.83
2761,8.87,17.36,48.89,2.67,0.34,0.0,-2.64,26.95,19.18,-51.36,-18.13,2.74,70.25,-15.4,54.85
2771,8.78,23.22,53.16,4.16,0.4,0.0,-4.18,25.2,18.14,-46.79,-19.32,2.73,82.09,-16.58,65.51
2781,10.53,16.19,50.49,5.07,0.13,0.0,-2.61,26.32,19.32,-48.49,-18.2,2.73,76.95,-15.48,61.47
2791,9.88,14.33,51.67,4.41,1.14,0.0,-2.78,27.58,16.12,-50.34,-18.26,2.74,72.01,-15.51,56.5
2801,9.84,17.23,50.53,4.0,1.09,0.0,-2.28,26.23,14.29,-49.15,-18.61,2.71,71.77,-15.9,55.87
2811,11.46,15.47,47.28,4.0,0.11,0.0,-0.07,27.83,17.63,-53.61,-17.74,2.72,70.09,-15.02,55.07
2821,7.72,15.47,53.58,5.4,0.5,0.0,-5.84,28.21,17.77,-50.29,-19.35,2.73,72.52,-16.62,55.9
2831,6.22,16.63,50.4,4.02,0.08,0.0,-3.51,27.04,15.27,-49.18,-19.13,2.76,66.96,-16.37,50.59
2841,10.63,19.54,50.59,4.16,0.21,0.0,-4.12,27.05,16.37,-49.89,-18.38,2.73,74.53,-15.65,58.89
2851,9.9,22.75,48.92,5.6,1.11,0.0,-3.92,28.06,15.44,-49.84,-19.15,2.75,78.03,-16.41,61.62
2861,11.99,19.32,54.32,5.49,1.02,0.0,-3.4,28.11,19.23,-49.73,-19.5,2.71,86.35,-16.79,69.55
2871,8.48,19.36,51.4,4.43,1.16,0.0,-3.58,27.96,17.79,-51.08,-19.01,2.72,75.92,-16.29,59.63
2881,6.33,18.81,53.51,3.24,2.72,0.0,-2.0,29.82,16.07,-54.14,-18.25,2.7,74.36,-15.55,58.81
2891,7.38,14.62,47.47,3.39,0.02,0.0,-4.0,26.66,16.97,-49.11,-18.02,2.71,63.4,-15.31,48.09
2901,5.67,17.53,53.11,4.38,0.09,0.0,-3.21,25.91,17.82,-49.13,-18.43,2.75,72.18,-15.68,56.5
2911,12.1,19.78,53.93,5.05,0.01,0.0,-2.79,27.88,16.59,-51.37,-18.85,2.75,81.18,-16.1,65.08
2921,9.53,20.02,51.9,3.42,0.8,0.0,-4.08,27.55,15.94,-50.85,-19.49,2.76,74.23,-16.74,57.49
2931,9.56,24.26,54.17,4.44,0.87,0.0,-3.22,26.34,19.35,-49.82,-18.87,2.69,85.97,-16.19,69.79
2941,12.58,16.4,51.85,4.9,1.44,0.0,-3.28,26.65,16.74,-47.01,-19.07,2.74,80.28,-16.33,63.96
2951,8.04,19.21,48.86,3.7,0.03,0.0,-5.3,25.42,17.98,-45.04,-19.18,2.71,72.9,-16.46,56.44
2961,13.13,13.91,48.15,2.99,1.35,0.0,-3.05,26.88,15.74,-51.02,-18.6,2.72,68.08,-15.88,52.19
2971,11.68,22.77,49.24,4.42,0.82,0.0,-2.2,27.14,16.6,-49.7,-18.58,2.74,80.75,-15.84,64.91
2981,13.68,14.27,48.31,2.8,1.23,0.0,-0.84,27.55,15.44,-50.93,-18.86,2.75,71.51,-16.11,55.4
2991,11.93,20.16,52.17,4.84,0.15,0.0,-3.28,27.47,12.66,-50.53,-19.62,2.75,75.58,-16.87,58.71
3001,10.63,21.83,52.92,5.41,0.55,0.0,-2.63,26.48,18.53,-51.51,-18.77,2.73,82.22,-16.04,66.18
3011,11.93,23.76,51.29,5.45,0.75,0.0,-2.78,28.3,15.89,-54.62,-18.18,2.73,79.96,-15.45,64.5
3021,5.22,15.82,51.81,2.98,0.89,0.0,-4.61,26.61,18.9,-47.28,-18.92,2.72,70.35,-16.19,54.16
3031,6.06,19.03,51.18,4.05,0.56,0.0,-4.54,28.14,16.27,-51.97,-19.05,2.69,68.78,-16.36,52.42
3041,10.8,13.81,48.65,2.68,0.78,0.0,-1.13,27.59,15.95,-51.13,-18.95,2.75,68.0,-16.2,51.81
3051,8.13,14.18,55.6,3.73,0.19,0.0,-5.07,26.42,15.27,-48.14,-19.09,2.72,70.3,-16.37,53.93
3061,8.5,18.16,48.17,3.44,0.65,0.0,-5.55,24.48,17.05,-46.11,-18.32,2.71,68.78,-15.61,53.17
3071,9.72,15.9,49.73,3.88,0.29,0.0,-4.15,27.89,16.94,-52.83,-18.54,2.73,67.36,-15.81,51.56
3081,10.33,17.74,50.59,3.43,1.0,0.0,-2.87,27.65,15.56,-49.32,-19.41,2.76,74.1,-16.65,57.45
3091,9.64,18.56,50.26,4.36,0.71,0.0,-1.92,26.92,16.97,-51.38,-18.89,2.73,74.13,-16.17,57.97
3101,11.85,13.9,49.42,4.45,0.52,0.0,-2.04,27.01,16.02,-50.75,-18.18,2.73,70.37,-15.45,54.92
3111,9.01,20.38,54.34,3.67,0.51,0.0,-1.9,29.44,17.37,-53.78,-17.43,2.71,79.04,-14.72,64.32
3121,8.02,21.69,50.7,5.27,0.53,0.0,-4.47,27.64,16.9,-50.64,-19.34,2.73,75.64,-16.61,59.04
3131,9.73,13.87,47.32,3.02,2.5,0.0,-0.13,26.54,17.05,-49.48,-18.11,2.71,70.41,-15.4,55.01
3141,13.7,17.81,49.53,4.7,0.87,0.0,-4.6,26.81,15.63,-50.52,-18.39,2.72,73.92,-15.67,58.25
3151,11.29,23.52,56.11,5.28,0.02,0.0,-3.4,26.74,16.33,-50.15,-18.02,2.73,85.73,-15.29,70.44
3161,9.81,16.18,50.4,3.34,1.52,0.0,-4.76,26.12,13.76,-47.58,-18.85,2.74,68.78,-16.11,52.67
3171,7.05,18.13,52.12,6.48,0.52,0.0,-2.82,27.41,18.12,-48.67,-19.0,2.72,78.34,-16.27,62.07
3181,9.32,20.06,50.26,7.65,0.33,0.0,-0.03,29.72,16.61,-52.96,-19.13,2.75,80.96,-16.38,64.59
3191,12.67,16.34,52.19,4.14,1.36,0.0,-3.24,25.82,15.85,-48.99,-17.69,2.73,76.14,-14.97,61.17
3201,8.77,13.27,50.14,3.1,0.48,0.0,-2.37,25.87,17.02,-48.33,-18.58,2.71,67.96,-15.87,52.08
3211,14.26,21.35,54.24,4.69,0.12,0.0,-2.14,26.66,16.67,-47.9,-19.78,2.76,87.95,-17.02,70.93
3221,9.26,15.45,48.56,3.8,0.27,0.0,-3.86,25.93,16.46,-47.7,-18.56,2.77,68.18,-15.79,52.39
3231,5.87,16.37,50.0,3.85,1.23,0.0,-2.27,26.26,21.16,-48.71,-17.89,2.71,73.76,-15.18,58.58
3241,10.16,22.38,51.71,5.36,0.94,0.0,-3.0,24.58,15.72,-46.7,-19.26,2.75,81.15,-16.51,64.64
3251,12.92,18.93,50.71,3.87,0.01,0.0,-3.39,26.76,16.68,-51.32,-18.66,2.71,75.18,-15.95,59.23
3261,7.22,12.99,49.56,2.73,0.73,0.0,-2.7,27.78,15.06,-51.19,-18.56,2.75,62.19,-15.81,46.38
3271,9.19,23.31,49.63,4.73,0.97,0.0,-3.82,27.2,16.01,-51.72,-19.04,2.73,75.5,-16.3,59.19
3281,11.55,16.95,48.83,5.29,0.67,0.0,-3.06,25.96,18.67,-49.07,-18.6,2.72,75.77,-15.88,59.89
3291,10.07,15.84,51.83,3.71,0.1,0.0,-2.77,28.53,18.87,-53.06,-18.46,2.72,73.11,-15.74,57.38
3301,8.0,22.2,52.24,4.72,0.33,0.0,-3.63,27.83,15.96,-50.34,-18.58,2.74,77.33,-15.84,61.49
3311,7.32,13.03,51.51,3.37,1.44,0.0,-3.7,27.05,20.54,-49.19,-18.58,2.73,71.37,-15.84,55.53
3321,14.65,21.61,52.17,4.91,0.08,0.0,-2.65,26.04,15.99,-49.12,-18.58,2.74,83.67,-15.84,67.83
3331,9.25,13.77,51.36,3.53,0.66,0.0,-4.6,27.45,15.72,-51.22,-18.44,2.74,65.92,-15.71,50.22
3341,11.36,14.85,48.88,3.06,0.13,0.0,-3.44,26.94,13.62,-51.17,-18.77,2.76,64.23,-16.01,48.22
3351,8.85,17.56,51.95,3.85,0.07,0.0,-3.88,26.34,15.43,-49.84,-18.54,2.75,70.34,-15.78,54.56
3361,8.83,20.89,49.43,3.98,0.34,0.0,-2.82,26.38,17.61,-49.79,-18.55,2.74,74.83,-15.81,59.02
3371,11.58,17.87,48.76,3.74,0.13,0.0,-2.79,27.95,15.63,-50.75,-18.92,2.74,72.13,-16.18,55.95
3381,11.48,14.73,50.4,2.34,0.52,0.0,-1.65,27.05,18.9,-52.31,-17.97,2.73,71.47,-15.24,56.23
3391,12.55,15.11,48.7,4.68,0.15,0.0,-2.91,26.94,15.47,-51.05,-18.52,2.74,69.63,-15.78,53.85
3401,9.81,17.36,52.31,4.02,0.58,0.0,-4.5,27.88,19.47,-51.88,-18.5,2.72,75.05,-15.77,59.28
3411,8.46,16.9,49.33,3.0,0.58,0.0,-4.57,28.09,14.73,-49.79,-19.19,2.7,66.73,-16.48,50.25
3421,14.93,15.98,51.28,4.56,0.32,0.0,-1.53,28.8,18.25,-51.34,-19.4,2.73,81.25,-16.67,64.58
3431,7.49,16.92,51.16,3.52,0.05,0.0,-3.34,26.84,16.93,-49.86,-18.38,2.74,69.7,-15.64,54.06
3441,11.66,17.82,48.82,4.09,0.06,0.0,-3.83,28.64,16.77,-52.49,-19.06,2.74,71.55,-16.32,55.23
3451,10.05,18.03,50.33,3.04,0.31,0.0,-2.83,27.45,15.55,-51.15,-18.5,2.73,70.77,-15.77,55.0
3461,9.71,20.8,50.51,3.54,0.97,0.0,-3.69,25.2,17.73,-47.94,-18.17,2.72,76.84,-15.45,61.39
3471,8.18,21.08,51.06,4.28,0.74,0.0,-3.71,25.92,15.44,-47.27,-19.15,2.7,75.74,-16.45,59.29
3481,13.09,18.1,49.22,3.26,0.23,0.0,-5.76,25.52,15.93,-47.54,-19.94,2.74,72.04,-17.2,54.84
3491,12.91,17.74,51.86,4.82,0.1,0.0,-4.0,27.72,14.81,-50.2,-19.87,2.73,75.74,-17.14,58.6
3501,5.83,22.36,48.4,4.44,0.2,0.0,-3.65,27.62,17.73,-50.79,-18.03,2.72,72.14,-15.31,56.83
3511,14.62,16.64,53.76,4.27,0.23,0.0,-3.39,26.97,11.32,-49.97,-18.82,2.78,74.45,-16.04,58.41
3521,11.15,20.73,51.88,4.04,0.75,0.0,-4.4,25.98,13.42,-49.1,-19.24,2.71,74.45,-16.53,57.93
3531,10.5,16.54,54.19,5.11,0.31,0.0,-3.34,27.17,18.79,-47.66,-19.42,2.73,81.61,-16.69,64.92
3541,13.59,11.9,50.67,2.74,0.48,0.0,-0.87,27.73,14.27,-51.61,-18.48,2.75,68.91,-15.73,53.18
3551,8.7,20.64,51.69,4.74,1.52,0.0,-2.97,28.55,15.86,-50.92,-19.46,2.77,77.82,-16.69,61.13
3561,10.49,18.4,47.18,4.8,0.2,0.0,-1.77,27.93,15.23,-50.4,-18.76,2.74,72.05,-16.02,56.03
3571,9.88,18.1,48.47,3.97,0.81,0.0,-2.46,27.82,15.12,-51.79,-18.53,2.74,69.91,-15.79,54.12
3581,5.17,19.48,49.67,4.36,0.26,0.0,-3.39,27.18,19.32,-50.54,-17.99,2.7,71.51,-15.29,56.22
3591,8.12,14.59,55.51,3.54,1.64,0.0,-4.61,28.23,16.71,-51.65,-19.41,2.76,72.08,-16.65,55.44
3601,13.56,15.57,50.99,3.59,1.34,0.0,-2.51,26.93,12.79,-48.67,-19.45,2.77,73.59,-16.68,56.91
3611,7.28,17.79,52.14,3.03,0.24,0.0,-3.19,24.97,16.93,-48.13,-18.01,2.71,71.07,-15.3,55.76
3621,8.77,18.56,47.74,3.52,1.71,0.0,-4.81,25.07,15.53,-45.52,-18.71,2.68,70.58,-16.02,54.55
3631,9.17,15.52,49.97,3.67,0.28,0.0,-4.12,25.48,14.56,-47.15,-19.13,2.68,67.38,-16.46,50.92
3641,17.19,18.26,53.89,4.53,0.01,0.0,-3.58,27.2,16.07,-52.72,-18.6,2.77,80.86,-15.83,65.03
3651,10.4,16.08,51.06,4.45,0.49,0.0,-2.0,27.48,16.11,-50.49,-19.05,2.75,73.58,-16.3,57.28
3661,13.95,19.88,51.49,4.5,0.26,0.0,-3.54,26.07,15.3,-48.7,-18.61,2.76,79.21,-15.85,63.36
3671,9.46,18.59,48.37,4.03,2.19,0.0,-2.82,26.14,16.74,-50.58,-18.12,2.73,72.13,-15.39,56.74
3681,9.39,17.55,49.47,4.2,0.53,0.0,-0.97,27.52,17.03,-51.1,-18.74,2.72,73.62,-16.02,57.6
3691,7.5,22.52,47.53,4.53,0.08,0.0,-3.62,28.26,20.45,-53.24,-17.77,2.71,74.03,-15.06,58.97
3701,7.58,15.17,51.62,3.28,0.04,0.0,-3.79,26.28,18.91,-47.87,-18.68,2.75,71.23,-15.93,55.3
3711,8.19,21.47,50.58,4.77,0.45,0.0,-2.91,26.33,17.11,-46.88,-18.12,2.72,79.11,-15.4,63.71
3721,8.23,19.71,49.32,3.45,0.15,0.0,-2.22,27.13,17.09,-49.65,-18.3,2.71,73.2,-15.59,57.61
3731,12.91,16.43,48.36,3.62,0.33,0.0,-1.96,27.87,13.13,-51.2,-18.35,2.73,69.49,-15.62,53.87
3741,8.97,18.98,47.72,5.2,1.43,0.0,-4.77,25.79,18.7,-48.14,-18.9,2.75,73.87,-16.15,57.72
3751,7.81,20.35,49.6,4.64,1.34,0.0,-2.7,27.34,16.28,-53.15,-18.29,2.76,71.52,-15.53,55.99
3761,16.2,16.85,48.52,2.76,0.06,0.0,-2.58,26.18,17.18,-46.02,-18.52,2.75,79.15,-15.78,63.38
3771,10.88,19.99,51.33,4.87,0.25,0.0,-0.54,26.98,16.13,-52.77,-18.52,2.73,77.13,-15.78,61.35
3781,9.25,13.16,53.08,2.43,0.33,0.0,-2.85,26.01,16.29,-48.19,-18.6,2.75,69.51,-15.86,53.65
3791,10.84,16.97,51.21,4.04,0.86,0.0,-1.58,25.9,18.46,-49.86,-17.71,2.72,76.86,-14.99,61.86
3801,8.49,22.98,55.75,5.04,0.81,0.0,-2.24,26.49,16.95,-49.18,-19.27,2.76,85.1,-16.51,68.59
3811,14.54,17.04,50.92,4.76,0.01,0.0,-2.86,27.11,15.14,-52.66,-17.74,2.73,74.02,-15.02,59.0
3821,8.22,22.74,53.44,6.2,0.28,0.0,-4.01,27.8,18.56,-49.71,-18.85,2.7,83.51,-16.16,67.35
3831,10.78,14.24,49.4,2.5,1.11,0.0,-2.93,27.63,18.91,-51.51,-18.63,2.72,70.14,-15.91,54.22
3841,11.02,14.2,50.35,3.89,0.02,0.0,-4.02,27.95,18.22,-48.97,-19.03,2.74,72.66,-16.29,56.37
3851,9.03,15.58,49.54,2.13,0.02,0.0,-2.89,27.21,16.76,-51.31,-17.82,2.72,66.08,-15.1,50.98
3861,11.91,22.76,52.81,4.8,0.07,0.0,-3.48,27.8,16.46,-52.84,-19.57,2.74,80.29,-16.83,63.46
3871,12.9,19.02,49.98,4.84,0.37,0.0,-3.93,27.11,15.27,-50.11,-19.61,2.77,75.45,-16.84,58.61
3881,10.18,19.87,48.74,4.7,1.12,0.0,-3.48,27.62,14.87,-51.8,-18.45,2.73,71.83,-15.72,56.11
3891,11.95,18.96,50.32,5.2,0.27,0.0,-5.74,24.72,16.79,-46.19,-19.24,2.7,76.26,-16.54,59.72
3901,8.36,17.14,52.95,2.33,0.09,0.0,-3.67,27.48,15.69,-50.89,-18.62,2.74,69.47,-15.88,53.6
3911,9.83,18.11,52.39,3.51,0.03,0.0,-4.06,25.06,17.37,-46.08,-18.6,2.75,76.16,-15.86,60.3
3921,9.8,21.3,52.7,5.36,0.04,0.0,-5.88,29.34,13.22,-52.57,-19.86,2.73,73.31,-17.13,56.17
3931,12.58,22.55,49.64,5.29,1.39,0.0,-4.7,27.1,19.15,-50.36,-19.18,2.74,82.63,-16.45,66.18
3941,8.61,24.18,49.51,6.45,2.59,0.0,-5.02,24.63,15.98,-45.63,-19.26,2.75,81.3,-16.52,64.78
3951,8.8,19.8,51.96,3.74,0.16,0.0,-4.18,28.13,16.92,-52.78,-19.15,2.73,72.54,-16.43,56.12
3961,9.88,16.01,48.24,4.19,0.61,0.0,-1.97,27.69,17.45,-53.21,-17.72,2.72,68.9,-15.0,53.9
3971,13.2,15.73,47.92,4.89,0.77,0.0,-3.57,26.78,14.34,-50.36,-18.32,2.74,69.7,-15.58,54.13
3981,9.02,16.03,49.85,4.39,0.84,0.0,-3.53,29.35,17.16,-52.7,-17.73,2.7,70.43,-15.03,55.39
3991,13.22,16.9,48.31,4.26,0.97,0.0,-3.87,27.32,19.29,-52.29,-17.75,2.71,74.1,-15.05,59.06
4001,8.87,15.57,52.61,3.33,0.1,0.0,-2.91,27.47,18.32,-50.57,-17.95,2.68,72.79,-15.27,57.52

Delta Energy Terms
Frame #,BOND,ANGLE,DIHED,UB,IMP,CMAP,VDWAALS,EEL,1-4 VDW,1-4 EEL,EGB,ESURF,GGAS,GSOLV,TOTAL
1,-0.0,-0.0,0.0,0.0,0.0,0.0,-10.49,0.81,0.0,-0.0,3.7,-1.31,-9.68,2.39,-7.29
11,0.0,0.0,0.0,0.0,0.0,0.0,-10.45,0.54,-0.0,-0.0,3.33,-1.27,-9.91,2.06,-7.85
21,-0.0,0.0,0.0,-0.0,0.0,0.0,-6.11,2.01,0.0,0.0,1.38,-0.82,-4.1,0.56,-3.54
31,0.0,-0.0,-0.0,-0.0,-0.0,0.0,-9.76,0.27,-0.0,0.0,5.0,-1.51,-9.49,3.49,-6.0
41,-0.0,0.0,0.0,0.0,0.0,0.0,-12.34,-0.17,0.0,0.0,5.17,-1.75,-12.51,3.41,-9.09
51,0.0,-0.0,-0.0,-0.0,0.0,0.0,-7.8,1.9,-0.0,-0.0,2.6,-1.26,-5.9,1.33,-4.56
61,-0.0,-0.0,-0.0,-0.0,-0.0,0.0,-8.98,1.29,0.0,-0.0,4.13,-1.35,-7.69,2.78,-4.9
71,-0.0,0.0,-0.0,0.0,0.0,0.0,-9.25,0.48,0.0,0.0,3.61,-1.24,-8.77,2.37,-6.4
81,0.0,-0.0,0.0,-0.0,0.0,0.0,-6.04,1.65,-0.0,-0.0,1.95,-0.92,-4.39,1.03,-3.36
91,0.0,0.0,-0.0,0.0,-0.0,0.0,-7.4,0.78,-0.0,0.0,2.57,-1.03,-6.61,1.54,-5.08
101,-0.0,0.0,0.0,-0.0,0.0,0.0,-6.23,1.51,-0.0,0.0,1.86,-0.86,-4.72,1.0,-3.72
111,-0.0,-0.0,-0.0,-0.0,-0.0,0.0,-10.07,0.27,0.0,0.0,4.25,-1.3,-9.8,2.95,-6.85
121,-0.0,0.0,-0.0,0.0,-0.0,0.0,-8.29,0.81,-0.0,-0.0,2.99,-1.2,-7.49,1.8,-5.69
131,-0.0,0.0,0.0,-0.0,-0.0,0.0,-6.8,2.3,0.0,0.0,1.24,-0.88,-4.49,0.36,-4.14
141,0.0,0.0,-0.0,-0.0,0.0,0.0,-6.67,0.84,0.0,0.0,2.75,-0.95,-5.83,1.8,-4.02
151,-0.0,-0.0,-0.0,-0.0,-0.0,0.0,-11.64,-0.49,-0.0,0.0,4.66,-1.41,-12.12,3.25,-8.88
161,-0.0,0.0,-0.0,-0.0,-0.0,0.0,-13.37,-1.54,-0.0,0.0,7.9,-1.73,-14.9,6.18,-8.72
171,0.0,0.0,-0.0,-0.0,-0.0,0.0,-12.74,-3.21,0.0,0.0,8.32,-1.61,-15.95,6.7,-9.24
181,-0.0,-0.0,0.0,-0.0,0.0,0.0,-13.48,-1.38,0.0,-0.0,6.67,-1.64,-14.86,5.03,-9.83
191,-0.0,0.0,0.0,-0.0,-0.0,0.0,-14.11,-1.25,0.0,0.0,8.05,-1.82,-15.36,6.24,-9.12
201,-0.0,0.0,0.0,0.0,0.0,0.0,-13.88,-1.88,0.0,0.0,7.64,-1.68,-15.75,5.96,-9.8
211,-0.0,-0.0,0.0,0.0,0.0,0.0,-15.69,-3.97,-0.0,-0.0,9.89,-1.88,-19.66,8.01,-11.65
221,0.0,-0.0,-0.0,0.0,-0.0,0.0,-13.06,-2.77,-0.0,-0.0,9.06,-1.51,-15.83,7.56,-8.27
231,0.0,-0.0,-0.0,-0.0,-0.0,0.0,-16.47,-3.96,-0.0,0.0,11.99,-2.49,-20.43,9.49,-10.94
241,0.0,0.0,0.0,0.0,-0.0,0.0,-17.32,-4.35,0.0,0.0,10.69,-2.28,-21.67,8.41,-13.26
251,-0.0,-0.0,-0.0,0.0,-0.0,0.0,-18.36,-0.85,0.0,-0.0,8.85,-2.18,-19.21,6.67,-12.54
261,0.0,-0.0,0.0,-0.0,0.0,0.0,-15.67,-2.71,0.0,0.0,11.91,-2.28,-18.38,9.63,-8.75
271,-0.0,-0.0,-0.0,0.0,-0.0,0.0,-17.42,-3.07,-0.0,0.0,11.37,-2.36,-20.49,9.01,-11.48
281,0.0,-0.0,-0.0,0.0,0.0,0.0,-19.98,-1.8,0.0,0.0,10.11,-2.27,-21.79,7.84,-13.95
291,0.0,-0.0,-0.0,0.0,-0.0,0.0,-21.65,-1.62,-0.0,-0.0,9.38,-2.34,-23.27,7.03,-16.24
301,0.0,-0.0,-0.0,-0.0,-0.0,0.0,-14.39,0.09,0.0,-0.0,8.33,-1.95,-14.3,6.39,-7.91
311,0.0,-0.0,-0.0,-0.0,-0.0,0.0,-16.08,-2.14,-0.0,0.0,8.05,-1.82,-18.22,6.23,-11.99
321,-0.0,-0.0,0.0,-0.0,-0.0,0.0,-16.42,-1.35,-0.0,-0.0,9.49,-2.11,-17.78,7.38,-10.4
331,-0.0,-0.0,-0.0,0.0,0.0,0.0,-12.28,-3.43,-0.0,-0.0,9.44,-1.69,-15.71,7.74,-7.97
341,0.0,-0.0,-0.0,-0.0,-0.0,0.0,-10.94,-2.12,0.0,-0.0,7.43,-1.65,-13.06,5.78,-7.28
351,0.0,-0.0,-0.0,-0.0,0.0,0.0,-13.28,-2.7,0.0,-0.0,8.31,-1.6,-15.98,6.71,-9.27
361,-0.0,-0.0,0.0,0.0,-0.0,0.0,-7.43,-2.49,-0.0,-0.0,6.39,-1.03,-9.92,5.36,-4.55
371,0.0,0.0,0.0,-0.0,0.0,0.0,-13.53,-3.82,0.0,0.0,9.31,-1.49,-17.35,7.82,-9.52
381,0.0,0.0,-0.0,0.0,-0.0,0.0,-17.93,-1.05,0.0,-0.0,9.07,-2.23,-18.98,6.83,-12.15
391,0.0,0.0,0.0,-0.0,-0.0,0.0,-10.66,-1.18,-0.0,-0.0,6.37,-1.32,-11.84,5.05,-6.79
401,0.0,-0.0,0.0,-0.0,-0.0,0.0,-12.43,-1.68,0.0,0.0,7.88,-1.44,-14.11,6.44,-7.68
411,0.0,-0.0,-0.0,-0.0,-0.0,0.0,-10.07,-2.53,-0.0,0.0,7.4,-1.21,-12.6,6.19,-6.41
421,0.0,0.0,-0.0,0.0,-0.0,0.0,-16.33,-1.55,0.0,0.0,8.17,-1.8,-17.88,6.37,-11.51
431,0.0,-0.0,0.0,0.0,0.0,0.0,-14.68,-1.44,0.0,0.0,8.35,-1.95,-16.12,6.4,-9.73
441,-0.0,0.0,-0.0,-0.0,-0.0,0.0,-16.22,-6.56,-0.0,0.0,11.95,-2.06,-22.78,9.89,-12.89
451,-0.0,-0.0,0.0,-0.0,0.0,0.0,-20.04,-5.72,0.0,0.0,11.91,-2.12,-25.76,9.79,-15.97
461,-0.0,0.0,0.0,0.0,-0.0,0.0,-18.44,-1.39,-0.0,-0.0,8.25,-2.22,-19.84,6.03,-13.81
471,0.0,-0.0,0.0,0.0,-0.0,0.0,-20.05,-0.64,0.0,0.0,10.39,-2.29,-20.7,8.11,-12.59
481,-0.0,-0.0,0.0,0.0,-0.0,0.0,-18.66,-3.81,-0.0,0.0,9.49,-2.16,-22.47,7.33,-15.13
491,0.0,-0.0,-0.0,-0.0,0.0,0.0,-18.5,-1.87,-0.0,0.0,7.83,-2.07,-20.36,5.75,-14.61
501,0.0,0.0,0.0,-0.0,0.0,0.0,-19.27,-1.69,0.0,0.0,8.88,-2.12,-20.96,6.76,-14.2
511,0.0,0.0,-0.0,0.0,-0.0,0.0,-18.97,-2.76,-0.0,0.0,9.01,-2.06,-21.73,6.95,-14.77
521,0.0,-0.0,-0.0,-0.0,0.0,0.0,-18.59,-0.43,-0.0,0.0,8.6,-2.26,-19.02,6.35,-12.67
531,0.0,-0.0,-0.0,0.0,0.0,0.0,-18.51,-1.46,0.0,0.0,9.44,-2.27,-19.97,7.16,-12.81
541,-0.0,0.0,0.0,-0.0,-0.0,0.0,-17.54,1.47,0.0,-0.0,6.59,-2.19,-16.06,4.4,-11.67
551,0.0,-0.0,0.0,0.0,0.0,0.0,-18.78,-1.96,0.0,0.0,9.93,-2.24,-20.74,7.69,-13.05
561,-0.0,-0.0,0.0,-0.0,-0.0,0.0,-16.55,-6.45,-0.0,-0.0,11.35,-2.13,-23.0,9.22,-13.78
571,-0.0,-0.0,-0.0,0.0,-0.0,0.0,-15.07,0.36,-0.0,0.0,7.19,-1.96,-14.71,5.22,-9.49
581,0.0,0.0,0.0,-0.0,-0.0,0.0,-17.87,0.8,-0.0,0.0,6.86,-2.27,-17.07,4.59,-12.48
591,-0.0,-0.0,-0.0,-0.0,0.0,0.0,-17.64,0.33,0.0,-0.0,7.4,-2.23,-17.31,5.18,-12.13
601,-0.0,0.0,0.0,-0.0,-0.0,0.0,-17.46,-3.45,-0.0,0.0,10.24,-2.27,-20.91,7.97,-12.94
611,0.0,-0.0,0.0,-0.0,0.0,0.0,-19.53,-2.59,-0.0,-0.0,9.73,-2.19,-22.12,7.54,-14.58
621,-0.0,-0.0,-0.0,0.0,0.0,0.0,-18.33,0.36,0.0,-0.0,6.91,-2.07,-17.97,4.84,-13.14
631,0.0,0.0,-0.0,0.0,0.0,0.0,-13.61,-4.8,0.0,0.0,11.3,-1.52,-18.41,9.79,-8.62
641,0.0,0.0,-0.0,-0.0,-0.0,0.0,-16.24,1.02,-0.0,-0.0,7.26,-1.88,-15.22,5.38,-9.84
651,-0.0,-0.0,-0.0,0.0,0.0,0.0,-18.88,-3.03,-0.0,-0.0,9.53,-1.82,-21.9,7.71,-14.19
661,0.0,-0.0,-0.0,-0.0,-0.0,0.0,-18.79,-3.42,0.0,0.0,10.43,-2.22,-22.21,8.21,-14.0
671,-0.0,-0.0,0.0,0.0,0.0,0.0,-17.56,-1.13,0.0,-0.0,8.71,-2.24,-18.69,6.46,-12.22
681,0.0,-0.0,0.0,-0.0,-0.0,0.0,-18.41,-0.46,-0.0,0.0,8.82,-2.36,-18.87,6.46,-12.41
691,-0.0,-0.0,-0.0,0.0,0.0,0.0,-18.81,-1.08,-0.0,-0.0,8.9,-2.25,-19.89,6.66,-13.24
701,-0.0,-0.0,0.0,0.0,-0.0,0.0,-15.97,-2.55,0.0,0.0,9.05,-2.02,-18.51,7.04,-11.48
711,0.0,-0.0,-0.0,0.0,0.0,0.0,-18.32,0.87,0.0,0.0,6.04,-2.16,-17.45,3.87,-13.58
721,0.0,0.0,-0.0,-0.0,0.0,0.0,-17.12,-5.37,0.0,-0.0,11.46,-2.1,-22.49,9.37,-13.13
731,0.0,-0.0,0.0,0.0,0.0,0.0,-15.1,-4.39,0.0,0.0,10.2,-1.47,-19.49,8.73,-10.75
741,0.0,0.0,-0.0,-0.0,0.0,0.0,-15.98,-1.76,0.0,0.0,7.97,-1.92,-17.74,6.05,-11.69
751,-0.0,0.0,0.0,0.0,-0.0,0.0,-16.57,-1.2,-0.0,0.0,7.87,-1.94,-17.76,5.93,-11.83
761,0.0,0.0,-0.0,-0.0,-0.0,0.0,-18.84,-1.95,-0.0,-0.0,10.48,-2.17,-20.79,8.32,-12.47
771,0.0,-0.0,0.0,0.0,0.0,0.0,-16.04,-2.53,0.0,0.0,9.02,-2.21,-18.57,6.81,-11.76
781,0.0,-0.0,-0.0,0.0,0.0,0.0,-16.96,-2.01,-0.0,-0.0,9.09,-2.07,-18.97,7.03,-11.94
791,0.0,-0.0,0.0,-0.0,0.0,0.0,-18.27,0.15,0.0,-0.0,6.24,-2.07,-18.12,4.17,-13.95
801,0.0,0.0,0.0,-0.0,-0.0,0.0,-18.2,-1.09,0.0,-0.0,9.0,-2.07,-19.3,6.93,-12.37
811,-0.0,0.0,0.0,-0.0,0.0,0.0,-17.92,-2.4,-0.0,-0.0,9.54,-1.95,-20.32,7.59,-12.73
821,-0.0,0.0,0.0,0.0,-0.0,0.0,-18.64,1.45,-0.0,-0.0,8.2,-2.28,-17.19,5.92,-11.27
831,-0.0,0.0,-0.0,0.0,0.0,0.0,-18.6,2.01,-0.0,0.0,5.83,-2.18,-16.58,3.65,-12.93
841,-0.0,-0.0,0.0,0.0,0.0,0.0,-18.96,-0.7,-0.0,0.0,9.71,-2.26,-19.66,7.45,-12.21
851,0.0,-0.0,0.0,0.0,0.0,0.0,-20.66,-0.17,0.0,-0.0,8.56,-2.27,-20.83,6.28,-14.55
861,0.0,0.0,0.0,-0.0,-0.0,0.0,-19.61,0.24,0.0,-0.0,10.54,-2.42,-19.37,8.12,-11.25
871,-0.0,-0.0,0.0,-0.0,-0.0,0.0,-18.52,-2.03,-0.0,0.0,8.64,-1.99,-20.56,6.65,-13.91
881,-0.0,0.0,-0.0,0.0,0.0,0.0,-19.99,-3.72,0.0,-0.0,11.34,-2.33,-23.72,9.01,-14.71
891,-0.0,-0.0,-0.0,0.0,0.0,0.0,-21.23,-7.91,-0.0,-0.0,14.49,-2.26,-29.13,12.23,-16.91
901,-0.0,-0.0,-0.0,0.0,-0.0,0.0,-17.97,-7.65,-0.0,0.0,14.24,-2.16,-25.62,12.07,-13.55
911,0.0,-0.0,0.0,0.0,-0.0,0.0,-16.43,-3.11,-0.0,0.0,9.87,-2.07,-19.55,7.8,-11.75
921,-0.0,0.0,0.0,0.0,0.0,0.0,-15.13,-0.14,0.0,0.0,7.37,-1.89,-15.27,5.47,-9.8
931,0.0,0.0,0.0,0.0,-0.0,0.0,-18.52,-3.05,-0.0,0.0,10.56,-2.27,-21.57,8.28,-13.29
941,-0.0,0.0,-0.0,0.0,-0.0,0.0,-13.17,-2.43,0.0,-0.0,8.05,-1.63,-15.6,6.42,-9.18
951,0.0,0.0,0.0,0.0,-0.0,0.0,-19.87,-0.92,-0.0,-0.0,8.01,-2.2,-20.78,5.81,-14.97
961,-0.0,0.0,0.0,-0.0,0.0,0.0,-20.46,-3.16,0.0,-0.0,11.4,-2.23,-23.62,9.16,-14.46
971,-0.0,0.0,-0.0,-0.0,-0.0,0.0,-18.78,-2.57,0.0,-0.0,9.87,-2.18,-21.35,7.69,-13.66
981,0.0,0.0,-0.0,-0.0,0.0,0.0,-17.47,-4.43,-0.0,0.0,10.29,-1.9,-21.9,8.39,-13.51
991,0.0,0.0,-0.0,-0.0,-0.0,0.0,-17.72,-2.46,0.0,0.0,8.73,-2.18,-20.18,6.55,-13.64
1001,-0.0,-0.0,-0.0,-0.0,0.0,0.0,-18.18,-2.84,0.0,-0.0,8.63,-2.08,-21.01,6.56,-14.45
1011,-0.0,0.0,0.0,-0.0,0.0,0.0,-20.16,-2.91,0.0,0.0,8.93,-2.11,-23.07,6.82,-16.25
1021,-0.0,0.0,-0.0,0.0,-0.0,0.0,-18.72,-1.11,-0.0,-0.0,8.63,-2.25,-19.83,6.38,-13.45
1031,-0.0,-0.0,-0.0,-0.0,-0.0,0.0,-13.12,-1.27,-0.0,0.0,6.5,-1.59,-14.39,4.91,-9.48
1041,-0.0,0.0,-0.0,0.0,-0.0,0.0,-10.86,-2.64,-0.0,-0.0,9.02,-1.74,-13.5,7.28,-6.22
1051,0.0,-0.0,-0.0,0.0,0.0,0.0,-12.96,-3.09,0.0,-0.0,9.04,-1.74,-16.05,7.3,-8.75
1061,-0.0,0.0,-0.0,0.0,0.0,0.0,-17.62,-0.29,-0.0,-0.0,7.94,-2.18,-17.91,5.76,-12.14
1071,0.0,-0.0,0.0,0.0,0.0,0.0,-19.12,2.14,-0.0,-0.0,7.12,-2.18,-16.98,4.94,-12.04
1081,0.0,0.0,-0.0,-0.0,-0.0,0.0,-19.88,-1.5,-0.0,-0.0,9.67,-2.29,-21.38,7.38,-14.0
1091,-0.0,0.0,-0.0,-0.0,-0.0,0.0,-16.08,1.07,0.0,-0.0,7.0,-1.92,-15.01,5.09,-9.92
1101,-0.0,0.0,-0.0,-0.0,0.0,0.0,-19.75,-2.03,-0.0,0.0,7.72,-2.18,-21.78,5.53,-16.24
1111,-0.0,0.0,0.0,-0.0,-0.0,0.0,-19.72,-0.2,0.0,0.0,9.01,-2.24,-19.92,6.77,-13.15
1121,0.0,-0.0,-0.0,-0.0,0.0,0.0,-20.54,0.75,-0.0,0.0,8.14,-2.19,-19.78,5.95,-13.83
1131,0.0,0.0,0.0,-0.0,-0.0,0.0,-21.43,-1.95,-0.0,-0.0,10.98,-2.24,-23.38,8.74,-14.65
1141,-0.0,-0.0,-0.0,0.0,-0.0,0.0,-15.78,0.5,-0.0,-0.0,7.51,-1.88,-15.28,5.63,-9.65
1151,-0.0,0.0,0.0,0.0,-0.0,0.0,-15.16,-1.83,-0.0,0.0,7.57,-1.79,-16.99,5.78,-11.21
1161,0.0,0.0,0.0,-0.0,0.0,0.0,-18.74,-1.7,0.0,-0.0,9.13,-2.24,-20.44,6.88,-13.56
1171,-0.0,-0.0,0.0,-0.0,-0.0,0.0,-15.59,-3.72,0.0,0.0,10.15,-1.88,-19.31,8.27,-11.04
1181,0.0,0.0,-0.0,0.0,0.0,0.0,-17.07,-7.04,-0.0,-0.0,13.55,-2.2,-24.11,11.35,-12.76
1191,-0.0,-0.0,-0.0,0.0,-0.0,0.0,-18.87,-2.57,0.0,0.0,10.46,-2.3,-21.45,8.16,-13.28
1201,0.0,-0.0,-0.0,-0.0,-0.0,0.0,-16.63,-2.41,0.0,0.0,8.13,-2.1,-19.04,6.02,-13.01
1211,-0.0,0.0,0.0,-0.0,0.0,0.0,-16.72,-0.97,-0.0,0.0,7.97,-2.06,-17.69,5.91,-11.79
1221,0.0,0.0,-0.0,-0.0,-0.0,0.0,-17.31,-2.58,0.0,0.0,7.89,-2.08,-19.89,5.8,-14.09
1231,0.0,-0.0,0.0,-0.0,0.0,0.0,-19.1,0.3,0.0,-0.0,7.49,-2.14,-18.79,5.34,-13.45
1241,0.0,0.0,0.0,-0.0,0.0,0.0,-11.74,-0.79,0.0,0.0,6.68,-1.64,-12.53,5.04,-7.49
1251,-0.0,-0.0,-0.0,0.0,-0.0,0.0,-18.16,-3.87,-0.0,0.0,9.45,-2.26,-22.02,7.18,-14.84
1261,-0.0,-0.0,0.0,-0.0,-0.0,0.0,-16.02,-3.49,0.0,-0.0,9.61,-2.02,-19.51,7.59,-11.92
1271,-0.0,-0.0,-0.0,0.0,-0.0,0.0,-19.39,-2.35,0.0,0.0,9.96,-2.23,-21.74,7.73,-14.01
1281,-0.0,-0.0,0.0,-0.0,-0.0,0.0,-19.25,-2.1,0.0,0.0,8.7,-2.2,-21.35,6.5,-14.85
1291,-0.0,0.0,0.0,0.0,-0.0,0.0,-20.28,0.07,-0.0,0.0,8.76,-2.25,-20.22,6.51,-13.71
1301,0.0,-0.0,0.0,-0.0,0.0,0.0,-16.75,-2.3,-0.0,-0.0,8.06,-2.07,-19.05,5.99,-13.06
1311,0.0,-0.0,0.0,-0.0,-0.0,0.0,-18.08,-2.1,-0.0,0.0,9.49,-2.18,-20.17,7.31,-12.87
1321,0.0,0.0,0.0,-0.0,-0.0,0.0,-19.61,-2.9,0.0,-0.0,10.71,-2.22,-22.51,8.49,-14.01
1331,0.0,0.0,0.0,0.0,0.0,0.0,-20.15,-0.07,-0.0,0.0,8.87,-2.1,-20.22,6.77,-13.45
1341,-0.0,0.0,-0.0,-0.0,0.0,0.0,-20.63,-0.65,-0.0,0.0,8.87,-2.29,-21.28,6.58,-14.7
1351,-0.0,-0.0,0.0,-0.0,0.0,0.0,-17.54,-2.01,-0.0,0.0,8.67,-2.21,-19.55,6.46,-13.09
1361,0.0,-0.0,0.0,0.0,0.0,0.0,-17.39,-0.8,0.0,-0.0,7.76,-2.12,-18.19,5.64,-12.54
1371,-0.0,0.0,0.0,0.0,-0.0,0.0,-20.88,-1.47,-0.0,-0.0,10.64,-2.24,-22.35,8.4,-13.95
1381,0.0,0.0,-0.0,0.0,0.0,0.0,-18.06,-3.02,0.0,0.0,10.99,-2.11,-21.08,8.89,-12.19
1391,-0.0,0.0,-0.0,0.0,0.0,0.0,-17.37,-3.54,-0.0,-0.0,11.9,-2.15,-20.92,9.75,-11.17
1401,-0.0,-0.0,0.0,-0.0,-0.0,0.0,-18.08,-1.94,-0.0,-0.0,8.87,-2.26,-20.02,6.61,-13.4
1411,0.0,-0.0,-0.0,-0.0,0.0,0.0,-15.11,-1.64,-0.0,-0.0,8.07,-1.96,-16.75,6.11,-10.64
1421,-0.0,0.0,0.0,-0.0,-0.0,0.0,-19.03,-0.1,0.0,0.0,7.27,-2.24,-19.12,5.03,-14.1
1431,-0.0,0.0,0.0,0.0,-0.0,0.0,-18.79,-0.4,0.0,-0.0,8.28,-2.11,-19.19,6.17,-13.02
1441,-0.0,-0.0,-0.0,0.0,0.0,0.0,-17.06,0.71,-0.0,0.0,7.5,-2.12,-16.35,5.39,-10.96
1451,0.0,0.0,-0.0,-0.0,0.0,0.0,-20.5,-3.41,0.0,-0.0,10.25,-2.27,-23.91,7.98,-15.93
1461,-0.0,-0.0,0.0,-0.0,-0.0,0.0,-17.36,-1.85,-0.0,-0.0,9.4,-2.01,-19.2,7.39,-11.81
1471,-0.0,-0.0,0.0,-0.0,-0.0,0.0,-20.84,2.07,0.0,0.0,6.57,-2.13,-18.77,4.43,-14.33
1481,-0.0,-0.0,0.0,-0.0,0.0,0.0,-19.04,-3.25,-0.0,-0.0,9.15,-2.09,-22.29,7.07,-15.22
1491,-0.0,0.0,-0.0,0.0,0.0,0.0,-20.5,-0.05,-0.0,0.0,8.43,-2.35,-20.55,6.08,-14.48
1501,-0.0,0.0,0.0,0.0,-0.0,0.0,-19.28,-5.42,0.0,0.0,10.09,-2.31,-24.7,7.78,-16.92
1511,0.0,-0.0,-0.0,-0.0,-0.0,0.0,-12.32,-2.9,0.0,-0.0,9.15,-1.48,-15.22,7.67,-7.55
1521,-0.0,-0.0,-0.0,0.0,-0.0,0.0,-11.64,-1.64,0.0,0.0,7.44,-1.38,-13.28,6.06,-7.21
1531,-0.0,0.0,-0.0,0.0,-0.0,0.0,-12.38,-1.01,-0.0,0.0,6.66,-1.41,-13.39,5.25,-8.15
1541,0.0,-0.0,0.0,0.0,0.0,0.0,-14.97,-2.79,0.0,0.0,9.04,-2.21,-17.76,6.83,-10.93
1551,-0.0,-0.0,-0.0,0.0,-0.0,0.0,-14.55,-2.03,-0.0,0.0,6.87,-1.81,-16.58,5.06,-11.52
1561,-0.0,-0.0,0.0,-0.0,-0.0,0.0,-13.89,-0.3,0.0,0.0,6.59,-1.87,-14.18,4.72,-9.46
1571,0.0,-0.0,0.0,-0.0,-0.0,0.0,-18.49,-5.93,-0.0,-0.0,12.64,-2.18,-24.42,10.46,-13.96
1581,0.0,0.0,0.0,-0.0,0.0,0.0,-18.79,-6.43,-0.0,-0.0,12.55,-2.21,-25.22,10.34,-14.88
1591,0.0,0.0,-0.0,-0.0,-0.0,0.0,-19.79,-3.4,-0.0,0.0,10.57,-2.26,-23.19,8.3,-14.89
1601,-0.0,-0.0,0.0,-0.0,0.0,0.0,-17.54,-6.42,0.0,0.0,11.72,-2.33,-23.96,9.39,-14.57
1611,-0.0,-0.0,-0.0,0.0,-0.0,0.0,-18.95,-4.35,0.0,0.0,11.32,-2.23,-23.31,9.09,-14.22
1621,-0.0,0.0,0.0,-0.0,-0.0,0.0,-20.61,-5.75,0.0,0.0,12.08,-2.24,-26.36,9.84,-16.52
1631,0.0,-0.0,-0.0,0.0,0.0,0.0,-17.56,-6.19,0.0,-0.0,11.6,-2.13,-23.74,9.48,-14.27
1641,-0.0,-0.0,0.0,0.0,0.0,0.0,-18.63,-3.31,0.0,0.0,10.6,-2.26,-21.94,8.34,-13.59
1651,0.0,0.0,-0.0,0.0,0.0,0.0,-16.55,-3.71,-0.0,-0.0,9.49,-1.85,-20.26,7.65,-12.61
1661,0.0,0.0,0.0,-0.0,0.0,0.0,-21.95,-5.25,0.0,0.0,12.48,-2.41,-27.2,10.07,-17.14
1671,-0.0,0.0,-0.0,0.0,-0.0,0.0,-19.61,-7.97,0.0,0.0,13.11,-2.31,-27.58,10.8,-16.78
1681,-0.0,-0.0,0.0,-0.0,-0.0,0.0,-19.4,-6.75,0.0,0.0,15.77,-2.28,-26.15,13.49,-12.66
1691,-0.0,-0.0,0.0,-0.0,0.0,0.0,-17.02,0.05,-0.0,0.0,7.36,-2.14,-16.97,5.22,-11.75
1701,-0.0,-0.0,-0.0,0.0,0.0,0.0,-17.52,-2.24,0.0,0.0,9.41,-2.2,-19.75,7.21,-12.55
1711,0.0,0.0,0.0,0.0,0.0,0.0,-17.9,-4.99,0.0,-0.0,11.91,-2.19,-22.9,9.72,-13.18
1721,0.0,-0.0,0.0,0.0,-0.0,0.0,-19.79,-3.66,-0.0,0.0,10.14,-2.31,-23.45,7.82,-15.62
1731,0.0,0.0,0.0,0.0,0.0,0.0,-18.01,2.78,0.0,0.0,7.78,-2.24,-15.23,5.54,-9.69
1741,0.0,0.0,0.0,-0.0,-0.0,0.0,-20.38,-9.23,0.0,-0.0,16.05,-2.28,-29.61,13.77,-15.84
1751,0.0,0.0,-0.0,0.0,0.0,0.0,-16.3,-1.49,-0.0,0.0,8.18,-2.15,-17.79,6.03,-11.76
1761,0.0,-0.0,0.0,-0.0,-0.0,0.0,-18.86,-0.71,-0.0,-0.0,9.17,-2.27,-19.57,6.9,-12.67
1771,-0.0,-0.0,0.0,-0.0,-0.0,0.0,-15.51,-0.61,-0.0,-0.0,6.49,-1.94,-16.12,4.55,-11.58
1781,0.0,-0.0,-0.0,0.0,0.0,0.0,-10.94,-5.33,0.0,-0.0,11.22,-1.4,-16.28,9.82,-6.45
1791,0.0,-0.0,-0.0,-0.0,0.0,0.0,-9.57,-1.03,-0.0,-0.0,4.89,-1.36,-10.6,3.53,-7.08
1801,-0.0,-0.0,-0.0,0.0,-0.0,0.0,-11.31,-4.23,0.0,-0.0,8.87,-1.29,-15.53,7.58,-7.96
1811,0.0,0.0,0.0,0.0,0.0,0.0,-11.91,-1.15,0.0,0.0,7.0,-1.35,-13.06,5.65,-7.4
1821,-0.0,0.0,0.0,0.0,0.0,0.0,-15.83,-5.02,-0.0,-0.0,11.06,-1.75,-20.85,9.31,-11.54
1831,0.0,0.0,0.0,-0.0,-0.0,0.0,-19.36,1.45,-0.0,0.0,8.39,-2.2,-17.9,6.19,-11.71
1841,-0.0,0.0,-0.0,0.0,-0.0,0.0,-17.74,-2.43,-0.0,-0.0,9.61,-2.18,-20.17,7.43,-12.74
1851,0.0,-0.0,-0.0,-0.0,0.0,0.0,-14.77,-2.87,-0.0,0.0,7.99,-1.98,-17.64,6.0,-11.64
1861,-0.0,0.0,-0.0,-0.0,-0.0,0.0,-19.54,1.14,0.0,0.0,8.86,-2.4,-18.4,6.46,-11.93
1871,-0.0,-0.0,0.0,0.0,-0.0,0.0,-16.95,0.39,-0.0,0.0,6.11,-2.15,-16.55,3.96,-12.59
1881,0.0,-0.0,0.0,0.0,-0.0,0.0,-19.29,-3.49,0.0,0.0,11.81,-2.25,-22.78,9.56,-13.22
1891,-0.0,-0.0,-0.0,0.0,-0.0,0.0,-16.62,-5.96,-0.0,0.0,12.85,-1.97,-22.58,10.88,-11.7
1901,0.0,0.0,0.0,0.0,0.0,0.0,-19.64,-5.59,0.0,-0.0,11.82,-2.28,-25.23,9.54,-15.69
1911,-0.0,0.0,-0.0,-0.0,0.0,0.0,-21.47,-0.67,-0.0,-0.0,8.22,-2.24,-22.13,5.99,-16.15
1921,0.0,0.0,0.0,-0.0,-0.0,0.0,-19.24,-1.49,0.0,-0.0,9.08,-2.33,-20.73,6.75,-13.98
1931,-0.0,0.0,0.0,-0.0,-0.0,0.0,-18.41,0.33,-0.0,-0.0,7.39,-2.2,-18.07,5.19,-12.89
1941,-0.0,-0.0,0.0,-0.0,0.0,0.0,-19.83,-2.64,0.0,-0.0,11.61,-2.37,-22.47,9.24,-13.23
1951,0.0,0.0,-0.0,-0.0,-0.0,0.0,-17.68,-1.29,0.0,-0.0,9.66,-2.26,-18.98,7.4,-11.58
1961,-0.0,-0.0,0.0,0.0,-0.0,0.0,-17.37,-0.95,0.0,0.0,9.24,-2.16,-18.32,7.08,-11.24
1971,0.0,-0.0,-0.0,-0.0,-0.0,0.0,-19.34,-1.16,0.0,0.0,8.96,-2.3,-20.51,6.65,-13.85
1981,-0.0,-0.0,0.0,-0.0,-0.0,0.0,-11.36,-3.34,0.0,-0.0,8.21,-1.37,-14.7,6.84,-7.86
1991,0.0,-0.0,0.0,0.0,-0.0,0.0,-8.64,-5.54,-0.0,-0.0,8.7,-1.11,-14.18,7.59,-6.59
2001,-0.0,-0.0,-0.0,-0.0,-0.0,0.0,-17.89,-3.52,0.0,-0.0,11.13,-2.12,-21.41,9.01,-12.4
2011,0.0,0.0,-0.0,-0.0,-0.0,0.0,-19.5,-3.56,-0.0,0.0,10.89,-2.16,-23.06,8.73,-14.33
2021,-0.0,0.0,-0.0,-0.0,-0.0,0.0,-20.92,-2.19,0.0,0.0,10.21,-2.33,-23.11,7.88,-15.23
2031,-0.0,-0.0,-0.0,0.0,0.0,0.0,-18.7,-0.39,0.0,-0.0,9.14,-2.27,-19.1,6.87,-12.23
2041,-0.0,0.0,-0.0,-0.0,-0.0,0.0,-18.58,-2.89,-0.0,0.0,11.43,-2.2,-21.47,9.23,-12.24
2051,0.0,-0.0,-0.0,0.0,0.0,0.0,-13.75,-3.46,-0.0,-0.0,9.09,-2.19,-17.21,6.9,-10.31
2061,0.0,0.0,0.0,-0.0,0.0,0.0,-15.02,2.03,0.0,0.0,6.01,-1.95,-12.99,4.06,-8.93
2071,-0.0,0.0,0.0,0.0,-0.0,0.0,-15.28,-1.38,0.0,0.0,8.66,-1.97,-16.67,6.68,-9.98
2081,-0.0,-0.0,0.0,-0.0,0.0,0.0,-18.49,-1.98,0.0,-0.0,9.28,-2.18,-20.48,7.11,-13.37
2091,-0.0,0.0,0.0,0.0,0.0,0.0,-12.11,-3.61,-0.0,-0.0,8.32,-1.43,-15.72,6.89,-8.83
2101,-0.0,-0.0,0.0,0.0,0.0,0.0,-10.15,-3.48,-0.0,-0.0,8.44,-1.35,-13.63,7.09,-6.54
2111,-0.0,-0.0,0.0,0.0,0.0,0.0,-6.52,-0.99,-0.0,-0.0,4.62,-1.02,-7.52,3.6,-3.91
2121,-0.0,0.0,-0.0,-0.0,-0.0,0.0,-5.23,-1.79,-0.0,0.0,5.18,-0.96,-7.02,4.22,-2.8
2131,0.0,-0.0,0.0,-0.0,-0.0,0.0,-9.33,-1.74,0.0,0.0,6.11,-1.32,-11.07,4.8,-6.27
2141,-0.0,0.0,0.0,0.0,0.0,0.0,-10.75,-2.48,-0.0,0.0,6.96,-1.26,-13.23,5.7,-7.53
2151,0.0,0.0,0.0,-0.0,0.0,0.0,-8.55,-1.45,0.0,-0.0,5.1,-1.13,-10.0,3.97,-6.03
2161,-0.0,0.0,-0.0,0.0,-0.0,0.0,-9.28,-2.94,0.0,0.0,6.92,-1.15,-12.22,5.77,-6.45
2171,0.0,-0.0,-0.0,-0.0,0.0,0.0,-4.78,0.23,0.0,-0.0,4.12,-1.01,-4.55,3.12,-1.43
2181,0.0,0.0,0.0,-0.0,0.0,0.0,-4.74,0.25,0.0,0.0,2.97,-0.74,-4.49,2.22,-2.27
2191,0.0,-0.0,-0.0,0.0,-0.0,0.0,-5.95,-5.38,0.0,0.0,7.28,-1.02,-11.33,6.26,-5.07
2201,0.0,-0.0,0.0,-0.0,-0.0,0.0,-3.08,-0.33,-0.0,-0.0,2.61,-0.49,-3.41,2.12,-1.29
2211,-0.0,0.0,0.0,0.0,0.0,0.0,-3.21,-1.03,-0.0,-0.0,3.34,-0.39,-4.24,2.95,-1.29
2221,-0.0,-0.0,0.0,0.0,-0.0,0.0,-4.46,-1.95,-0.0,-0.0,4.77,-0.64,-6.41,4.14,-2.27
2231,-0.0,-0.0,0.0,-0.0,-0.0,0.0,-3.27,-0.48,-0.0,0.0,3.24,-0.71,-3.75,2.53,-1.22
2241,0.0,-0.0,0.0,-0.0,-0.0,0.0,-1.81,-0.6,-0.0,0.0,1.92,-0.33,-2.42,1.59,-0.83
2251,0.0,-0.0,0.0,-0.0,0.0,0.0,-0.04,-0.25,0.0,-0.0,0.37,0.0,-0.29,0.37,0.08
2261,0.0,-0.0,0.0,0.0,-0.0,0.0,-0.01,0.14,-0.0,-0.0,-0.12,-0.0,0.13,-0.12,0.02
2271,-0.0,-0.0,-0.0,0.0,0.0,0.0,-0.03,-0.14,-0.0,0.0,0.22,0.0,-0.16,0.22,0.06
2281,-0.0,-0.0,0.0,0.0,-0.0,0.0,-0.04,0.11,0.0,-0.0,0.02,0.0,0.07,0.02,0.09
2291,-0.0,0.0,-0.0,-0.0,-0.0,0.0,-0.04,-0.11,0.0,0.0,0.24,-0.0,-0.15,0.24,0.09
2301,-0.0,-0.0,-0.0,0.0,0.0,0.0,-0.07,0.21,-0.0,0.0,0.03,0.0,0.14,0.03,0.17
2311,0.0,0.0,-0.0,0.0,-0.0,0.0,-0.08,-0.25,0.0,-0.0,0.6,-0.0,-0.33,0.6,0.27
2321,0.0,0.0,-0.0,-0.0,0.0,0.0,-0.09,0.91,0.0,0.0,-0.54,-0.0,0.82,-0.54,0.28
2331,-0.0,-0.0,-0.0,-0.0,0.0,0.0,-0.63,-1.73,-0.0,0.0,2.76,-0.01,-2.35,2.75,0.4
2341,0.0,0.0,0.0,-0.0,-0.0,0.0,-0.27,-0.77,-0.0,-0.0,1.74,-0.0,-1.04,1.74,0.7
2351,0.0,-0.0,-0.0,-0.0,-0.0,0.0,-0.55,-0.07,0.0,0.0,1.04,-0.0,-0.63,1.04,0.41
2361,-0.0,-0.0,-0.0,-0.0,0.0,0.0,-0.1,0.55,0.0,0.0,-0.09,0.0,0.45,-0.09,0.36
2371,0.0,-0.0,-0.0,0.0,-0.0,0.0,-0.18,1.11,0.0,-0.0,-0.37,0.0,0.93,-0.37,0.56
2381,0.0,0.0,0.0,-0.0,-0.0,0.0,-1.13,1.11,-0.0,0.0,1.39,-0.1,-0.02,1.29,1.28
2391,-0.0,-0.0,-0.0,0.0,-0.0,0.0,-7.03,-1.26,-0.0,0.0,7.06,-1.09,-8.29,5.97,-2.32
2401,0.0,-0.0,-0.0,-0.0,-0.0,0.0,-0.88,1.47,0.0,-0.0,0.24,-0.03,0.59,0.21,0.8
2411,0.0,0.0,0.0,0.0,-0.0,0.0,-3.08,-7.53,0.0,0.0,9.69,-0.49,-10.61,9.2,-1.41
2421,0.0,0.0,-0.0,-0.0,-0.0,0.0,-3.47,-0.21,0.0,0.0,2.51,-0.5,-3.68,2.01,-1.67
2431,0.0,0.0,0.0,0.0,0.0,0.0,-4.08,-1.6,-0.0,0.0,5.58,-0.64,-5.67,4.94,-0.73
2441,0.0,-0.0,0.0,0.0,-0.0,0.0,-6.32,-6.15,0.0,0.0,11.04,-1.07,-12.47,9.96,-2.51
2451,-0.0,-0.0,0.0,0.0,0.0,0.0,-13.05,-3.2,0.0,-0.0,7.73,-1.65,-16.25,6.08,-10.16
2461,-0.0,-0.0,-0.0,0.0,-0.0,0.0,-10.91,-5.2,-0.0,-0.0,9.92,-1.42,-16.12,8.5,-7.62
2471,-0.0,0.0,0.0,-0.0,0.0,0.0,-12.92,-0.24,-0.0,0.0,6.75,-1.54,-13.15,5.21,-7.94
2481,-0.0,0.0,0.0,-0.0,-0.0,0.0,-13.81,-3.59,0.0,0.0,10.12,-2.01,-17.4,8.11,-9.3
2491,0.0,0.0,-0.0,0.0,-0.0,0.0,-12.29,-4.31,0.0,0.0,10.13,-1.6,-16.6,8.53,-8.07
2501,-0.0,-0.0,0.0,0.0,0.0,0.0,-10.0,-3.96,0.0,0.0,8.16,-1.44,-13.96,6.72,-7.23
2511,-0.0,-0.0,-0.0,-0.0,-0.0,0.0,-10.7,-4.79,0.0,0.0,10.07,-1.62,-15.48,8.45,-7.03
2521,0.0,0.0,-0.0,-0.0,0.0,0.0,-10.47,-4.99,-0.0,-0.0,11.79,-1.68,-15.45,10.11,-5.34
2531,-0.0,-0.0,-0.0,0.0,0.0,0.0,-11.39,-3.28,0.0,-0.0,8.19,-1.58,-14.68,6.61,-8.07
2541,-0.0,-0.0,0.0,0.0,0.0,0.0,-7.51,0.55,0.0,-0.0,3.03,-0.97,-6.96,2.06,-4.9
2551,-0.0,-0.0,0.0,-0.0,0.0,0.0,-10.3,-2.23,-0.0,0.0,6.79,-1.32,-12.53,5.47,-7.06
2561,-0.0,0.0,0.0,0.0,-0.0,0.0,-11.51,-4.56,0.0,-0.0,10.4,-1.56,-16.07,8.84,-7.22
2571,0.0,0.0,0.0,0.0,-0.0,0.0,-6.06,2.05,0.0,0.0,2.69,-0.78,-4.01,1.91,-2.11
2581,-0.0,0.0,0.0,0.0,0.0,0.0,-2.57,-1.43,0.0,-0.0,3.96,-0.36,-4.0,3.6,-0.4
2591,-0.0,0.0,0.0,0.0,-0.0,0.0,-0.93,0.43,0.0,0.0,0.83,-0.02,-0.5,0.81,0.31
2601,0.0,0.0,0.0,0.0,0.0,0.0,-4.68,-0.31,-0.0,-0.0,3.18,-0.7,-4.99,2.48,-2.51
2611,0.0,-0.0,-0.0,0.0,0.0,0.0,-2.27,1.8,-0.0,0.0,0.22,-0.2,-0.46,0.01,-0.45
2621,0.0,0.0,0.0,-0.0,0.0,0.0,-8.56,-2.03,0.0,0.0,8.39,-1.23,-10.6,7.15,-3.44
2631,0.0,0.0,0.0,-0.0,0.0,0.0,-11.57,-2.93,0.0,0.0,9.19,-1.79,-14.5,7.4,-7.1
2641,-0.0,-0.0,0.0,-0.0,0.0,0.0,-11.46,1.05,0.0,0.0,7.3,-2.36,-10.41,4.93,-5.47
2651,0.0,0.0,-0.0,-0.0,0.0,0.0,-13.77,-1.1,0.0,-0.0,10.07,-2.24,-14.87,7.83,-7.04
2661,-0.0,0.0,-0.0,-0.0,-0.0,0.0,-12.94,0.13,-0.0,-0.0,8.5,-2.14,-12.81,6.36,-6.45
2671,0.0,-0.0,-0.0,-0.0,0.0,0.0,-15.33,-2.47,0.0,-0.0,13.19,-2.39,-17.8,10.8,-7.0
2681,-0.0,0.0,-0.0,0.0,-0.0,0.0,-7.0,1.42,-0.0,0.0,4.48,-1.08,-5.58,3.4,-2.18
2691,-0.0,-0.0,-0.0,-0.0,-0.0,0.0,-4.87,-2.23,-0.0,-0.0,6.37,-0.82,-7.11,5.56,-1.55
2701,0.0,0.0,-0.0,-0.0,-0.0,0.0,-0.4,-0.49,0.0,-0.0,1.43,-0.0,-0.89,1.43,0.54
2711,0.0,-0.0,-0.0,-0.0,0.0,0.0,-2.01,1.38,0.0,-0.0,1.58,-0.27,-0.62,1.3,0.68
2721,-0.0,0.0,0.0,0.0,-0.0,0.0,-0.1,0.41,0.0,0.0,-0.05,0.0,0.31,-0.05,0.25
2731,0.0,0.0,-0.0,0.0,-0.0,0.0,-0.08,0.31,0.0,-0.0,-0.04,-0.0,0.23,-0.04,0.19
2741,0.0,-0.0,0.0,-0.0,-0.0,0.0,-0.09,-0.02,-0.0,-0.0,0.3,-0.0,-0.11,0.3,0.19
2751,0.0,-0.0,-0.0,-0.0,0.0,0.0,-0.07,-0.02,-0.0,-0.0,0.29,-0.0,-0.09,0.29,0.2
2761,0.0,0.0,0.0,-0.0,-0.0,0.0,-0.04,-0.25,0.0,0.0,0.36,0.0,-0.28,0.36,0.08
2771,0.0,-0.0,-0.0,0.0,-0.0,0.0,-0.02,0.17,-0.0,0.0,-0.11,-0.0,0.15,-0.11,0.04
2781,0.0,0.0,0.0,0.0,-0.0,0.0,-0.01,0.33,-0.0,0.0,-0.31,-0.0,0.32,-0.31,0.01
2791,0.0,0.0,0.0,-0.0,0.0,0.0,-0.01,-0.03,0.0,0.0,0.04,-0.0,-0.04,0.04,0.0
2801,-0.0,0.0,-0.0,0.0,-0.0,0.0,-0.0,0.01,-0.0,-0.0,-0.01,-0.0,0.0,-0.01,-0.0
2811,-0.0,-0.0,0.0,-0.0,0.0,0.0,-0.0,0.01,-0.0,0.0,-0.01,-0.0,0.01,-0.01,-0.0
2821,-0.0,-0.0,0.0,-0.0,0.0,0.0,-0.0,-0.33,-0.0,-0.0,0.32,0.0,-0.33,0.32,-0.0
2831,-0.0,-0.0,-0.0,-0.0,0.0,0.0,-0.0,-0.27,-0.0,-0.0,0.28,-0.0,-0.28,0.28,-0.0
2841,0.0,0.0,0.0,-0.0,-0.0,0.0,-0.0,0.04,0.0,-0.0,-0.04,0.0,0.04,-0.04,-0.0
2851,0.0,-0.0,-0.0,0.0,-0.0,0.0,-0.0,-0.25,-0.0,0.0,0.25,0.0,-0.26,0.25,-0.0
2861,0.0,-0.0,0.0,0.0,-0.0,0.0,-0.0,0.17,-0.0,-0.0,-0.17,0.0,0.17,-0.17,-0.0
2871,-0.0,-0.0,0.0,-0.0,0.0,0.0,-0.0,-0.22,-0.0,-0.0,0.22,-0.0,-0.23,0.22,-0.0
2881,0.0,0.0,0.0,-0.0,-0.0,0.0,-0.01,0.01,-0.0,0.0,-0.01,0.0,0.01,-0.01,-0.0
2891,0.0,0.0,0.0,-0.0,-0.0,0.0,-0.02,-0.32,-0.0,-0.0,0.35,-0.0,-0.34,0.35,0.01
2901,-0.0,0.0,0.0,-0.0,0.0,0.0,-0.01,-0.09,0.0,0.0,0.09,-0.0,-0.1,0.09,-0.01
2911,0.0,-0.0,-0.0,-0.0,-0.0,0.0,-0.02,0.19,0.0,0.0,-0.14,-0.0,0.17,-0.14,0.03
2921,-0.0,0.0,0.0,-0.0,0.0,0.0,-0.02,-0.31,-0.0,0.0,0.35,-0.0,-0.33,0.35,0.02
2931,-0.0,-0.0,0.0,-0.0,0.0,0.0,-0.02,-0.0,0.0,0.0,0.05,0.0,-0.02,0.05,0.03
2941,-0.0,0.0,0.0,0.0,0.0,0.0,-0.02,0.1,0.0,-0.0,-0.05,-0.0,0.08,-0.05,0.03
2951,-0.0,0.0,0.0,-0.0,-0.0,0.0,-0.02,-0.19,-0.0,0.0,0.21,0.0,-0.2,0.21,0.01
2961,0.0,-0.0,-0.0,0.0,0.0,0.0,-0.01,-0.19,0.0,-0.0,0.19,-0.0,-0.19,0.19,-0.01
2971,0.0,-0.0,-0.0,-0.0,-0.0,0.0,-0.01,-0.44,-0.0,-0.0,0.44,-0.0,-0.45,0.44,-0.01
2981,-0.0,0.0,0.0,0.0,-0.0,0.0,-0.01,0.13,-0.0,0.0,-0.13,0.0,0.13,-0.13,-0.01
2991,-0.0,0.0,-0.0,-0.0,0.0,0.0,-0.01,-0.05,0.0,0.0,0.06,0.0,-0.06,0.06,0.0
3001,-0.0,-0.0,0.0,0.0,-0.0,0.0,-0.02,-0.21,0.0,-0.0,0.24,0.0,-0.22,0.24,0.01
3011,-0.0,-0.0,0.0,-0.0,-0.0,0.0,-0.01,0.27,-0.0,0.0,-0.27,-0.0,0.27,-0.27,-0.0
3021,0.0,-0.0,-0.0,-0.0,-0.0,0.0,-0.0,-0.59,0.0,-0.0,0.59,-0.0,-0.59,0.59,-0.0
3031,0.0,-0.0,-0.0,-0.0,0.0,0.0,-0.0,0.41,0.0,0.0,-0.41,0.0,0.41,-0.41,-0.0
3041,-0.0,0.0,-0.0,0.0,0.0,0.0,-0.01,-0.48,0.0,0.0,0.48,-0.0,-0.48,0.48,-0.01
3051,0.0,-0.0,-0.0,-0.0,0.0,0.0,-0.0,-0.06,-0.0,-0.0,0.06,-0.0,-0.06,0.06,-0.0
3061,0.0,0.0,-0.0,0.0,-0.0,0.0,-0.0,-0.24,0.0,0.0,0.24,0.0,-0.25,0.24,-0.01
3071,-0.0,0.0,0.0,0.0,0.0,0.0,-0.0,-0.02,0.0,0.0,0.02,-0.0,-0.02,0.02,-0.0
3081,-0.0,-0.0,0.0,-0.0,0.0,0.0,0.0,0.0,-0.0,-0.0,-0.0,-0.0,0.0,-0.0,-0.0
3091,-0.0,0.0,-0.0,-0.0,0.0,0.0,-0.0,0.02,-0.0,0.0,-0.02,0.0,0.02,-0.02,-0.0
3101,0.0,0.0,-0.0,-0.0,0.0,0.0,-0.0,0.05,0.0,0.0,-0.05,-0.0,0.05,-0.05,-0.0
3111,0.0,-0.0,0.0,-0.0,0.0,0.0,0.0,-0.06,-0.0,-0.0,0.06,-0.0,-0.06,0.06,-0.0
3121,-0.0,0.0,0.0,-0.0,0.0,0.0,0.0,0.03,-0.0,0.0,-0.03,0.0,0.03,-0.03,-0.0
3131,0.0,-0.0,-0.0,0.0,0.0,0.0,-0.0,-0.06,-0.0,0.0,0.06,-0.0,-0.06,0.06,-0.0
3141,0.0,-0.0,-0.0,0.0,0.0,0.0,-0.0,-0.03,-0.0,-0.0,0.03,0.0,-0.03,0.03,-0.0
3151,-0.0,-0.0,0.0,-0.0,-0.0,0.0,0.0,0.01,-0.0,0.0,-0.01,-0.0,0.01,-0.01,-0.0
3161,0.0,0.0,-0.0,-0.0,-0.0,0.0,-0.0,-0.0,-0.0,0.0,0.0,-0.0,-0.0,0.0,-0.0
3171,0.0,-0.0,-0.0,-0.0,-0.0,0.0,-0.0,0.01,-0.0,-0.0,-0.01,-0.0,0.01,-0.01,-0.0
3181,-0.0,0.0,-0.0,0.0,0.0,0.0,0.0,0.01,-0.0,-0.0,-0.01,-0.0,0.01,-0.01,0.0
3191,-0.0,0.0,-0.0,0.0,0.0,0.0,0.0,0.09,-0.0,-0.0,-0.09,0.0,0.09,-0.09,-0.0
3201,-0.0,-0.0,-0.0,0.0,-0.0,0.0,-0.0,0.02,0.0,0.0,-0.02,-0.0,0.02,-0.02,0.0
3211,-0.0,-0.0,-0.0,0.0,0.0,0.0,0.0,0.03,-0.0,-0.0,-0.03,-0.0,0.03,-0.03,-0.0
3221,-0.0,-0.0,0.0,-0.0,0.0,0.0,0.0,0.06,0.0,-0.0,-0.06,0.0,0.06,-0.06,-0.0
3231,-0.0,-0.0,0.0,-0.0,-0.0,0.0,-0.0,0.06,0.0,-0.0,-0.06,0.0,0.06,-0.06,-0.0
3241,0.0,-0.0,0.0,-0.0,-0.0,0.0,-0.0,0.11,-0.0,-0.0,-0.11,0.0,0.11,-0.11,-0.0
3251,-0.0,0.0,0.0,0.0,0.0,0.0,-0.0,-0.01,0.0,0.0,0.01,0.0,-0.01,0.01,0.0
3261,0.0,0.0,0.0,0.0,-0.0,0.0,-0.0,-0.26,-0.0,0.0,0.25,0.0,-0.26,0.25,-0.0
3271,-0.0,0.0,0.0,0.0,-0.0,0.0,-0.0,0.11,-0.0,-0.0,-0.11,0.0,0.11,-0.11,0.0
3281,0.0,0.0,-0.0,0.0,-0.0,0.0,-0.0,0.02,0.0,0.0,-0.02,-0.0,0.02,-0.02,-0.0
3291,0.0,-0.0,0.0,0.0,0.0,0.0,-0.0,0.01,-0.0,-0.0,-0.01,-0.0,0.01,-0.01,-0.0
3301,-0.0,-0.0,-0.0,0.0,0.0,0.0,-0.0,0.04,-0.0,-0.0,-0.04,0.0,0.04,-0.04,-0.0
3311,0.0,0.0,-0.0,0.0,-0.0,0.0,0.0,0.02,0.0,-0.0,-0.02,0.0,0.02,-0.02,0.0
3321,0.0,-0.0,0.0,-0.0,-0.0,0.0,-0.0,-0.11,0.0,0.0,0.11,-0.0,-0.11,0.11,-0.0
3331,0.0,0.0,-0.0,0.0,-0.0,0.0,0.0,-0.01,0.0,0.0,0.01,-0.0,-0.01,0.01,-0.0
3341,0.0,-0.0,-0.0,-0.0,0.0,0.0,-0.0,0.02,0.0,0.0,-0.02,-0.0,0.02,-0.02,-0.0
3351,-0.0,-0.0,-0.0,0.0,0.0,0.0,-0.0,0.0,-0.0,-0.0,-0.0,-0.0,0.0,-0.0,0.0
3361,0.0,-0.0,-0.0,-0.0,0.0,0.0,-0.0,0.0,-0.0,0.0,-0.0,-0.0,0.0,-0.0,-0.0
3371,-0.0,0.0,0.0,-0.0,0.0,0.0,0.0,-0.01,-0.0,0.0,0.01,0.0,-0.01,0.01,0.0
3381,-0.0,-0.0,0.0,0.0,-0.0,0.0,-0.0,-0.3,-0.0,0.0,0.3,0.0,-0.3,0.3,-0.0
3391,-0.0,0.0,0.0,0.0,-0.0,0.0,-0.0,0.02,-0.0,0.0,-0.02,-0.0,0.02,-0.02,-0.0
3401,0.0,-0.0,-0.0,-0.0,-0.0,0.0,-0.0,-0.41,-0.0,-0.0,0.41,0.0,-0.41,0.41,-0.0
3411,0.0,0.0,0.0,0.0,0.0,0.0,-0.0,0.03,0.0,-0.0,-0.03,0.0,0.03,-0.03,0.0
3421,0.0,-0.0,0.0,-0.0,-0.0,0.0,-0.0,0.01,-0.0,-0.0,-0.01,-0.0,0.01,-0.01,-0.0
3431,-0.0,0.0,0.0,-0.0,-0.0,0.0,-0.0,0.2,-0.0,-0.0,-0.2,-0.0,0.2,-0.2,-0.0
3441,-0.0,-0.0,0.0,-0.0,0.0,0.0,0.0,-0.01,0.0,-0.0,0.01,0.0,-0.01,0.01,0.0
3451,0.0,0.0,0.0,-0.0,-0.0,0.0,-0.0,0.03,-0.0,-0.0,-0.03,-0.0,0.03,-0.03,0.0
3461,-0.0,-0.0,0.0,-0.0,-0.0,0.0,-0.0,0.05,-0.0,0.0,-0.05,-0.0,0.05,-0.05,-0.0
3471,0.0,-0.0,-0.0,-0.0,0.0,0.0,-0.0,0.01,-0.0,0.0,-0.01,0.0,0.01,-0.01,-0.0
3481,-0.0,0.0,-0.0,-0.0,-0.0,0.0,-0.0,0.08,-0.0,-0.0,-0.08,0.0,0.08,-0.08,-0.0
3491,-0.0,0.0,-0.0,-0.0,-0.0,0.0,-0.0,0.08,0.0,0.0,-0.08,0.0,0.08,-0.08,-0.0
3501,-0.0,0.0,-0.0,-0.0,0.0,0.0,-0.0,0.04,0.0,0.0,-0.04,-0.0,0.04,-0.04,-0.0
3511,0.0,0.0,-0.0,0.0,-0.0,0.0,-0.0,0.09,0.0,0.0,-0.09,-0.0,0.09,-0.09,-0.0
3521,-0.0,-0.0,-0.0,-0.0,-0.0,0.0,0.0,0.05,-0.0,0.0,-0.05,-0.0,0.05,-0.05,0.0
3531,-0.0,0.0,-0.0,-0.0,0.0,0.0,-0.0,-0.02,0.0,0.0,0.02,0.0,-0.02,0.02,0.0
3541,-0.0,-0.0,-0.0,0.0,-0.0,0.0,-0.0,-0.06,0.0,-0.0,0.06,0.0,-0.06,0.06,-0.0
3551,-0.0,-0.0,0.0,0.0,-0.0,0.0,-0.0,-0.0,-0.0,-0.0,0.0,-0.0,-0.0,0.0,-0.0
3561,-0.0,-0.0,-0.0,0.0,0.0,0.0,-0.0,-0.0,-0.0,-0.0,0.0,-0.0,-0.0,0.0,-0.0
3571,0.0,0.0,0.0,0.0,-0.0,0.0,0.0,0.04,0.0,0.0,-0.04,-0.0,0.04,-0.04,-0.0
3581,0.0,-0.0,0.0,0.0,0.0,0.0,0.0,-0.04,0.0,-0.0,0.04,0.0,-0.04,0.04,0.0
3591,0.0,-0.0,-0.0,0.0,0.0,0.0,-0.0,0.02,0.0,0.0,-0.02,-0.0,0.02,-0.02,-0.0
3601,0.0,-0.0,0.0,-0.0,-0.0,0.0,-0.0,-0.01,0.0,0.0,0.01,0.0,-0.01,0.01,-0.0
3611,-0.0,-0.0,-0.0,-0.0,-0.0,0.0,-0.0,-0.07,0.0,-0.0,0.07,-0.0,-0.07,0.07,0.0
3621,0.0,-0.0,0.0,0.0,0.0,0.0,-0.0,-0.09,0.0,0.0,0.09,0.0,-0.09,0.09,-0.0
3631,-0.0,0.0,-0.0,0.0,0.0,0.0,0.0,-0.01,0.0,-0.0,0.01,-0.0,-0.01,0.01,-0.0
3641,-0.0,-0.0,0.0,0.0,-0.0,0.0,-0.0,-0.05,-0.0,0.0,0.05,0.0,-0.05,0.05,0.0
3651,0.0,0.0,0.0,-0.0,-0.0,0.0,-0.0,-0.05,0.0,0.0,0.05,0.0,-0.05,0.05,0.0
3661,0.0,-0.0,-0.0,-0.0,0.0,0.0,-0.0,0.07,-0.0,-0.0,-0.07,-0.0,0.07,-0.07,-0.0
3671,-0.0,-0.0,0.0,-0.0,-0.0,0.0,-0.0,-0.45,-0.0,0.0,0.45,0.0,-0.45,0.45,-0.0
3681,-0.0,0.0,-0.0,-0.0,0.0,0.0,-0.0,0.13,0.0,0.0,-0.13,0.0,0.13,-0.13,-0.0
3691,0.0,0.0,-0.0,-0.0,-0.0,0.0,-0.0,-0.32,-0.0,-0.0,0.31,-0.0,-0.32,0.31,-0.0
3701,-0.0,-0.0,-0.0,0.0,-0.0,0.0,-0.0,0.07,-0.0,-0.0,-0.07,-0.0,0.06,-0.07,-0.0
3711,0.0,-0.0,-0.0,-0.0,0.0,0.0,-0.01,0.43,0.0,-0.0,-0.42,0.0,0.42,-0.42,-0.0
3721,0.0,0.0,-0.0,-0.0,-0.0,0.0,-0.01,-0.18,-0.0,0.0,0.18,0.0,-0.18,0.18,-0.01
3731,-0.0,-0.0,-0.0,-0.0,-0.0,0.0,-0.01,-0.4,0.0,0.0,0.4,0.0,-0.4,0.4,-0.01
3741,-0.0,0.0,-0.0,0.0,-0.0,0.0,-0.0,0.16,0.0,-0.0,-0.16,-0.0,0.15,-0.16,-0.0
3751,-0.0,0.0,0.0,0.0,0.0,0.0,-0.01,0.07,-0.0,0.0,-0.07,-0.0,0.07,-0.07,-0.0
3761,-0.0,-0.0,0.0,0.0,0.0,0.0,-0.01,0.57,-0.0,0.0,-0.57,0.0,0.57,-0.57,-0.01
3771,0.0,0.0,0.0,0.0,-0.0,0.0,-0.01,0.09,-0.0,0.0,-0.09,-0.0,0.09,-0.09,-0.01
3781,0.0,-0.0,-0.0,-0.0,-0.0,0.0,-0.01,0.06,0.0,-0.0,-0.06,0.0,0.05,-0.06,-0.01
3791,-0.0,-0.0,0.0,-0.0,0.0,0.0,-0.01,-0.36,-0.0,0.0,0.36,-0.0,-0.36,0.36,-0.01
3801,-0.0,-0.0,-0.0,0.0,-0.0,0.0,-0.02,-0.82,0.0,-0.0,0.85,-0.0,-0.84,0.85,0.01
3811,-0.0,0.0,-0.0,0.0,0.0,0.0,-0.01,0.35,0.0,0.0,-0.34,-0.0,0.34,-0.34,-0.0
3821,-0.0,-0.0,-0.0,-0.0,-0.0,0.0,-0.01,-1.0,-0.0,-0.0,1.0,-0.0,-1.01,1.0,-0.01
3831,0.0,0.0,-0.0,0.0,-0.0,0.0,-0.01,-0.99,0.0,-0.0,0.99,-0.0,-1.0,0.99,-0.01
3841,-0.0,-0.0,-0.0,-0.0,0.0,0.0,-0.02,-0.17,-0.0,0.0,0.19,0.0,-0.18,0.19,0.0
3851,-0.0,0.0,-0.0,0.0,0.0,0.0,-0.01,-0.23,-0.0,-0.0,0.24,0.0,-0.24,0.24,-0.0
3861,-0.0,-0.0,-0.0,-0.0,-0.0,0.0,-0.05,-0.33,0.0,-0.0,0.5,-0.0,-0.37,0.5,0.12
3871,0.0,0.0,0.0,-0.0,0.0,0.0,-0.08,0.11,0.0,-0.0,0.24,-0.0,0.03,0.24,0.26
3881,-0.0,-0.0,-0.0,-0.0,-0.0,0.0,-0.13,2.44,-0.0,-0.0,-1.94,0.0,2.31,-1.94,0.38
3891,0.0,0.0,-0.0,0.0,-0.0,0.0,-0.06,1.1,0.0,-0.0,-0.84,0.0,1.03,-0.84,0.19
3901,0.0,-0.0,-0.0,-0.0,0.0,0.0,-0.12,-0.4,-0.0,0.0,0.86,-0.0,-0.52,0.86,0.34
3911,-0.0,0.0,-0.0,0.0,0.0,0.0,-0.15,-0.03,-0.0,0.0,0.59,-0.0,-0.18,0.59,0.41
3921,-0.0,-0.0,0.0,-0.0,-0.0,0.0,-0.21,-1.11,0.0,0.0,1.78,0.0,-1.32,1.78,0.46
3931,-0.0,0.0,0.0,0.0,-0.0,0.0,-0.73,-1.4,-0.0,0.0,2.52,-0.03,-2.14,2.49,0.35
3941,-0.0,-0.0,0.0,-0.0,0.0,0.0,-0.31,-0.32,0.0,-0.0,1.11,-0.0,-0.63,1.11,0.49
3951,-0.0,0.0,-0.0,0.0,-0.0,0.0,-1.23,-1.06,-0.0,0.0,2.5,-0.12,-2.29,2.38,0.09
3961,-0.0,0.0,0.0,0.0,-0.0,0.0,-1.23,-0.36,0.0,-0.0,1.82,-0.15,-1.59,1.67,0.08
3971,-0.0,-0.0,-0.0,0.0,-0.0,0.0,-0.21,-1.63,0.0,-0.0,2.26,-0.0,-1.84,2.26,0.42
3981,-0.0,-0.0,-0.0,0.0,0.0,0.0,-0.65,-0.05,-0.0,-0.0,1.13,-0.03,-0.7,1.1,0.4
3991,-0.0,-0.0,-0.0,-0.0,-0.0,0.0,-0.39,-1.68,0.0,0.0,2.54,-0.0,-2.07,2.54,0.47
4001,0.0,-0.0,-0.0,0.0,0.0,0.0,-0.21,1.09,0.0,-0.0,-0.43,0.0,0.87,-0.43,0.44


