GENERALIZED BORN:
Complex Energy Terms
Frame #,BOND,ANGLE,DIHED,UB,IMP,CMAP,VDWAALS,EEL,1-4 VDW,1-4 EEL,EGB,ESURF,GGAS,GSOLV,TOTAL
1,546.09,1206.99,1576.95,160.39,79.75,-68.19,-985.64,-9154.87,528.45,7773.95,-7031.36,71.62,1663.87,-6959.74,-5295.87
11,501.61,1141.05,1577.5,134.12,76.74,-73.09,-1033.81,-9128.52,518.96,7818.12,-7052.33,70.27,1532.68,-6982.07,-5449.39
21,520.88,1185.52,1572.78,133.13,69.21,-75.98,-1029.08,-9109.82,517.27,7797.12,-7078.05,68.65,1581.03,-7009.4,-5428.37
31,513.22,1273.94,1565.98,139.56,79.16,-71.75,-1023.79,-9026.5,498.88,7747.29,-7132.16,68.43,1695.99,-7063.73,-5367.74
41,474.61,1207.22,1544.17,130.78,69.67,-77.4,-1053.56,-9041.05,518.89,7697.69,-7050.65,68.34,1471.0,-6982.31,-5511.31
51,526.39,1206.99,1571.08,128.92,85.42,-74.71,-1006.84,-9153.79,508.73,7753.6,-7022.48,70.42,1545.79,-6952.06,-5406.27
61,479.87,1197.43,1566.44,134.07,82.23,-78.38,-1019.81,-8857.59,519.37,7768.56,-7320.26,69.4,1792.18,-7250.86,-5458.67
71,477.35,1200.94,1560.15,132.09,77.02,-70.86,-1000.27,-9227.25,513.76,7784.46,-6956.98,70.77,1447.39,-6886.21,-5438.82
81,492.84,1205.88,1555.92,137.75,88.01,-70.51,-1008.93,-9172.31,523.25,7756.15,-6986.63,73.29,1508.05,-6913.34,-5405.29
91,503.77,1173.92,1534.45,138.62,68.35,-55.51,-1044.32,-9242.47,498.99,7816.82,-6919.36,70.84,1392.63,-6848.52,-5455.89
101,500.01,1161.6,1556.15,129.09,68.63,-55.64,-1016.43,-9120.35,513.69,7800.87,-7055.2,70.98,1537.63,-6984.22,-5446.59
111,542.6,1204.24,1545.34,129.17,79.76,-61.02,-1018.64,-9315.32,501.24,7786.99,-6865.36,70.3,1394.38,-6795.06,-5400.68
121,463.74,1166.88,1576.12,133.46,82.78,-62.03,-1011.35,-9405.68,530.44,7807.43,-6772.67,71.43,1281.78,-6701.24,-5419.46
131,483.33,1208.14,1545.36,139.2,79.26,-79.72,-1041.41,-9141.14,497.56,7785.88,-7018.08,70.93,1476.46,-6947.15,-5470.69
141,513.03,1209.26,1571.01,145.73,77.61,-80.71,-1039.8,-9293.22,529.0,7775.6,-6859.87,69.96,1407.51,-6789.9,-5382.4
151,501.35,1180.1,1546.35,133.35,69.87,-72.18,-1017.42,-9090.17,522.42,7756.35,-7069.16,70.17,1530.03,-6998.99,-5468.96
161,507.15,1177.32,1544.71,138.96,93.14,-76.21,-1016.94,-9270.79,521.59,7799.18,-6914.67,70.47,1418.12,-6844.2,-5426.08
171,507.78,1184.54,1564.92,137.3,74.24,-78.14,-1013.73,-9216.69,515.59,7802.21,-6970.0,70.86,1478.0,-6899.14,-5421.14
181,515.98,1222.44,1563.25,142.39,82.03,-66.1,-1017.7,-9387.29,523.74,7800.07,-6777.38,69.28,1378.81,-6708.09,-5329.29
191,505.22,1209.7,1541.83,140.41,88.91,-71.5,-1030.9,-9387.2,522.01,7785.22,-6781.84,69.15,1303.69,-6712.69,-5409.0
201,485.64,1199.85,1570.74,138.38,79.64,-75.08,-1032.64,-9419.48,539.41,7857.31,-6808.95,70.99,1343.77,-6737.96,-5394.19
211,543.74,1168.44,1549.89,136.71,76.19,-63.35,-988.38,-9151.07,503.81,7813.4,-7099.46,70.2,1589.38,-7029.26,-5439.87
221,520.46,1140.96,1537.51,125.59,69.18,-66.19,-976.37,-9475.55,502.4,7783.21,-6716.19,70.54,1161.19,-6645.64,-5484.46
231,480.06,1184.06,1554.21,136.62,78.34,-70.58,-1042.59,-9064.43,518.79,7843.05,-7160.25,69.15,1617.51,-7091.1,-5473.59
241,540.63,1182.81,1543.62,134.31,81.86,-63.1,-1000.61,-9452.51,500.23,7802.71,-6770.86,68.97,1269.95,-6701.89,-5431.95
251,512.82,1226.72,1584.76,142.48,79.55,-70.2,-1027.71,-9071.0,517.06,7803.02,-7133.57,69.55,1697.51,-7064.02,-5366.52
261,499.41,1161.88,1536.5,137.69,86.47,-74.97,-1035.65,-8876.02,529.58,7844.47,-7342.93,69.77,1809.37,-7273.15,-5463.79
271,509.17,1224.72,1547.17,143.53,78.44,-73.23,-1025.62,-8805.13,526.54,7821.89,-7397.62,70.23,1947.48,-7327.39,-5379.92
281,493.5,1212.09,1545.87,145.63,75.45,-68.56,-1027.45,-8839.23,531.2,7852.69,-7373.12,71.22,1921.19,-7301.9,-5380.72
291,511.95,1200.93,1547.9,128.34,80.35,-68.29,-1029.89,-8811.82,511.7,7821.43,-7366.27,69.59,1892.57,-7296.68,-5404.11
301,537.67,1162.04,1544.21,140.99,76.14,-58.93,-1002.31,-8879.97,508.57,7737.92,-7286.98,69.77,1766.34,-7217.21,-5450.87
311,497.77,1200.04,1581.63,146.03,81.17,-57.17,-1009.09,-8947.33,498.23,7739.54,-7199.03,69.93,1730.82,-7129.1,-5398.28
321,496.12,1195.11,1561.62,130.59,76.96,-72.14,-1015.81,-9024.52,514.68,7772.86,-7151.19,69.96,1635.47,-7081.23,-5445.76
331,483.21,1210.31,1559.7,136.23,70.69,-63.62,-1039.17,-9070.67,490.11,7849.81,-7137.11,69.39,1626.6,-7067.72,-5441.12
341,540.67,1206.54,1546.94,137.81,65.46,-73.49,-1013.11,-8984.71,530.25,7844.22,-7204.54,69.9,1800.57,-7134.64,-5334.07
351,500.88,1188.81,1567.21,124.54,66.56,-55.02,-1010.47,-8747.99,529.31,7760.84,-7411.76,70.72,1924.68,-7341.04,-5416.36
361,499.04,1200.87,1544.76,134.47,80.94,-61.88,-1012.15,-8953.29,485.38,7772.53,-7219.67,70.57,1690.67,-7149.1,-5458.43
371,531.51,1225.83,1540.04,144.28,80.84,-62.61,-995.22,-9002.81,512.26,7732.83,-7141.16,71.18,1706.95,-7069.98,-5363.03
381,529.85,1188.61,1557.89,143.69,77.06,-51.55,-997.65,-8866.13,504.27,7733.1,-7254.39,71.87,1819.13,-7182.53,-5363.4
391,513.86,1176.61,1557.33,134.0,75.3,-70.06,-1012.08,-8889.66,528.33,7765.51,-7242.52,69.96,1779.14,-7172.57,-5393.43
401,505.98,1157.8,1539.26,126.6,77.1,-65.52,-1018.44,-8898.67,495.03,7787.26,-7250.82,71.1,1706.39,-7179.72,-5473.33
411,523.97,1211.03,1510.71,138.71,76.69,-66.01,-1036.6,-8924.86,499.94,7810.16,-7247.17,70.81,1743.74,-7176.36,-5432.62
421,488.04,1200.18,1584.82,142.2,83.85,-70.31,-1004.79,-9061.71,517.22,7791.84,-7124.29,69.64,1671.33,-7054.64,-5383.31
431,524.07,1235.67,1523.54,140.67,79.56,-69.41,-1026.17,-9124.88,508.73,7736.2,-7015.05,70.36,1527.98,-6944.69,-5416.71
441,498.81,1197.58,1535.35,133.79,79.99,-56.48,-1010.45,-9059.05,517.6,7730.78,-7091.81,70.4,1567.91,-7021.41,-5453.5
451,515.18,1215.1,1543.96,138.82,80.38,-64.0,-1030.92,-9081.3,493.74,7730.37,-7040.71,71.33,1541.33,-6969.38,-5428.05
461,516.2,1214.12,1569.18,129.23,78.53,-66.21,-1004.5,-9158.75,504.65,7785.8,-7015.34,70.02,1568.26,-6945.32,-5377.05
471,508.87,1157.05,1542.55,141.09,80.64,-64.21,-1045.67,-9192.67,517.67,7787.45,-6938.59,70.14,1432.75,-6868.44,-5435.7
481,486.33,1229.77,1560.14,151.72,84.35,-68.3,-1031.35,-9274.66,512.07,7844.49,-6927.7,70.9,1494.57,-6856.81,-5362.24
491,525.13,1182.15,1560.51,135.71,83.37,-74.32,-1014.83,-9036.65,514.15,7802.95,-7131.65,70.35,1678.15,-7061.29,-5383.14
501,517.99,1203.82,1557.79,140.39,81.53,-63.66,-1017.55,-9152.56,496.27,7709.71,-6955.6,70.48,1473.72,-6885.12,-5411.4
511,512.02,1212.92,1538.56,137.93,76.93,-49.75,-1020.22,-9160.93,510.93,7714.87,-6942.14,69.64,1473.26,-6872.5,-5399.24
521,488.84,1221.95,1555.05,131.02,82.5,-80.41,-1012.65,-8980.15,512.3,7743.28,-7150.03,70.83,1661.73,-7079.19,-5417.47
531,517.58,1190.76,1548.77,142.71,76.92,-65.0,-1008.09,-8917.78,524.57,7716.15,-7161.69,70.93,1726.59,-7090.76,-5364.17
541,515.22,1223.73,1552.5,133.64,67.47,-61.93,-999.79,-9150.57,500.1,7735.5,-6975.2,71.81,1515.87,-6903.39,-5387.52
551,494.98,1191.25,1527.94,133.4,67.94,-68.69,-1030.1,-9040.33,515.82,7768.84,-7090.84,70.46,1561.03,-7020.38,-5459.35
561,517.37,1200.69,1565.44,138.64,81.35,-64.94,-1022.09,-8973.15,510.63,7802.81,-7216.12,70.5,1756.76,-7145.63,-5388.87
571,529.09,1159.51,1544.32,135.28,81.26,-73.23,-1010.34,-8769.74,525.75,7796.94,-7389.13,70.46,1918.83,-7318.67,-5399.84
581,509.71,1218.86,1554.43,134.81,75.92,-60.79,-1031.43,-9011.82,528.28,7740.98,-7114.54,69.26,1658.93,-7045.28,-5386.35
591,484.9,1175.69,1566.45,134.56,78.11,-68.21,-993.89,-9083.92,519.62,7790.31,-7101.32,71.09,1603.61,-7030.24,-5426.62
601,496.93,1220.8,1555.79,131.58,66.78,-72.57,-1049.42,-8952.12,515.86,7733.83,-7144.38,69.03,1647.47,-7075.35,-5427.88
611,537.51,1203.68,1542.75,142.93,75.09,-62.34,-1015.55,-9047.2,503.76,7752.4,-7081.34,71.12,1633.04,-7010.23,-5377.18
621,523.99,1210.8,1552.24,144.32,71.43,-78.17,-1036.65,-9127.6,508.07,7795.15,-7023.76,70.35,1563.57,-6953.41,-5389.84
631,504.39,1187.81,1584.61,136.23,83.26,-75.29,-1026.05,-9131.17,513.22,7776.72,-7004.3,70.73,1553.73,-6933.57,-5379.84
641,509.1,1215.43,1563.87,133.06,75.97,-54.73,-998.48,-9224.73,517.91,7776.4,-6958.31,70.85,1513.79,-6887.46,-5373.66
651,536.26,1194.11,1572.0,140.15,75.29,-61.98,-1030.19,-9163.01,513.42,7775.0,-6969.97,69.32,1551.04,-6900.64,-5349.6
661,494.71,1204.38,1551.56,133.68,80.13,-75.98,-1028.48,-9219.78,523.46,7780.53,-6938.09,71.54,1444.2,-6866.55,-5422.35
671,492.6,1179.59,1577.13,140.24,70.99,-75.9,-1008.67,-9250.58,514.98,7822.34,-6957.61,71.05,1462.73,-6886.55,-5423.82
681,496.01,1215.52,1552.71,137.49,77.85,-65.99,-1023.33,-9115.56,528.48,7711.82,-6997.9,70.71,1515.0,-6927.19,-5412.19
691,528.62,1156.75,1554.81,130.45,78.53,-59.59,-1002.31,-9220.75,501.33,7747.86,-6927.78,71.15,1415.71,-6856.63,-5440.92
701,515.14,1176.83,1556.27,160.26,81.36,-56.93,-998.75,-9231.97,521.64,7755.42,-6930.17,70.0,1479.27,-6860.17,-5380.9
711,537.3,1180.47,1571.26,140.88,81.53,-75.66,-1014.6,-9230.45,510.93,7744.97,-6937.53,71.58,1446.64,-6865.95,-5419.31
721,503.94,1209.04,1560.63,141.17,74.28,-60.53,-1019.22,-9071.63,512.56,7775.1,-7096.54,69.25,1625.35,-7027.29,-5401.94
731,518.33,1194.85,1562.66,135.11,82.74,-74.38,-992.34,-9078.68,525.94,7753.59,-7083.79,69.98,1627.82,-7013.81,-5385.98
741,521.05,1201.3,1569.71,137.07,82.93,-69.18,-990.11,-9125.51,520.43,7746.52,-7052.79,70.36,1594.22,-6982.43,-5388.21
751,513.87,1180.03,1554.96,128.3,75.23,-76.56,-1023.86,-9120.85,508.01,7737.3,-6984.91,70.12,1476.43,-6914.79,-5438.35
761,506.59,1150.77,1573.27,123.98,78.75,-71.7,-1000.58,-9101.24,526.1,7798.11,-7085.23,69.79,1584.06,-7015.44,-5431.38
771,530.19,1182.5,1573.72,135.01,89.32,-76.33,-1034.11,-9080.88,501.72,7703.26,-7004.88,69.85,1524.39,-6935.03,-5410.64
781,489.2,1173.55,1575.53,139.13,94.83,-60.91,-1038.46,-9127.92,514.53,7815.66,-7045.05,69.78,1575.16,-6975.27,-5400.11
791,516.63,1208.68,1581.2,133.43,83.12,-83.66,-1005.35,-9311.23,518.62,7755.88,-6877.92,70.06,1397.3,-6807.86,-5410.56
801,501.02,1190.61,1551.31,130.71,81.17,-74.86,-1003.84,-9216.44,526.62,7768.5,-6917.29,69.83,1454.81,-6847.45,-5392.64
811,512.97,1178.67,1566.49,136.27,76.5,-59.94,-1015.2,-9293.08,504.43,7787.23,-6876.82,69.1,1394.35,-6807.72,-5413.37
821,478.29,1173.18,1580.02,127.6,69.63,-69.27,-1018.03,-9254.41,523.82,7798.12,-6909.95,69.43,1408.94,-6840.52,-5431.58
831,517.61,1168.81,1552.2,139.53,79.67,-78.53,-967.64,-9136.99,521.81,7769.51,-7050.07,70.82,1565.98,-6979.25,-5413.27
841,522.29,1185.77,1541.15,137.98,76.74,-74.87,-1028.86,-9148.74,511.93,7756.25,-7004.31,71.01,1479.65,-6933.31,-5453.66
851,519.94,1202.33,1569.27,142.1,73.51,-65.55,-1032.02,-9033.33,524.86,7737.0,-7092.23,69.17,1638.12,-7023.06,-5384.94
861,498.42,1193.0,1558.08,146.11,76.88,-71.58,-1006.78,-9144.91,517.02,7791.88,-7021.2,70.53,1558.11,-6950.66,-5392.55
871,494.16,1211.99,1576.6,129.86,66.63,-83.47,-1005.0,-9335.21,514.99,7695.63,-6779.35,70.22,1266.2,-6709.13,-5442.93
881,533.48,1180.89,1546.97,141.87,71.31,-76.2,-1026.61,-8980.66,504.86,7751.98,-7126.06,71.62,1647.9,-7054.45,-5406.54
891,513.41,1235.28,1565.37,145.55,79.47,-92.29,-990.46,-8890.36,507.0,7707.17,-7217.9,70.73,1780.13,-7147.17,-5367.04
901,518.09,1172.27,1557.55,141.18,80.12,-86.81,-1018.8,-8667.27,504.15,7756.7,-7486.86,70.63,1957.18,-7416.23,-5459.05
911,489.31,1199.66,1540.12,137.03,83.66,-79.64,-1024.26,-8719.4,514.3,7821.87,-7472.59,70.33,1962.64,-7402.26,-5439.62
921,505.95,1201.58,1566.51,136.53,82.75,-62.24,-1009.79,-8623.92,499.26,7731.83,-7490.94,70.34,2028.46,-7420.6,-5392.14
931,512.74,1191.34,1557.24,139.17,73.5,-65.69,-1006.85,-8606.08,523.59,7730.58,-7523.33,69.91,2049.54,-7453.42,-5403.88
941,529.77,1209.27,1545.92,146.67,92.88,-70.05,-979.36,-9048.01,512.89,7769.09,-7118.89,69.48,1709.08,-7049.41,-5340.33
951,521.75,1162.81,1574.73,137.13,80.03,-64.61,-1012.11,-8783.63,539.46,7738.65,-7373.93,70.17,1894.2,-7303.75,-5409.55
961,531.89,1207.35,1552.15,144.33,73.08,-73.18,-1004.32,-8635.36,518.08,7714.76,-7475.14,70.67,2028.76,-7404.47,-5375.71
971,485.74,1191.61,1547.57,139.52,74.04,-71.55,-1007.41,-8707.35,527.41,7742.04,-7417.24,69.69,1921.62,-7347.55,-5425.93
981,495.88,1209.75,1550.99,133.9,72.51,-63.52,-1023.03,-9082.85,524.75,7770.62,-7076.77,68.6,1589.01,-7008.17,-5419.16
991,511.19,1184.39,1587.4,141.58,83.44,-78.7,-1023.75,-9115.62,524.28,7750.61,-7054.44,68.23,1564.83,-6986.21,-5421.39
1001,478.32,1212.2,1552.85,137.97,72.83,-68.01,-1015.47,-8994.22,513.45,7765.03,-7181.81,68.84,1654.95,-7112.97,-5458.02
1011,515.09,1158.98,1558.71,137.83,86.53,-72.99,-1014.29,-9114.13,500.56,7819.84,-7080.19,68.43,1576.12,-7011.76,-5435.63
1021,469.8,1190.32,1559.73,128.68,69.35,-81.04,-1043.83,-9284.27,510.26,7806.34,-6900.92,68.42,1325.35,-6832.5,-5507.15
1031,517.75,1236.41,1554.99,152.48,89.05,-80.68,-1000.19,-9294.69,517.88,7765.79,-6876.53,67.63,1458.78,-6808.9,-5350.12
1041,496.19,1207.11,1564.45,138.18,79.41,-88.79,-1021.61,-8677.78,512.94,7723.7,-7441.65,70.43,1933.81,-7371.23,-5437.42
1051,496.98,1263.45,1563.98,140.6,80.36,-69.08,-1011.54,-8792.46,513.15,7753.07,-7370.79,68.85,1938.52,-7301.94,-5363.42
1061,519.03,1213.56,1569.75,142.94,81.86,-73.15,-1036.31,-8686.46,502.52,7734.98,-7460.56,67.83,1968.71,-7392.73,-5424.03
1071,534.18,1197.29,1569.55,147.04,76.56,-60.58,-1014.03,-8630.21,519.31,7772.74,-7563.03,68.68,2111.86,-7494.35,-5382.48
1081,543.89,1169.69,1554.72,132.77,82.24,-73.33,-1007.02,-8933.59,494.4,7759.55,-7212.12,69.78,1723.31,-7142.34,-5419.03
1091,525.91,1253.09,1564.42,145.48,73.16,-71.78,-1009.93,-8677.55,518.12,7769.7,-7485.08,70.55,2090.62,-7414.53,-5323.91
1101,525.03,1152.74,1574.72,137.02,72.89,-57.58,-1027.99,-9197.98,506.93,7748.13,-6917.91,70.86,1433.92,-6847.05,-5413.13
1111,542.29,1188.26,1561.6,142.33,90.91,-67.84,-994.52,-8834.43,507.69,7672.77,-7252.31,70.83,1809.06,-7181.48,-5372.41
1121,476.78,1197.06,1562.89,136.94,82.92,-75.4,-1005.14,-8712.31,520.37,7694.72,-7389.9,69.18,1878.82,-7320.72,-5441.9
1131,518.26,1174.08,1558.88,127.34,73.6,-75.82,-1015.49,-8802.07,506.02,7847.57,-7386.71,70.13,1912.36,-7316.58,-5404.21
1141,520.74,1174.74,1538.36,130.69,66.84,-78.56,-1024.25,-8787.71,496.61,7791.04,-7365.36,69.25,1828.51,-7296.11,-5467.6
1151,518.6,1164.55,1580.04,146.57,72.31,-86.66,-1015.25,-8825.51,527.96,7799.79,-7343.16,68.73,1882.4,-7274.43,-5392.03
1161,508.99,1187.13,1559.99,130.89,71.3,-83.66,-1032.93,-8924.49,518.67,7869.2,-7286.53,70.97,1805.09,-7215.56,-5410.47
1171,513.83,1204.25,1568.51,134.6,80.86,-74.38,-1003.17,-8805.54,505.68,7733.72,-7339.04,70.45,1858.36,-7268.59,-5410.23
1181,521.05,1191.34,1583.1,134.36,80.45,-75.18,-1006.24,-8851.56,516.88,7805.82,-7335.57,70.81,1900.02,-7264.76,-5364.74
1191,496.51,1157.4,1560.07,123.81,74.62,-82.67,-1038.27,-8888.36,503.35,7834.48,-7306.54,69.25,1740.94,-7237.29,-5496.35
1201,487.69,1198.96,1567.31,139.68,72.87,-89.62,-999.37,-8885.77,516.73,7758.88,-7274.36,69.54,1767.34,-7204.82,-5437.48
1211,521.06,1194.36,1551.86,133.6,81.93,-86.73,-1004.62,-8773.07,503.73,7694.67,-7319.39,70.79,1816.78,-7248.6,-5431.82
1221,479.83,1225.46,1570.28,144.06,78.61,-89.82,-990.0,-8859.36,536.0,7761.39,-7301.98,68.83,1856.46,-7233.15,-5376.69
1231,501.62,1192.96,1559.46,138.49,73.84,-81.5,-988.62,-8922.29,516.71,7701.32,-7197.88,69.45,1692.0,-7128.43,-5436.43
1241,521.03,1220.69,1561.71,139.21,67.48,-71.27,-988.54,-8972.49,499.08,7716.21,-7178.79,71.5,1693.1,-7107.28,-5414.18
1251,507.57,1196.69,1542.94,141.73,77.2,-75.72,-1025.95,-8904.24,517.87,7750.98,-7221.19,69.75,1729.07,-7151.44,-5422.36
1261,537.84,1209.18,1557.32,139.94,80.81,-71.28,-1027.86,-8885.78,506.24,7699.78,-7227.87,71.47,1746.17,-7156.39,-5410.22
1271,538.63,1171.48,1546.43,138.98,79.86,-62.09,-1031.37,-9189.65,518.37,7773.93,-6967.46,70.76,1484.56,-6896.7,-5412.14
1281,488.98,1195.09,1553.9,125.7,72.01,-80.18,-1011.14,-9203.55,511.36,7837.47,-6993.55,71.34,1489.66,-6922.21,-5432.55
1291,528.53,1209.33,1562.73,131.58,72.23,-75.02,-1002.86,-9155.97,512.62,7747.44,-7012.63,69.01,1530.62,-6943.62,-5413.0
1301,507.29,1195.05,1570.2,140.98,72.27,-74.31,-1004.62,-9141.96,501.42,7759.72,-7018.12,69.92,1526.05,-6948.2,-5422.15
1311,505.03,1204.07,1552.93,134.79,87.55,-79.66,-1013.74,-8994.64,524.7,7754.03,-7188.97,70.26,1675.08,-7118.7,-5443.63
1321,514.71,1175.9,1573.82,139.97,77.03,-76.69,-1009.93,-9103.8,512.11,7815.81,-7123.64,68.83,1618.93,-7054.81,-5435.88
1331,501.62,1208.5,1597.25,141.02,74.24,-82.01,-995.66,-9213.0,536.59,7783.71,-6967.86,68.83,1552.25,-6899.03,-5346.77
1341,521.89,1255.65,1563.85,137.34,67.03,-87.45,-1022.31,-9205.51,518.67,7769.81,-6952.21,68.4,1519.0,-6883.81,-5364.81
1351,511.82,1216.27,1572.97,135.98,76.25,-82.29,-1035.13,-9035.27,492.96,7806.41,-7121.44,69.6,1659.98,-7051.83,-5391.86
1361,516.33,1186.27,1565.84,136.36,83.1,-66.29,-1001.39,-9250.47,504.82,7794.11,-6947.16,70.95,1468.67,-6876.2,-5407.53
1371,539.82,1211.22,1569.17,141.06,78.38,-75.92,-998.05,-9252.48,499.46,7723.37,-6885.57,69.35,1436.03,-6816.21,-5380.18
1381,504.86,1195.39,1554.79,132.08,78.88,-77.54,-1009.07,-9121.9,500.96,7756.23,-7018.32,70.14,1514.68,-6948.18,-5433.5
1391,550.74,1206.41,1578.09,148.16,67.84,-84.85,-1034.21,-9212.44,516.69,7808.13,-6972.0,70.24,1544.55,-6901.76,-5357.21
1401,524.27,1201.22,1558.3,146.59,71.63,-78.89,-1003.35,-9109.36,519.9,7769.75,-7061.26,70.52,1600.07,-6990.74,-5390.67
1411,529.29,1177.73,1573.07,142.44,70.84,-72.2,-1020.66,-9178.36,527.96,7772.66,-6997.96,70.82,1522.77,-6927.15,-5404.37
1421,498.03,1218.91,1556.4,132.88,71.49,-76.9,-1004.87,-9171.56,508.39,7749.79,-6974.31,71.2,1482.57,-6903.11,-5420.54
1431,521.53,1190.18,1547.16,142.91,83.52,-69.27,-993.14,-9048.04,523.72,7801.85,-7155.62,73.44,1700.41,-7082.18,-5381.77
1441,518.05,1228.36,1551.24,139.1,79.98,-70.45,-1006.05,-9103.48,504.22,7774.1,-7056.17,73.28,1615.07,-6982.89,-5367.82
1451,494.41,1242.16,1560.66,133.36,71.38,-73.51,-1026.73,-9138.03,509.22,7764.18,-6985.94,71.36,1537.09,-6914.58,-5377.49
1461,522.65,1203.61,1555.92,143.64,76.12,-72.47,-1039.2,-9142.91,486.03,7794.46,-7014.5,71.06,1527.84,-6943.45,-5415.61
1471,529.69,1175.71,1570.48,129.59,72.36,-83.36,-999.63,-9096.9,521.06,7757.65,-7068.62,69.9,1576.65,-6998.73,-5422.07
1481,520.17,1174.83,1547.43,136.67,68.35,-83.65,-1025.22,-9036.08,508.32,7771.11,-7119.56,71.15,1581.91,-7048.41,-5466.5
1491,512.34,1203.96,1555.3,135.51,86.29,-85.94,-1029.9,-9098.9,503.3,7774.79,-7066.05,71.14,1556.75,-6994.91,-5438.16
1501,519.29,1210.78,1554.17,136.73,72.71,-74.96,-1024.85,-8961.45,500.56,7716.67,-7172.14,70.81,1649.65,-7101.32,-5451.67
1511,526.19,1219.43,1542.67,145.7,79.84,-80.32,-1024.16,-9184.35,501.71,7734.32,-6926.74,70.94,1461.02,-6855.81,-5394.79
1521,486.52,1177.43,1533.01,135.97,80.62,-78.94,-997.98,-9047.14,517.8,7699.83,-7057.54,72.61,1507.14,-6984.93,-5477.79
1531,496.85,1221.71,1539.48,136.69,63.28,-73.8,-1025.89,-9055.97,535.8,7760.34,-7071.25,71.07,1598.48,-7000.18,-5401.7
1541,524.4,1252.38,1541.07,150.75,79.26,-71.87,-1025.55,-9189.17,511.07,7744.38,-6920.98,71.29,1516.71,-6849.69,-5332.97
1551,481.83,1194.92,1563.31,133.11,75.08,-74.97,-1017.08,-9174.47,527.2,7804.89,-6983.13,70.65,1513.82,-6912.48,-5398.66
1561,505.87,1210.83,1580.02,145.87,78.99,-85.56,-1003.51,-9144.7,512.23,7796.34,-7038.35,72.99,1596.39,-6965.36,-5368.97
1571,503.61,1134.68,1557.91,132.91,74.58,-71.86,-1015.85,-9280.09,519.98,7822.42,-6903.36,71.89,1378.29,-6831.47,-5453.17
1581,513.45,1237.75,1543.45,134.42,89.73,-76.79,-981.52,-9189.76,524.27,7767.45,-6963.1,72.5,1562.45,-6890.61,-5328.16
1591,499.52,1162.32,1566.2,129.16,72.69,-76.73,-995.63,-9251.21,524.42,7732.14,-6878.54,71.19,1362.88,-6807.35,-5444.47
1601,531.53,1192.11,1563.21,152.55,86.35,-72.65,-983.67,-9300.36,510.99,7762.25,-6853.68,72.67,1442.29,-6781.01,-5338.72
1611,550.98,1143.86,1561.68,136.58,72.89,-90.07,-1000.78,-9292.5,504.83,7762.56,-6848.67,71.81,1350.03,-6776.86,-5426.83
1621,542.21,1191.14,1565.2,139.86,78.2,-72.58,-1024.16,-9279.9,496.08,7744.87,-6860.13,70.28,1380.93,-6789.85,-5408.92
1631,480.67,1217.32,1553.5,139.49,83.41,-86.95,-994.47,-9270.57,505.26,7803.92,-6885.79,70.15,1431.58,-6815.64,-5384.05
1641,533.38,1203.49,1574.08,135.08,74.24,-90.03,-994.33,-9216.58,502.91,7718.99,-6929.25,72.21,1441.24,-6857.04,-5415.8
1651,512.76,1211.97,1577.49,142.52,65.49,-84.76,-1000.73,-9249.38,518.95,7770.32,-6914.18,70.28,1464.62,-6843.9,-5379.27
1661,522.49,1212.81,1563.22,143.59,80.28,-77.0,-988.12,-9167.73,524.97,7768.92,-6988.64,71.51,1583.44,-6917.13,-5333.69
1671,528.38,1214.56,1551.93,130.26,72.34,-82.64,-1005.06,-9071.64,509.79,7751.57,-7044.79,70.9,1599.49,-6973.89,-5374.41
1681,556.91,1209.8,1575.55,140.29,88.42,-78.74,-1011.59,-9058.84,493.73,7716.77,-7044.53,71.57,1632.32,-6972.96,-5340.65
1691,513.63,1202.35,1575.95,137.17,83.59,-58.26,-1007.87,-9239.96,511.12,7725.81,-6918.01,73.29,1443.52,-6844.72,-5401.2
1701,519.17,1180.23,1600.9,138.71,80.13,-69.39,-1009.19,-9194.23,521.58,7789.91,-6976.23,72.24,1557.82,-6904.0,-5346.17
1711,534.59,1207.49,1544.8,146.38,76.21,-74.16,-994.85,-9228.61,512.29,7773.67,-6947.5,72.32,1497.81,-6875.18,-5377.37
1721,494.9,1165.38,1570.92,138.28,74.22,-74.01,-988.24,-9175.19,515.19,7776.6,-6988.63,72.36,1498.05,-6916.27,-5418.23
1731,510.86,1220.32,1551.36,141.09,74.44,-62.1,-1002.54,-9289.65,518.8,7757.2,-6861.27,71.35,1419.76,-6789.92,-5370.16
1741,515.52,1182.68,1596.69,138.55,83.89,-76.41,-998.34,-9130.92,515.92,7755.87,-7023.36,72.51,1583.45,-6950.85,-5367.4
1751,522.17,1193.01,1541.11,134.87,91.78,-59.48,-1017.57,-9148.29,502.39,7781.24,-7003.0,71.06,1541.25,-6931.94,-5390.69
1761,510.11,1146.32,1561.28,134.33,74.04,-77.61,-1003.21,-9296.0,511.11,7792.73,-6850.56,72.1,1353.11,-6778.46,-5425.35
1771,498.34,1171.62,1566.18,132.6,66.81,-71.86,-1009.5,-9204.4,518.99,7740.77,-6902.84,72.03,1409.53,-6830.81,-5421.28
1781,526.71,1223.66,1566.56,137.58,83.42,-65.86,-1019.53,-9291.99,506.21,7760.94,-6861.91,71.54,1427.7,-6790.37,-5362.68
1791,542.61,1201.39,1565.79,141.47,84.86,-56.37,-999.12,-9208.53,526.1,7727.97,-6919.33,72.11,1526.17,-6847.22,-5321.06
1801,529.0,1218.51,1547.84,135.4,80.29,-72.64,-1014.78,-9076.38,514.23,7711.18,-7018.74,72.56,1572.65,-6946.17,-5373.53
1811,494.35,1185.82,1584.0,133.27,74.68,-79.04,-1005.72,-9134.05,518.6,7801.71,-7015.05,72.73,1573.64,-6942.32,-5368.68
1821,510.96,1257.64,1573.77,137.6,68.01,-71.22,-993.41,-9176.27,503.16,7710.29,-6960.54,72.2,1520.54,-6888.35,-5367.81
1831,556.88,1185.74,1550.77,139.24,78.32,-72.06,-1002.45,-9307.6,514.94,7828.39,-6898.04,72.37,1472.17,-6825.67,-5353.51
1841,526.15,1159.07,1522.69,142.6,77.04,-60.69,-1007.62,-9268.36,514.18,7824.99,-6904.13,71.66,1430.05,-6832.46,-5402.41
1851,508.11,1195.91,1552.59,131.95,72.4,-76.64,-997.77,-9170.77,523.7,7795.42,-6971.65,71.47,1534.89,-6900.17,-5365.28
1861,522.56,1174.77,1568.23,133.19,71.86,-66.05,-1014.4,-9324.94,521.95,7789.97,-6824.14,70.84,1377.14,-6753.3,-5376.16
1871,535.54,1174.74,1577.7,139.24,82.89,-73.23,-1002.38,-9162.88,510.56,7693.82,-6935.37,71.2,1476.0,-6864.17,-5388.17
1881,558.2,1167.23,1558.94,137.07,85.03,-66.24,-1014.06,-9040.63,514.83,7764.11,-7102.98,69.97,1664.47,-7033.01,-5368.54
1891,513.14,1170.61,1558.54,135.33,85.99,-69.56,-1021.41,-9328.69,511.02,7810.87,-6846.02,70.24,1365.83,-6775.78,-5409.95
1901,526.44,1225.25,1570.0,140.14,86.7,-79.04,-1020.25,-9253.41,509.45,7786.17,-6897.51,67.56,1491.46,-6829.94,-5338.49
1911,485.39,1187.48,1571.62,133.59,73.15,-63.5,-1033.59,-9278.56,503.81,7809.27,-6881.26,69.29,1388.65,-6811.97,-5423.32
1921,502.73,1215.28,1536.18,134.89,78.6,-66.15,-1003.65,-9207.16,496.28,7724.31,-6906.78,70.33,1411.3,-6836.45,-5425.14
1931,549.27,1187.47,1552.92,139.63,73.18,-71.72,-1029.82,-9091.23,475.63,7779.51,-7037.0,69.52,1564.85,-6967.48,-5402.64
1941,546.63,1159.43,1563.71,138.41,88.1,-79.32,-1006.81,-9181.26,526.87,7723.54,-6919.01,70.19,1479.3,-6848.82,-5369.52
1951,483.75,1176.21,1563.16,138.58,69.02,-76.14,-1001.5,-9294.03,521.49,7825.55,-6886.55,70.19,1406.09,-6816.36,-5410.27
1961,539.59,1234.66,1563.1,141.88,69.88,-63.76,-1028.94,-9223.92,516.73,7694.12,-6869.83,69.8,1443.33,-6800.03,-5356.7
1971,494.61,1155.18,1546.95,132.82,79.18,-63.71,-1013.61,-9185.57,505.71,7746.12,-6920.24,70.77,1397.66,-6849.47,-5451.81
1981,503.24,1220.57,1554.55,137.91,83.48,-68.04,-1012.2,-9112.13,501.53,7741.54,-7007.16,71.92,1550.46,-6935.24,-5384.78
1991,525.33,1178.73,1570.55,133.26,75.28,-71.85,-1003.55,-9135.75,509.67,7777.12,-7028.35,70.96,1558.8,-6957.39,-5398.59
2001,511.58,1173.14,1529.76,135.6,78.28,-70.84,-1009.6,-9155.85,512.95,7736.02,-6978.16,70.58,1441.05,-6907.58,-5466.53
2011,524.72,1171.84,1542.29,131.27,76.78,-64.87,-1012.23,-9087.84,494.82,7740.42,-7052.33,70.85,1517.2,-6981.48,-5464.28
2021,498.05,1191.74,1580.17,133.72,81.84,-73.65,-1017.49,-9124.68,515.64,7743.48,-6993.32,69.46,1528.82,-6923.86,-5395.03
2031,545.88,1169.62,1560.81,139.57,71.55,-80.21,-1002.19,-9121.69,504.74,7738.0,-6997.5,69.44,1526.08,-6928.06,-5401.97
2041,535.06,1202.96,1580.62,142.37,86.88,-85.16,-1012.81,-9119.07,509.15,7731.7,-7000.85,70.92,1571.7,-6929.93,-5358.23
2051,538.23,1149.83,1569.29,128.35,70.89,-62.88,-1022.15,-9137.89,519.35,7753.82,-7004.28,69.79,1506.85,-6934.49,-5427.64
2061,491.19,1159.48,1558.59,133.72,95.99,-58.08,-1010.74,-9113.67,520.5,7775.39,-7025.93,69.03,1552.37,-6956.9,-5404.53
2071,529.39,1205.32,1557.93,134.58,68.79,-78.63,-984.0,-9186.59,515.02,7683.81,-6934.49,70.91,1445.61,-6863.58,-5417.97
2081,544.02,1199.65,1551.83,133.63,69.91,-61.51,-1011.52,-9168.64,500.86,7716.93,-6929.46,70.05,1475.17,-6859.41,-5384.24
2091,492.3,1216.55,1567.88,139.06,78.72,-61.64,-1035.47,-9121.2,505.98,7819.53,-7038.64,71.22,1601.71,-6967.42,-5365.71
2101,518.59,1235.05,1550.88,145.32,82.17,-63.65,-1026.05,-8868.95,507.46,7725.17,-7251.13,70.09,1806.0,-7181.04,-5375.04
2111,524.69,1149.21,1536.5,129.56,76.17,-62.55,-1005.87,-9046.92,505.64,7743.92,-7083.06,70.14,1550.35,-7012.93,-5462.58
2121,515.7,1175.94,1566.52,139.0,71.87,-67.39,-1008.26,-9143.7,505.48,7740.32,-6968.5,70.61,1495.48,-6897.89,-5402.42
2131,537.14,1207.11,1574.9,142.38,78.64,-64.99,-1025.19,-9045.69,503.02,7773.82,-7104.67,70.42,1681.14,-7034.25,-5353.12
2141,525.63,1179.72,1531.51,131.64,74.9,-72.35,-1005.24,-9064.72,506.35,7731.2,-7047.08,70.07,1538.65,-6977.01,-5438.36
2151,519.93,1207.7,1556.85,138.77,86.01,-68.35,-1013.71,-9067.96,521.02,7710.81,-7035.02,71.73,1591.07,-6963.29,-5372.22
2161,526.84,1177.03,1573.89,131.26,72.24,-78.46,-1012.96,-9046.71,498.55,7776.79,-7091.19,72.88,1618.48,-7018.31,-5399.83
2171,530.09,1200.04,1583.91,136.26,86.27,-67.93,-1026.68,-9062.17,511.22,7735.04,-7046.62,70.43,1626.05,-6976.19,-5350.14
2181,533.08,1161.81,1550.29,130.82,69.32,-72.56,-1031.37,-9111.99,510.34,7788.96,-7026.61,71.26,1528.7,-6955.35,-5426.65
2191,502.43,1166.02,1571.1,132.4,76.14,-85.17,-1013.05,-9074.52,500.94,7764.85,-7065.94,70.46,1541.14,-6995.48,-5454.33
2201,534.68,1200.91,1562.93,150.6,74.66,-71.82,-1013.67,-9088.22,512.01,7677.51,-6987.05,70.33,1539.59,-6916.72,-5377.13
2211,509.82,1199.4,1553.58,143.82,72.92,-89.86,-1023.47,-9096.03,508.45,7768.37,-7031.96,70.48,1546.99,-6961.48,-5414.49
2221,491.45,1199.47,1573.03,131.56,77.97,-67.92,-999.87,-9143.56,499.05,7702.11,-6981.66,70.81,1463.29,-6910.85,-5447.56
2231,493.68,1202.09,1539.02,125.56,69.89,-54.44,-1010.85,-9196.8,508.39,7748.56,-6936.54,70.43,1425.1,-6866.11,-5441.0
2241,515.87,1216.77,1549.45,144.49,80.29,-66.94,-1020.76,-9243.68,514.83,7754.47,-6888.6,70.19,1444.78,-6818.41,-5373.63
2251,519.7,1209.83,1570.87,135.67,69.7,-61.56,-1026.44,-9172.52,500.29,7745.03,-6910.18,70.75,1490.58,-6839.44,-5348.86
2261,500.39,1231.58,1560.66,145.57,79.65,-79.02,-1018.49,-9345.61,520.47,7741.73,-6772.12,70.27,1336.94,-6701.85,-5364.91
2271,497.59,1176.83,1549.39,130.41,82.87,-67.25,-1009.86,-9229.56,498.93,7758.09,-6904.7,70.49,1387.44,-6834.21,-5446.77
2281,521.2,1234.95,1547.49,136.23,72.89,-68.28,-997.83,-9118.67,509.68,7683.75,-6954.28,69.85,1521.41,-6884.43,-5363.01
2291,472.99,1180.57,1541.52,129.87,65.14,-64.35,-1026.22,-9228.15,510.37,7746.91,-6897.96,69.84,1328.65,-6828.11,-5499.46
2301,472.09,1184.93,1548.49,138.34,73.56,-57.64,-1022.67,-9240.99,534.85,7777.34,-6883.21,69.38,1408.29,-6813.83,-5405.53
2311,512.89,1187.74,1569.62,134.68,74.37,-59.06,-993.97,-9148.35,520.73,7715.9,-6998.28,70.94,1514.53,-6927.34,-5412.81
2321,535.07,1195.16,1546.8,141.86,78.43,-57.14,-1020.31,-9261.92,504.27,7749.38,-6860.77,69.55,1411.6,-6791.22,-5379.62
2331,495.08,1174.41,1547.75,131.46,83.08,-67.32,-1006.16,-9233.01,505.01,7754.37,-6917.11,69.86,1384.68,-6847.25,-5462.56
2341,516.42,1188.58,1579.3,138.04,74.87,-71.77,-1018.91,-9148.02,505.09,7756.65,-6980.44,69.55,1520.24,-6910.89,-5390.65
2351,538.59,1212.6,1557.83,136.63,85.36,-79.03,-1020.97,-9221.04,504.7,7772.21,-6931.47,69.43,1486.86,-6862.04,-5375.18
2361,517.9,1183.34,1549.1,129.6,72.07,-64.5,-1034.71,-9184.84,515.18,7725.73,-6932.17,68.99,1408.87,-6863.18,-5454.3
2371,513.19,1175.33,1550.2,138.44,73.94,-78.82,-1026.15,-9153.98,508.95,7763.54,-6954.87,70.31,1464.64,-6884.56,-5419.91
2381,551.84,1188.42,1568.39,143.07,80.74,-70.34,-1019.19,-9145.49,506.38,7730.66,-6970.67,71.46,1534.48,-6899.21,-5364.73
2391,533.19,1198.72,1564.15,135.14,77.44,-72.47,-1027.31,-9097.48,517.06,7752.59,-7041.7,69.63,1581.04,-6972.08,-5391.04
2401,512.09,1214.53,1574.88,135.76,71.97,-65.55,-1007.27,-9136.64,509.87,7795.22,-7030.88,70.52,1604.85,-6960.37,-5355.52
2411,490.52,1203.91,1533.34,125.84,67.05,-68.28,-1007.16,-9246.08,523.55,7746.54,-6871.38,70.01,1369.22,-6801.38,-5432.16
2421,528.31,1215.22,1568.82,145.49,78.62,-70.8,-1025.28,-9156.67,506.39,7703.15,-6923.86,70.94,1493.26,-6852.93,-5359.67
2431,526.39,1201.06,1538.54,140.47,66.82,-60.84,-976.2,-9217.8,504.93,7729.31,-6913.8,70.27,1452.69,-6843.53,-5390.84
2441,515.33,1233.65,1550.62,143.28,67.9,-69.4,-1003.07,-9226.49,513.83,7690.3,-6872.77,69.64,1415.93,-6803.13,-5387.2
2451,513.1,1164.13,1560.82,137.23,72.06,-73.88,-1003.94,-9271.11,514.53,7771.37,-6858.82,71.21,1384.3,-6787.61,-5403.3
2461,490.49,1194.52,1550.66,138.16,79.44,-54.37,-1011.87,-9228.81,520.45,7764.45,-6927.93,71.29,1443.12,-6856.64,-5413.52
2471,529.22,1192.17,1549.79,140.54,74.95,-66.68,-1020.52,-9307.01,510.87,7767.31,-6843.15,69.87,1370.63,-6773.28,-5402.65
2481,512.96,1190.71,1575.58,133.29,73.86,-60.92,-1015.05,-9276.41,513.88,7735.88,-6829.92,69.09,1383.77,-6760.83,-5377.06
2491,478.97,1228.03,1589.13,152.86,80.15,-74.95,-1029.21,-9291.38,515.93,7746.02,-6823.16,69.99,1395.56,-6753.17,-5357.62
2501,491.33,1197.72,1579.33,130.61,81.13,-80.36,-1020.54,-9225.59,518.61,7827.68,-6942.15,70.64,1499.92,-6871.51,-5371.59
2511,487.71,1169.59,1553.44,136.6,63.44,-78.41,-1018.34,-9314.48,518.69,7808.78,-6840.89,69.41,1327.02,-6771.48,-5444.45
2521,514.55,1237.5,1574.95,137.34,84.77,-82.61,-1032.45,-9157.5,505.45,7761.1,-6976.96,70.51,1543.08,-6906.45,-5363.37
2531,545.05,1197.33,1565.46,140.91,78.75,-74.64,-1027.18,-9228.3,504.5,7740.09,-6872.78,70.97,1441.97,-6801.82,-5359.85
2541,529.07,1217.14,1574.13,136.79,83.4,-74.72,-1002.96,-9302.77,502.26,7700.83,-6773.82,70.39,1363.16,-6703.44,-5340.28
2551,495.76,1159.16,1572.97,134.35,81.27,-78.14,-1025.92,-9327.64,519.5,7813.83,-6843.59,69.29,1345.12,-6774.29,-5429.18
2561,510.31,1212.89,1581.02,136.71,78.97,-69.16,-1015.22,-9005.56,539.52,7703.4,-7074.92,69.29,1672.89,-7005.63,-5332.74
2571,504.54,1216.52,1580.57,138.87,72.74,-72.35,-1012.08,-9354.08,518.27,7771.48,-6780.92,69.85,1364.46,-6711.07,-5346.61
2581,515.63,1221.19,1544.02,139.07,76.43,-72.77,-1005.63,-9065.4,523.35,7752.65,-7100.15,69.65,1628.54,-7030.5,-5401.96
2591,504.07,1222.91,1531.02,140.29,76.13,-65.07,-999.27,-9128.77,511.61,7744.51,-6993.82,69.9,1537.44,-6923.92,-5386.49
2601,521.04,1186.52,1574.42,131.04,68.79,-74.26,-1006.39,-8929.42,515.46,7704.7,-7159.27,70.83,1691.89,-7088.45,-5396.56
2611,510.88,1210.36,1555.51,141.22,69.77,-82.83,-1006.71,-9072.14,510.44,7708.6,-7034.43,71.21,1545.09,-6963.23,-5418.13
2621,512.15,1199.68,1567.72,138.22,71.9,-81.5,-1025.77,-9229.47,496.63,7764.66,-6947.27,69.65,1414.23,-6877.62,-5463.39
2631,523.91,1198.76,1538.27,144.43,71.67,-78.75,-1015.02,-9045.95,507.63,7752.96,-7074.07,68.62,1597.91,-7005.45,-5407.54
2641,522.77,1182.23,1561.23,135.17,79.98,-73.64,-1007.85,-8741.24,520.44,7689.78,-7353.73,71.48,1868.85,-7282.25,-5413.4
2651,533.19,1213.91,1547.07,138.41,75.06,-70.61,-1007.96,-8999.62,511.63,7727.03,-7129.28,70.85,1668.11,-7058.44,-5390.33
2661,503.8,1227.73,1557.2,141.44,74.4,-71.9,-1001.42,-8656.21,514.69,7744.5,-7481.85,71.5,2034.23,-7410.34,-5376.12
2671,508.74,1159.46,1553.45,141.05,80.77,-75.47,-1006.49,-8827.59,512.14,7786.32,-7328.21,70.88,1832.38,-7257.33,-5424.95
2681,491.29,1179.86,1584.1,143.36,77.26,-76.83,-1028.31,-9074.53,527.92,7801.12,-7085.04,71.63,1625.24,-7013.42,-5388.18
2691,488.53,1257.28,1570.96,135.03,82.02,-72.71,-1024.0,-9072.46,513.07,7753.83,-7037.34,69.75,1631.57,-6967.59,-5336.02
2701,502.73,1198.67,1548.07,131.07,72.21,-60.66,-1015.03,-9153.92,517.52,7811.66,-7009.0,70.52,1552.33,-6938.49,-5386.15
2711,524.25,1211.48,1548.44,136.96,70.91,-80.58,-1017.73,-8825.23,505.6,7784.38,-7345.36,71.62,1858.48,-7273.75,-5415.26
2721,487.41,1189.4,1548.12,135.3,69.88,-67.84,-980.74,-8951.64,517.99,7785.44,-7217.14,71.77,1733.33,-7145.38,-5412.05
2731,476.51,1194.4,1555.15,129.57,89.67,-83.05,-1029.97,-8934.48,515.14,7760.27,-7165.05,71.66,1673.22,-7093.39,-5420.17
2741,522.93,1196.1,1546.42,139.07,64.29,-76.32,-1012.9,-9110.99,509.77,7850.66,-7099.22,71.58,1629.04,-7027.64,-5398.6
2751,490.16,1192.13,1567.07,132.24,73.04,-72.51,-1002.22,-9029.72,519.66,7827.42,-7141.0,72.55,1697.28,-7068.45,-5371.17
2761,511.34,1179.18,1571.56,131.92,79.26,-76.42,-999.93,-9010.31,515.87,7739.7,-7124.83,71.81,1642.16,-7053.02,-5410.86
2771,490.26,1161.44,1563.49,136.31,81.81,-82.78,-999.01,-9011.62,506.31,7828.19,-7181.35,70.86,1674.4,-7110.49,-5436.09
2781,497.85,1137.71,1577.53,137.04,97.87,-71.15,-1024.11,-9029.18,514.74,7790.7,-7128.6,72.04,1629.01,-7056.56,-5427.55
2791,494.05,1262.65,1556.54,137.71,78.69,-64.86,-1035.16,-8982.72,516.93,7774.96,-7161.56,72.42,1738.77,-7089.14,-5350.37
2801,484.95,1209.06,1572.7,140.82,89.5,-69.41,-1048.44,-9108.45,496.19,7834.64,-7059.29,70.22,1601.55,-6989.08,-5387.53
2811,534.5,1228.64,1587.3,150.1,91.95,-58.96,-1023.05,-9063.23,525.67,7786.01,-7123.53,71.71,1758.94,-7051.82,-5292.88
2821,499.06,1161.68,1577.41,139.03,67.87,-73.37,-1014.36,-9029.2,512.11,7811.61,-7111.88,70.98,1651.83,-7040.9,-5389.07
2831,497.43,1217.65,1539.6,138.64,74.18,-73.6,-1016.94,-9084.68,514.24,7776.69,-7051.29,70.98,1583.22,-6980.3,-5397.09
2841,516.84,1218.4,1553.02,141.0,61.85,-69.7,-1002.88,-9230.42,509.11,7776.62,-6928.11,70.43,1473.85,-6857.68,-5383.83
2851,540.07,1205.27,1565.8,141.45,76.33,-67.37,-1024.89,-9035.23,510.18,7721.62,-7078.06,69.6,1633.22,-7008.45,-5375.23
2861,512.58,1239.71,1578.48,136.16,69.81,-78.45,-1019.04,-9111.12,485.39,7755.78,-7030.49,69.05,1569.3,-6961.45,-5392.14
2871,524.29,1221.86,1569.43,135.93,76.65,-77.66,-1014.41,-9104.09,495.8,7750.88,-7026.26,70.28,1578.66,-6955.98,-5377.32
2881,518.97,1225.87,1562.49,149.0,78.97,-76.33,-1011.79,-9001.58,486.85,7717.7,-7116.85,71.58,1650.16,-7045.27,-5395.12
2891,503.84,1195.18,1559.64,133.87,83.88,-77.56,-1008.82,-9042.36,519.81,7686.8,-7052.17,70.29,1554.27,-6981.88,-5427.6
2901,504.66,1213.35,1572.85,139.54,81.29,-65.39,-995.02,-9113.03,505.42,7782.94,-7039.7,69.97,1626.61,-6969.73,-5343.12
2911,504.71,1204.51,1555.71,140.53,74.14,-65.12,-1020.18,-9264.6,513.2,7751.19,-6870.06,70.19,1394.09,-6799.87,-5405.78
2921,531.53,1174.05,1552.94,131.02,66.61,-73.48,-1018.12,-9123.79,523.5,7742.19,-6989.22,70.42,1506.45,-6918.8,-5412.35
2931,511.56,1206.64,1563.48,133.87,73.97,-68.84,-1015.64,-9087.88,508.77,7746.98,-7047.3,71.05,1572.9,-6976.26,-5403.35
2941,510.59,1187.72,1574.01,141.74,82.69,-75.87,-1023.45,-9269.35,505.57,7787.28,-6882.57,69.6,1420.93,-6812.96,-5392.03
2951,533.85,1203.1,1558.79,134.49,76.38,-68.51,-1032.57,-9194.11,508.37,7758.79,-6930.93,71.97,1478.59,-6858.96,-5380.37
2961,524.16,1184.7,1556.63,130.61,79.42,-68.34,-1007.13,-9236.74,496.9,7750.83,-6902.86,70.71,1411.03,-6832.15,-5421.12
2971,543.99,1184.01,1567.47,134.62,82.3,-78.78,-1020.09,-9115.61,504.93,7738.42,-6978.6,67.45,1541.27,-6911.15,-5369.89
2981,540.81,1171.11,1572.19,136.2,82.03,-63.71,-1024.01,-9192.8,492.64,7685.28,-6887.15,68.92,1399.74,-6818.23,-5418.49
2991,511.38,1206.14,1548.91,139.55,84.75,-77.69,-1035.95,-9246.73,514.79,7771.17,-6882.43,68.73,1416.31,-6813.7,-5397.39
3001,503.48,1178.41,1566.46,127.77,77.93,-83.35,-1008.94,-9212.43,530.62,7779.42,-6937.74,70.7,1459.37,-6867.04,-5407.67
3011,490.71,1181.9,1566.65,140.39,79.37,-64.44,-1017.2,-9095.25,512.92,7754.49,-7042.97,70.65,1549.53,-6972.32,-5422.8
3021,499.53,1253.02,1568.73,143.44,87.62,-76.47,-995.2,-9271.29,515.81,7796.18,-6895.24,69.81,1521.36,-6825.43,-5304.06
3031,526.91,1211.78,1579.4,134.57,86.78,-82.64,-1032.55,-9092.31,504.41,7748.21,-7045.43,69.66,1584.56,-6975.77,-5391.21
3041,488.42,1196.71,1554.48,129.75,82.47,-73.91,-1036.8,-9227.56,516.52,7767.36,-6923.67,69.61,1397.43,-6854.06,-5456.62
3051,514.2,1204.9,1543.97,142.69,74.37,-59.5,-1021.88,-9164.57,511.72,7746.62,-6971.2,70.01,1492.51,-6901.19,-5408.67
3061,486.17,1183.03,1563.36,130.09,70.21,-66.5,-1023.77,-9178.52,513.17,7709.43,-6922.83,70.62,1386.68,-6852.21,-5465.52
3071,550.68,1197.88,1574.61,146.7,71.33,-65.36,-1034.22,-9137.01,500.18,7715.15,-6955.39,68.66,1519.95,-6886.73,-5366.78
3081,543.52,1217.55,1559.98,136.91,83.3,-76.18,-1016.52,-9141.97,499.05,7723.01,-6983.14,70.01,1528.65,-6913.13,-5384.47
3091,498.64,1172.09,1569.07,127.54,77.97,-72.4,-1020.83,-9260.71,515.82,7788.69,-6919.7,69.31,1395.88,-6850.38,-5454.5
3101,510.02,1180.8,1564.35,145.06,81.83,-63.57,-1015.99,-9260.27,497.94,7775.62,-6863.04,69.85,1415.79,-6793.19,-5377.4
3111,515.78,1192.83,1589.86,131.82,66.1,-84.56,-1003.05,-9211.58,518.37,7811.66,-6974.21,69.46,1527.23,-6904.75,-5377.52
3121,518.82,1201.96,1560.91,137.2,73.04,-68.35,-1047.85,-9343.55,493.44,7774.2,-6792.98,67.71,1299.81,-6725.27,-5425.46
3131,548.91,1231.12,1559.89,137.66,74.57,-69.23,-1030.14,-9259.36,503.55,7750.57,-6880.25,69.84,1447.54,-6810.41,-5362.88
3141,516.73,1187.9,1569.73,135.43,73.48,-69.83,-1015.53,-9392.87,518.72,7803.14,-6789.43,69.38,1326.9,-6720.05,-5393.15
3151,519.37,1207.88,1560.97,146.81,79.43,-70.66,-1018.27,-9242.09,494.55,7778.96,-6924.36,70.61,1456.97,-6853.75,-5396.79
3161,491.03,1220.65,1551.58,139.24,80.16,-71.62,-1001.67,-9318.17,524.92,7825.69,-6887.4,70.46,1441.82,-6816.94,-5375.12
3171,531.53,1191.67,1550.95,135.35,61.82,-63.7,-1001.17,-9295.66,500.18,7771.2,-6821.92,68.54,1382.18,-6753.38,-5371.2
3181,509.9,1174.58,1564.19,140.89,75.73,-72.2,-1029.74,-9221.48,512.36,7683.03,-6845.34,67.7,1337.26,-6777.64,-5440.38
3191,522.71,1209.47,1554.83,140.05,71.54,-65.82,-1003.04,-9292.54,506.09,7746.7,-6852.21,68.31,1390.0,-6783.91,-5393.9
3201,519.65,1219.81,1563.91,134.1,74.02,-82.59,-1014.89,-9204.73,512.44,7698.67,-6900.5,69.07,1420.4,-6831.43,-5411.03
3211,473.42,1194.23,1549.11,131.87,74.0,-79.83,-1016.95,-9169.05,532.36,7719.25,-6951.53,69.52,1408.42,-6882.01,-5473.59
3221,505.3,1225.32,1561.94,137.79,68.07,-83.73,-1030.55,-9158.09,498.23,7705.11,-6956.8,69.36,1429.38,-6887.44,-5458.06
3231,531.7,1144.25,1556.49,136.53,62.19,-58.04,-1025.72,-9245.08,511.77,7750.72,-6899.56,67.31,1364.81,-6832.25,-5467.44
3241,532.02,1160.28,1556.87,138.38,75.22,-78.65,-990.66,-9111.62,522.23,7700.72,-6983.8,69.13,1504.79,-6914.66,-5409.88
3251,550.34,1257.68,1530.0,138.68,79.54,-64.27,-1020.3,-9081.85,514.08,7706.28,-7030.93,68.88,1610.17,-6962.05,-5351.88
3261,522.14,1204.58,1539.35,129.31,73.69,-75.2,-1016.64,-9217.68,498.09,7749.19,-6919.85,69.29,1406.83,-6850.56,-5443.73
3271,505.36,1220.46,1545.25,144.72,75.26,-66.36,-1020.49,-9138.3,519.82,7766.06,-7003.19,68.29,1551.78,-6934.91,-5383.13
3281,515.97,1209.11,1587.6,142.11,74.01,-72.32,-1006.54,-9133.3,515.29,7723.87,-6973.82,69.42,1555.81,-6904.4,-5348.59
3291,494.86,1244.28,1560.78,127.64,72.44,-71.4,-1020.1,-9098.48,515.97,7723.53,-7015.31,68.17,1549.52,-6947.13,-5397.62
3301,496.3,1214.75,1542.03,140.13,71.45,-57.55,-1020.78,-9198.8,532.77,7758.23,-6931.69,68.82,1478.53,-6862.87,-5384.35
3311,541.73,1178.28,1555.79,139.39,69.23,-57.35,-1004.91,-9040.62,499.79,7717.17,-7086.82,69.45,1598.5,-7017.38,-5418.88
3321,495.28,1199.02,1565.49,130.32,79.38,-59.69,-1038.87,-9117.14,507.75,7741.87,-6988.06,68.04,1503.41,-6920.02,-5416.61
3331,517.45,1165.21,1563.46,141.92,75.45,-73.8,-1023.28,-9041.4,520.04,7774.33,-7092.09,67.92,1619.37,-7024.17,-5404.81
3341,544.96,1201.03,1536.53,142.85,78.01,-63.97,-1009.69,-8995.03,507.4,7766.88,-7149.67,69.5,1708.97,-7080.17,-5371.2
3351,486.12,1208.5,1597.17,132.25,78.13,-66.99,-1014.73,-9217.65,508.59,7747.24,-6945.67,69.37,1458.62,-6876.3,-5417.67
3361,525.3,1179.26,1548.84,140.48,78.54,-62.47,-1016.46,-8964.6,503.03,7738.55,-7132.86,68.68,1670.47,-7064.18,-5393.71
3371,513.54,1148.21,1564.79,136.57,76.8,-67.12,-1033.69,-9175.79,522.18,7781.45,-6964.45,69.29,1466.93,-6895.16,-5428.22
3381,555.16,1156.9,1573.23,130.35,87.55,-65.45,-1022.14,-9131.73,509.75,7812.22,-7038.42,70.37,1605.84,-6968.04,-5362.21
3391,505.54,1252.49,1555.57,134.5,74.72,-70.45,-1008.82,-9010.3,517.04,7695.31,-7107.58,69.85,1645.61,-7037.73,-5392.12
3401,538.55,1197.3,1548.86,133.85,67.77,-79.53,-1010.69,-8958.62,492.86,7738.39,-7183.9,69.44,1668.74,-7114.46,-5445.72
3411,487.1,1223.32,1555.06,129.95,77.85,-71.68,-1035.66,-8957.86,500.92,7730.37,-7162.0,69.31,1639.37,-7092.69,-5453.32
3421,477.77,1193.47,1561.68,140.46,73.36,-57.59,-1028.01,-9000.25,537.04,7792.14,-7139.69,68.16,1690.07,-7071.53,-5381.46
3431,498.15,1193.51,1567.15,137.46,76.54,-74.2,-1018.87,-9140.09,503.29,7747.39,-6995.63,69.84,1490.34,-6925.79,-5435.45
3441,524.34,1159.46,1549.23,127.41,65.5,-69.04,-1014.21,-9031.37,515.07,7715.43,-7062.06,70.64,1541.82,-6991.42,-5449.6
3451,511.17,1237.77,1566.93,137.22,69.72,-80.07,-1020.44,-9065.63,505.88,7718.42,-7054.42,69.21,1580.97,-6985.21,-5404.23
3461,491.21,1244.33,1545.17,138.16,78.03,-67.06,-1004.33,-8996.71,503.3,7688.8,-7083.23,70.39,1620.89,-7012.84,-5391.94
3471,515.72,1207.03,1566.38,136.15,76.23,-67.55,-1016.07,-8898.44,519.03,7667.98,-7160.12,69.28,1706.45,-7090.85,-5384.4
3481,534.99,1206.27,1563.06,137.9,83.58,-61.82,-991.92,-8901.42,514.61,7700.19,-7194.52,70.5,1785.43,-7124.03,-5338.59
3491,528.37,1282.06,1562.66,137.83,87.12,-64.02,-1005.63,-8787.4,501.23,7652.9,-7295.13,69.68,1895.12,-7225.45,-5330.33
3501,519.34,1227.23,1544.27,133.71,82.03,-63.01,-1033.79,-8972.93,520.37,7720.75,-7125.21,68.52,1677.97,-7056.69,-5378.71
3511,517.16,1240.42,1544.53,137.81,82.27,-71.75,-1016.74,-8981.91,492.22,7695.98,-7124.21,69.18,1640.0,-7055.03,-5415.03
3521,515.71,1203.86,1557.77,146.94,76.06,-73.91,-1018.71,-9015.51,505.39,7715.81,-7073.29,67.44,1613.4,-7005.85,-5392.45
3531,479.03,1150.8,1566.72,129.26,85.79,-61.38,-1015.78,-9063.86,518.43,7727.14,-7069.87,69.49,1516.14,-7000.38,-5484.24
3541,519.77,1201.1,1561.3,141.25,79.99,-63.4,-1003.88,-9016.25,504.68,7755.07,-7147.14,70.51,1679.64,-7076.63,-5396.99
3551,510.15,1215.78,1548.2,136.76,77.55,-64.38,-1029.56,-9036.24,499.41,7773.36,-7120.91,68.39,1631.02,-7052.52,-5421.49
3561,527.0,1207.57,1558.1,146.88,83.9,-68.19,-1021.34,-9070.02,517.1,7727.52,-7074.3,70.0,1608.52,-7004.3,-5395.78
3571,526.34,1175.15,1554.96,136.33,81.7,-79.34,-1019.76,-9099.79,506.24,7683.12,-6991.41,70.73,1464.94,-6920.68,-5455.74
3581,488.95,1218.39,1546.07,132.41,78.93,-76.66,-1019.35,-9174.41,505.17,7741.97,-6965.84,71.46,1441.45,-6894.37,-5452.92
3591,514.05,1208.96,1567.76,141.06,81.08,-61.32,-1013.73,-9185.17,490.11,7744.59,-6986.38,70.52,1487.39,-6915.85,-5428.46
3601,525.0,1155.28,1550.4,138.08,80.36,-78.08,-1001.11,-9179.22,519.03,7777.06,-6992.51,70.02,1486.8,-6922.49,-5435.69
3611,520.52,1208.18,1563.91,138.04,66.56,-75.48,-999.22,-9022.32,516.66,7737.99,-7121.24,71.34,1654.83,-7049.91,-5395.08
3621,528.49,1178.63,1536.6,130.07,79.31,-76.27,-997.96,-9135.02,511.35,7726.18,-7008.26,69.78,1481.38,-6938.48,-5457.09
3631,482.4,1201.68,1565.45,138.81,75.93,-90.67,-1014.22,-9048.23,522.14,7755.79,-7092.67,69.97,1589.07,-7022.7,-5433.63
3641,531.57,1195.97,1538.71,142.83,78.5,-66.49,-1004.86,-9101.84,519.65,7731.21,-7033.05,69.37,1565.25,-6963.68,-5398.43
3651,511.79,1215.14,1553.76,141.76,77.85,-70.75,-1040.71,-9202.75,507.63,7714.82,-6909.95,69.39,1408.56,-6840.56,-5432.01
3661,507.33,1222.53,1554.56,132.55,75.66,-74.1,-1020.26,-9096.29,505.26,7684.7,-6998.46,69.13,1491.92,-6929.33,-5437.41
3671,514.28,1167.24,1548.71,144.12,83.43,-68.08,-1015.4,-9029.68,521.75,7743.4,-7110.44,70.18,1609.77,-7040.26,-5430.49
3681,543.5,1154.93,1571.22,136.77,72.2,-70.02,-1023.24,-9055.15,531.79,7778.35,-7078.68,68.85,1640.34,-7009.83,-5369.49
3691,483.89,1215.49,1563.61,144.77,78.45,-64.5,-1019.23,-9001.44,499.25,7705.22,-7131.33,70.12,1605.52,-7061.21,-5455.69
3701,509.18,1174.01,1556.17,133.75,71.47,-70.99,-987.37,-8997.09,528.37,7752.58,-7168.56,72.33,1670.08,-7096.23,-5426.15
3711,496.98,1200.68,1554.57,137.61,78.23,-60.96,-1025.93,-8982.49,529.93,7769.07,-7181.48,70.07,1697.69,-7111.41,-5413.72
3721,494.73,1207.48,1563.55,131.8,78.39,-71.54,-1020.36,-8937.47,505.75,7731.16,-7185.19,69.92,1683.5,-7115.27,-5431.77
3731,514.54,1199.52,1543.86,136.65,81.68,-61.57,-1010.82,-9006.09,503.56,7770.94,-7131.18,69.63,1672.29,-7061.55,-5389.27
3741,528.17,1226.82,1536.72,145.16,82.95,-58.87,-1003.5,-8968.51,521.21,7706.24,-7168.0,70.28,1716.4,-7097.72,-5381.32
3751,530.78,1223.8,1555.79,138.02,74.19,-70.82,-1014.63,-8913.54,507.96,7690.08,-7202.32,71.11,1721.63,-7131.21,-5409.58
3761,501.49,1156.05,1572.35,129.63,72.9,-66.0,-1000.48,-8908.4,506.94,7745.75,-7259.75,69.62,1710.23,-7190.13,-5479.9
3771,539.76,1166.17,1573.68,130.7,80.46,-73.13,-1045.06,-8944.63,491.2,7755.58,-7169.91,70.4,1674.72,-7099.51,-5424.79
3781,522.58,1211.31,1563.57,140.39,80.35,-83.63,-988.63,-9014.31,518.6,7784.48,-7172.98,69.02,1734.71,-7103.97,-5369.26
3791,520.2,1200.15,1533.98,134.01,73.87,-78.73,-999.75,-8986.84,495.05,7762.31,-7198.18,70.24,1654.25,-7127.94,-5473.69
3801,531.27,1176.93,1553.51,137.13,71.92,-76.38,-1018.37,-9112.66,499.63,7836.37,-7102.65,70.63,1599.36,-7032.02,-5432.66
3811,485.59,1205.56,1560.2,137.84,69.87,-72.37,-1025.7,-9042.9,530.59,7760.66,-7110.97,68.45,1609.33,-7042.52,-5433.19
3821,495.06,1175.79,1554.63,134.64,83.38,-89.53,-1004.33,-9128.11,511.98,7790.92,-7043.75,69.14,1524.43,-6974.61,-5450.18
3831,498.44,1233.19,1563.79,137.22,79.88,-84.98,-1005.46,-9055.59,515.73,7755.17,-7103.64,70.68,1637.4,-7032.96,-5395.56
3841,535.38,1235.26,1560.5,138.49,78.75,-65.4,-990.37,-9035.94,512.43,7732.43,-7122.4,69.33,1701.52,-7053.08,-5351.55
3851,534.91,1174.6,1553.59,139.71,75.65,-72.69,-1020.2,-9015.2,519.99,7761.08,-7110.66,68.62,1651.44,-7042.03,-5390.6
3861,527.17,1154.26,1539.31,134.41,69.17,-57.68,-1021.04,-8980.43,497.41,7755.58,-7174.87,69.71,1618.17,-7105.16,-5486.99
3871,527.88,1196.93,1560.49,135.64,64.76,-69.94,-1005.52,-9064.17,505.65,7773.28,-7105.18,69.48,1625.01,-7035.7,-5410.69
3881,510.04,1170.37,1581.4,143.33,81.4,-72.27,-1019.95,-9043.87,510.66,7778.36,-7122.95,70.34,1639.48,-7052.61,-5413.13
3891,514.48,1202.49,1568.34,138.49,70.93,-77.11,-1026.8,-8925.95,504.19,7757.96,-7216.31,70.35,1727.03,-7145.96,-5418.93
3901,486.47,1219.95,1554.61,142.0,74.85,-81.2,-988.77,-8977.31,517.11,7777.4,-7207.73,69.0,1725.1,-7138.73,-5413.63
3911,492.23,1249.73,1544.15,145.74,76.3,-76.26,-1011.46,-8929.51,501.52,7711.99,-7195.45,67.86,1704.42,-7127.6,-5423.18
3921,528.8,1175.54,1554.39,130.21,74.58,-60.79,-989.7,-9072.22,490.88,7699.05,-7052.6,68.46,1530.74,-6984.14,-5453.4
3931,576.48,1198.54,1562.07,141.07,83.55,-81.0,-1032.4,-9177.42,503.63,7813.94,-7024.67,68.39,1588.46,-6956.29,-5367.82
3941,510.11,1199.46,1582.76,135.81,72.36,-84.73,-1011.92,-9096.93,506.6,7799.61,-7113.12,71.13,1613.12,-7041.99,-5428.88
3951,500.83,1184.89,1543.11,134.82,80.67,-61.24,-993.34,-9143.27,519.46,7799.61,-7075.82,69.37,1565.55,-7006.45,-5440.9
3961,537.16,1220.28,1547.42,141.57,82.26,-80.64,-1001.28,-9020.04,512.01,7686.85,-7073.59,69.75,1625.59,-7003.85,-5378.26
3971,513.49,1177.98,1537.67,133.97,77.39,-69.67,-1005.83,-9092.94,494.18,7789.27,-7098.17,68.12,1555.52,-7030.05,-5474.53
3981,524.56,1217.99,1574.94,131.6,72.13,-75.22,-992.71,-9054.51,532.56,7743.63,-7121.52,68.51,1674.98,-7053.01,-5378.02
3991,496.74,1174.3,1587.56,134.39,80.39,-93.44,-1016.83,-9009.93,490.23,7699.69,-7135.31,69.1,1543.11,-7066.2,-5523.1
4001,512.74,1226.42,1530.7,139.62,67.61,-67.94,-1010.07,-9059.58,506.3,7774.55,-7131.14,69.44,1620.34,-7061.7,-5441.35

Receptor Energy Terms
Frame #,BOND,ANGLE,DIHED,UB,IMP,CMAP,VDWAALS,EEL,1-4 VDW,1-4 EEL,EGB,ESURF,GGAS,GSOLV,TOTAL
1,534.35,1186.06,1523.75,155.51,79.66,-68.19,-957.44,-9170.72,512.94,7822.58,-7045.19,72.3,1618.51,-6972.88,-5354.38
11,495.35,1122.68,1522.93,131.31,76.2,-73.09,-1003.36,-9146.69,501.95,7866.84,-7062.99,70.87,1494.11,-6992.12,-5498.01
21,511.97,1172.14,1521.5,128.37,69.14,-75.98,-1001.55,-9128.53,500.02,7845.18,-7086.76,69.17,1542.25,-7017.59,-5475.34
31,505.16,1254.24,1516.07,135.85,78.71,-71.75,-995.77,-9043.31,480.3,7798.48,-7145.7,69.1,1657.97,-7076.6,-5418.63
41,464.04,1189.74,1495.2,126.78,69.63,-77.4,-1026.61,-9057.72,503.43,7746.03,-7062.91,68.95,1433.12,-6993.96,-5560.84
51,514.03,1187.13,1521.52,124.34,85.4,-74.71,-977.61,-9170.28,492.97,7802.96,-7035.68,71.15,1505.75,-6964.54,-5458.78
61,470.1,1179.47,1514.36,130.38,80.62,-78.38,-989.74,-8873.04,504.6,7816.9,-7333.78,70.01,1755.27,-7263.77,-5508.5
71,471.03,1183.81,1509.69,128.75,76.17,-70.86,-971.75,-9245.52,497.56,7839.47,-6971.48,71.25,1418.37,-6900.23,-5481.86
81,487.28,1191.76,1504.86,132.73,87.19,-70.51,-979.77,-9189.79,504.13,7806.33,-6999.22,73.92,1474.2,-6925.3,-5451.1
91,494.73,1155.36,1485.04,134.75,66.92,-55.51,-1018.64,-9262.07,483.86,7869.36,-6929.55,71.42,1353.79,-6858.12,-5504.34
101,490.99,1144.52,1505.13,125.43,68.54,-55.64,-986.12,-9134.3,498.0,7849.88,-7069.95,71.5,1506.43,-6998.46,-5492.03
111,529.47,1184.91,1492.57,125.63,78.46,-61.02,-991.63,-9337.36,484.98,7836.85,-6872.47,70.61,1342.85,-6801.86,-5459.0
121,456.19,1152.87,1526.31,130.79,81.45,-62.03,-987.2,-9421.56,512.83,7858.81,-6784.86,71.61,1248.45,-6713.25,-5464.79
131,472.68,1189.1,1493.35,134.92,78.73,-79.72,-1011.98,-9158.34,481.69,7833.41,-7030.85,71.79,1433.84,-6959.06,-5525.22
141,503.9,1190.63,1519.34,142.31,77.36,-80.71,-1006.78,-9312.1,512.81,7824.58,-6871.51,70.81,1371.34,-6800.69,-5429.35
151,495.09,1163.47,1493.6,129.26,69.5,-72.18,-987.71,-9107.56,503.4,7805.54,-7082.09,70.83,1492.41,-7011.26,-5518.85
161,495.48,1155.27,1495.42,134.36,92.79,-76.21,-989.76,-9289.12,505.42,7850.65,-6929.04,71.28,1374.29,-6857.76,-5483.46
171,496.92,1170.06,1511.3,133.53,74.21,-78.14,-985.09,-9233.57,497.42,7851.64,-6983.2,71.51,1438.26,-6911.69,-5473.43
181,505.72,1200.65,1513.36,138.12,81.94,-66.1,-988.62,-9404.21,508.35,7848.41,-6788.94,70.1,1337.62,-6718.84,-5381.23
191,498.18,1192.97,1492.35,137.22,88.54,-71.5,-1000.38,-9405.53,502.53,7836.78,-6796.53,70.0,1271.14,-6726.53,-5455.38
201,476.42,1185.2,1518.61,134.42,78.37,-75.08,-1001.62,-9439.94,523.5,7907.71,-6818.88,71.63,1307.59,-6747.25,-5439.67
211,533.55,1150.71,1500.68,132.27,74.61,-63.35,-961.71,-9176.07,488.42,7862.66,-7103.29,70.84,1541.78,-7032.45,-5490.67
221,512.21,1119.01,1490.13,120.16,68.24,-66.19,-952.42,-9503.05,486.11,7834.47,-6720.83,70.96,1108.69,-6649.87,-5541.19
231,468.91,1165.71,1505.22,131.79,78.19,-70.58,-1013.15,-9085.93,504.57,7890.58,-7168.08,69.65,1575.32,-7098.43,-5523.12
241,535.14,1162.43,1492.76,131.84,79.12,-63.1,-973.76,-9475.22,483.89,7853.44,-6779.91,69.84,1226.55,-6710.07,-5483.52
251,504.04,1205.19,1535.9,139.29,78.1,-70.2,-997.33,-9097.0,502.28,7853.46,-7135.08,70.22,1653.73,-7064.86,-5411.13
261,494.84,1143.7,1487.35,133.44,84.97,-74.97,-1006.01,-8906.47,512.23,7897.13,-7346.37,70.88,1766.2,-7275.49,-5509.29
271,501.57,1207.76,1494.17,139.16,78.44,-73.23,-994.3,-8822.26,508.13,7869.72,-7407.15,70.98,1909.16,-7336.18,-5427.01
281,478.1,1192.88,1497.0,140.46,75.18,-68.56,-1002.27,-8861.64,513.17,7899.34,-7375.74,71.33,1863.66,-7304.4,-5440.74
291,501.35,1184.6,1497.52,125.23,79.7,-68.29,-1000.33,-8831.59,494.07,7869.73,-7377.41,70.22,1851.99,-7307.19,-5455.21
301,528.63,1145.7,1494.86,137.04,75.16,-58.93,-973.69,-8895.04,492.96,7789.67,-7301.28,70.41,1736.35,-7230.87,-5494.52
311,486.55,1184.93,1530.93,141.54,80.73,-57.17,-980.87,-8962.05,482.47,7789.07,-7213.68,70.62,1696.12,-7143.06,-5446.94
321,488.62,1180.47,1512.82,127.28,75.78,-72.14,-987.33,-9038.71,497.84,7819.08,-7164.57,70.38,1603.72,-7094.19,-5490.48
331,472.09,1193.36,1507.77,132.77,70.22,-63.62,-1010.06,-9088.12,473.1,7896.81,-7151.37,70.03,1584.33,-7081.34,-5497.01
341,532.85,1190.43,1495.22,134.52,65.09,-73.49,-983.63,-9000.48,513.3,7891.79,-7217.43,70.58,1765.6,-7146.85,-5381.25
351,491.86,1169.99,1518.68,120.21,66.34,-55.02,-981.61,-8770.82,512.02,7813.25,-7418.18,71.15,1884.91,-7347.03,-5462.12
361,489.23,1183.63,1494.8,131.37,79.79,-61.88,-983.35,-8970.59,469.79,7825.16,-7234.29,71.22,1657.95,-7163.07,-5505.12
371,520.31,1208.0,1487.02,139.97,79.35,-62.61,-968.91,-9025.56,496.26,7786.98,-7150.93,71.6,1660.81,-7079.33,-5418.52
381,521.75,1174.14,1508.16,138.55,76.13,-51.55,-971.55,-8884.23,486.9,7782.28,-7265.77,71.98,1780.57,-7193.79,-5413.22
391,500.47,1155.69,1508.33,127.84,75.1,-70.06,-984.5,-8906.39,510.81,7817.9,-7257.38,70.44,1735.2,-7186.94,-5451.74
401,497.03,1141.85,1488.35,122.14,76.08,-65.52,-987.13,-8913.07,478.82,7837.79,-7268.65,72.04,1676.34,-7196.61,-5520.27
411,513.8,1193.01,1464.08,135.33,74.69,-66.01,-1010.04,-8940.99,484.79,7858.54,-7258.65,71.14,1707.21,-7187.51,-5480.3
421,479.7,1183.94,1533.76,137.86,83.59,-70.31,-976.99,-9079.9,501.35,7840.81,-7132.56,70.28,1633.81,-7062.28,-5428.47
431,515.19,1218.89,1474.22,136.13,79.02,-69.41,-996.92,-9141.37,491.18,7787.39,-7027.06,70.95,1494.33,-6956.11,-5461.78
441,490.96,1182.46,1486.25,130.2,79.63,-56.48,-981.67,-9074.58,498.68,7783.78,-7110.65,71.14,1539.22,-7039.51,-5500.28
451,501.53,1195.78,1493.8,132.55,77.69,-64.0,-1001.94,-9095.85,478.48,7782.85,-7058.94,71.94,1500.88,-6987.0,-5486.12
461,506.29,1195.19,1518.0,124.69,77.73,-66.21,-977.29,-9173.11,487.35,7835.37,-7029.68,70.32,1528.0,-6959.36,-5431.35
471,496.03,1140.93,1491.98,137.02,79.45,-64.21,-1018.75,-9207.22,499.29,7838.3,-6955.02,70.54,1392.82,-6884.48,-5491.66
481,475.87,1211.83,1509.47,146.87,83.52,-68.3,-1004.17,-9288.88,495.34,7898.74,-6949.16,71.45,1460.3,-6877.7,-5417.4
491,514.99,1167.71,1512.25,130.82,82.87,-74.32,-987.6,-9052.71,497.57,7850.37,-7143.6,70.9,1641.95,-7072.7,-5430.75
501,510.91,1185.82,1507.61,135.87,79.95,-63.66,-988.65,-9169.95,480.47,7760.25,-6969.12,71.12,1438.63,-6898.01,-5459.38
511,505.23,1192.05,1486.2,133.8,76.69,-49.75,-990.82,-9174.64,492.09,7764.6,-6959.8,70.38,1435.44,-6889.42,-5453.99
521,474.54,1205.35,1504.77,127.41,81.34,-80.41,-982.9,-8998.78,498.16,7795.71,-7161.45,71.51,1625.2,-7089.95,-5464.75
531,511.76,1174.61,1500.0,139.86,76.79,-65.0,-982.42,-8936.15,507.83,7764.56,-7170.69,71.22,1691.82,-7099.48,-5407.66
541,503.22,1208.1,1502.43,129.84,66.67,-61.93,-975.67,-9168.81,485.49,7784.49,-6982.4,71.87,1473.82,-6910.53,-5436.71
551,485.4,1174.86,1478.59,130.09,66.65,-68.69,-1002.39,-9058.23,500.12,7822.56,-7105.06,70.77,1528.95,-7034.29,-5505.34
561,508.2,1182.97,1510.2,134.57,79.85,-64.94,-992.19,-8989.67,492.64,7851.96,-7226.13,70.99,1713.59,-7155.14,-5441.56
571,520.83,1138.7,1492.09,130.57,81.11,-73.23,-984.35,-8785.92,507.27,7845.63,-7396.94,70.56,1872.71,-7326.38,-5453.67
581,498.37,1201.55,1504.56,129.92,75.5,-60.79,-1005.77,-9029.42,510.26,7792.53,-7124.84,69.3,1616.72,-7055.53,-5438.82
591,477.82,1162.41,1517.82,130.64,77.32,-68.21,-970.02,-9102.42,500.6,7838.06,-7107.48,70.98,1564.03,-7036.5,-5472.48
601,489.47,1202.04,1505.3,127.33,65.65,-72.57,-1024.03,-8969.45,498.88,7783.88,-7153.46,69.17,1606.49,-7084.3,-5477.81
611,528.32,1188.86,1493.96,139.62,74.6,-62.34,-987.73,-9062.12,485.35,7798.32,-7091.94,71.24,1596.84,-7020.69,-5423.85
621,511.6,1187.88,1501.69,140.18,71.1,-78.17,-1008.46,-9143.4,493.48,7844.96,-7035.59,70.51,1520.87,-6965.08,-5444.21
631,496.4,1175.14,1529.69,132.97,82.87,-75.29,-996.32,-9144.35,495.66,7824.68,-7018.71,71.25,1521.44,-6947.46,-5426.02
641,499.44,1196.92,1513.4,128.82,74.36,-54.73,-974.73,-9243.95,497.77,7830.96,-6966.69,70.65,1468.26,-6896.04,-5427.78
651,522.36,1176.82,1523.08,135.51,74.95,-61.98,-1007.48,-9180.5,497.83,7826.91,-6979.99,69.53,1507.5,-6910.46,-5402.96
661,484.09,1186.85,1503.22,128.84,79.76,-75.98,-1004.52,-9236.19,504.37,7828.79,-6950.64,71.65,1399.23,-6878.98,-5479.75
671,483.41,1162.07,1527.49,135.89,70.83,-75.9,-981.59,-9271.21,498.09,7873.38,-6966.9,71.26,1422.47,-6895.64,-5473.17
681,485.8,1193.41,1502.47,132.15,76.75,-65.99,-1000.48,-9133.23,511.28,7762.33,-7006.51,70.71,1464.49,-6935.8,-5471.31
691,521.62,1134.3,1504.82,125.34,78.17,-59.59,-977.59,-9235.08,483.43,7798.05,-6941.43,71.28,1373.47,-6870.15,-5496.68
701,502.91,1160.96,1504.31,156.69,80.36,-56.93,-979.35,-9243.12,505.76,7803.67,-6944.96,69.65,1435.26,-6875.31,-5440.06
711,524.75,1163.98,1520.96,134.83,80.51,-75.66,-989.09,-9246.27,492.42,7795.87,-6948.93,71.51,1402.29,-6877.42,-5475.13
721,492.4,1183.03,1505.99,136.74,73.72,-60.53,-994.8,-9091.1,498.0,7827.42,-7106.68,69.36,1570.87,-7037.31,-5466.45
731,506.41,1174.02,1512.09,131.05,82.51,-74.38,-964.21,-9096.68,510.74,7803.4,-7095.13,70.2,1584.95,-7024.92,-5439.97
741,509.27,1178.87,1520.67,133.42,82.22,-69.18,-968.41,-9140.28,504.46,7796.86,-7068.4,70.5,1547.9,-6997.9,-5450.0
751,504.73,1163.88,1505.41,126.2,74.4,-76.56,-1002.7,-9135.99,490.56,7785.58,-6998.16,69.87,1435.53,-6928.29,-5492.76
761,490.32,1136.18,1522.07,120.92,77.24,-71.7,-976.72,-9119.14,511.91,7849.04,-7095.68,70.01,1540.13,-7025.67,-5485.54
771,522.03,1163.97,1521.83,130.79,88.86,-76.33,-1011.14,-9101.17,483.57,7752.55,-7012.52,69.63,1474.97,-6942.89,-5467.92
781,479.64,1157.16,1523.31,134.58,94.55,-60.91,-1013.72,-9143.81,497.37,7863.37,-7054.9,69.85,1531.53,-6985.05,-5453.51
791,509.81,1193.07,1532.89,129.27,83.11,-83.66,-984.09,-9327.02,502.23,7804.37,-6890.3,69.97,1359.98,-6820.33,-5460.35
801,488.86,1177.3,1503.1,127.28,79.45,-74.86,-978.7,-9231.98,510.73,7817.65,-6926.52,69.8,1418.83,-6856.72,-5437.89
811,501.04,1158.96,1516.42,131.83,76.03,-59.94,-988.45,-9311.95,489.82,7839.48,-6886.87,69.43,1353.25,-6817.44,-5464.19
821,467.96,1154.41,1527.92,123.34,68.64,-69.27,-991.37,-9271.06,506.28,7845.18,-6920.23,69.8,1362.03,-6850.42,-5488.39
831,505.13,1152.64,1501.74,135.73,78.57,-78.53,-942.0,-9155.12,505.75,7818.11,-7061.37,71.11,1522.02,-6990.26,-5468.24
841,512.56,1166.0,1493.21,132.1,75.32,-74.87,-1003.04,-9166.0,495.01,7805.66,-7014.19,70.97,1435.94,-6943.22,-5507.28
851,509.38,1184.86,1516.14,138.51,70.66,-65.55,-1007.86,-9049.81,506.27,7786.41,-7104.24,69.18,1589.01,-7035.06,-5446.04
861,484.53,1173.49,1508.35,142.09,76.44,-71.58,-981.84,-9162.59,501.66,7842.53,-7030.3,70.26,1513.09,-6960.03,-5446.94
871,484.38,1195.7,1526.24,126.2,66.38,-83.47,-978.86,-9356.34,498.21,7744.98,-6785.73,70.22,1223.41,-6715.5,-5492.09
881,523.47,1162.46,1497.3,136.34,71.28,-76.2,-1006.51,-8996.78,484.63,7802.97,-7139.23,71.74,1598.95,-7067.5,-5468.54
891,502.84,1217.81,1516.95,141.14,79.22,-92.29,-965.03,-8911.91,491.87,7755.94,-7225.2,71.02,1736.54,-7154.18,-5417.64
901,505.76,1157.66,1507.66,137.56,79.83,-86.81,-990.28,-8682.92,488.77,7804.81,-7497.91,71.11,1922.02,-7426.8,-5504.78
911,483.3,1178.1,1490.23,133.25,81.82,-79.64,-995.88,-8732.97,496.85,7872.25,-7489.54,70.91,1927.3,-7418.64,-5491.34
921,495.16,1185.69,1517.74,132.76,82.23,-62.24,-982.57,-8638.7,484.79,7783.44,-7506.16,70.87,1998.29,-7435.29,-5437.0
931,501.96,1173.16,1506.5,135.97,72.22,-65.69,-981.98,-8619.33,506.1,7782.16,-7540.15,70.22,2011.07,-7469.92,-5458.85
941,522.61,1192.21,1496.89,142.44,92.29,-70.05,-948.15,-9061.0,494.23,7820.47,-7137.86,70.35,1681.93,-7067.51,-5385.57
951,510.74,1147.45,1522.48,133.56,79.2,-64.61,-983.44,-8795.39,523.65,7787.77,-7390.45,70.88,1861.41,-7319.57,-5458.16
961,522.26,1189.97,1502.47,139.93,72.41,-73.18,-977.28,-8655.38,501.54,7765.41,-7484.35,71.24,1988.14,-7413.11,-5424.97
971,478.78,1167.48,1499.69,133.6,72.47,-71.55,-979.42,-8728.33,510.68,7790.65,-7426.57,70.33,1874.04,-7356.25,-5482.21
981,487.91,1187.78,1502.72,129.99,71.96,-63.52,-999.13,-9101.12,507.51,7821.35,-7083.57,68.47,1545.45,-7015.1,-5469.65
991,504.7,1167.45,1537.39,137.65,81.76,-78.7,-996.9,-9132.9,505.86,7800.64,-7065.24,68.55,1526.95,-6996.69,-5469.74
1001,467.78,1193.78,1503.4,133.99,72.61,-68.01,-990.62,-9011.68,498.48,7817.16,-7195.61,68.93,1616.87,-7126.68,-5509.81
1011,497.18,1141.41,1509.17,132.69,85.67,-72.99,-987.91,-9127.14,484.01,7868.05,-7088.89,68.6,1530.16,-7020.29,-5490.13
1021,457.52,1175.97,1507.55,125.95,69.33,-81.04,-1019.41,-9298.25,495.15,7857.11,-6911.02,68.48,1289.87,-6842.54,-5552.67
1031,508.4,1220.09,1506.95,148.33,88.68,-80.68,-974.5,-9307.83,502.68,7815.99,-6886.95,67.76,1428.1,-6819.19,-5391.09
1041,487.25,1189.18,1511.64,133.98,78.82,-88.79,-997.56,-8695.97,494.87,7770.38,-7449.62,70.17,1883.81,-7379.45,-5495.64
1051,486.04,1244.36,1514.68,135.35,79.61,-69.08,-988.56,-8811.33,496.55,7805.19,-7379.76,68.77,1892.8,-7311.0,-5418.19
1061,513.64,1192.44,1519.55,137.59,80.97,-73.15,-1011.6,-8707.14,485.62,7784.99,-7468.84,67.95,1922.91,-7400.89,-5477.98
1071,523.44,1178.31,1519.28,143.38,75.61,-60.58,-992.88,-8645.91,502.32,7821.61,-7573.94,68.31,2064.59,-7505.62,-5441.03
1081,534.15,1152.03,1505.56,129.0,81.81,-73.33,-989.08,-8952.81,480.01,7811.76,-7219.09,69.32,1679.11,-7149.77,-5470.66
1091,516.41,1236.82,1515.25,142.1,72.95,-71.78,-988.1,-8695.48,500.42,7821.52,-7496.01,70.5,2050.13,-7425.5,-5375.38
1101,512.91,1133.36,1523.55,132.9,72.0,-57.58,-1004.64,-9215.82,491.26,7796.55,-6927.51,70.54,1384.5,-6856.97,-5472.47
1111,527.26,1170.02,1511.5,137.52,90.46,-67.84,-966.78,-8854.58,492.98,7725.53,-7261.0,71.3,1766.07,-7189.7,-5423.63
1121,468.24,1177.5,1512.28,132.79,82.7,-75.4,-974.74,-8727.0,504.68,7747.24,-7403.8,69.83,1848.28,-7333.97,-5485.69
1131,511.46,1161.07,1508.37,123.58,71.98,-75.82,-985.3,-8814.74,491.55,7894.18,-7400.76,70.79,1886.35,-7329.97,-5443.62
1141,511.48,1159.34,1489.06,127.0,66.69,-78.56,-994.62,-8802.45,480.24,7842.13,-7379.75,69.64,1800.31,-7310.12,-5509.81
1151,505.65,1148.86,1526.03,142.58,71.48,-86.66,-986.93,-8856.17,510.74,7852.57,-7344.92,69.34,1828.16,-7275.58,-5447.41
1161,497.37,1172.76,1510.74,128.77,71.17,-83.66,-1006.85,-8939.31,501.53,7919.64,-7303.26,71.17,1772.16,-7232.09,-5459.93
1171,502.23,1180.73,1514.22,129.12,80.32,-74.38,-979.02,-8826.23,487.11,7786.08,-7346.62,70.58,1800.18,-7276.04,-5475.87
1181,512.22,1175.36,1532.61,130.52,80.19,-75.18,-982.08,-8872.16,500.43,7858.03,-7343.83,70.84,1859.95,-7272.99,-5413.04
1191,487.65,1139.55,1509.0,120.17,74.57,-82.67,-1012.26,-8905.69,488.45,7882.13,-7316.04,69.32,1700.9,-7246.72,-5545.83
1201,480.9,1181.56,1515.45,135.02,71.93,-89.62,-977.63,-8903.37,499.34,7809.39,-7284.85,69.38,1722.96,-7215.47,-5492.51
1211,505.58,1176.35,1501.19,129.13,80.93,-86.73,-982.59,-8788.95,486.41,7742.01,-7329.54,70.77,1763.33,-7258.77,-5495.44
1221,471.34,1206.74,1519.49,140.26,78.55,-89.82,-967.56,-8876.94,519.65,7814.25,-7311.91,68.68,1815.97,-7243.23,-5427.26
1231,491.39,1171.58,1510.89,134.66,73.44,-81.5,-963.03,-8936.15,499.68,7752.84,-7214.72,69.92,1653.8,-7144.8,-5491.0
1241,510.59,1200.02,1513.5,135.2,66.15,-71.27,-960.96,-8986.67,479.95,7767.26,-7192.81,71.83,1653.76,-7120.98,-5467.22
1251,498.46,1179.77,1493.72,137.0,75.82,-75.72,-998.25,-8917.36,501.53,7802.6,-7238.28,70.5,1697.58,-7167.78,-5470.2
1261,529.53,1195.82,1507.94,136.21,78.25,-71.28,-996.18,-8897.13,487.23,7747.85,-7246.38,72.44,1718.25,-7173.94,-5455.69
1271,529.3,1151.31,1496.75,134.66,79.0,-62.09,-1003.8,-9204.88,500.13,7822.58,-6981.14,71.1,1442.95,-6910.03,-5467.09
1281,478.27,1179.53,1502.82,121.57,71.92,-80.18,-986.68,-9222.28,493.49,7888.21,-7004.26,71.55,1446.67,-6932.71,-5486.04
1291,520.75,1191.74,1511.9,128.09,70.51,-75.02,-975.79,-9168.18,495.13,7795.57,-7027.17,69.48,1494.68,-6957.68,-5463.0
1301,498.44,1179.13,1521.22,136.03,71.93,-74.31,-976.79,-9153.94,484.18,7811.67,-7036.37,70.33,1497.55,-6966.05,-5468.5
1311,495.23,1183.51,1500.92,130.26,86.51,-79.66,-988.65,-9009.34,507.24,7805.3,-7202.98,70.31,1631.32,-7132.67,-5501.36
1321,503.44,1158.11,1522.19,136.33,76.45,-76.69,-984.57,-9118.0,496.44,7864.55,-7139.11,68.98,1578.25,-7070.13,-5491.88
1331,489.64,1191.7,1544.97,136.49,73.45,-82.01,-969.16,-9230.61,519.85,7832.97,-6979.05,68.78,1507.28,-6910.27,-5402.99
1341,511.32,1235.84,1514.89,133.54,66.86,-87.45,-1000.61,-9222.3,503.91,7820.13,-6961.28,68.19,1476.15,-6893.09,-5416.94
1351,503.95,1195.93,1520.62,131.59,75.6,-82.29,-1012.11,-9051.11,476.0,7856.49,-7132.29,69.42,1614.68,-7062.87,-5448.19
1361,499.69,1161.93,1515.81,130.06,82.37,-66.29,-976.99,-9269.22,492.51,7846.3,-6957.03,70.77,1416.18,-6886.26,-5470.09
1371,534.06,1196.28,1517.29,136.92,77.9,-75.92,-973.17,-9264.75,480.21,7773.8,-6901.16,69.38,1402.63,-6831.78,-5429.15
1381,485.28,1173.1,1503.57,126.39,76.89,-77.54,-985.42,-9139.43,488.35,7805.67,-7028.82,70.05,1456.84,-6958.78,-5501.94
1391,542.21,1184.65,1527.02,143.05,67.7,-84.85,-1012.32,-9229.36,498.4,7856.98,-6980.54,70.08,1493.48,-6910.46,-5416.98
1401,512.7,1181.8,1509.44,139.92,71.57,-78.89,-977.22,-9125.63,503.63,7820.72,-7073.78,70.51,1558.05,-7003.26,-5445.22
1411,519.52,1155.32,1521.67,137.72,69.0,-72.2,-996.51,-9190.85,511.89,7817.66,-7008.82,70.62,1473.2,-6938.2,-5465.0
1421,488.81,1201.57,1501.87,130.53,70.64,-76.9,-979.01,-9189.43,490.82,7801.21,-6982.71,71.45,1440.11,-6911.26,-5471.16
1431,512.05,1175.9,1497.82,137.24,81.87,-69.27,-967.79,-9062.98,507.6,7849.82,-7165.81,73.46,1662.27,-7092.35,-5430.07
1441,509.89,1204.01,1499.56,134.02,79.69,-70.45,-980.87,-9115.36,489.4,7823.82,-7070.19,73.31,1573.71,-6996.87,-5423.16
1451,481.66,1226.21,1508.83,129.41,71.01,-73.51,-1000.31,-9155.28,496.16,7813.56,-6996.28,71.56,1497.74,-6924.73,-5426.99
1461,513.3,1186.76,1504.0,140.26,75.93,-72.47,-1015.53,-9160.27,469.0,7844.74,-7024.85,70.76,1485.71,-6954.09,-5468.37
1471,522.46,1159.52,1520.98,125.75,71.22,-83.36,-973.92,-9112.46,505.28,7808.25,-7080.31,70.16,1543.72,-7010.15,-5466.43
1481,509.89,1157.45,1497.52,133.48,67.31,-83.65,-997.07,-9048.9,491.93,7820.72,-7134.61,71.73,1548.66,-7062.88,-5514.22
1491,500.87,1188.31,1505.72,131.06,85.69,-85.94,-1008.2,-9111.13,486.36,7824.71,-7079.64,70.93,1517.45,-7008.71,-5491.26
1501,510.9,1192.09,1504.11,133.9,72.66,-74.96,-999.06,-8978.56,481.95,7770.45,-7186.58,70.86,1613.49,-7115.72,-5502.23
1511,515.44,1201.22,1493.0,140.7,78.08,-80.32,-998.96,-9193.72,484.24,7782.33,-6944.72,70.98,1422.0,-6873.74,-5451.74
1521,480.06,1159.75,1481.89,131.78,79.92,-78.94,-971.36,-9060.11,499.82,7745.51,-7072.02,72.65,1468.33,-6999.37,-5531.04
1531,485.46,1195.98,1490.45,131.58,62.87,-73.8,-1000.11,-9070.49,517.91,7811.68,-7088.45,71.46,1551.53,-7016.99,-5465.46
1541,516.61,1231.31,1491.66,144.34,78.43,-71.87,-997.38,-9203.26,494.06,7793.11,-6937.17,71.7,1477.01,-6865.47,-5388.46
1551,473.22,1171.36,1514.94,129.26,73.4,-74.97,-991.6,-9188.85,512.43,7855.77,-6997.1,71.07,1474.95,-6926.02,-5451.07
1561,492.22,1190.91,1527.46,141.23,76.65,-85.56,-978.51,-9162.04,495.16,7845.69,-7047.57,73.15,1543.2,-6974.42,-5431.21
1571,492.45,1116.55,1510.06,127.88,74.08,-71.86,-989.49,-9294.22,501.91,7871.2,-6916.76,72.0,1338.54,-6844.76,-5506.21
1581,501.03,1219.15,1496.11,129.94,89.61,-76.79,-959.22,-9206.53,509.36,7820.22,-6979.11,72.73,1522.89,-6906.38,-5383.49
1591,483.3,1144.83,1512.18,125.42,72.66,-76.73,-969.47,-9265.95,511.5,7781.35,-6889.36,70.98,1319.08,-6818.38,-5499.3
1601,518.75,1175.83,1512.99,147.61,84.54,-72.65,-959.82,-9319.09,497.96,7808.5,-6860.47,72.26,1394.62,-6788.21,-5393.59
1611,540.15,1129.68,1511.28,133.16,72.46,-90.07,-974.51,-9315.85,489.17,7812.3,-6855.21,71.69,1307.76,-6783.52,-5475.76
1621,534.55,1175.75,1516.04,136.51,77.14,-72.58,-998.34,-9292.05,478.51,7790.17,-6873.36,69.97,1345.69,-6803.39,-5457.7
1631,470.84,1199.03,1503.76,135.23,82.9,-86.95,-971.13,-9289.93,489.78,7856.2,-6898.44,69.98,1389.71,-6828.46,-5438.75
1641,526.81,1181.16,1524.33,131.0,74.17,-90.03,-974.18,-9232.42,485.61,7769.63,-6940.87,71.72,1396.09,-6869.15,-5473.06
1651,505.2,1187.67,1524.86,138.33,65.34,-84.76,-975.76,-9271.89,503.52,7822.26,-6923.02,70.34,1414.76,-6852.68,-5437.92
1661,514.95,1191.11,1512.7,138.64,79.61,-77.0,-967.0,-9182.42,507.36,7820.25,-7002.16,71.09,1538.19,-6931.07,-5392.88
1671,522.51,1194.84,1501.55,125.77,71.87,-82.64,-982.43,-9092.37,489.26,7800.07,-7052.76,70.47,1548.42,-6982.29,-5433.87
1681,544.67,1193.9,1527.03,136.48,87.73,-78.74,-988.94,-9082.8,478.8,7766.79,-7047.75,71.1,1584.93,-6976.64,-5391.71
1691,504.64,1184.61,1526.19,133.0,81.45,-58.26,-985.12,-9262.94,494.49,7778.49,-6927.8,72.99,1396.55,-6854.82,-5458.27
1701,514.24,1157.75,1552.22,133.99,80.06,-69.39,-985.07,-9221.77,502.93,7839.25,-6982.07,72.12,1504.21,-6909.95,-5405.74
1711,522.61,1186.82,1495.04,139.81,75.35,-74.16,-972.84,-9248.38,497.25,7822.4,-6953.25,71.86,1443.89,-6881.39,-5437.5
1721,487.22,1143.58,1521.24,133.78,73.41,-74.01,-963.88,-9196.33,496.7,7823.55,-6994.58,71.85,1445.25,-6922.74,-5477.49
1731,499.35,1200.13,1499.81,135.18,73.48,-62.1,-977.49,-9310.66,501.27,7806.01,-6871.54,71.16,1364.97,-6800.38,-5435.41
1741,505.94,1160.84,1542.98,134.79,83.19,-76.41,-975.2,-9153.99,498.03,7807.47,-7032.41,72.53,1527.64,-6959.88,-5432.24
1751,510.09,1178.03,1492.85,131.6,90.88,-59.48,-990.51,-9167.97,486.95,7834.97,-7021.5,71.23,1507.42,-6950.27,-5442.85
1761,496.64,1128.79,1512.08,129.9,73.37,-77.61,-977.42,-9319.13,497.12,7842.01,-6860.99,72.28,1305.73,-6788.71,-5482.98
1771,485.6,1156.71,1515.0,128.39,66.49,-71.86,-981.84,-9224.09,504.46,7789.77,-6922.95,72.33,1368.62,-6850.62,-5481.99
1781,517.85,1205.64,1517.1,132.43,81.53,-65.86,-996.38,-9311.71,489.41,7810.62,-6875.8,71.62,1380.62,-6804.18,-5423.56
1791,534.93,1181.85,1514.94,137.43,84.33,-56.37,-974.41,-9230.95,507.4,7779.04,-6932.95,72.14,1478.2,-6860.81,-5382.61
1801,522.54,1204.85,1498.53,131.64,80.25,-72.64,-990.27,-9097.66,497.51,7760.3,-7028.72,72.54,1535.04,-6956.18,-5421.14
1811,485.77,1166.76,1532.59,130.2,73.88,-79.04,-983.56,-9153.57,499.14,7854.61,-7030.54,72.93,1526.8,-6957.61,-5430.81
1821,503.16,1238.0,1525.64,132.78,67.95,-71.22,-970.66,-9195.44,485.82,7757.1,-6973.75,71.95,1473.14,-6901.8,-5428.66
1831,545.35,1163.32,1499.38,134.55,78.24,-72.06,-981.28,-9327.67,495.53,7875.93,-6904.16,72.0,1411.31,-6832.15,-5420.85
1841,514.71,1143.33,1474.44,139.59,75.05,-60.69,-985.39,-9294.98,499.69,7879.05,-6911.81,71.47,1384.81,-6840.34,-5455.52
1851,497.7,1181.4,1502.49,128.32,70.58,-76.64,-977.0,-9190.86,506.56,7844.52,-6980.86,71.14,1487.07,-6909.73,-5422.66
1861,512.12,1157.1,1518.25,128.7,71.2,-66.05,-992.08,-9345.83,504.42,7839.01,-6836.31,70.57,1326.84,-6765.74,-5438.9
1871,524.6,1149.84,1527.65,134.8,82.63,-73.23,-982.84,-9179.81,495.12,7748.22,-6950.53,70.57,1426.99,-6879.96,-5452.97
1881,547.81,1149.09,1509.67,132.74,84.76,-66.24,-994.47,-9060.46,497.78,7815.19,-7117.62,69.56,1615.87,-7048.06,-5432.19
1891,504.37,1154.13,1510.72,131.78,85.08,-69.56,-996.54,-9349.76,495.29,7862.71,-6862.46,70.2,1328.21,-6792.25,-5464.04
1901,515.63,1206.03,1517.88,135.45,86.48,-79.04,-998.41,-9271.71,494.28,7835.31,-6914.63,67.87,1441.91,-6846.76,-5404.85
1911,478.68,1170.65,1523.52,129.55,72.14,-63.5,-1010.53,-9297.44,487.03,7858.51,-6893.59,69.34,1348.62,-6824.25,-5475.63
1921,494.4,1199.96,1486.56,129.47,77.9,-66.15,-979.4,-9230.81,479.02,7774.13,-6919.06,70.58,1365.09,-6848.48,-5483.39
1931,539.6,1169.47,1504.51,135.37,72.87,-71.72,-1008.92,-9108.42,461.26,7829.57,-7053.67,69.29,1523.59,-6984.38,-5460.78
1941,535.43,1144.62,1514.87,132.48,87.89,-79.32,-991.11,-9202.22,507.93,7777.07,-6926.73,69.35,1427.64,-6857.38,-5429.73
1951,474.08,1160.06,1513.95,134.97,68.24,-76.14,-981.69,-9310.3,504.09,7875.16,-6898.37,69.62,1362.42,-6828.75,-5466.32
1961,534.34,1216.26,1512.48,137.82,69.15,-63.76,-1006.15,-9242.94,497.39,7739.54,-6882.35,69.57,1394.14,-6812.77,-5418.64
1971,485.17,1136.93,1496.53,129.82,78.28,-63.71,-985.72,-9203.41,487.18,7795.34,-6934.15,70.96,1356.41,-6863.2,-5506.78
1981,495.41,1197.69,1506.13,133.35,80.45,-68.04,-984.63,-9130.03,484.1,7792.41,-7019.51,72.11,1506.86,-6947.4,-5440.54
1991,518.18,1155.72,1518.83,128.72,74.55,-71.85,-978.05,-9152.59,491.55,7827.87,-7040.76,70.88,1512.94,-6969.87,-5456.94
2001,502.35,1155.69,1481.29,131.45,78.24,-70.84,-986.31,-9174.43,497.76,7783.97,-6990.7,70.45,1399.17,-6920.25,-5521.09
2011,517.73,1153.44,1487.28,127.21,74.64,-64.87,-987.12,-9105.28,475.57,7789.98,-7065.11,70.78,1468.59,-6994.33,-5525.74
2021,488.32,1175.69,1531.84,129.6,81.39,-73.65,-987.12,-9146.72,498.52,7793.76,-7009.12,70.24,1491.63,-6938.87,-5447.25
2031,534.27,1151.03,1510.96,135.37,70.5,-80.21,-974.02,-9139.41,486.32,7785.84,-7012.94,70.14,1480.65,-6942.8,-5462.14
2041,527.37,1187.75,1528.81,138.45,86.87,-85.16,-988.45,-9142.64,493.96,7779.74,-7007.67,70.71,1526.7,-6936.96,-5410.26
2051,528.96,1130.32,1518.51,124.55,70.75,-62.88,-997.92,-9159.46,503.34,7804.35,-7011.68,69.42,1460.53,-6942.26,-5481.73
2061,479.9,1138.18,1509.61,128.32,93.34,-58.08,-984.54,-9129.38,504.92,7825.9,-7038.97,69.38,1508.17,-6969.59,-5461.43
2071,519.47,1189.37,1505.0,129.06,66.58,-78.63,-959.05,-9209.12,495.92,7735.99,-6945.36,70.87,1394.6,-6874.49,-5479.89
2081,532.99,1184.6,1500.44,130.61,67.49,-61.51,-987.95,-9186.87,485.09,7765.87,-6940.17,70.01,1430.77,-6870.16,-5439.38
2091,482.47,1199.82,1518.95,135.67,78.4,-61.64,-1010.48,-9142.13,489.03,7866.13,-7048.08,71.6,1556.22,-6976.48,-5420.26
2101,512.31,1214.71,1499.55,140.4,81.25,-63.65,-1002.11,-8887.82,488.76,7777.46,-7264.34,70.15,1760.86,-7194.19,-5433.33
2111,514.03,1132.34,1487.04,125.36,73.56,-62.55,-983.88,-9066.48,487.48,7794.19,-7094.73,69.89,1501.1,-7024.84,-5523.74
2121,503.04,1155.29,1515.07,135.07,70.51,-67.39,-984.95,-9165.85,489.65,7793.01,-6977.04,70.41,1443.46,-6906.64,-5463.17
2131,530.86,1185.8,1525.37,138.52,77.77,-64.99,-1004.46,-9065.2,487.22,7823.56,-7116.05,70.33,1634.45,-7045.72,-5411.27
2141,517.13,1161.44,1482.48,128.6,72.84,-72.35,-983.25,-9082.38,489.31,7780.9,-7059.25,69.85,1494.72,-6989.4,-5494.69
2151,507.36,1191.55,1508.28,134.65,85.79,-68.35,-991.08,-9087.9,506.08,7761.01,-7044.9,71.64,1547.4,-6973.26,-5425.86
2161,518.88,1155.15,1517.15,126.59,71.72,-78.46,-991.09,-9068.48,482.07,7824.58,-7097.03,72.63,1558.11,-7024.4,-5466.3
2171,520.64,1182.26,1529.09,132.63,84.85,-67.93,-1004.57,-9084.25,493.95,7785.27,-7052.57,70.01,1571.92,-6982.56,-5410.64
2181,523.02,1140.07,1497.47,127.05,68.97,-72.56,-1009.82,-9132.25,492.93,7838.33,-7035.62,71.05,1473.2,-6964.58,-5491.37
2191,493.83,1150.72,1519.37,128.56,75.91,-85.17,-987.38,-9094.75,485.45,7812.88,-7073.59,70.17,1499.44,-7003.43,-5503.99
2201,521.68,1180.59,1511.32,145.46,74.25,-71.82,-987.68,-9109.3,494.13,7725.14,-6996.16,70.11,1483.78,-6926.04,-5442.27
2211,499.81,1179.39,1504.16,138.72,72.92,-89.86,-1003.16,-9115.43,492.98,7821.18,-7041.61,70.0,1500.71,-6971.61,-5470.9
2221,479.34,1185.69,1524.57,128.01,76.82,-67.92,-974.22,-9163.66,484.67,7751.01,-6991.26,70.73,1424.31,-6920.54,-5496.23
2231,488.19,1183.6,1489.79,121.77,68.28,-54.44,-984.38,-9212.58,488.37,7796.22,-6955.91,70.68,1384.82,-6885.23,-5500.41
2241,505.91,1202.7,1499.51,140.49,79.01,-66.94,-996.92,-9261.5,497.68,7804.8,-6907.62,70.26,1404.75,-6837.36,-5432.61
2251,508.33,1193.07,1515.25,132.04,68.75,-61.56,-1002.38,-9188.45,485.18,7794.3,-6930.77,71.03,1444.53,-6859.73,-5415.2
2261,491.53,1214.38,1511.0,141.47,77.9,-79.02,-997.05,-9361.5,504.72,7790.55,-6791.4,70.81,1293.97,-6720.59,-5426.62
2271,483.72,1158.83,1497.82,126.75,82.82,-67.25,-983.28,-9247.43,483.23,7806.65,-6919.9,70.77,1341.86,-6849.13,-5507.27
2281,508.42,1214.14,1500.04,131.37,71.25,-68.28,-975.33,-9137.97,494.46,7734.8,-6970.98,70.15,1472.9,-6900.83,-5427.93
2291,463.23,1160.86,1490.91,125.28,64.59,-64.35,-998.92,-9249.26,496.58,7797.1,-6911.56,69.97,1286.02,-6841.59,-5555.57
2301,463.17,1162.09,1494.96,133.54,73.4,-57.64,-996.31,-9265.25,518.71,7824.87,-6891.34,69.47,1351.53,-6821.88,-5470.34
2311,502.78,1170.6,1515.64,131.54,73.53,-59.06,-969.76,-9166.99,505.07,7766.08,-7010.58,70.84,1469.42,-6939.74,-5470.32
2321,524.3,1177.15,1494.53,137.16,77.67,-57.14,-997.03,-9278.57,488.76,7799.28,-6876.76,69.58,1366.11,-6807.19,-5441.08
2331,484.0,1150.19,1499.17,125.04,80.93,-67.32,-981.06,-9255.45,489.73,7805.33,-6921.7,69.74,1330.54,-6851.95,-5521.41
2341,506.31,1169.55,1527.2,134.47,74.49,-71.77,-992.56,-9163.86,487.64,7805.1,-6995.19,69.76,1476.57,-6925.43,-5448.86
2351,528.74,1197.9,1505.32,132.18,84.3,-79.03,-997.15,-9241.2,487.62,7821.44,-6942.67,69.5,1440.12,-6873.17,-5433.05
2361,510.32,1161.51,1498.87,123.56,71.82,-64.5,-1009.23,-9207.33,498.07,7774.85,-6940.33,69.09,1357.94,-6871.24,-5513.3
2371,505.51,1153.2,1499.78,132.94,73.43,-78.82,-999.31,-9182.5,492.68,7814.94,-6962.7,70.68,1411.86,-6892.02,-5480.16
2381,538.33,1166.86,1519.31,139.27,80.21,-70.34,-993.73,-9166.2,490.27,7780.59,-6978.95,71.4,1484.59,-6907.55,-5422.96
2391,521.09,1176.4,1514.82,130.27,76.05,-72.47,-1002.04,-9126.85,501.22,7803.16,-7051.88,69.77,1521.65,-6982.11,-5460.46
2401,504.34,1200.7,1521.56,134.17,71.84,-65.55,-982.6,-9157.46,493.97,7844.59,-7042.87,70.49,1565.57,-6972.38,-5406.81
2411,483.61,1190.12,1482.7,122.5,66.25,-68.28,-981.66,-9268.97,504.48,7795.7,-6882.24,70.07,1326.45,-6812.17,-5485.72
2421,515.69,1189.76,1518.19,139.2,76.6,-70.8,-1000.12,-9175.63,492.87,7752.08,-6933.76,70.87,1437.83,-6862.89,-5425.07
2431,517.43,1188.39,1487.23,137.01,65.42,-60.84,-949.32,-9233.26,486.79,7776.31,-6929.84,70.43,1415.16,-6859.4,-5444.25
2441,507.62,1217.37,1498.86,139.07,67.29,-69.4,-977.27,-9244.08,494.72,7740.19,-6889.0,69.67,1374.35,-6819.32,-5444.97
2451,505.23,1146.08,1510.86,132.57,71.7,-73.88,-979.74,-9295.61,496.77,7821.43,-6867.33,71.25,1335.39,-6796.08,-5460.68
2461,481.84,1176.95,1499.21,134.3,79.18,-54.37,-986.52,-9247.97,504.47,7814.26,-6939.05,71.3,1401.36,-6867.74,-5466.39
2471,517.19,1175.6,1498.82,136.66,74.7,-66.68,-997.54,-9327.59,493.23,7815.22,-6853.94,69.87,1319.63,-6784.06,-5464.44
2481,501.41,1174.86,1523.25,128.97,72.71,-60.92,-991.86,-9297.04,500.96,7782.97,-6840.83,69.13,1335.3,-6771.69,-5436.39
2491,471.42,1203.94,1537.37,145.59,79.36,-74.95,-1004.34,-9309.6,499.74,7793.15,-6834.66,69.74,1341.68,-6764.92,-5423.23
2501,480.14,1176.76,1526.98,125.7,80.0,-80.36,-996.47,-9244.89,502.93,7877.4,-6950.21,70.5,1448.17,-6879.71,-5431.54
2511,475.96,1150.87,1501.34,131.97,62.7,-78.41,-994.46,-9335.65,502.68,7856.19,-6850.77,69.23,1273.2,-6781.54,-5508.34
2521,500.27,1220.78,1521.2,133.75,83.1,-82.61,-1008.56,-9175.63,489.95,7809.92,-6985.3,70.31,1492.17,-6914.99,-5422.83
2531,536.28,1183.98,1514.61,137.63,78.38,-74.64,-1001.14,-9243.41,487.83,7789.28,-6887.68,70.97,1408.8,-6816.71,-5407.9
2541,518.18,1199.82,1526.11,132.88,83.15,-74.72,-976.85,-9322.61,485.42,7749.54,-6788.86,70.68,1320.91,-6718.18,-5397.27
2551,485.74,1136.37,1523.0,130.02,78.09,-78.14,-1002.25,-9349.95,504.06,7864.71,-6851.34,69.29,1291.64,-6782.05,-5490.41
2561,501.83,1199.11,1524.57,133.99,78.94,-69.16,-987.91,-9022.3,523.79,7753.83,-7090.78,69.45,1636.7,-7021.32,-5384.62
2571,493.46,1197.74,1529.64,135.46,72.07,-72.35,-989.17,-9372.1,503.75,7824.25,-6798.93,70.0,1322.75,-6728.93,-5406.18
2581,505.59,1205.35,1495.53,136.95,74.23,-72.77,-983.49,-9087.42,506.74,7801.68,-7112.0,69.69,1582.39,-7042.31,-5459.92
2591,497.01,1203.43,1480.58,134.84,75.97,-65.07,-974.66,-9149.12,494.65,7795.86,-7003.59,69.64,1493.49,-6933.95,-5440.46
2601,514.02,1172.82,1522.6,127.58,68.03,-74.26,-981.65,-8951.74,498.77,7753.52,-7167.39,70.95,1649.69,-7096.44,-5446.75
2611,502.62,1196.96,1503.64,138.4,69.44,-82.83,-985.13,-9093.6,493.4,7760.88,-7044.09,71.05,1503.78,-6973.05,-5469.27
2621,506.26,1182.03,1516.53,135.24,71.52,-81.5,-1000.73,-9248.07,480.2,7812.5,-6957.6,69.48,1373.98,-6888.12,-5514.14
2631,516.07,1185.91,1487.43,140.69,71.33,-78.75,-993.14,-9067.37,491.19,7803.84,-7082.23,68.39,1557.21,-7013.83,-5456.63
2641,513.1,1165.76,1508.61,131.93,78.53,-73.64,-987.39,-8763.26,502.25,7739.83,-7361.67,71.16,1815.73,-7290.5,-5474.77
2651,521.55,1195.77,1496.23,133.31,74.12,-70.61,-984.03,-9015.56,494.58,7775.16,-7139.18,70.77,1620.53,-7068.41,-5447.89
2661,494.38,1207.13,1508.15,138.45,73.82,-71.9,-976.76,-8673.29,498.06,7796.44,-7496.56,71.38,1994.48,-7425.18,-5430.71
2671,499.97,1137.22,1504.79,135.67,80.57,-75.47,-980.46,-8846.16,496.19,7832.49,-7337.32,70.83,1784.81,-7266.49,-5481.68
2681,481.21,1162.41,1532.67,138.02,77.2,-76.83,-1003.98,-9094.9,506.18,7849.53,-7093.0,71.52,1571.51,-7021.48,-5449.97
2691,477.83,1230.85,1518.9,130.66,81.66,-72.71,-995.74,-9090.87,498.84,7804.7,-7049.95,70.28,1584.12,-6979.67,-5395.55
2701,495.41,1182.12,1498.46,127.28,71.27,-60.66,-990.36,-9174.35,500.77,7861.24,-7021.64,70.73,1511.17,-6950.91,-5439.73
2711,514.25,1193.84,1500.45,132.4,70.63,-80.58,-991.11,-8847.49,490.94,7834.36,-7353.35,71.99,1817.68,-7281.36,-5463.68
2721,477.9,1167.7,1498.26,132.47,69.29,-67.84,-957.76,-8976.43,502.39,7837.14,-7223.45,71.9,1683.11,-7151.56,-5468.45
2731,463.51,1173.7,1500.95,125.41,89.05,-83.05,-1003.93,-8957.47,500.33,7811.09,-7172.82,71.65,1619.59,-7101.17,-5481.57
2741,508.06,1178.04,1497.76,134.66,64.21,-76.32,-988.42,-9130.59,494.75,7898.7,-7105.63,71.24,1580.85,-7034.39,-5453.54
2751,480.14,1178.12,1516.19,128.59,72.08,-72.51,-979.58,-9052.69,502.85,7875.59,-7149.36,72.4,1648.78,-7076.96,-5428.19
2761,502.31,1162.81,1521.63,127.2,78.29,-76.42,-974.32,-9032.91,500.28,7791.01,-7133.6,71.69,1599.88,-7061.91,-5462.04
2771,480.92,1147.72,1516.32,134.0,80.32,-82.78,-974.0,-9033.81,489.08,7877.28,-7188.91,70.65,1635.07,-7118.25,-5483.19
2781,488.59,1122.84,1527.38,133.78,95.91,-71.15,-998.96,-9050.88,498.71,7843.29,-7137.87,71.87,1589.51,-7066.0,-5476.49
2791,483.24,1238.72,1503.1,131.56,78.49,-64.86,-1009.67,-9000.85,499.55,7821.87,-7171.43,72.35,1681.16,-7099.07,-5417.91
2801,476.47,1187.27,1522.64,135.39,89.27,-69.41,-1024.4,-9128.74,480.54,7886.09,-7068.02,69.91,1555.11,-6998.11,-5443.0
2811,525.62,1210.57,1535.79,146.37,91.58,-58.96,-998.47,-9082.4,508.04,7836.81,-7134.04,71.49,1714.94,-7062.55,-5347.61
2821,493.51,1140.52,1525.34,134.23,67.85,-73.37,-988.4,-9054.84,492.73,7862.54,-7119.83,70.85,1600.1,-7048.98,-5448.88
2831,486.05,1198.64,1489.98,134.54,74.02,-73.6,-993.23,-9106.33,500.08,7825.91,-7057.66,70.76,1536.07,-6986.9,-5450.83
2841,508.2,1200.55,1503.24,136.2,59.95,-69.7,-977.08,-9247.62,492.8,7826.78,-6940.08,70.33,1433.32,-6869.75,-5436.44
2851,529.14,1183.94,1517.98,136.97,74.79,-67.37,-998.65,-9052.03,494.66,7771.53,-7090.26,69.55,1590.95,-7020.71,-5429.76
2861,499.9,1220.16,1526.45,131.64,68.62,-78.45,-996.71,-9127.43,470.17,7804.16,-7046.91,69.08,1518.51,-6977.82,-5459.31
2871,515.96,1205.06,1518.4,130.13,76.21,-77.66,-986.66,-9124.3,478.53,7800.29,-7037.23,70.45,1535.96,-6966.78,-5430.83
2881,509.5,1208.25,1512.91,144.94,77.93,-76.33,-986.6,-9022.26,471.15,7766.13,-7130.29,71.83,1605.62,-7058.46,-5452.84
2891,493.84,1180.57,1509.94,130.47,82.07,-77.56,-983.99,-9058.06,503.34,7735.07,-7067.44,70.44,1515.7,-6997.0,-5481.3
2901,495.28,1196.31,1521.37,135.4,81.25,-65.39,-967.74,-9131.94,488.84,7828.94,-7054.23,70.08,1582.32,-6984.15,-5401.83
2911,495.27,1189.39,1505.23,137.64,73.32,-65.12,-994.25,-9286.3,498.4,7801.4,-6883.64,70.39,1354.99,-6813.25,-5458.26
2921,520.75,1161.49,1504.67,127.49,65.82,-73.48,-990.91,-9142.08,506.3,7789.59,-7004.71,70.69,1469.65,-6934.03,-5464.38
2931,501.33,1193.63,1510.65,131.9,73.36,-68.84,-994.96,-9105.98,491.27,7795.61,-7056.91,70.97,1527.96,-6985.94,-5457.97
2941,499.68,1173.58,1519.52,138.24,80.62,-75.87,-999.33,-9287.44,489.56,7836.02,-6897.67,69.76,1374.58,-6827.92,-5453.33
2951,525.73,1188.87,1505.85,130.43,76.25,-68.51,-1007.71,-9212.01,491.77,7807.16,-6943.28,71.84,1437.83,-6871.43,-5433.61
2961,512.69,1168.03,1505.47,126.63,79.23,-68.34,-981.53,-9259.13,482.65,7802.08,-6909.55,70.43,1367.78,-6839.11,-5471.33
2971,538.11,1167.18,1519.36,130.58,81.23,-78.78,-993.34,-9131.56,484.96,7786.61,-6996.52,67.73,1504.35,-6928.78,-5424.44
2981,530.03,1156.51,1523.64,132.38,81.97,-63.71,-997.38,-9212.35,475.98,7733.07,-6900.02,69.11,1360.15,-6830.91,-5470.76
2991,503.53,1189.91,1497.32,135.62,83.93,-77.69,-1011.37,-9267.75,498.65,7821.38,-6896.52,68.78,1373.53,-6827.73,-5454.21
3001,496.2,1162.12,1518.71,122.87,77.3,-83.35,-985.78,-9230.66,508.95,7828.22,-6952.96,70.87,1414.58,-6882.1,-5467.52
3011,483.09,1169.29,1517.61,135.7,78.73,-64.44,-992.68,-9112.89,495.11,7801.35,-7054.66,70.48,1510.86,-6984.18,-5473.32
3021,488.44,1230.78,1517.83,137.15,87.32,-76.47,-972.51,-9293.27,500.81,7842.9,-6902.36,69.75,1462.99,-6832.61,-5369.62
3031,515.63,1191.32,1530.67,129.6,86.23,-82.64,-1009.61,-9111.53,488.98,7798.4,-7059.24,69.66,1537.05,-6989.57,-5452.52
3041,480.62,1180.37,1505.79,126.55,81.74,-73.91,-1011.97,-9242.99,498.56,7817.44,-6939.18,69.68,1362.2,-6869.5,-5507.31
3051,500.01,1186.74,1493.65,138.48,73.22,-59.5,-997.71,-9182.52,498.05,7798.06,-6983.58,70.03,1448.47,-6913.55,-5465.08
3061,479.98,1167.92,1513.69,126.76,68.71,-66.5,-998.81,-9199.57,496.07,7761.35,-6935.96,70.74,1349.6,-6865.22,-5515.61
3071,536.77,1178.57,1522.07,141.91,71.21,-65.36,-1007.35,-9158.72,484.44,7763.16,-6965.35,68.58,1466.71,-6896.78,-5430.07
3081,535.72,1200.48,1511.36,132.94,82.11,-76.18,-991.03,-9159.57,481.36,7772.06,-6998.69,70.09,1489.26,-6928.6,-5439.34
3091,486.82,1153.92,1519.68,123.44,75.51,-72.4,-996.55,-9278.69,499.55,7838.26,-6930.39,69.03,1349.55,-6861.36,-5511.81
3101,500.18,1166.42,1513.38,142.22,80.08,-63.57,-990.35,-9282.62,480.07,7824.64,-6872.57,70.12,1370.44,-6802.45,-5432.0
3111,507.45,1178.32,1538.83,128.4,65.62,-84.56,-975.5,-9233.59,502.19,7861.17,-6986.39,69.48,1488.34,-6916.91,-5428.57
3121,512.65,1184.63,1508.07,132.74,73.0,-68.35,-1022.07,-9362.4,475.07,7825.03,-6810.65,67.76,1258.36,-6742.89,-5484.53
3131,539.56,1213.48,1510.37,133.27,73.07,-69.23,-1006.05,-9276.49,488.35,7801.17,-6890.6,69.68,1407.51,-6820.92,-5413.41
3141,506.05,1170.1,1517.78,131.21,72.8,-69.83,-991.66,-9413.04,497.65,7855.33,-6799.33,69.4,1276.38,-6729.93,-5453.56
3151,512.4,1185.69,1509.73,142.86,79.19,-70.66,-994.72,-9262.06,478.25,7829.56,-6933.98,70.38,1410.25,-6863.6,-5453.35
3161,480.8,1204.21,1502.29,135.09,79.73,-71.62,-980.81,-9336.11,508.98,7874.85,-6895.87,70.03,1397.41,-6825.85,-5428.44
3171,524.66,1172.5,1502.5,130.77,60.06,-63.7,-976.69,-9314.81,482.35,7823.3,-6834.96,68.57,1340.94,-6766.38,-5425.44
3181,499.36,1150.62,1515.41,135.66,75.6,-72.2,-1005.68,-9243.44,497.1,7735.2,-6857.46,67.72,1287.66,-6789.74,-5502.08
3191,512.9,1188.41,1505.98,136.1,71.09,-65.82,-978.19,-9313.82,490.02,7796.56,-6862.81,68.25,1343.23,-6794.55,-5451.32
3201,511.42,1198.35,1512.6,128.88,72.55,-82.59,-992.85,-9227.69,495.28,7749.7,-6907.21,68.98,1365.64,-6838.23,-5472.59
3211,461.36,1177.05,1498.72,127.36,72.91,-79.83,-991.48,-9191.01,518.88,7769.25,-6958.7,69.42,1363.21,-6889.28,-5526.07
3221,495.93,1204.52,1511.74,134.4,66.64,-83.73,-1006.38,-9175.59,480.15,7755.87,-6969.16,69.2,1383.55,-6899.96,-5516.41
3231,526.09,1125.01,1506.42,133.42,60.29,-58.04,-999.0,-9260.9,493.64,7799.88,-6915.51,67.76,1326.82,-6847.75,-5520.93
3241,522.23,1146.04,1508.17,134.53,74.86,-78.65,-965.45,-9128.28,502.8,7748.22,-7001.53,69.33,1464.46,-6932.2,-5467.74
3251,544.3,1230.33,1480.72,133.1,79.5,-64.27,-993.55,-9100.88,496.07,7758.29,-7046.55,69.13,1563.62,-6977.42,-5413.8
3261,510.19,1186.05,1485.49,125.6,73.52,-75.2,-991.04,-9239.89,483.78,7797.95,-6933.83,69.53,1356.47,-6864.3,-5507.83
3271,494.67,1201.11,1496.49,140.69,74.65,-66.36,-995.23,-9159.35,503.74,7816.97,-7016.78,68.42,1507.38,-6948.36,-5440.98
3281,506.53,1191.19,1539.16,138.99,74.0,-72.32,-979.73,-9156.01,497.58,7773.03,-6985.39,69.66,1512.43,-6915.74,-5403.3
3291,488.68,1226.9,1510.8,123.97,71.07,-71.4,-993.61,-9120.93,498.25,7774.91,-7029.47,68.43,1508.65,-6961.04,-5452.39
3301,485.1,1192.88,1490.71,135.0,71.33,-57.55,-993.86,-9217.55,515.71,7806.11,-6946.69,69.0,1427.88,-6877.68,-5449.8
3311,529.23,1160.89,1502.59,134.72,69.21,-57.35,-979.42,-9060.48,484.31,7767.71,-7097.77,69.39,1551.42,-7028.38,-5476.97
3321,486.29,1180.57,1511.67,126.76,78.25,-59.69,-1014.96,-9132.53,491.05,7793.85,-7009.66,68.21,1461.25,-6941.45,-5480.2
3331,505.66,1141.46,1512.98,136.03,74.52,-73.8,-995.57,-9061.68,503.94,7825.83,-7109.93,68.24,1569.38,-7041.69,-5472.31
3341,534.63,1181.67,1484.42,139.01,75.63,-63.97,-984.94,-9013.08,492.61,7818.63,-7165.95,69.6,1664.62,-7096.36,-5431.74
3351,477.26,1188.69,1546.94,128.24,77.85,-66.99,-991.02,-9237.02,491.18,7795.61,-6954.9,69.33,1410.74,-6885.57,-5474.83
3361,518.01,1160.67,1496.56,136.79,76.62,-62.47,-994.83,-8983.78,482.17,7786.57,-7146.76,68.66,1616.32,-7078.1,-5461.79
3371,500.45,1126.5,1515.7,132.42,76.07,-67.12,-1011.75,-9191.96,504.54,7830.76,-6982.16,69.5,1415.62,-6912.65,-5497.04
3381,546.8,1141.14,1522.93,127.35,86.4,-65.45,-998.82,-9153.25,493.79,7861.97,-7050.63,70.43,1562.85,-6980.2,-5417.35
3391,497.63,1233.55,1506.65,130.53,74.72,-70.45,-983.36,-9031.06,500.2,7746.8,-7120.46,70.06,1605.22,-7050.4,-5445.18
3401,528.96,1178.76,1498.63,129.27,67.23,-79.53,-985.34,-8982.57,475.43,7788.38,-7192.81,69.41,1619.23,-7123.41,-5504.17
3411,478.58,1209.18,1503.48,126.54,76.74,-71.68,-1012.92,-8978.55,481.34,7780.47,-7174.45,69.34,1593.18,-7105.11,-5511.93
3421,466.66,1179.42,1509.86,136.53,72.98,-57.59,-1001.44,-9019.86,519.38,7840.61,-7158.4,68.49,1646.54,-7089.91,-5443.37
3431,491.48,1174.37,1517.85,134.21,75.25,-74.2,-993.63,-9157.41,488.41,7797.29,-7015.01,70.02,1453.62,-6944.99,-5491.37
3441,518.14,1141.75,1492.6,124.31,65.21,-69.04,-991.01,-9052.77,493.94,7764.98,-7070.99,70.26,1488.11,-7000.73,-5512.62
3451,499.62,1223.76,1518.78,133.79,69.68,-80.07,-993.99,-9088.01,490.97,7768.79,-7065.15,69.2,1543.32,-6995.95,-5452.63
3461,479.72,1228.55,1493.51,133.69,77.88,-67.06,-978.35,-9017.74,488.51,7736.86,-7095.97,70.45,1575.56,-7025.52,-5449.96
3471,507.01,1190.76,1516.9,132.4,75.24,-67.55,-990.77,-8917.44,501.55,7714.51,-7177.44,69.55,1662.62,-7107.9,-5445.28
3481,523.84,1186.83,1514.52,133.2,83.32,-61.82,-971.09,-8924.93,499.46,7751.45,-7208.03,70.45,1734.78,-7137.58,-5402.81
3491,514.79,1262.51,1506.11,133.27,86.66,-64.02,-981.73,-8810.01,486.43,7702.68,-7305.71,69.78,1836.69,-7235.93,-5399.24
3501,503.74,1211.92,1494.26,130.48,81.95,-63.01,-1009.51,-8990.87,503.55,7765.92,-7140.67,68.65,1628.43,-7072.02,-5443.59
3511,507.14,1220.77,1493.26,134.5,81.87,-71.75,-996.58,-9001.29,474.67,7745.71,-7138.33,69.02,1588.31,-7069.32,-5481.01
3521,504.82,1181.04,1507.56,141.99,75.72,-73.91,-993.86,-9039.52,488.14,7766.67,-7084.28,67.63,1558.65,-7016.65,-5457.99
3531,468.33,1133.7,1516.67,124.79,84.55,-61.38,-988.08,-9087.86,500.84,7777.81,-7084.45,69.68,1469.36,-7014.77,-5545.41
3541,508.49,1187.61,1511.04,137.18,78.77,-63.4,-983.8,-9042.01,489.78,7804.38,-7151.23,70.36,1628.05,-7080.87,-5452.82
3551,497.34,1194.44,1499.69,131.9,75.83,-64.38,-1004.38,-9055.93,481.83,7826.01,-7131.57,68.26,1582.35,-7063.32,-5480.97
3561,513.79,1186.65,1507.51,141.79,82.77,-68.19,-999.55,-9091.0,501.07,7778.39,-7084.18,69.74,1553.24,-7014.45,-5461.21
3571,514.44,1151.37,1505.83,130.87,80.89,-79.34,-997.86,-9121.13,491.99,7736.75,-6997.92,70.22,1413.8,-6927.7,-5513.9
3581,480.55,1197.27,1495.5,128.33,77.03,-76.66,-996.8,-9195.59,487.36,7792.16,-6974.41,71.17,1389.16,-6903.24,-5514.08
3591,502.57,1189.89,1516.5,136.35,79.15,-61.32,-987.29,-9207.98,474.3,7793.79,-6995.16,70.51,1435.97,-6924.65,-5488.69
3601,513.6,1140.76,1500.3,134.65,79.91,-78.08,-978.1,-9206.13,500.47,7828.97,-6999.5,69.99,1436.34,-6929.51,-5493.17
3611,509.98,1188.01,1512.16,132.43,66.09,-75.48,-974.44,-9047.49,497.63,7788.42,-7128.26,71.17,1597.32,-7057.09,-5459.77
3621,516.02,1165.6,1485.5,126.61,78.72,-76.27,-972.73,-9159.22,495.26,7774.92,-7015.03,69.88,1434.42,-6945.15,-5510.73
3631,474.88,1182.51,1514.6,134.75,75.82,-90.67,-987.99,-9072.56,505.28,7802.81,-7099.23,69.92,1539.43,-7029.31,-5489.89
3641,522.77,1178.85,1490.77,139.76,77.29,-66.49,-981.31,-9123.31,502.61,7780.53,-7038.99,69.11,1521.49,-6969.88,-5448.39
3651,499.52,1199.67,1505.1,138.17,77.14,-70.75,-1016.25,-9222.63,492.1,7767.88,-6926.32,69.42,1369.95,-6856.9,-5486.95
3661,500.1,1205.77,1505.39,128.93,75.5,-74.1,-997.38,-9116.84,486.15,7736.63,-7009.03,68.76,1450.15,-6940.27,-5490.12
3671,503.27,1149.77,1499.33,139.69,82.14,-68.08,-994.23,-9049.35,503.31,7793.29,-7118.8,69.93,1559.13,-7048.87,-5489.74
3681,536.61,1138.29,1519.13,132.94,72.02,-70.02,-998.08,-9074.71,511.87,7826.74,-7091.43,68.98,1594.79,-7022.45,-5427.66
3691,474.61,1198.43,1510.88,141.72,78.37,-64.5,-996.46,-9023.76,484.36,7756.87,-7137.46,69.94,1560.52,-7067.52,-5507.01
3701,499.46,1158.08,1507.51,130.46,71.14,-70.99,-962.07,-9018.1,512.43,7799.94,-7172.49,72.2,1627.87,-7100.29,-5472.42
3711,488.74,1186.13,1505.35,134.14,78.09,-60.96,-1003.26,-9005.3,511.37,7817.02,-7185.33,69.94,1651.32,-7115.39,-5464.07
3721,483.49,1191.04,1512.34,128.48,77.88,-71.54,-996.7,-8957.52,490.69,7780.88,-7196.15,69.9,1639.04,-7126.25,-5487.22
3731,504.46,1180.48,1492.85,133.22,81.24,-61.57,-985.44,-9026.56,487.58,7820.03,-7142.06,69.62,1626.29,-7072.44,-5446.15
3741,519.19,1209.62,1486.02,141.57,82.67,-58.87,-977.28,-8991.98,505.42,7756.93,-7176.27,70.35,1673.3,-7105.92,-5432.62
3751,522.64,1208.38,1504.0,134.6,74.09,-70.82,-989.01,-8937.37,493.01,7742.28,-7209.63,71.14,1681.8,-7138.49,-5456.69
3761,493.0,1138.34,1521.71,125.88,71.41,-66.0,-974.17,-8928.85,490.2,7792.82,-7266.84,69.49,1664.33,-7197.35,-5533.02
3771,525.52,1150.95,1525.29,126.84,77.45,-73.13,-1019.35,-8961.74,477.04,7804.44,-7181.3,70.21,1633.3,-7111.08,-5477.78
3781,513.32,1195.18,1514.53,136.07,79.95,-83.63,-961.52,-9037.69,501.62,7834.71,-7182.24,69.19,1692.55,-7113.05,-5420.5
3791,511.03,1182.22,1484.92,130.98,72.48,-78.73,-976.74,-9007.25,477.74,7813.88,-7208.76,70.11,1610.54,-7138.66,-5528.12
3801,518.63,1159.37,1503.77,132.44,69.67,-76.38,-991.94,-9134.83,483.77,7883.5,-7111.46,70.72,1548.01,-7040.74,-5492.74
3811,480.1,1190.24,1511.66,133.68,69.81,-72.37,-1000.83,-9067.62,512.87,7810.96,-7119.53,68.73,1568.52,-7050.8,-5482.28
3821,487.83,1160.72,1502.79,130.25,82.84,-89.53,-977.61,-9151.31,493.54,7838.37,-7052.78,69.31,1477.89,-6983.47,-5505.58
3831,488.66,1214.9,1511.66,133.37,79.48,-84.98,-984.97,-9074.9,498.41,7801.65,-7112.01,70.53,1583.28,-7041.48,-5458.2
3841,525.49,1217.5,1509.51,135.46,77.99,-65.4,-962.21,-9057.22,497.3,7780.02,-7134.58,69.62,1658.45,-7064.96,-5406.51
3851,522.86,1154.69,1500.88,135.7,75.53,-72.69,-997.24,-9034.34,502.29,7814.08,-7125.31,68.58,1601.76,-7056.74,-5454.97
3861,514.34,1138.52,1488.82,129.64,68.31,-57.68,-997.52,-8999.63,480.92,7805.31,-7184.6,69.58,1571.05,-7115.02,-5543.98
3871,521.53,1180.1,1512.1,132.81,64.18,-69.94,-979.97,-9084.87,486.74,7823.38,-7120.92,69.89,1586.06,-7051.03,-5464.97
3881,500.93,1159.02,1532.07,140.5,79.38,-72.27,-997.13,-9066.28,493.11,7828.7,-7131.08,70.19,1598.03,-7060.89,-5462.86
3891,505.6,1189.26,1518.99,133.52,70.44,-77.11,-1001.04,-8953.57,487.64,7804.85,-7223.76,70.37,1678.58,-7153.38,-5474.8
3901,477.97,1202.09,1503.32,138.07,71.56,-81.2,-965.98,-9002.16,500.86,7826.92,-7215.05,68.93,1671.45,-7146.12,-5474.67
3911,481.16,1228.04,1494.28,140.87,76.25,-76.26,-986.73,-8954.1,485.8,7761.71,-7205.89,68.05,1651.03,-7137.84,-5486.81
3921,520.27,1159.14,1504.39,126.5,74.28,-60.79,-964.25,-9095.18,475.57,7749.11,-7065.31,68.68,1489.03,-6996.63,-5507.6
3931,563.0,1184.01,1512.36,138.18,83.1,-81.0,-1004.94,-9201.46,487.56,7863.73,-7033.4,68.26,1544.55,-6965.14,-5420.59
3941,499.05,1181.71,1530.62,132.33,72.35,-84.73,-989.29,-9117.81,491.72,7847.98,-7120.47,71.0,1563.93,-7049.47,-5485.54
3951,487.16,1165.73,1493.72,130.67,79.91,-61.24,-969.99,-9166.77,502.04,7849.18,-7079.38,69.06,1510.43,-7010.31,-5499.89
3961,522.58,1202.94,1499.18,137.47,80.79,-80.64,-979.33,-9046.87,496.8,7735.64,-7075.36,69.7,1568.56,-7005.67,-5437.1
3971,504.28,1160.22,1487.74,129.55,77.27,-69.67,-980.76,-9116.16,479.31,7838.46,-7103.82,68.1,1510.24,-7035.72,-5525.47
3981,517.95,1201.72,1524.96,126.48,70.16,-75.22,-971.27,-9075.76,512.52,7795.29,-7131.59,68.36,1626.82,-7063.23,-5436.41
3991,488.3,1159.08,1538.39,130.04,79.87,-93.44,-995.22,-9030.05,473.03,7751.91,-7143.04,68.91,1501.91,-7074.13,-5572.22
4001,504.71,1214.76,1481.06,136.55,67.6,-67.94,-987.67,-9081.29,489.46,7824.84,-7139.15,69.33,1582.08,-7069.82,-5487.75

Ligand Energy Terms
Frame #,BOND,ANGLE,DIHED,UB,IMP,CMAP,VDWAALS,EEL,1-4 VDW,1-4 EEL,EGB,ESURF,GGAS,GSOLV,TOTAL
1,11.75,20.93,53.2,4.88,0.08,0.0,-3.45,25.34,15.5,-48.62,-18.77,2.74,79.6,-16.04,63.56
11,6.26,18.37,54.57,2.82,0.54,0.0,-2.07,27.54,17.01,-48.72,-19.69,2.73,76.32,-16.96,59.37
21,8.91,13.38,51.29,4.76,0.07,0.0,-3.27,26.4,17.25,-48.06,-18.71,2.78,70.74,-15.93,54.8
31,8.07,19.7,49.91,3.71,0.46,0.0,-1.53,27.7,18.58,-51.2,-18.26,2.7,75.4,-15.56,59.84
41,10.57,17.48,48.97,3.99,0.04,0.0,-2.0,25.81,15.46,-48.35,-18.98,2.75,71.98,-16.23,55.75
51,12.35,19.86,49.56,4.59,0.02,0.0,-4.18,26.75,15.76,-49.36,-19.26,2.76,75.36,-16.5,58.86
61,9.77,17.96,52.07,3.69,1.61,0.0,-3.6,26.38,14.77,-48.34,-19.16,2.76,74.31,-16.4,57.91
71,6.32,17.13,50.45,3.34,0.85,0.0,-3.14,29.83,16.19,-55.01,-18.8,2.75,65.97,-16.06,49.92
81,5.56,14.12,51.06,5.01,0.82,0.0,-2.52,26.75,19.12,-50.18,-18.54,2.73,69.76,-15.81,53.95
91,9.04,18.56,49.42,3.88,1.43,0.0,-0.33,28.08,15.12,-52.54,-18.91,2.77,72.66,-16.14,56.52
101,9.02,17.08,51.02,3.66,0.09,0.0,-4.55,26.41,15.69,-49.0,-18.44,2.74,69.41,-15.69,53.72
111,13.13,19.33,52.78,3.54,1.3,0.0,-3.11,26.05,16.26,-49.85,-18.4,2.74,79.43,-15.65,63.78
121,7.55,14.01,49.81,2.67,1.33,0.0,-2.87,28.17,17.61,-51.38,-18.89,2.75,66.9,-16.14,50.76
131,10.65,19.05,52.01,4.28,0.53,0.0,-4.67,26.28,15.87,-47.53,-19.29,2.75,76.47,-16.54,59.93
141,9.13,18.63,51.67,3.42,0.25,0.0,-4.38,27.35,16.19,-48.99,-19.58,2.73,73.28,-16.84,56.44
151,6.26,16.63,52.76,4.09,0.36,0.0,-2.0,26.29,19.03,-49.19,-18.9,2.74,74.23,-16.16,58.06
161,11.68,22.05,49.28,4.6,0.35,0.0,-2.23,28.23,16.17,-51.47,-18.47,2.75,78.67,-15.73,62.94
171,10.86,14.48,53.62,3.77,0.03,0.0,-3.2,27.46,18.17,-49.43,-18.93,2.75,75.76,-16.18,59.58
181,10.26,21.79,49.89,4.26,0.09,0.0,-4.21,26.36,15.4,-48.34,-19.53,2.75,75.49,-16.78,58.71
191,7.04,16.73,49.48,3.19,0.37,0.0,-2.81,27.85,19.49,-51.56,-18.61,2.73,69.78,-15.88,53.91
201,9.22,14.65,52.13,3.96,1.26,0.0,-3.06,28.34,15.91,-50.41,-19.2,2.73,72.01,-16.47,55.55
211,10.19,17.72,49.21,4.45,1.59,0.0,-2.63,26.11,15.39,-49.27,-18.85,2.76,72.77,-16.09,56.68
221,8.25,21.95,47.37,5.43,0.93,0.0,0.28,28.7,16.28,-51.26,-17.74,2.71,77.94,-15.03,62.9
231,11.15,18.34,48.99,4.82,0.15,0.0,-4.24,26.54,14.22,-47.53,-19.31,2.75,72.43,-16.56,55.87
241,5.49,20.37,50.86,2.47,2.75,0.0,-2.63,26.6,16.34,-50.73,-18.77,2.77,71.53,-16.0,55.53
251,8.78,21.53,48.87,3.19,1.45,0.0,-4.33,26.63,14.78,-50.43,-18.71,2.75,70.45,-15.96,54.5
261,4.58,18.18,49.15,4.25,1.5,0.0,-3.07,28.39,17.35,-52.65,-17.9,2.72,67.67,-15.19,52.48
271,7.6,16.96,53.0,4.37,0.0,0.0,-4.73,26.45,18.41,-47.83,-19.12,2.73,74.22,-16.39,57.84
281,15.41,19.21,48.87,5.17,0.27,0.0,-3.49,25.03,18.03,-46.65,-18.83,2.77,81.85,-16.06,65.78
291,10.6,16.33,50.38,3.11,0.65,0.0,-3.76,26.79,17.63,-48.31,-18.64,2.72,73.41,-15.92,57.5
301,9.04,16.34,49.36,3.95,0.98,0.0,-2.09,28.36,15.62,-51.75,-19.19,2.75,69.81,-16.44,53.36
311,11.22,15.11,50.7,4.49,0.44,0.0,-2.13,26.24,15.76,-49.52,-18.01,2.76,72.3,-15.25,57.05
321,7.5,14.64,48.8,3.31,1.18,0.0,-2.92,25.33,16.84,-46.22,-18.6,2.74,68.46,-15.87,52.59
331,11.12,16.95,51.93,3.46,0.47,0.0,-3.81,26.45,17.0,-47.01,-19.25,2.76,76.57,-16.49,60.09
341,7.82,16.11,51.72,3.29,0.37,0.0,-4.14,26.16,16.95,-47.57,-18.98,2.74,70.71,-16.24,54.48
351,9.02,18.81,48.54,4.33,0.22,0.0,-3.33,27.63,17.29,-52.42,-18.6,2.73,70.09,-15.87,54.22
361,9.82,17.24,49.95,3.09,1.15,0.0,-2.92,27.62,15.59,-52.63,-18.27,2.73,68.92,-15.54,53.38
371,11.2,17.83,53.02,4.3,1.5,0.0,-0.4,30.37,16.0,-54.15,-18.59,2.73,79.67,-15.86,63.81
381,8.11,14.47,49.72,5.14,0.93,0.0,-3.72,27.02,17.37,-49.18,-18.24,2.74,69.86,-15.5,54.36
391,13.39,20.92,49.0,6.15,0.2,0.0,-4.23,27.23,17.53,-52.39,-18.49,2.73,77.79,-15.75,62.04
401,8.95,15.95,50.91,4.46,1.02,0.0,-3.66,28.42,16.21,-50.53,-19.16,2.72,71.72,-16.44,55.28
411,10.17,18.03,46.63,3.38,1.99,0.0,-2.65,26.3,15.15,-48.38,-19.22,2.77,70.61,-16.45,54.16
421,8.34,16.24,51.06,4.34,0.27,0.0,-3.33,26.45,15.87,-48.97,-19.06,2.76,70.26,-16.29,53.96
431,8.88,16.78,49.32,4.55,0.53,0.0,-3.46,26.84,17.55,-51.19,-18.58,2.75,69.8,-15.83,53.97
441,7.84,15.12,49.1,3.59,0.37,0.0,-3.39,29.22,18.92,-53.0,-18.68,2.72,67.77,-15.97,51.8
451,13.65,19.32,50.17,6.27,2.69,0.0,-2.4,29.17,15.26,-52.48,-19.55,2.74,81.63,-16.81,64.82
461,9.91,18.94,51.18,4.54,0.81,0.0,-3.42,26.66,17.31,-49.56,-18.46,2.75,76.35,-15.71,60.64
471,12.84,16.11,50.57,4.07,1.19,0.0,-3.03,28.04,18.38,-50.85,-19.3,2.73,77.32,-16.57,60.75
481,10.46,17.94,50.67,4.85,0.83,0.0,-1.47,29.24,16.73,-54.26,-18.86,2.75,75.0,-16.11,58.89
491,10.14,14.43,48.26,4.88,0.5,0.0,-2.92,25.27,16.58,-47.42,-18.12,2.75,69.72,-15.37,54.35
501,7.08,18.01,50.18,4.51,1.58,0.0,-3.5,28.46,15.79,-50.55,-19.3,2.74,71.57,-16.56,55.01
511,6.8,20.87,52.36,4.13,0.24,0.0,-3.18,25.75,18.84,-49.73,-18.74,2.73,76.08,-16.0,60.07
521,14.3,16.6,50.28,3.61,1.16,0.0,-2.32,28.29,14.14,-52.43,-18.81,2.77,73.63,-16.04,57.59
531,5.83,16.15,48.77,2.85,0.13,0.0,-1.61,26.09,16.73,-48.4,-17.85,2.74,66.55,-15.12,51.43
541,12.0,15.63,50.07,3.8,0.8,0.0,-3.3,26.25,14.62,-48.99,-18.56,2.77,70.88,-15.79,55.09
551,9.57,16.39,49.35,3.31,1.29,0.0,-2.02,28.73,15.7,-53.72,-18.37,2.74,68.6,-15.63,52.96
561,9.17,17.72,55.24,4.07,1.5,0.0,-2.58,26.1,18.0,-49.15,-18.41,2.74,80.07,-15.68,64.39
571,8.25,20.81,52.23,4.71,0.14,0.0,-3.25,24.92,18.48,-48.69,-18.7,2.78,77.61,-15.92,61.69
581,11.34,17.31,49.86,4.89,0.41,0.0,-3.81,27.21,18.02,-51.55,-18.23,2.72,73.67,-15.51,58.16
591,7.07,13.29,48.62,3.92,0.78,0.0,-1.2,26.04,19.02,-47.75,-18.97,2.76,69.8,-16.21,53.59
601,7.46,18.76,50.5,4.25,1.13,0.0,-2.22,26.15,16.99,-50.05,-18.2,2.73,72.96,-15.46,57.5
611,9.19,14.83,48.79,3.31,0.49,0.0,-3.39,24.65,18.41,-45.91,-18.31,2.76,70.36,-15.55,54.81
621,12.39,22.92,50.55,4.13,0.33,0.0,-3.82,26.6,14.59,-49.82,-18.89,2.78,77.88,-16.12,61.76
631,7.99,12.68,54.92,3.27,0.39,0.0,-2.01,25.83,17.56,-47.97,-17.96,2.74,72.66,-15.22,57.44
641,9.66,18.5,50.47,4.24,1.61,0.0,-2.8,29.05,20.15,-54.57,-18.64,2.71,76.32,-15.93,60.39
651,13.9,17.29,48.92,4.64,0.34,0.0,-2.7,27.39,15.58,-51.91,-18.75,2.77,73.45,-15.98,57.47
661,10.62,17.53,48.34,4.84,0.37,0.0,-3.34,25.64,19.09,-48.26,-18.17,2.72,74.81,-15.45,59.36
671,9.19,17.52,49.64,4.36,0.16,0.0,-3.79,27.33,16.89,-51.04,-18.53,2.74,70.26,-15.79,54.47
681,10.21,22.11,50.24,5.34,1.1,0.0,-0.76,26.52,17.2,-50.51,-18.3,2.75,81.45,-15.55,65.9
691,7.01,22.45,49.99,5.11,0.37,0.0,-1.4,26.48,17.9,-50.19,-17.91,2.73,77.71,-15.18,62.54
701,12.23,15.88,51.97,3.57,1.0,0.0,-0.81,25.1,15.88,-48.24,-18.67,2.76,76.56,-15.91,60.65
711,12.55,16.5,50.31,6.06,1.01,0.0,-4.55,26.91,18.52,-50.9,-18.64,2.75,76.4,-15.9,60.51
721,11.55,26.02,54.63,4.43,0.56,0.0,-3.13,28.1,14.56,-52.32,-19.06,2.74,84.4,-16.32,68.08
731,11.93,20.83,50.58,4.06,0.23,0.0,-4.44,27.15,15.2,-49.81,-18.87,2.75,75.71,-16.12,59.6
741,11.78,22.43,49.04,3.65,0.71,0.0,-3.1,27.11,15.97,-50.34,-18.27,2.73,77.26,-15.54,61.72
751,9.14,16.14,49.55,2.09,0.84,0.0,-3.03,26.58,17.45,-48.28,-18.16,2.71,70.48,-15.45,55.03
761,16.26,14.59,51.2,3.06,1.51,0.0,-3.08,26.99,14.19,-50.93,-19.28,2.76,73.8,-16.52,57.28
771,8.16,18.53,51.89,4.21,0.46,0.0,-3.46,27.51,18.14,-49.3,-18.55,2.69,76.15,-15.85,60.3
781,9.56,16.4,52.22,4.56,0.28,0.0,-3.16,25.79,17.16,-47.71,-18.62,2.74,75.1,-15.89,59.22
791,6.82,15.62,48.3,4.15,0.01,0.0,-0.44,26.75,16.38,-48.5,-18.74,2.74,69.1,-16.0,53.1
801,12.17,13.31,48.21,3.43,1.71,0.0,-3.95,26.18,15.89,-49.14,-19.14,2.76,67.82,-16.38,51.44
811,11.93,19.71,50.08,4.43,0.46,0.0,-3.53,27.48,14.61,-52.25,-18.2,2.77,72.93,-15.43,57.5
821,10.33,18.77,52.1,4.27,0.99,0.0,-3.5,25.83,17.54,-47.07,-18.82,2.78,79.25,-16.04,63.21
831,12.48,16.16,50.47,3.8,1.1,0.0,-2.88,26.75,16.06,-48.6,-18.76,2.73,75.34,-16.03,59.3
841,9.74,19.77,47.95,5.88,1.42,0.0,-4.03,27.05,16.92,-49.41,-19.41,2.75,75.29,-16.66,58.63
851,10.57,17.48,53.13,3.59,2.85,0.0,-2.72,26.57,18.59,-49.42,-17.8,2.73,80.64,-15.08,65.56
861,13.88,19.51,49.73,4.01,0.44,0.0,-4.18,27.22,15.36,-50.65,-18.76,2.74,75.33,-16.02,59.31
871,9.79,16.3,50.37,3.66,0.25,0.0,-4.41,26.96,16.78,-49.35,-18.52,2.73,70.34,-15.79,54.56
881,10.01,18.43,49.67,5.54,0.04,0.0,-0.93,26.91,20.23,-50.99,-18.13,2.72,78.91,-15.41,63.5
891,10.57,17.47,48.41,4.41,0.24,0.0,-2.81,26.47,15.12,-48.77,-18.99,2.75,71.12,-16.24,54.88
901,12.32,14.6,49.9,3.62,0.29,0.0,-4.1,25.57,15.38,-48.1,-19.25,2.77,69.49,-16.48,53.01
911,6.0,21.57,49.89,3.78,1.84,0.0,-2.78,27.91,17.45,-50.39,-18.25,2.72,75.28,-15.53,59.75
921,10.79,15.89,48.77,3.77,0.52,0.0,-1.74,28.24,14.47,-51.61,-18.54,2.75,69.11,-15.79,53.31
931,10.79,18.18,50.74,3.2,1.28,0.0,-0.63,27.75,17.49,-51.59,-18.35,2.76,77.2,-15.6,61.61
941,7.16,17.06,49.03,4.23,0.59,0.0,-3.73,27.78,18.65,-51.37,-18.04,2.71,69.41,-15.33,54.08
951,11.01,15.36,52.25,3.57,0.84,0.0,-2.95,25.92,15.81,-49.13,-18.62,2.75,72.68,-15.87,56.81
961,9.63,17.37,49.68,4.4,0.67,0.0,-3.62,27.23,16.54,-50.65,-18.83,2.75,71.25,-16.08,55.17
971,6.95,24.13,47.88,5.92,1.57,0.0,-3.79,25.47,16.74,-48.61,-18.62,2.73,76.27,-15.89,60.37
981,7.98,21.97,48.27,3.91,0.55,0.0,-3.63,26.73,17.24,-50.72,-18.89,2.73,72.3,-16.16,56.14
991,6.48,16.94,50.01,3.94,1.69,0.0,-2.59,26.5,18.42,-50.02,-18.56,2.75,71.36,-15.81,55.55
1001,10.54,18.42,49.45,3.98,0.22,0.0,-2.97,27.74,14.97,-52.12,-18.79,2.76,70.23,-16.03,54.2
1011,17.91,17.57,49.53,5.14,0.85,0.0,-4.84,26.08,16.55,-48.21,-18.81,2.76,80.58,-16.04,64.54
1021,12.28,14.35,52.17,2.73,0.02,0.0,-2.0,26.62,15.11,-50.76,-17.77,2.74,70.52,-15.03,55.5
1031,9.35,16.32,48.04,4.14,0.38,0.0,-2.37,26.45,15.21,-50.2,-18.35,2.74,67.32,-15.61,51.71
1041,8.95,17.92,52.81,4.21,0.6,0.0,-3.88,24.58,18.06,-46.69,-19.25,2.76,76.56,-16.49,60.07
1051,10.95,19.09,49.3,5.25,0.76,0.0,-4.03,27.95,16.59,-52.12,-18.72,2.74,73.74,-15.97,57.77
1061,5.39,21.12,50.21,5.34,0.89,0.0,-2.47,26.63,16.9,-50.02,-18.24,2.75,74.0,-15.49,58.51
1071,10.74,18.98,50.27,3.66,0.95,0.0,-2.56,25.63,16.98,-48.87,-18.03,2.72,75.78,-15.31,60.47
1081,9.74,17.65,49.16,3.77,0.43,0.0,-3.39,26.69,14.39,-52.21,-18.66,2.75,66.22,-15.91,50.31
1091,9.5,16.27,49.17,3.38,0.21,0.0,-2.05,27.81,17.7,-51.83,-17.74,2.72,70.16,-15.02,55.14
1101,12.12,19.38,51.17,4.11,0.9,0.0,-3.8,25.55,15.66,-48.41,-18.78,2.77,76.69,-16.01,60.68
1111,15.03,18.24,50.11,4.8,0.45,0.0,-3.34,27.94,14.71,-52.76,-19.15,2.75,75.18,-16.39,58.79
1121,8.54,19.55,50.62,4.15,0.21,0.0,-2.73,27.06,15.69,-52.52,-18.27,2.75,70.58,-15.52,55.06
1131,6.79,13.01,50.51,3.76,1.62,0.0,-4.44,26.2,14.47,-46.61,-19.37,2.75,65.3,-16.62,48.69
1141,9.27,15.4,49.3,3.69,0.15,0.0,-3.17,27.31,16.37,-51.09,-18.57,2.73,67.23,-15.84,51.39
1151,12.95,15.69,54.01,3.98,0.83,0.0,-2.83,28.16,17.22,-52.78,-18.73,2.74,77.22,-15.99,61.23
1161,11.62,14.36,49.25,2.12,0.12,0.0,-3.26,26.53,17.14,-50.44,-18.09,2.73,67.46,-15.35,52.1
1171,11.6,23.52,54.3,5.48,0.54,0.0,-2.01,28.53,18.57,-52.36,-19.37,2.73,88.16,-16.64,71.52
1181,8.83,15.98,50.49,3.84,0.27,0.0,-2.62,28.61,16.44,-52.21,-18.91,2.75,69.62,-16.16,53.46
1191,8.86,17.86,51.08,3.64,0.05,0.0,-4.75,26.38,14.9,-47.65,-19.18,2.74,70.36,-16.44,53.92
1201,6.79,17.39,51.86,4.65,0.94,0.0,-1.29,26.75,17.39,-50.51,-18.36,2.73,73.98,-15.63,58.36
1211,15.47,18.01,50.67,4.47,1.0,0.0,-2.43,24.76,17.32,-47.34,-18.99,2.79,81.93,-16.19,65.74
1221,8.49,18.72,50.8,3.8,0.07,0.0,-3.09,27.39,16.34,-52.86,-18.35,2.77,69.66,-15.59,54.08
1231,10.23,21.38,48.57,3.84,0.4,0.0,-0.57,27.01,17.03,-51.52,-18.24,2.73,76.37,-15.51,60.86
1241,10.43,20.68,48.21,4.01,1.33,0.0,-3.61,26.43,19.12,-51.05,-18.77,2.76,75.56,-16.01,59.55
1251,9.12,16.91,49.22,4.73,1.38,0.0,-2.8,27.78,16.34,-51.62,-18.75,2.73,71.05,-16.01,55.03
1261,8.31,13.36,49.37,3.72,2.57,0.0,-4.48,26.1,19.01,-48.07,-17.88,2.73,69.87,-15.15,54.72
1271,9.33,20.16,49.68,4.32,0.86,0.0,-3.21,26.81,18.24,-48.65,-19.17,2.73,77.54,-16.44,61.1
1281,10.71,15.56,51.08,4.14,0.1,0.0,-1.83,27.35,17.87,-50.74,-18.42,2.73,74.23,-15.68,58.55
1291,7.78,17.6,50.84,3.5,1.72,0.0,-2.93,25.57,17.49,-48.13,-18.88,2.74,73.44,-16.14,57.3
1301,8.85,15.92,48.99,4.95,0.35,0.0,-2.63,27.42,17.24,-51.94,-17.95,2.73,69.15,-15.22,53.93
1311,9.8,20.56,52.01,4.53,1.05,0.0,-3.94,27.69,17.46,-51.27,-19.06,2.73,77.89,-16.34,61.55
1321,11.27,17.79,51.63,3.64,0.58,0.0,-3.61,26.34,15.67,-48.75,-19.06,2.76,74.57,-16.3,58.27
1331,11.97,16.8,52.28,4.53,0.79,0.0,-4.52,27.04,16.74,-49.25,-19.31,2.77,76.38,-16.55,59.84
1341,10.57,19.81,48.96,3.8,0.17,0.0,-2.53,26.58,14.76,-50.32,-18.77,2.73,71.81,-16.04,55.77
1351,7.87,20.34,52.35,4.39,0.65,0.0,-2.89,26.53,16.95,-50.08,-18.61,2.75,76.1,-15.86,60.25
1361,16.64,24.33,50.03,6.31,0.73,0.0,-3.79,28.99,12.31,-52.2,-19.48,2.77,83.35,-16.71,66.65
1371,5.76,14.95,51.88,4.13,0.48,0.0,-3.88,26.41,19.25,-50.44,-18.92,2.77,68.54,-16.16,52.38
1381,19.58,22.29,51.22,5.69,2.0,0.0,-3.12,27.2,12.61,-49.44,-19.24,2.75,88.03,-16.49,71.54
1391,8.53,21.76,51.07,5.11,0.14,0.0,-2.92,26.0,18.29,-48.84,-18.72,2.76,79.13,-15.97,63.17
1401,11.56,19.42,48.86,6.67,0.05,0.0,-2.72,27.69,16.27,-50.96,-18.69,2.74,76.85,-15.96,60.89
1411,9.78,22.41,51.4,4.73,1.84,0.0,-4.35,23.74,16.07,-45.0,-18.64,2.77,80.62,-15.86,64.76
1421,9.22,17.34,54.52,2.35,0.85,0.0,-1.45,27.27,17.57,-51.41,-18.34,2.73,76.26,-15.61,60.65
1431,9.47,14.28,49.34,5.67,1.65,0.0,-4.15,25.38,16.12,-47.97,-18.51,2.77,69.77,-15.75,54.03
1441,8.16,24.35,51.68,5.08,0.29,0.0,-2.85,27.01,14.82,-49.72,-19.91,2.79,78.82,-17.12,61.7
1451,12.74,15.95,51.84,3.95,0.37,0.0,-2.97,26.44,13.06,-49.38,-18.56,2.76,71.99,-15.8,56.19
1461,9.35,16.85,51.92,3.37,0.19,0.0,-3.89,27.12,17.04,-50.28,-18.87,2.74,71.67,-16.13,55.54
1471,7.24,16.19,49.5,3.84,1.14,0.0,-2.01,26.87,15.78,-50.6,-18.64,2.75,67.94,-15.89,52.05
1481,10.27,17.38,49.91,3.19,1.04,0.0,-3.94,27.3,16.39,-49.61,-19.21,2.76,71.95,-16.45,55.49
1491,11.47,15.65,49.57,4.45,0.6,0.0,-2.99,26.5,16.94,-49.92,-18.32,2.73,72.28,-15.59,56.69
1501,8.39,18.68,50.06,2.84,0.05,0.0,-4.2,28.97,18.61,-53.78,-18.89,2.71,69.62,-16.17,53.45
1511,10.75,18.2,49.67,5.01,1.77,0.0,-2.8,25.56,17.46,-48.01,-18.76,2.75,77.62,-16.01,61.61
1521,6.47,17.69,51.12,4.19,0.7,0.0,-4.05,23.93,17.98,-45.68,-18.72,2.76,72.35,-15.96,56.39
1531,11.39,25.73,49.03,5.11,0.4,0.0,-3.52,27.07,17.88,-51.34,-19.09,2.75,81.75,-16.34,65.41
1541,7.79,21.07,49.4,6.41,0.83,0.0,-4.13,27.04,17.01,-48.73,-18.58,2.74,76.69,-15.84,60.86
1551,8.62,23.56,48.38,3.85,1.69,0.0,-1.7,26.68,14.77,-50.88,-18.63,2.73,74.95,-15.9,59.05
1561,13.65,19.93,52.56,4.64,2.34,0.0,-2.68,26.5,17.08,-49.35,-18.62,2.75,84.67,-15.88,68.79
1571,11.16,18.13,47.85,5.04,0.5,0.0,-3.32,26.56,18.07,-48.78,-18.65,2.74,75.21,-15.91,59.3
1581,12.42,18.6,47.34,4.49,0.11,0.0,-0.44,27.59,14.91,-52.77,-18.36,2.73,72.24,-15.63,56.62
1591,16.22,17.49,54.02,3.74,0.03,0.0,-4.35,26.22,12.92,-49.21,-19.76,2.75,77.08,-17.01,60.07
1601,12.77,16.28,50.22,4.94,1.81,0.0,-4.67,25.59,13.02,-46.26,-19.24,2.76,73.71,-16.48,57.23
1611,10.83,14.18,50.4,3.43,0.43,0.0,-4.04,26.91,15.67,-49.74,-19.19,2.73,68.05,-16.46,51.6
1621,7.66,15.4,49.16,3.35,1.06,0.0,-4.13,24.76,17.58,-45.29,-19.17,2.76,69.54,-16.41,53.13
1631,9.82,18.29,49.74,4.26,0.52,0.0,-2.94,28.07,15.49,-52.27,-18.09,2.74,70.97,-15.35,55.61
1641,6.57,22.33,49.75,4.08,0.07,0.0,-2.78,26.55,17.29,-50.64,-18.62,2.75,73.22,-15.87,57.35
1651,7.56,24.3,52.63,4.19,0.15,0.0,-2.43,28.06,15.43,-51.95,-18.91,2.72,77.96,-16.19,61.76
1661,7.54,21.7,50.51,4.96,0.67,0.0,-1.89,27.55,17.61,-51.33,-18.93,2.74,77.32,-16.2,61.13
1671,5.87,19.72,50.38,4.48,0.47,0.0,-4.41,26.13,20.52,-48.5,-18.61,2.73,74.67,-15.87,58.8
1681,12.24,15.91,48.52,3.81,0.7,0.0,-3.48,26.71,14.93,-50.02,-19.54,2.75,69.3,-16.79,52.51
1691,9.0,17.74,49.76,4.17,2.13,0.0,-2.37,28.36,16.63,-52.69,-18.68,2.76,72.72,-15.92,56.8
1701,4.94,22.47,48.69,4.72,0.07,0.0,-4.37,27.92,18.65,-49.34,-18.71,2.74,73.75,-15.97,57.78
1711,11.99,20.68,49.76,6.57,0.86,0.0,-3.78,25.95,15.04,-48.73,-18.84,2.73,78.34,-16.1,62.23
1721,7.67,21.8,49.67,4.5,0.81,0.0,-5.24,25.98,18.49,-46.95,-19.12,2.72,76.74,-16.4,60.34
1731,11.51,20.18,51.55,5.91,0.96,0.0,-3.6,26.65,17.53,-48.81,-18.45,2.75,81.88,-15.7,66.19
1741,9.58,21.83,53.7,3.76,0.7,0.0,-2.57,26.81,17.89,-51.6,-17.46,2.73,80.11,-14.73,65.38
1751,12.08,14.99,48.26,3.27,0.91,0.0,-4.23,28.95,15.44,-53.74,-18.55,2.76,65.92,-15.79,50.13
1761,13.47,17.54,49.2,4.44,0.67,0.0,-3.76,27.2,13.99,-49.28,-19.01,2.77,73.46,-16.24,57.22
1771,12.74,14.9,51.18,4.21,0.32,0.0,-3.99,27.22,14.52,-49.0,-18.66,2.74,72.11,-15.91,56.19
1781,8.86,18.03,49.46,5.16,1.9,0.0,-3.16,26.24,16.8,-49.68,-18.26,2.74,73.59,-15.53,58.06
1791,7.68,19.53,50.85,4.04,0.52,0.0,-3.25,27.36,18.7,-51.07,-18.38,2.74,74.37,-15.64,58.73
1801,6.46,13.67,49.31,3.76,0.04,0.0,-2.99,26.45,16.72,-49.12,-18.66,2.74,64.3,-15.92,48.37
1811,8.58,19.06,51.41,3.08,0.8,0.0,-1.92,28.0,19.46,-52.9,-18.41,2.73,75.56,-15.68,59.88
1821,7.79,19.64,48.13,4.82,0.06,0.0,-4.27,25.47,17.34,-46.81,-18.01,2.73,72.17,-15.28,56.9
1831,11.53,22.43,51.38,4.69,0.08,0.0,-3.72,25.79,19.41,-47.55,-18.96,2.74,84.03,-16.22,67.82
1841,11.44,15.74,48.24,3.01,2.0,0.0,-2.73,29.83,14.49,-54.06,-19.12,2.75,67.95,-16.37,51.58
1851,10.4,14.51,50.1,3.63,1.82,0.0,-2.33,25.66,17.14,-49.1,-18.29,2.75,71.83,-15.54,56.29
1861,10.44,17.66,49.99,4.49,0.66,0.0,-3.44,26.59,17.53,-49.04,-18.4,2.75,74.89,-15.66,59.23
1871,10.94,24.9,50.06,4.44,0.25,0.0,-2.77,28.8,15.44,-54.4,-18.33,2.71,77.65,-15.62,62.04
1881,10.39,18.14,49.27,4.34,0.27,0.0,-1.58,26.99,17.05,-51.08,-17.96,2.73,73.77,-15.23,58.54
1891,8.77,16.47,47.82,3.55,0.91,0.0,-3.93,27.54,15.72,-51.83,-17.95,2.72,65.03,-15.24,49.79
1901,10.82,19.22,52.12,4.69,0.22,0.0,-3.45,26.02,15.17,-49.14,-18.57,2.76,75.66,-15.81,59.85
1911,6.71,16.83,48.1,4.04,1.01,0.0,-0.93,25.96,16.78,-49.25,-18.32,2.73,69.24,-15.59,53.65
1921,8.33,15.32,49.63,5.41,0.69,0.0,-2.9,26.79,17.26,-49.82,-18.15,2.75,70.71,-15.4,55.31
1931,9.67,17.99,48.4,4.27,0.32,0.0,-3.69,27.27,14.37,-50.06,-18.94,2.71,68.55,-16.22,52.32
1941,11.2,14.81,48.83,5.93,0.21,0.0,-0.08,28.96,18.94,-53.53,-18.26,2.73,75.28,-15.53,59.75
1951,9.66,16.14,49.21,3.61,0.78,0.0,-2.12,25.79,17.41,-49.61,-18.59,2.74,70.87,-15.85,55.03
1961,5.26,18.4,50.62,4.05,0.72,0.0,-4.17,25.47,19.34,-45.42,-18.72,2.73,74.26,-15.99,58.28
1971,9.44,18.25,50.42,2.99,0.89,0.0,-3.91,26.65,18.52,-49.22,-19.01,2.75,74.05,-16.26,57.8
1981,7.83,22.88,48.42,4.56,3.03,0.0,-4.24,26.78,17.43,-50.87,-18.17,2.75,75.81,-15.42,60.38
1991,7.15,23.01,51.71,4.53,0.74,0.0,-3.34,27.41,18.12,-50.74,-18.93,2.74,78.6,-16.19,62.4
2001,9.23,17.46,48.46,4.15,0.04,0.0,-2.83,25.44,15.19,-47.95,-18.65,2.74,69.21,-15.91,53.29
2011,6.99,18.4,55.0,4.06,2.14,0.0,-3.25,26.5,19.25,-49.56,-19.37,2.77,79.54,-16.6,62.94
2021,9.72,16.05,48.33,4.12,0.46,0.0,-3.5,27.01,17.12,-50.28,-18.31,2.74,69.04,-15.57,53.47
2031,11.61,18.59,49.85,4.2,1.05,0.0,-3.51,26.86,18.42,-47.84,-18.53,2.71,79.23,-15.83,63.4
2041,7.69,15.21,51.81,3.93,0.0,0.0,-2.85,26.1,15.18,-48.04,-18.92,2.73,69.03,-16.19,52.85
2051,9.27,19.5,50.78,3.81,0.13,0.0,-4.35,27.05,16.01,-50.52,-19.36,2.76,71.69,-16.6,55.09
2061,11.29,21.3,48.98,5.4,2.65,0.0,-3.76,26.72,15.58,-50.51,-18.39,2.75,77.65,-15.64,62.0
2071,9.92,15.95,52.93,5.52,2.2,0.0,-3.78,28.19,19.1,-52.18,-18.24,2.73,77.85,-15.51,62.34
2081,11.03,15.05,51.39,3.02,2.42,0.0,-3.48,25.85,15.77,-48.94,-18.21,2.76,72.11,-15.45,56.66
2091,9.82,16.74,48.93,3.39,0.32,0.0,-2.65,23.51,16.95,-46.6,-18.93,2.76,70.41,-16.16,54.25
2101,6.28,20.34,51.34,4.92,0.92,0.0,-3.09,28.83,18.7,-52.29,-19.05,2.73,75.94,-16.33,59.61
2111,10.66,16.87,49.47,4.19,2.61,0.0,-1.27,27.51,18.15,-50.27,-18.28,2.74,77.93,-15.55,62.38
2121,12.66,20.65,51.45,3.93,1.36,0.0,-4.37,27.95,15.83,-52.69,-18.67,2.71,76.76,-15.96,60.8
2131,6.28,21.3,49.53,3.86,0.87,0.0,-2.29,27.14,15.8,-49.74,-18.78,2.73,72.75,-16.05,56.7
2141,8.5,18.28,49.03,3.03,2.06,0.0,-2.16,27.14,17.04,-49.7,-18.5,2.76,73.24,-15.74,57.49
2151,12.57,16.14,48.57,4.12,0.22,0.0,-3.35,26.59,14.94,-50.19,-19.01,2.76,69.6,-16.25,53.35
2161,7.95,21.87,56.74,4.68,0.53,0.0,-4.9,26.17,16.48,-47.79,-19.26,2.77,81.73,-16.49,65.24
2171,9.45,17.78,54.82,3.64,1.43,0.0,-3.52,26.54,17.26,-50.24,-18.98,2.76,77.17,-16.22,60.95
2181,10.06,21.74,52.82,3.77,0.35,0.0,-3.19,27.11,17.41,-49.37,-19.02,2.74,80.69,-16.28,64.41
2191,8.6,15.3,51.73,3.84,0.23,0.0,-3.65,27.05,15.49,-48.03,-19.3,2.76,70.56,-16.54,54.03
2201,13.0,20.32,51.61,5.14,0.41,0.0,-5.2,26.18,17.88,-47.64,-18.93,2.75,81.7,-16.18,65.51
2211,10.01,20.0,49.42,5.09,0.01,0.0,-2.39,28.5,15.47,-52.8,-19.05,2.75,73.32,-16.31,57.01
2221,12.1,13.78,48.47,3.54,1.16,0.0,-4.09,26.99,14.38,-48.9,-18.61,2.75,67.43,-15.86,51.56
2231,5.49,18.49,49.23,3.79,1.61,0.0,-3.81,25.21,20.02,-47.65,-18.15,2.74,72.35,-15.41,56.94
2241,9.96,14.06,49.94,4.0,1.28,0.0,-2.62,27.59,17.15,-50.33,-18.33,2.72,71.03,-15.61,55.41
2251,11.37,16.76,55.62,3.63,0.95,0.0,-3.26,27.15,15.11,-49.28,-18.68,2.76,78.06,-15.92,62.14
2261,8.86,17.21,49.65,4.1,1.76,0.0,-2.24,25.9,15.75,-48.82,-18.36,2.76,72.17,-15.61,56.56
2271,13.87,18.0,51.57,3.66,0.05,0.0,-4.19,26.08,15.7,-48.56,-19.23,2.74,76.18,-16.5,59.68
2281,12.79,20.81,47.44,4.86,1.64,0.0,-1.78,27.6,15.21,-51.05,-18.01,2.74,77.53,-15.28,62.26
2291,9.76,19.72,50.61,4.59,0.55,0.0,-4.37,26.31,13.79,-50.19,-19.4,2.78,70.77,-16.62,54.14
2301,8.92,22.84,53.53,4.8,0.16,0.0,-4.19,25.83,16.13,-47.53,-18.95,2.76,80.51,-16.19,64.32
2311,10.11,17.14,53.98,3.14,0.84,0.0,-2.94,26.8,15.66,-50.18,-18.65,2.73,74.55,-15.92,58.63
2321,10.77,18.01,52.27,4.7,0.76,0.0,-2.66,26.81,15.51,-49.9,-18.46,2.75,76.27,-15.71,60.56
2331,11.09,24.23,48.58,6.43,2.15,0.0,-3.92,27.45,15.28,-50.96,-19.34,2.74,80.32,-16.61,63.72
2341,10.11,19.03,52.11,3.57,0.38,0.0,-4.39,25.96,17.45,-48.46,-18.2,2.76,75.75,-15.44,60.31
2351,9.85,14.7,52.51,4.45,1.05,0.0,-2.97,27.59,17.08,-49.23,-18.68,2.73,75.03,-15.95,59.08
2361,7.58,21.83,50.23,6.04,0.24,0.0,-4.38,26.74,17.11,-49.12,-19.14,2.74,76.29,-16.4,59.89
2371,7.67,22.13,50.43,5.5,0.5,0.0,-3.81,29.73,16.27,-51.4,-19.51,2.74,77.02,-16.77,60.25
2381,13.51,21.57,49.08,3.8,0.53,0.0,-2.98,26.28,16.11,-49.94,-17.69,2.71,77.95,-14.97,62.98
2391,12.1,22.32,49.34,4.87,1.39,0.0,-3.71,28.2,15.84,-50.57,-19.15,2.76,79.76,-16.4,63.36
2401,7.75,13.83,53.32,1.59,0.13,0.0,-1.94,27.83,15.9,-49.38,-18.83,2.74,69.01,-16.09,52.92
2411,6.91,13.79,50.64,3.34,0.79,0.0,-3.53,27.1,19.07,-49.15,-18.71,2.74,68.95,-15.97,52.98
2421,12.62,25.46,50.63,6.3,2.02,0.0,-3.64,26.01,13.52,-48.92,-19.15,2.76,83.99,-16.38,67.61
2431,8.96,12.67,51.31,3.46,1.4,0.0,-2.89,24.61,18.14,-47.0,-17.86,2.72,70.68,-15.14,55.54
2441,7.71,16.28,51.76,4.2,0.61,0.0,-3.2,27.02,19.11,-49.89,-18.32,2.73,73.61,-15.59,58.02
2451,7.86,18.05,49.96,4.67,0.36,0.0,-2.58,27.41,17.76,-50.06,-19.12,2.74,73.44,-16.38,57.06
2461,8.65,17.57,51.45,3.86,0.27,0.0,-3.42,26.78,15.98,-49.81,-19.01,2.75,71.32,-16.26,55.06
2471,12.03,16.57,50.96,3.88,0.24,0.0,-3.14,25.57,17.64,-47.91,-18.57,2.77,75.83,-15.8,60.03
2481,11.55,15.85,52.33,4.32,1.14,0.0,-4.24,25.49,12.92,-47.08,-19.29,2.77,72.28,-16.52,55.76
2491,7.54,24.09,51.77,7.27,0.79,0.0,-4.34,27.02,16.19,-47.13,-19.12,2.74,83.2,-16.38,66.82
2501,11.19,20.96,52.35,4.92,1.14,0.0,-3.14,26.49,15.68,-49.72,-19.45,2.75,79.87,-16.71,63.17
2511,11.75,18.72,52.1,4.62,0.74,0.0,-3.55,26.58,16.01,-47.41,-18.69,2.73,79.57,-15.96,63.61
2521,14.27,16.71,53.74,3.59,1.67,0.0,-2.56,25.72,15.51,-48.82,-19.03,2.75,79.84,-16.27,63.56
2531,8.78,13.35,50.84,3.28,0.37,0.0,-3.75,26.24,16.66,-49.18,-18.21,2.73,66.58,-15.47,51.11
2541,10.89,17.32,48.02,3.91,0.25,0.0,-3.22,25.23,16.85,-48.71,-18.84,2.74,70.53,-16.09,54.44
2551,10.02,22.79,49.97,4.33,3.18,0.0,-2.81,26.48,15.44,-50.88,-18.29,2.74,78.5,-15.55,62.96
2561,8.48,13.78,56.45,2.72,0.04,0.0,-4.8,29.04,15.73,-50.44,-19.45,2.74,71.0,-16.72,54.28
2571,11.08,18.77,50.93,3.41,0.67,0.0,-0.79,27.86,14.52,-52.77,-18.66,2.74,73.67,-15.91,57.76
2581,10.05,15.84,48.49,2.12,2.2,0.0,-1.65,26.2,16.6,-49.03,-18.45,2.76,70.81,-15.69,55.12
2591,7.06,19.47,50.44,5.46,0.16,0.0,-3.76,28.01,16.97,-51.35,-18.65,2.75,72.45,-15.9,56.55
2601,7.03,13.7,51.81,3.45,0.76,0.0,-3.1,26.62,16.69,-48.82,-18.26,2.75,68.14,-15.5,52.64
2611,8.26,13.4,51.88,2.81,0.33,0.0,-2.89,27.77,17.04,-52.27,-18.21,2.74,66.32,-15.47,50.85
2621,5.89,17.66,51.19,2.98,0.39,0.0,-3.6,26.61,16.43,-47.84,-18.85,2.75,69.7,-16.09,53.6
2631,7.84,12.85,50.84,3.74,0.35,0.0,-3.46,26.54,16.44,-50.88,-18.7,2.75,64.25,-15.95,48.3
2641,9.66,16.47,52.61,3.24,1.45,0.0,-3.21,27.87,18.19,-50.06,-19.28,2.75,76.23,-16.54,59.69
2651,11.65,18.15,50.83,5.09,0.94,0.0,-3.43,24.85,17.05,-48.14,-19.45,2.81,77.0,-16.65,60.35
2661,9.42,20.6,49.06,2.99,0.58,0.0,-3.65,27.67,16.62,-51.95,-18.94,2.72,71.35,-16.22,55.13
2671,8.77,22.25,48.66,5.38,0.21,0.0,-5.04,25.79,15.95,-46.17,-19.41,2.74,75.79,-16.67,59.12
2681,10.09,17.45,51.43,5.34,0.05,0.0,-2.73,26.87,21.73,-48.41,-18.19,2.75,81.83,-15.44,66.39
2691,10.7,26.43,52.07,4.37,0.36,0.0,-5.44,27.31,14.23,-50.87,-19.32,2.71,79.17,-16.61,62.57
2701,7.33,16.55,49.6,3.8,0.94,0.0,-3.57,26.62,16.76,-49.58,-18.44,2.72,68.45,-15.72,52.73
2711,10.0,17.64,47.99,4.56,0.28,0.0,-3.89,27.33,14.67,-49.97,-19.43,2.72,68.61,-16.71,51.91
2721,9.51,21.7,49.87,2.83,0.6,0.0,-3.21,27.31,15.6,-51.71,-18.87,2.72,72.51,-16.15,56.36
2731,13.0,20.7,54.19,4.17,0.62,0.0,-3.81,26.98,14.81,-50.82,-18.85,2.74,79.84,-16.11,63.73
2741,14.88,18.06,48.66,4.41,0.08,0.0,-4.2,25.88,15.03,-48.03,-18.99,2.75,74.76,-16.24,58.52
2751,10.02,14.01,50.88,3.65,0.96,0.0,-2.83,25.77,16.81,-48.17,-18.65,2.75,71.11,-15.91,55.21
2761,9.03,16.37,49.93,4.72,0.97,0.0,-4.34,28.39,15.59,-51.31,-18.95,2.75,69.35,-16.2,53.14
2771,9.34,13.72,47.17,2.31,1.48,0.0,-3.32,27.06,17.22,-49.09,-18.58,2.73,65.89,-15.84,50.05
2781,9.26,14.87,50.15,3.26,1.96,0.0,-3.68,28.42,16.03,-52.59,-18.58,2.75,67.68,-15.83,51.86
2791,10.81,23.92,53.44,6.14,0.19,0.0,-4.32,26.46,17.38,-46.91,-18.93,2.74,87.11,-16.18,70.93
2801,8.48,21.79,50.06,5.43,0.22,0.0,-3.74,28.41,15.65,-51.45,-19.03,2.74,74.85,-16.29,58.56
2811,8.88,18.07,51.51,3.73,0.38,0.0,-3.33,26.63,17.63,-50.8,-18.87,2.76,72.71,-16.11,56.59
2821,5.55,21.16,52.07,4.8,0.01,0.0,-5.13,28.26,19.38,-50.93,-19.24,2.73,75.18,-16.51,58.67
2831,11.38,19.0,49.62,4.09,0.17,0.0,-4.05,27.47,14.16,-49.22,-19.64,2.75,72.63,-16.89,55.74
2841,8.64,17.85,49.77,4.81,1.9,0.0,-3.51,27.03,16.31,-50.16,-18.58,2.73,72.64,-15.86,56.79
2851,10.93,21.32,47.82,4.48,1.54,0.0,-3.79,26.22,15.53,-49.91,-18.98,2.73,74.13,-16.25,57.88
2861,12.68,19.55,52.03,4.52,1.19,0.0,-3.91,25.82,15.22,-48.38,-18.8,2.77,78.71,-16.03,62.68
2871,8.33,16.8,51.03,5.8,0.44,0.0,-4.9,26.49,17.27,-49.41,-18.32,2.74,71.85,-15.58,56.27
2881,9.46,17.62,49.57,4.06,1.04,0.0,-4.25,26.76,15.7,-48.43,-19.44,2.75,71.55,-16.68,54.87
2891,9.99,14.61,49.7,3.39,1.81,0.0,-4.01,25.48,16.47,-48.27,-19.18,2.74,69.18,-16.45,52.74
2901,9.38,17.04,51.47,4.14,0.05,0.0,-4.9,26.06,16.58,-46.0,-19.54,2.75,73.81,-16.79,57.02
2911,9.44,15.12,50.48,2.88,0.83,0.0,-3.58,27.08,14.8,-50.22,-19.18,2.76,66.84,-16.43,50.41
2921,10.78,12.55,48.27,3.53,0.78,0.0,-4.02,25.74,17.2,-47.4,-18.61,2.76,67.44,-15.85,51.59
2931,10.23,13.01,52.83,1.97,0.61,0.0,-4.03,26.96,17.5,-48.63,-19.23,2.73,70.45,-16.5,53.95
2941,10.91,14.14,54.49,3.5,2.07,0.0,-2.6,26.03,16.01,-48.75,-17.94,2.72,75.81,-15.22,60.59
2951,8.12,14.23,52.94,4.06,0.13,0.0,-3.74,27.0,16.6,-48.37,-19.53,2.75,70.97,-16.78,54.19
2961,11.47,16.66,51.16,3.98,0.19,0.0,-4.69,27.8,14.25,-51.25,-19.16,2.74,69.56,-16.41,53.15
2971,5.88,16.83,48.11,4.04,1.07,0.0,-3.89,25.67,19.97,-48.18,-18.51,2.75,69.5,-15.77,53.74
2981,10.78,14.6,48.55,3.81,0.06,0.0,-3.45,26.21,16.66,-47.79,-18.93,2.72,69.44,-16.21,53.23
2991,7.85,16.23,51.59,3.93,0.82,0.0,-3.36,26.21,16.14,-50.21,-18.04,2.75,69.21,-15.29,53.92
3001,7.28,16.29,47.75,4.89,0.63,0.0,-2.72,25.66,21.68,-48.81,-18.03,2.72,72.66,-15.31,57.35
3011,7.62,12.62,49.04,4.68,0.64,0.0,-3.41,25.72,17.81,-46.86,-18.46,2.74,67.85,-15.73,52.12
3021,11.09,22.23,50.9,6.29,0.29,0.0,-3.99,26.11,15.01,-46.73,-19.35,2.77,81.2,-16.59,64.62
3031,11.28,20.45,48.73,4.97,0.55,0.0,-1.01,26.38,15.44,-50.19,-18.81,2.75,76.6,-16.06,60.54
3041,7.8,16.35,48.69,3.19,0.73,0.0,-2.8,26.04,17.96,-50.07,-17.96,2.72,67.87,-15.24,52.63
3051,14.19,18.16,50.32,4.21,1.14,0.0,-4.08,26.98,13.67,-51.44,-19.27,2.78,73.16,-16.48,56.68
3061,6.2,15.11,49.66,3.33,1.5,0.0,-3.46,28.29,17.11,-51.92,-18.66,2.73,65.82,-15.93,49.89
3071,13.91,19.31,52.54,4.79,0.12,0.0,-4.03,25.68,15.73,-48.01,-18.6,2.76,80.05,-15.83,64.21
3081,7.8,17.06,48.62,3.97,1.19,0.0,-3.29,25.97,17.68,-49.05,-18.28,2.74,69.96,-15.54,54.42
3091,11.81,18.16,49.4,4.11,2.46,0.0,-3.15,26.41,16.27,-49.58,-18.83,2.74,75.9,-16.09,59.8
3101,9.84,14.37,50.97,2.85,1.75,0.0,-3.67,26.43,17.87,-49.02,-18.66,2.73,71.39,-15.93,55.46
3111,8.33,14.51,51.03,3.42,0.48,0.0,-4.17,26.95,16.19,-49.51,-18.35,2.72,67.23,-15.63,51.6
3121,6.17,17.33,52.84,4.46,0.04,0.0,-2.62,27.06,18.36,-50.82,-17.96,2.71,72.83,-15.26,57.57
3131,9.35,17.64,49.52,4.39,1.5,0.0,-3.24,26.5,15.2,-50.6,-19.04,2.77,70.24,-16.28,53.97
3141,10.68,17.8,51.95,4.22,0.68,0.0,-2.34,26.96,21.08,-52.19,-17.56,2.7,78.84,-14.86,63.98
3151,6.97,22.19,51.25,3.95,0.24,0.0,-2.58,26.13,16.29,-50.6,-17.78,2.74,73.85,-15.03,58.82
3161,10.23,16.44,49.3,4.15,0.43,0.0,-1.54,25.08,15.94,-49.16,-18.48,2.77,70.87,-15.71,55.16
3171,6.87,19.17,48.45,4.58,1.76,0.0,-3.24,27.94,17.83,-52.09,-18.41,2.76,71.28,-15.66,55.62
3181,10.54,23.95,48.78,5.22,0.13,0.0,-3.43,28.95,15.25,-52.17,-18.84,2.71,77.23,-16.12,61.11
3191,9.82,21.06,48.85,3.95,0.45,0.0,-3.0,27.33,16.08,-49.86,-17.59,2.73,74.67,-14.86,59.81
3201,8.23,21.46,51.31,5.22,1.46,0.0,-1.48,26.65,17.16,-51.02,-17.84,2.72,79.01,-15.12,63.89
3211,12.06,17.18,50.39,4.51,1.09,0.0,-3.64,28.02,13.48,-50.0,-19.26,2.75,73.1,-16.51,56.59
3221,9.38,20.8,50.2,3.39,1.43,0.0,-3.18,26.89,18.08,-50.77,-18.85,2.74,76.22,-16.11,60.11
3231,5.61,19.24,50.07,3.1,1.89,0.0,-1.6,25.72,18.14,-49.16,-17.24,2.74,73.0,-14.49,58.5
3241,9.79,14.24,48.7,3.86,0.36,0.0,-3.35,25.54,19.43,-47.5,-18.22,2.73,71.07,-15.49,55.58
3251,6.03,27.35,49.29,5.58,0.03,0.0,-3.59,27.6,18.0,-52.01,-18.73,2.75,78.29,-15.98,62.32
3261,11.95,18.52,53.86,3.7,0.17,0.0,-3.24,26.04,14.31,-48.77,-18.19,2.76,76.55,-15.43,61.12
3271,10.69,19.35,48.76,4.04,0.61,0.0,-2.37,26.21,16.08,-50.91,-17.99,2.74,72.45,-15.25,57.2
3281,9.44,17.92,48.44,3.12,0.01,0.0,-3.51,27.59,17.71,-49.17,-18.56,2.73,71.56,-15.82,55.73
3291,6.18,17.38,49.98,3.67,1.36,0.0,-2.91,27.49,17.72,-51.38,-18.1,2.71,69.49,-15.39,54.1
3301,11.2,21.87,51.32,5.13,0.12,0.0,-5.07,26.26,17.06,-47.88,-19.21,2.76,80.0,-16.44,63.56
3311,12.49,17.39,53.2,4.67,0.02,0.0,-4.27,28.3,15.48,-50.53,-19.45,2.74,76.75,-16.7,60.05
3321,9.0,18.45,53.82,3.55,1.13,0.0,-2.24,28.17,16.71,-51.98,-19.19,2.74,76.61,-16.45,60.15
3331,11.78,23.75,50.47,5.9,0.93,0.0,-4.48,27.67,16.1,-51.5,-18.49,2.72,80.63,-15.76,64.86
3341,10.32,19.36,52.11,3.84,2.37,0.0,-3.24,28.84,14.79,-51.75,-19.5,2.72,76.64,-16.77,59.87
3351,8.86,19.81,50.23,4.01,0.27,0.0,-2.22,25.42,17.4,-48.37,-18.55,2.74,75.43,-15.81,59.62
3361,7.29,18.58,52.28,3.69,1.92,0.0,-1.51,25.34,20.86,-48.03,-17.88,2.72,80.44,-15.16,65.28
3371,13.09,21.71,49.09,4.14,0.73,0.0,-1.54,27.26,17.64,-49.31,-18.06,2.73,82.8,-15.33,67.47
3381,8.36,15.76,50.3,3.0,1.15,0.0,-3.0,25.86,15.95,-49.75,-18.08,2.75,67.65,-15.33,52.31
3391,7.91,18.94,48.91,3.98,0.0,0.0,-2.63,26.67,16.83,-51.49,-18.45,2.75,69.14,-15.7,53.44
3401,9.59,18.54,50.22,4.58,0.53,0.0,-4.57,28.03,17.43,-49.99,-19.08,2.71,74.38,-16.36,58.02
3411,8.52,14.14,51.58,3.41,1.12,0.0,-3.65,26.66,19.57,-50.1,-18.25,2.74,71.25,-15.51,55.74
3421,11.11,14.05,51.82,3.93,0.38,0.0,-4.4,26.45,17.66,-48.47,-18.55,2.74,72.53,-15.81,56.72
3431,6.67,19.14,49.3,3.25,1.29,0.0,-3.55,26.65,14.88,-49.9,-18.6,2.77,67.75,-15.84,51.91
3441,6.21,17.71,56.62,3.11,0.29,0.0,-3.7,26.67,21.13,-49.55,-18.14,2.72,78.48,-15.42,63.06
3451,11.55,14.01,48.16,3.43,0.03,0.0,-3.01,27.67,14.91,-50.37,-18.65,2.75,66.39,-15.9,50.49
3461,11.48,15.78,51.66,4.47,0.15,0.0,-4.25,26.74,14.8,-48.06,-18.75,2.73,72.77,-16.02,56.75
3471,8.71,16.28,49.48,3.75,0.99,0.0,-2.76,25.8,17.47,-46.53,-18.18,2.72,73.18,-15.46,57.73
3481,11.14,19.44,48.53,4.7,0.26,0.0,-0.03,27.77,15.15,-51.25,-18.01,2.74,75.72,-15.26,60.45
3491,13.58,19.55,56.55,4.56,0.46,0.0,-3.87,27.2,14.79,-49.77,-19.49,2.75,83.06,-16.74,66.33
3501,15.61,15.31,50.01,3.22,0.07,0.0,-4.0,24.59,16.82,-45.17,-18.29,2.76,76.46,-15.53,60.93
3511,10.02,19.66,51.27,3.31,0.4,0.0,-0.35,25.48,17.54,-49.73,-18.07,2.73,77.59,-15.35,62.25
3521,10.89,22.81,50.21,4.95,0.34,0.0,-3.16,28.8,17.25,-50.87,-19.33,2.74,81.22,-16.59,64.63
3531,10.7,17.09,50.05,4.47,1.24,0.0,-3.96,26.36,17.59,-50.66,-18.49,2.75,72.88,-15.74,57.14
3541,11.28,13.49,50.25,4.07,1.21,0.0,-3.54,27.88,14.9,-49.31,-18.93,2.74,70.24,-16.19,54.05
3551,12.81,21.34,48.51,4.86,1.72,0.0,-2.93,27.5,17.58,-52.66,-18.41,2.73,78.74,-15.67,63.06
3561,13.2,20.92,50.59,5.09,1.13,0.0,-2.99,28.34,16.03,-50.88,-18.94,2.72,81.44,-16.22,65.22
3571,11.9,23.78,49.13,5.47,0.81,0.0,-3.46,28.13,14.24,-53.62,-19.07,2.75,76.37,-16.32,60.05
3581,8.4,21.12,50.57,4.07,1.9,0.0,-3.65,26.62,17.8,-50.19,-18.99,2.76,76.64,-16.23,60.41
3591,11.48,19.07,51.26,4.71,1.93,0.0,-4.19,27.54,15.82,-49.2,-19.14,2.75,78.42,-16.38,62.03
3601,11.4,14.52,50.1,3.43,0.45,0.0,-1.17,28.28,18.56,-51.9,-17.52,2.69,73.67,-14.82,58.85
3611,10.54,20.17,51.74,5.61,0.46,0.0,-4.7,26.81,19.03,-50.43,-18.08,2.74,79.24,-15.34,63.9
3621,12.47,13.03,51.1,3.45,0.59,0.0,-3.47,26.72,16.09,-48.74,-18.76,2.74,71.25,-16.02,55.23
3631,7.52,19.17,50.85,4.06,0.11,0.0,-4.04,25.93,16.86,-47.02,-18.96,2.76,73.43,-16.2,57.23
3641,8.79,17.11,47.93,3.07,1.21,0.0,-3.62,26.47,17.04,-49.32,-18.36,2.75,68.68,-15.61,53.07
3651,12.27,15.48,48.67,3.59,0.71,0.0,-3.63,28.73,15.52,-53.07,-18.77,2.73,68.27,-16.04,52.23
3661,7.23,16.76,49.17,3.63,0.16,0.0,-2.99,26.92,19.1,-51.94,-18.12,2.73,68.03,-15.39,52.64
3671,11.01,17.48,49.38,4.43,1.28,0.0,-2.23,26.79,18.44,-49.89,-18.47,2.74,76.69,-15.73,60.96
3681,6.9,16.63,52.09,3.83,0.18,0.0,-4.53,25.61,19.91,-48.39,-18.55,2.74,72.24,-15.81,56.43
3691,9.29,17.06,52.73,3.05,0.08,0.0,-4.2,27.5,14.89,-51.65,-18.89,2.73,68.75,-16.17,52.59
3701,9.72,15.93,48.65,3.29,0.33,0.0,-2.76,26.05,15.93,-47.36,-19.06,2.77,69.8,-16.29,53.51
3711,8.24,14.55,49.21,3.47,0.14,0.0,-3.47,25.27,18.57,-47.95,-18.12,2.73,68.03,-15.39,52.64
3721,11.25,16.43,51.21,3.32,0.52,0.0,-2.86,27.07,15.05,-49.72,-18.85,2.75,72.27,-16.1,56.17
3731,10.09,19.04,51.01,3.43,0.44,0.0,-4.01,25.37,15.98,-49.1,-18.68,2.75,72.26,-15.93,56.33
3741,8.97,17.2,50.7,3.59,0.28,0.0,-4.19,27.02,15.79,-50.69,-18.96,2.76,68.67,-16.2,52.47
3751,8.14,15.41,51.79,3.42,0.09,0.0,-3.09,26.95,14.96,-52.2,-18.48,2.75,65.48,-15.73,49.75
3761,8.5,17.71,50.64,3.75,1.49,0.0,-4.68,26.63,16.74,-47.07,-19.22,2.75,73.7,-16.47,57.24
3771,14.24,15.23,48.39,3.85,3.01,0.0,-3.89,26.74,14.16,-48.86,-19.23,2.76,72.89,-16.46,56.42
3781,9.26,16.14,49.04,4.32,0.4,0.0,-3.75,25.99,16.97,-50.24,-18.3,2.74,68.14,-15.55,52.58
3791,9.17,17.93,49.06,3.04,1.38,0.0,-2.15,27.72,17.31,-51.57,-18.31,2.73,71.89,-15.57,56.31
3801,12.64,17.55,49.74,4.69,2.25,0.0,-4.25,26.04,15.86,-47.13,-19.28,2.75,77.4,-16.53,60.87
3811,5.48,15.32,48.54,4.16,0.05,0.0,-1.85,26.96,17.72,-50.3,-18.25,2.73,66.07,-15.53,50.54
3821,7.23,15.07,51.83,4.39,0.53,0.0,-4.06,26.28,18.44,-47.44,-18.41,2.73,72.26,-15.68,56.59
3831,9.78,18.29,52.13,3.85,0.4,0.0,-2.03,24.86,17.32,-46.47,-18.49,2.76,78.13,-15.73,62.4
3841,9.88,17.76,50.98,3.03,0.76,0.0,-4.44,25.91,15.12,-47.58,-18.98,2.78,71.42,-16.2,55.22
3851,12.05,19.91,52.71,4.01,0.12,0.0,-3.77,28.6,17.7,-53.0,-18.88,2.74,78.33,-16.14,62.19
3861,12.83,15.73,50.49,4.77,0.86,0.0,-3.8,27.59,16.49,-49.74,-19.31,2.76,75.24,-16.56,58.68
3871,6.35,16.83,48.4,2.83,0.57,0.0,-2.15,27.28,18.91,-50.1,-18.25,2.73,68.93,-15.52,53.41
3881,9.11,11.35,49.33,2.83,2.02,0.0,-2.27,27.48,17.54,-50.34,-18.17,2.75,67.06,-15.42,51.63
3891,8.88,13.23,49.35,4.97,0.49,0.0,-4.37,26.75,16.55,-46.89,-18.65,2.73,68.96,-15.92,53.04
3901,8.5,17.86,51.29,3.93,3.29,0.0,-2.89,25.45,16.25,-49.53,-17.68,2.74,74.16,-14.95,59.21
3911,11.07,21.69,49.87,4.87,0.04,0.0,-3.2,26.57,15.71,-49.72,-18.14,2.75,76.89,-15.39,61.5
3921,8.54,16.4,49.99,3.71,0.3,0.0,-2.94,26.95,15.32,-50.06,-18.15,2.75,68.2,-15.41,52.79
3931,13.49,14.53,49.71,2.89,0.44,0.0,-4.42,28.2,16.07,-49.79,-18.87,2.73,71.12,-16.14,54.97
3941,11.06,17.74,52.13,3.48,0.0,0.0,-2.9,25.87,14.88,-48.37,-19.36,2.76,73.9,-16.6,57.3
3951,13.67,19.16,49.39,4.15,0.75,0.0,-3.58,25.79,17.42,-49.56,-18.89,2.74,77.18,-16.16,61.03
3961,14.57,17.34,48.24,4.1,1.47,0.0,-2.61,26.29,15.21,-48.79,-18.71,2.74,75.82,-15.97,59.86
3971,9.2,17.76,49.93,4.42,0.12,0.0,-3.57,27.13,14.87,-49.19,-19.09,2.73,70.68,-16.36,54.32
3981,6.61,16.28,49.99,5.12,1.97,0.0,-2.84,27.2,20.04,-51.65,-18.16,2.72,72.72,-15.44,57.28
3991,8.45,15.22,49.17,4.35,0.52,0.0,-1.42,28.42,17.2,-52.22,-18.21,2.73,69.69,-15.48,54.21
4001,8.03,11.66,49.64,3.07,0.01,0.0,-3.01,27.76,16.84,-50.3,-19.19,2.75,63.71,-16.45,47.27

Delta Energy Terms
Frame #,BOND,ANGLE,DIHED,UB,IMP,CMAP,VDWAALS,EEL,1-4 VDW,1-4 EEL,EGB,ESURF,GGAS,GSOLV,TOTAL
1,0.0,0.0,-0.0,0.0,0.0,0.0,-24.75,-9.48,0.0,0.0,32.59,-3.42,-34.23,29.18,-5.05
11,-0.0,-0.0,0.0,-0.0,-0.0,0.0,-28.39,-9.37,-0.0,0.0,30.35,-3.34,-37.75,27.01,-10.74
21,-0.0,0.0,-0.0,-0.0,-0.0,0.0,-24.26,-7.69,-0.0,0.0,27.42,-3.3,-31.95,24.12,-7.83
31,-0.0,-0.0,0.0,0.0,-0.0,0.0,-26.49,-10.89,-0.0,0.0,31.8,-3.37,-37.39,28.44,-8.95
41,-0.0,-0.0,-0.0,-0.0,-0.0,0.0,-24.95,-9.14,0.0,-0.0,31.23,-3.36,-34.09,27.87,-6.22
51,-0.0,0.0,0.0,-0.0,0.0,0.0,-25.05,-10.26,-0.0,-0.0,32.46,-3.49,-35.32,28.97,-6.35
61,-0.0,0.0,0.0,0.0,-0.0,0.0,-26.48,-10.92,0.0,-0.0,32.68,-3.36,-37.4,29.32,-8.08
71,0.0,0.0,-0.0,0.0,-0.0,0.0,-25.39,-11.56,-0.0,-0.0,33.31,-3.23,-36.95,30.08,-6.87
81,-0.0,-0.0,-0.0,-0.0,0.0,0.0,-26.63,-9.28,0.0,0.0,31.12,-3.36,-35.91,27.76,-8.15
91,-0.0,0.0,0.0,-0.0,0.0,0.0,-25.35,-8.47,0.0,0.0,29.09,-3.34,-33.82,25.75,-8.08
101,0.0,-0.0,0.0,0.0,0.0,0.0,-25.76,-12.46,0.0,0.0,33.19,-3.26,-38.22,29.93,-8.28
111,-0.0,0.0,-0.0,-0.0,-0.0,0.0,-23.89,-4.01,0.0,0.0,25.5,-3.05,-27.9,22.45,-5.45
121,-0.0,0.0,0.0,-0.0,0.0,0.0,-21.29,-12.28,0.0,-0.0,31.08,-2.93,-33.57,28.14,-5.42
131,-0.0,-0.0,0.0,0.0,-0.0,0.0,-24.76,-9.09,0.0,-0.0,32.06,-3.61,-33.85,28.45,-5.4
141,-0.0,-0.0,-0.0,-0.0,-0.0,0.0,-28.64,-8.47,-0.0,-0.0,31.21,-3.58,-37.12,27.63,-9.49
151,-0.0,-0.0,0.0,0.0,-0.0,0.0,-27.71,-8.9,-0.0,0.0,31.83,-3.39,-36.61,28.44,-8.17
161,0.0,0.0,-0.0,0.0,0.0,0.0,-24.94,-9.9,-0.0,-0.0,32.85,-3.57,-34.84,29.28,-5.56
171,-0.0,-0.0,0.0,-0.0,0.0,0.0,-25.44,-10.57,-0.0,0.0,32.13,-3.4,-36.02,28.73,-7.29
181,0.0,0.0,-0.0,-0.0,0.0,0.0,-24.86,-9.44,0.0,-0.0,31.09,-3.56,-34.3,27.53,-6.77
191,0.0,-0.0,-0.0,-0.0,0.0,0.0,-27.71,-9.52,0.0,0.0,33.29,-3.58,-37.23,29.71,-7.52
201,0.0,0.0,0.0,0.0,0.0,0.0,-27.96,-7.87,0.0,-0.0,29.13,-3.37,-35.83,25.76,-10.07
211,0.0,0.0,-0.0,0.0,0.0,0.0,-24.05,-1.12,-0.0,0.0,22.68,-3.4,-25.17,19.28,-5.89
221,0.0,-0.0,0.0,-0.0,-0.0,0.0,-24.23,-1.21,0.0,-0.0,22.39,-3.12,-25.44,19.26,-6.17
231,-0.0,0.0,-0.0,-0.0,0.0,0.0,-25.2,-5.04,0.0,0.0,27.14,-3.24,-30.25,23.9,-6.35
241,0.0,-0.0,0.0,0.0,-0.0,0.0,-24.23,-3.89,0.0,-0.0,27.82,-3.64,-28.13,24.18,-3.95
251,-0.0,0.0,0.0,-0.0,0.0,0.0,-26.05,-0.63,-0.0,-0.0,20.21,-3.42,-26.68,16.79,-9.89
261,0.0,0.0,0.0,-0.0,0.0,0.0,-26.56,2.06,0.0,0.0,21.35,-3.83,-24.5,17.52,-6.98
271,0.0,-0.0,-0.0,-0.0,0.0,0.0,-26.59,-9.32,-0.0,-0.0,28.66,-3.49,-35.91,25.17,-10.74
281,0.0,-0.0,-0.0,-0.0,-0.0,0.0,-21.7,-2.62,-0.0,-0.0,21.44,-2.89,-24.32,18.56,-5.76
291,0.0,-0.0,0.0,-0.0,0.0,0.0,-25.8,-7.03,-0.0,-0.0,29.78,-3.35,-32.83,26.43,-6.4
301,-0.0,-0.0,0.0,-0.0,-0.0,0.0,-26.53,-13.29,0.0,0.0,33.49,-3.39,-39.82,30.11,-9.71
311,0.0,-0.0,0.0,-0.0,-0.0,0.0,-26.08,-11.52,0.0,-0.0,32.66,-3.45,-37.6,29.21,-8.39
321,-0.0,0.0,-0.0,0.0,0.0,0.0,-25.56,-11.14,0.0,0.0,31.99,-3.16,-36.7,28.83,-7.87
331,-0.0,0.0,0.0,-0.0,0.0,0.0,-25.3,-9.0,0.0,-0.0,33.5,-3.4,-34.3,30.1,-4.2
341,0.0,-0.0,-0.0,-0.0,-0.0,0.0,-25.35,-10.39,0.0,-0.0,31.87,-3.42,-35.74,28.45,-7.29
351,-0.0,-0.0,-0.0,0.0,-0.0,0.0,-25.53,-4.8,-0.0,-0.0,25.02,-3.16,-30.33,21.86,-8.47
361,0.0,-0.0,-0.0,0.0,0.0,0.0,-25.89,-10.31,0.0,0.0,32.89,-3.39,-36.2,29.5,-6.7
371,-0.0,0.0,-0.0,-0.0,0.0,0.0,-25.91,-7.62,-0.0,-0.0,28.36,-3.15,-33.53,25.21,-8.32
381,0.0,0.0,-0.0,-0.0,0.0,0.0,-22.38,-8.92,0.0,-0.0,29.61,-2.85,-31.3,26.76,-4.54
391,0.0,0.0,0.0,-0.0,0.0,0.0,-23.35,-10.5,0.0,-0.0,33.34,-3.21,-33.85,30.13,-3.72
401,-0.0,-0.0,0.0,-0.0,0.0,0.0,-27.65,-14.02,0.0,-0.0,36.99,-3.66,-41.67,33.33,-8.34
411,-0.0,-0.0,0.0,-0.0,0.0,0.0,-23.92,-10.17,0.0,0.0,30.7,-3.1,-34.08,27.6,-6.48
421,-0.0,-0.0,-0.0,-0.0,-0.0,0.0,-24.48,-8.26,0.0,-0.0,27.33,-3.4,-32.73,23.93,-8.81
431,0.0,-0.0,-0.0,0.0,-0.0,0.0,-25.79,-10.35,-0.0,0.0,30.59,-3.35,-36.14,27.24,-8.9
441,-0.0,-0.0,0.0,-0.0,0.0,0.0,-25.39,-13.7,-0.0,-0.0,37.52,-3.45,-39.08,34.07,-5.02
451,-0.0,-0.0,0.0,0.0,0.0,0.0,-26.58,-14.61,-0.0,-0.0,37.78,-3.35,-41.18,34.43,-6.75
461,0.0,0.0,-0.0,0.0,-0.0,0.0,-23.78,-12.31,0.0,-0.0,32.8,-3.05,-36.09,29.75,-6.34
471,0.0,-0.0,-0.0,0.0,0.0,0.0,-23.9,-13.49,-0.0,-0.0,35.73,-3.12,-37.39,32.61,-4.79
481,-0.0,0.0,0.0,-0.0,0.0,0.0,-25.71,-15.02,0.0,-0.0,40.32,-3.3,-40.74,37.01,-3.72
491,-0.0,0.0,-0.0,-0.0,-0.0,0.0,-24.32,-9.21,0.0,0.0,30.08,-3.3,-33.52,26.78,-6.75
501,0.0,0.0,0.0,0.0,0.0,0.0,-25.4,-11.08,-0.0,0.0,32.83,-3.38,-36.48,29.45,-7.03
511,-0.0,0.0,0.0,0.0,-0.0,0.0,-26.22,-12.03,-0.0,0.0,36.39,-3.47,-38.25,32.92,-5.33
521,0.0,0.0,-0.0,0.0,0.0,0.0,-27.43,-9.67,0.0,0.0,30.24,-3.44,-37.1,26.79,-10.31
531,-0.0,0.0,-0.0,-0.0,0.0,0.0,-24.06,-7.72,0.0,0.0,26.86,-3.02,-31.78,23.84,-7.94
541,0.0,0.0,0.0,-0.0,0.0,0.0,-20.82,-8.02,-0.0,-0.0,25.76,-2.83,-28.83,22.93,-5.9
551,0.0,-0.0,0.0,0.0,0.0,0.0,-25.69,-10.83,0.0,0.0,32.6,-3.05,-36.51,29.54,-6.97
561,0.0,0.0,-0.0,0.0,0.0,0.0,-27.31,-9.58,-0.0,-0.0,28.42,-3.23,-36.9,25.19,-11.7
571,0.0,0.0,0.0,-0.0,-0.0,0.0,-22.74,-8.74,0.0,-0.0,26.51,-2.89,-31.49,23.62,-7.86
581,0.0,0.0,0.0,0.0,-0.0,0.0,-21.85,-9.6,-0.0,-0.0,28.52,-2.76,-31.45,25.76,-5.69
591,0.0,0.0,-0.0,0.0,-0.0,0.0,-22.67,-7.54,0.0,0.0,25.13,-2.65,-30.21,22.48,-7.73
601,-0.0,-0.0,0.0,-0.0,-0.0,0.0,-23.16,-8.82,0.0,-0.0,27.29,-2.87,-31.98,24.41,-7.57
611,-0.0,0.0,0.0,-0.0,0.0,0.0,-24.43,-9.73,-0.0,-0.0,28.9,-2.88,-34.16,26.02,-8.14
621,0.0,-0.0,0.0,-0.0,-0.0,0.0,-24.37,-10.81,-0.0,-0.0,30.73,-2.94,-35.18,27.79,-7.39
631,0.0,0.0,0.0,-0.0,0.0,0.0,-27.71,-12.66,-0.0,-0.0,32.37,-3.26,-40.37,29.11,-11.26
641,0.0,0.0,0.0,0.0,-0.0,0.0,-20.95,-9.83,0.0,0.0,27.02,-2.51,-30.78,24.5,-6.28
651,0.0,0.0,0.0,-0.0,0.0,0.0,-20.0,-9.9,0.0,-0.0,28.77,-2.97,-29.91,25.8,-4.11
661,0.0,0.0,-0.0,-0.0,0.0,0.0,-20.62,-9.23,-0.0,0.0,30.72,-2.83,-29.85,27.88,-1.96
671,0.0,0.0,-0.0,-0.0,0.0,0.0,-23.3,-6.7,-0.0,0.0,27.83,-2.95,-30.0,24.88,-5.13
681,-0.0,-0.0,-0.0,-0.0,-0.0,0.0,-22.09,-8.85,-0.0,-0.0,26.9,-2.75,-30.95,24.16,-6.79
691,-0.0,-0.0,-0.0,0.0,-0.0,0.0,-23.32,-12.15,0.0,0.0,31.55,-2.86,-35.47,28.7,-6.78
701,-0.0,0.0,-0.0,0.0,0.0,0.0,-18.59,-13.95,0.0,-0.0,33.47,-2.41,-32.55,31.06,-1.49
711,0.0,-0.0,0.0,-0.0,0.0,0.0,-20.96,-11.09,0.0,-0.0,30.04,-2.68,-32.05,27.36,-4.69
721,0.0,0.0,0.0,-0.0,0.0,0.0,-21.29,-8.63,0.0,-0.0,29.2,-2.85,-29.92,26.35,-3.57
731,-0.0,0.0,0.0,-0.0,0.0,0.0,-23.68,-9.16,0.0,0.0,30.21,-2.98,-32.84,27.23,-5.61
741,-0.0,0.0,0.0,0.0,0.0,0.0,-18.6,-12.34,-0.0,-0.0,33.89,-2.88,-30.94,31.01,0.07
751,-0.0,-0.0,-0.0,-0.0,-0.0,0.0,-18.14,-11.43,-0.0,-0.0,31.42,-2.47,-29.57,28.95,-0.62
761,0.0,-0.0,0.0,0.0,0.0,0.0,-20.78,-9.1,0.0,-0.0,29.73,-2.98,-29.88,26.75,-3.13
771,0.0,0.0,0.0,0.0,-0.0,0.0,-19.51,-7.23,-0.0,0.0,26.19,-2.47,-26.73,23.71,-3.02
781,0.0,0.0,0.0,-0.0,-0.0,0.0,-21.58,-9.9,-0.0,-0.0,28.47,-2.81,-31.48,25.67,-5.81
791,-0.0,-0.0,0.0,-0.0,0.0,0.0,-20.82,-10.96,-0.0,-0.0,31.12,-2.65,-31.78,28.47,-3.31
801,0.0,-0.0,-0.0,0.0,-0.0,0.0,-21.19,-10.65,0.0,0.0,28.38,-2.73,-31.84,25.65,-6.19
811,-0.0,0.0,0.0,-0.0,-0.0,0.0,-23.22,-8.61,-0.0,-0.0,28.24,-3.1,-31.83,25.15,-6.68
821,-0.0,0.0,0.0,-0.0,-0.0,0.0,-23.16,-9.18,-0.0,0.0,29.1,-3.16,-32.34,25.95,-6.39
831,-0.0,0.0,-0.0,0.0,-0.0,0.0,-22.75,-8.62,-0.0,0.0,30.06,-3.02,-31.37,27.04,-4.33
841,0.0,-0.0,-0.0,0.0,-0.0,0.0,-21.78,-9.8,-0.0,0.0,29.28,-2.71,-31.58,26.57,-5.01
851,-0.0,-0.0,0.0,0.0,-0.0,0.0,-21.43,-10.1,-0.0,0.0,29.82,-2.74,-31.53,27.07,-4.46
861,0.0,-0.0,0.0,0.0,0.0,0.0,-20.77,-9.54,0.0,0.0,27.86,-2.47,-30.31,25.39,-4.92
871,-0.0,0.0,-0.0,0.0,0.0,0.0,-21.73,-5.82,-0.0,0.0,24.89,-2.73,-27.55,22.17,-5.39
881,-0.0,-0.0,-0.0,-0.0,-0.0,0.0,-19.17,-10.79,-0.0,-0.0,31.3,-2.84,-29.96,28.46,-1.5
891,-0.0,-0.0,0.0,-0.0,-0.0,0.0,-22.62,-4.91,0.0,-0.0,26.3,-3.04,-27.53,23.25,-4.28
901,0.0,-0.0,-0.0,0.0,-0.0,0.0,-24.42,-9.91,0.0,-0.0,30.3,-3.25,-34.33,27.04,-7.28
911,0.0,0.0,0.0,0.0,0.0,0.0,-25.6,-14.34,-0.0,0.0,35.2,-3.29,-39.94,31.91,-8.03
921,-0.0,0.0,0.0,0.0,0.0,0.0,-25.47,-13.46,-0.0,0.0,33.76,-3.28,-38.94,30.48,-8.46
931,-0.0,0.0,0.0,-0.0,0.0,0.0,-24.23,-14.5,-0.0,-0.0,35.17,-3.07,-38.74,32.1,-6.63
941,-0.0,-0.0,0.0,0.0,-0.0,0.0,-27.48,-14.79,-0.0,0.0,37.01,-3.58,-42.27,33.43,-8.84
951,-0.0,0.0,0.0,0.0,-0.0,0.0,-25.73,-14.16,-0.0,0.0,35.14,-3.45,-39.88,31.69,-8.19
961,0.0,0.0,0.0,-0.0,-0.0,0.0,-23.42,-7.21,-0.0,-0.0,28.04,-3.31,-30.63,24.73,-5.9
971,0.0,0.0,-0.0,0.0,0.0,0.0,-24.2,-4.49,-0.0,-0.0,27.95,-3.36,-28.69,24.59,-4.09
981,0.0,-0.0,0.0,-0.0,0.0,0.0,-20.27,-8.47,-0.0,-0.0,25.69,-2.6,-28.73,23.09,-5.64
991,0.0,-0.0,0.0,0.0,-0.0,0.0,-24.26,-9.22,0.0,-0.0,29.36,-3.07,-33.48,26.29,-7.2
1001,0.0,0.0,0.0,-0.0,0.0,0.0,-21.87,-10.27,-0.0,0.0,32.59,-2.86,-32.15,29.73,-2.42
1011,-0.0,0.0,-0.0,-0.0,-0.0,0.0,-21.54,-13.08,-0.0,0.0,27.51,-2.94,-34.62,24.58,-10.04
1021,0.0,-0.0,0.0,0.0,0.0,0.0,-22.41,-12.63,0.0,-0.0,27.87,-2.81,-35.05,25.06,-9.99
1031,0.0,0.0,-0.0,0.0,0.0,0.0,-23.32,-13.31,-0.0,-0.0,28.78,-2.88,-36.63,25.9,-10.73
1041,-0.0,-0.0,0.0,0.0,-0.0,0.0,-20.17,-6.39,-0.0,0.0,27.21,-2.5,-26.56,24.71,-1.84
1051,-0.0,0.0,-0.0,-0.0,-0.0,0.0,-18.95,-9.08,-0.0,-0.0,27.69,-2.66,-28.03,25.03,-3.0
1061,-0.0,0.0,0.0,-0.0,0.0,0.0,-22.25,-5.95,-0.0,-0.0,26.52,-2.87,-28.2,23.65,-4.56
1071,-0.0,0.0,0.0,0.0,0.0,0.0,-18.59,-9.93,0.0,-0.0,28.94,-2.35,-28.51,26.59,-1.92
1081,0.0,0.0,0.0,-0.0,-0.0,0.0,-14.55,-7.47,0.0,-0.0,25.63,-2.29,-22.02,23.34,1.32
1091,-0.0,-0.0,-0.0,-0.0,-0.0,0.0,-19.79,-9.88,0.0,0.0,28.66,-2.68,-29.67,25.99,-3.68
1101,0.0,0.0,0.0,0.0,-0.0,0.0,-19.55,-7.72,-0.0,-0.0,28.38,-2.45,-27.26,25.93,-1.34
1111,0.0,-0.0,-0.0,-0.0,0.0,0.0,-24.4,-7.79,-0.0,0.0,27.84,-3.23,-32.19,24.62,-7.57
1121,0.0,0.0,-0.0,0.0,-0.0,0.0,-27.67,-12.38,0.0,0.0,32.18,-3.4,-40.05,28.78,-11.27
1131,-0.0,0.0,0.0,0.0,-0.0,0.0,-25.75,-13.54,0.0,-0.0,33.42,-3.41,-39.29,30.01,-9.28
1141,0.0,0.0,0.0,0.0,0.0,0.0,-26.46,-12.57,-0.0,-0.0,32.97,-3.12,-39.03,29.85,-9.18
1151,-0.0,0.0,0.0,0.0,0.0,0.0,-25.48,2.5,-0.0,-0.0,20.49,-3.35,-22.99,17.14,-5.85
1161,0.0,-0.0,0.0,-0.0,-0.0,0.0,-22.82,-11.7,-0.0,-0.0,34.82,-2.93,-34.53,31.89,-2.63
1171,0.0,-0.0,0.0,0.0,-0.0,0.0,-22.14,-7.84,0.0,-0.0,26.95,-2.86,-29.98,24.09,-5.88
1181,0.0,-0.0,0.0,0.0,0.0,0.0,-21.54,-8.01,-0.0,-0.0,27.17,-2.79,-29.54,24.38,-5.16
1191,-0.0,0.0,-0.0,-0.0,-0.0,0.0,-21.26,-9.05,-0.0,0.0,28.68,-2.81,-30.31,25.87,-4.44
1201,-0.0,-0.0,0.0,0.0,-0.0,0.0,-20.45,-9.15,0.0,0.0,28.85,-2.56,-29.6,26.28,-3.32
1211,-0.0,0.0,-0.0,-0.0,-0.0,0.0,-19.6,-8.88,0.0,-0.0,29.14,-2.77,-28.49,26.37,-2.12
1221,-0.0,-0.0,-0.0,-0.0,0.0,0.0,-19.36,-9.81,0.0,-0.0,28.28,-2.62,-29.17,25.66,-3.51
1231,-0.0,-0.0,-0.0,-0.0,0.0,0.0,-25.03,-13.15,0.0,0.0,35.09,-3.2,-38.18,31.89,-6.29
1241,0.0,0.0,0.0,0.0,0.0,0.0,-23.97,-12.25,0.0,-0.0,32.8,-3.09,-36.22,29.71,-6.51
1251,0.0,0.0,-0.0,0.0,-0.0,0.0,-24.9,-14.65,-0.0,0.0,35.84,-3.48,-39.55,32.35,-7.2
1261,-0.0,-0.0,0.0,-0.0,0.0,0.0,-27.2,-14.75,-0.0,-0.0,36.4,-3.7,-41.95,32.7,-9.25
1271,-0.0,0.0,-0.0,-0.0,-0.0,0.0,-24.35,-11.58,-0.0,0.0,32.85,-3.07,-35.93,29.78,-6.15
1281,0.0,-0.0,-0.0,0.0,-0.0,0.0,-22.63,-8.63,0.0,0.0,29.13,-2.95,-31.25,26.19,-5.07
1291,0.0,-0.0,0.0,-0.0,-0.0,0.0,-24.14,-13.36,-0.0,-0.0,33.41,-3.21,-37.5,30.2,-7.3
1301,-0.0,-0.0,0.0,0.0,-0.0,0.0,-25.2,-15.45,0.0,0.0,36.2,-3.13,-40.65,33.07,-7.58
1311,0.0,0.0,0.0,-0.0,-0.0,0.0,-21.15,-12.98,0.0,-0.0,33.08,-2.77,-34.13,30.31,-3.83
1321,-0.0,0.0,0.0,-0.0,-0.0,0.0,-21.75,-12.15,0.0,-0.0,34.53,-2.91,-33.89,31.62,-2.27
1331,0.0,0.0,0.0,-0.0,0.0,0.0,-21.98,-9.43,-0.0,-0.0,30.51,-2.72,-31.41,27.79,-3.62
1341,0.0,-0.0,0.0,-0.0,-0.0,0.0,-19.17,-9.79,-0.0,0.0,27.84,-2.52,-28.96,25.33,-3.63
1351,0.0,0.0,-0.0,-0.0,0.0,0.0,-20.12,-10.69,-0.0,0.0,29.47,-2.57,-30.81,26.9,-3.91
1361,-0.0,0.0,-0.0,-0.0,-0.0,0.0,-20.61,-10.25,0.0,-0.0,29.35,-2.59,-30.86,26.77,-4.09
1371,-0.0,0.0,-0.0,-0.0,-0.0,0.0,-20.99,-14.14,-0.0,-0.0,34.52,-2.79,-35.13,31.73,-3.41
1381,-0.0,0.0,-0.0,-0.0,-0.0,0.0,-20.53,-9.66,0.0,0.0,29.74,-2.66,-30.19,27.08,-3.1
1391,-0.0,-0.0,-0.0,-0.0,0.0,0.0,-18.97,-9.09,-0.0,0.0,27.26,-2.6,-28.06,24.67,-3.39
1401,-0.0,-0.0,-0.0,-0.0,0.0,0.0,-23.41,-11.41,-0.0,-0.0,31.21,-2.73,-34.82,28.48,-6.34
1411,-0.0,0.0,0.0,0.0,0.0,0.0,-19.8,-11.25,-0.0,-0.0,29.5,-2.58,-31.05,26.92,-4.13
1421,0.0,-0.0,0.0,-0.0,0.0,0.0,-24.4,-9.4,-0.0,-0.0,26.75,-2.98,-33.8,23.77,-10.03
1431,-0.0,0.0,-0.0,0.0,-0.0,0.0,-21.2,-10.44,0.0,0.0,28.7,-2.78,-31.64,25.91,-5.72
1441,-0.0,-0.0,0.0,-0.0,0.0,0.0,-22.33,-15.13,-0.0,0.0,33.93,-2.83,-37.46,31.11,-6.35
1451,0.0,0.0,-0.0,0.0,-0.0,0.0,-23.45,-9.19,0.0,0.0,28.9,-2.96,-32.63,25.94,-6.69
1461,-0.0,-0.0,0.0,-0.0,0.0,0.0,-19.78,-9.76,0.0,-0.0,29.21,-2.44,-29.54,26.77,-2.77
1471,-0.0,-0.0,0.0,0.0,-0.0,0.0,-23.7,-11.31,-0.0,0.0,30.32,-3.01,-35.01,27.31,-7.7
1481,-0.0,-0.0,0.0,-0.0,0.0,0.0,-24.21,-14.48,0.0,0.0,34.26,-3.35,-38.69,30.91,-7.78
1491,0.0,0.0,-0.0,0.0,0.0,0.0,-18.72,-14.27,-0.0,0.0,31.91,-2.51,-32.98,29.39,-3.59
1501,0.0,-0.0,-0.0,-0.0,0.0,0.0,-21.6,-11.86,0.0,-0.0,33.34,-2.76,-33.46,30.58,-2.88
1511,0.0,-0.0,0.0,0.0,0.0,0.0,-22.39,-16.2,0.0,-0.0,36.74,-2.8,-38.59,33.94,-4.66
1521,0.0,-0.0,-0.0,-0.0,0.0,0.0,-22.57,-10.96,0.0,-0.0,33.2,-2.8,-33.54,30.4,-3.14
1531,0.0,0.0,0.0,-0.0,-0.0,0.0,-22.25,-12.55,-0.0,0.0,36.29,-3.14,-34.8,33.15,-1.65
1541,-0.0,-0.0,0.0,-0.0,0.0,0.0,-24.04,-12.95,-0.0,0.0,34.77,-3.15,-36.99,31.62,-5.37
1551,-0.0,-0.0,0.0,0.0,-0.0,0.0,-23.79,-12.29,-0.0,-0.0,32.59,-3.15,-36.08,29.44,-6.64
1561,0.0,0.0,-0.0,-0.0,-0.0,0.0,-22.32,-9.17,0.0,-0.0,27.85,-2.91,-31.49,24.94,-6.55
1571,-0.0,-0.0,-0.0,-0.0,-0.0,0.0,-23.04,-12.42,0.0,0.0,32.05,-2.84,-35.46,29.2,-6.26
1581,-0.0,-0.0,-0.0,-0.0,0.0,0.0,-21.87,-10.81,0.0,0.0,34.37,-2.96,-32.68,31.41,-1.28
1591,0.0,-0.0,0.0,0.0,0.0,0.0,-21.81,-11.47,0.0,0.0,30.58,-2.54,-33.28,28.04,-5.24
1601,0.0,-0.0,-0.0,0.0,0.0,0.0,-19.18,-6.86,-0.0,0.0,26.03,-2.34,-26.04,23.68,-2.36
1611,0.0,0.0,-0.0,0.0,-0.0,0.0,-22.22,-3.56,0.0,0.0,25.73,-2.61,-25.78,23.12,-2.67
1621,-0.0,-0.0,-0.0,0.0,0.0,0.0,-21.69,-12.6,0.0,-0.0,32.4,-2.45,-34.3,29.95,-4.34
1631,-0.0,-0.0,0.0,-0.0,-0.0,0.0,-20.39,-8.7,-0.0,-0.0,30.75,-2.57,-29.09,28.17,-0.92
1641,-0.0,-0.0,0.0,0.0,0.0,0.0,-17.37,-10.71,-0.0,0.0,30.23,-2.25,-28.08,27.98,-0.1
1651,-0.0,0.0,-0.0,-0.0,0.0,0.0,-22.54,-5.55,-0.0,0.0,27.75,-2.77,-28.09,24.98,-3.12
1661,0.0,-0.0,-0.0,0.0,-0.0,0.0,-19.23,-12.85,0.0,0.0,32.46,-2.31,-32.08,30.14,-1.94
1671,-0.0,-0.0,0.0,-0.0,-0.0,0.0,-18.21,-5.4,0.0,0.0,26.58,-2.31,-23.61,24.27,0.66
1681,-0.0,-0.0,-0.0,-0.0,-0.0,0.0,-19.17,-2.75,-0.0,-0.0,22.75,-2.28,-21.92,20.47,-1.45
1691,0.0,0.0,-0.0,0.0,-0.0,0.0,-20.38,-5.37,-0.0,0.0,28.48,-2.45,-25.75,26.02,0.27
1701,-0.0,-0.0,0.0,-0.0,0.0,0.0,-19.75,-0.38,-0.0,-0.0,24.54,-2.61,-20.14,21.93,1.79
1711,-0.0,0.0,0.0,0.0,0.0,0.0,-18.23,-6.18,-0.0,-0.0,24.59,-2.27,-24.42,22.32,-2.1
1721,0.0,0.0,0.0,-0.0,-0.0,0.0,-19.11,-4.83,-0.0,-0.0,25.07,-2.2,-23.95,22.87,-1.08
1731,-0.0,-0.0,0.0,-0.0,-0.0,0.0,-21.45,-5.65,-0.0,0.0,28.71,-2.56,-27.09,26.16,-0.94
1741,-0.0,0.0,0.0,0.0,0.0,0.0,-20.57,-3.73,-0.0,-0.0,26.51,-2.75,-24.3,23.76,-0.54
1751,0.0,-0.0,-0.0,0.0,0.0,0.0,-22.83,-9.26,-0.0,-0.0,37.06,-2.94,-32.09,34.13,2.03
1761,0.0,-0.0,0.0,0.0,0.0,0.0,-22.03,-4.06,0.0,0.0,29.44,-2.95,-26.09,26.49,0.4
1771,0.0,0.0,-0.0,0.0,0.0,0.0,-23.68,-7.52,-0.0,-0.0,38.77,-3.05,-31.2,35.72,4.52
1781,0.0,0.0,0.0,-0.0,-0.0,0.0,-20.0,-6.52,-0.0,-0.0,32.15,-2.82,-26.51,29.33,2.82
1791,-0.0,0.0,0.0,0.0,-0.0,0.0,-21.47,-4.94,0.0,-0.0,32.0,-2.77,-26.41,29.23,2.82
1801,0.0,-0.0,0.0,-0.0,-0.0,0.0,-21.52,-5.17,-0.0,0.0,28.64,-2.71,-26.69,25.93,-0.76
1811,-0.0,-0.0,-0.0,-0.0,-0.0,0.0,-20.24,-8.49,-0.0,0.0,33.9,-2.93,-28.72,30.97,2.25
1821,0.0,-0.0,-0.0,-0.0,0.0,0.0,-18.48,-6.3,0.0,0.0,31.21,-2.48,-24.78,28.73,3.95
1831,0.0,0.0,0.0,-0.0,-0.0,0.0,-17.45,-5.72,-0.0,0.0,25.07,-2.37,-23.17,22.7,-0.48
1841,-0.0,0.0,-0.0,0.0,0.0,0.0,-19.5,-3.21,-0.0,0.0,26.8,-2.56,-22.71,24.25,1.53
1851,0.0,0.0,-0.0,0.0,-0.0,0.0,-18.44,-5.56,-0.0,-0.0,27.5,-2.41,-24.0,25.09,1.09
1861,0.0,0.0,0.0,-0.0,-0.0,0.0,-18.88,-5.7,-0.0,-0.0,30.57,-2.47,-24.59,28.09,3.51
1871,-0.0,0.0,-0.0,-0.0,0.0,0.0,-16.77,-11.87,0.0,0.0,33.49,-2.08,-28.64,31.41,2.77
1881,0.0,-0.0,-0.0,-0.0,-0.0,0.0,-18.02,-7.16,-0.0,0.0,32.59,-2.31,-25.18,30.28,5.11
1891,-0.0,0.0,-0.0,0.0,0.0,0.0,-20.94,-6.47,0.0,-0.0,34.39,-2.68,-27.41,31.71,4.3
1901,0.0,0.0,0.0,0.0,0.0,0.0,-18.39,-7.72,0.0,-0.0,35.7,-3.07,-26.12,32.63,6.51
1911,-0.0,0.0,0.0,0.0,0.0,0.0,-22.13,-7.08,-0.0,-0.0,30.66,-2.78,-29.21,27.88,-1.33
1921,-0.0,0.0,-0.0,0.0,-0.0,0.0,-21.36,-3.14,0.0,-0.0,30.43,-2.99,-24.5,27.44,2.94
1931,-0.0,-0.0,-0.0,0.0,0.0,0.0,-17.21,-10.09,-0.0,0.0,35.6,-2.48,-27.29,33.12,5.82
1941,0.0,0.0,-0.0,0.0,0.0,0.0,-15.62,-8.0,0.0,-0.0,25.98,-1.89,-23.62,24.09,0.47
1951,0.0,0.0,0.0,0.0,-0.0,0.0,-17.69,-9.52,0.0,0.0,30.41,-2.18,-27.21,28.24,1.03
1961,0.0,-0.0,0.0,0.0,0.0,0.0,-18.62,-6.45,0.0,-0.0,31.24,-2.51,-25.07,28.73,3.66
1971,-0.0,0.0,-0.0,0.0,-0.0,0.0,-23.99,-8.81,0.0,-0.0,32.92,-2.94,-32.8,29.98,-2.82
1981,0.0,0.0,0.0,-0.0,0.0,0.0,-23.33,-8.87,0.0,-0.0,30.52,-2.94,-32.2,27.58,-4.62
1991,-0.0,0.0,0.0,0.0,0.0,0.0,-22.16,-10.57,0.0,-0.0,31.34,-2.66,-32.73,28.68,-4.06
2001,-0.0,0.0,0.0,-0.0,-0.0,0.0,-20.46,-6.86,0.0,-0.0,31.2,-2.61,-27.32,28.59,1.27
2011,-0.0,0.0,-0.0,-0.0,0.0,0.0,-21.86,-9.06,-0.0,0.0,32.14,-2.7,-30.93,29.44,-1.48
2021,-0.0,-0.0,0.0,-0.0,0.0,0.0,-26.87,-4.97,0.0,0.0,34.11,-3.52,-31.85,30.59,-1.26
2031,-0.0,0.0,-0.0,0.0,-0.0,0.0,-24.66,-9.14,-0.0,0.0,33.97,-3.4,-33.8,30.56,-3.23
2041,0.0,0.0,-0.0,0.0,-0.0,0.0,-21.51,-2.53,-0.0,0.0,25.73,-2.52,-24.04,23.22,-0.83
2051,-0.0,0.0,-0.0,-0.0,-0.0,0.0,-19.88,-5.49,-0.0,0.0,26.76,-2.39,-25.37,24.37,-1.0
2061,-0.0,0.0,0.0,-0.0,-0.0,0.0,-22.43,-11.01,0.0,0.0,31.44,-3.1,-33.44,28.34,-5.1
2071,-0.0,0.0,-0.0,-0.0,0.0,0.0,-21.18,-5.66,0.0,0.0,29.12,-2.69,-26.84,26.43,-0.41
2081,-0.0,0.0,-0.0,-0.0,-0.0,0.0,-20.1,-7.62,-0.0,-0.0,28.92,-2.72,-27.72,26.2,-1.52
2091,0.0,0.0,0.0,-0.0,-0.0,0.0,-22.34,-2.58,-0.0,0.0,28.37,-3.15,-24.92,25.22,0.3
2101,0.0,0.0,-0.0,-0.0,0.0,0.0,-20.85,-9.95,0.0,-0.0,32.26,-2.78,-30.8,29.48,-1.32
2111,-0.0,0.0,0.0,0.0,0.0,0.0,-20.73,-7.95,0.0,-0.0,29.95,-2.49,-28.67,27.46,-1.21
2121,-0.0,0.0,0.0,-0.0,-0.0,0.0,-18.95,-5.8,-0.0,-0.0,27.21,-2.51,-24.75,24.7,-0.05
2131,0.0,-0.0,-0.0,-0.0,0.0,0.0,-18.43,-7.63,0.0,-0.0,30.16,-2.65,-26.06,27.52,1.45
2141,-0.0,0.0,0.0,0.0,0.0,0.0,-19.83,-9.47,0.0,0.0,30.67,-2.54,-29.31,28.14,-1.17
2151,-0.0,-0.0,0.0,-0.0,-0.0,0.0,-19.27,-6.66,0.0,-0.0,28.89,-2.68,-25.93,26.21,0.28
2161,0.0,-0.0,-0.0,0.0,0.0,0.0,-16.96,-4.4,0.0,0.0,25.1,-2.51,-21.36,22.58,1.22
2171,-0.0,0.0,-0.0,0.0,-0.0,0.0,-18.59,-4.46,-0.0,0.0,24.94,-2.34,-23.05,22.59,-0.46
2181,-0.0,-0.0,-0.0,-0.0,-0.0,0.0,-18.36,-6.84,-0.0,0.0,28.03,-2.52,-25.2,25.51,0.31
2191,0.0,0.0,0.0,-0.0,0.0,0.0,-22.02,-6.83,-0.0,0.0,26.95,-2.46,-28.86,24.49,-4.37
2201,0.0,0.0,-0.0,0.0,-0.0,0.0,-20.79,-5.1,0.0,0.0,28.03,-2.53,-25.89,25.5,-0.38
2211,-0.0,0.0,-0.0,-0.0,0.0,0.0,-17.93,-9.1,0.0,-0.0,28.71,-2.27,-27.03,26.44,-0.59
2221,-0.0,-0.0,-0.0,0.0,-0.0,0.0,-21.56,-6.89,0.0,0.0,28.21,-2.66,-28.45,25.55,-2.9
2231,-0.0,0.0,0.0,-0.0,-0.0,0.0,-22.66,-9.42,0.0,-0.0,37.53,-2.99,-32.08,34.54,2.46
2241,0.0,-0.0,-0.0,0.0,-0.0,0.0,-21.22,-9.77,0.0,0.0,37.35,-2.79,-30.99,34.56,3.57
2251,-0.0,0.0,-0.0,-0.0,0.0,0.0,-20.8,-11.22,0.0,0.0,39.26,-3.04,-32.02,36.22,4.2
2261,0.0,0.0,-0.0,0.0,-0.0,0.0,-19.2,-10.0,-0.0,0.0,37.65,-3.3,-29.2,34.35,5.15
2271,-0.0,-0.0,0.0,0.0,-0.0,0.0,-22.39,-8.21,-0.0,0.0,34.43,-3.02,-30.6,31.42,0.82
2281,-0.0,-0.0,0.0,-0.0,-0.0,0.0,-20.72,-8.3,-0.0,0.0,34.71,-3.03,-29.02,31.68,2.66
2291,0.0,0.0,0.0,0.0,-0.0,0.0,-22.93,-5.21,-0.0,0.0,33.0,-2.91,-28.13,30.1,1.96
2301,0.0,0.0,0.0,-0.0,0.0,0.0,-22.18,-1.57,0.0,-0.0,27.09,-2.85,-23.75,24.24,0.49
2311,0.0,0.0,-0.0,0.0,-0.0,0.0,-21.27,-8.16,-0.0,0.0,30.95,-2.63,-29.44,28.32,-1.12
2321,0.0,0.0,0.0,0.0,-0.0,0.0,-20.62,-10.16,0.0,0.0,34.46,-2.78,-30.78,31.68,0.89
2331,0.0,-0.0,0.0,0.0,-0.0,0.0,-21.18,-5.0,0.0,-0.0,23.93,-2.62,-26.18,21.31,-4.87
2341,-0.0,0.0,-0.0,0.0,-0.0,0.0,-21.97,-10.12,0.0,0.0,32.95,-2.97,-32.08,29.98,-2.1
2351,0.0,0.0,-0.0,0.0,0.0,0.0,-20.86,-7.43,0.0,-0.0,29.88,-2.8,-28.29,27.08,-1.21
2361,-0.0,0.0,-0.0,0.0,-0.0,0.0,-21.1,-4.25,-0.0,0.0,27.3,-2.84,-25.36,24.46,-0.9
2371,0.0,-0.0,0.0,-0.0,-0.0,0.0,-23.03,-1.21,-0.0,0.0,27.34,-3.1,-24.24,24.24,-0.0
2381,0.0,0.0,0.0,0.0,-0.0,0.0,-22.49,-5.58,-0.0,-0.0,25.97,-2.65,-28.06,23.31,-4.75
2391,-0.0,0.0,0.0,-0.0,0.0,0.0,-21.55,1.17,-0.0,0.0,29.34,-2.9,-20.38,26.43,6.06
2401,0.0,0.0,-0.0,0.0,-0.0,0.0,-22.73,-7.01,0.0,-0.0,30.82,-2.72,-29.74,28.1,-1.63
2411,-0.0,-0.0,0.0,-0.0,-0.0,0.0,-21.97,-4.22,0.0,0.0,29.56,-2.8,-26.18,26.76,0.58
2421,-0.0,0.0,0.0,-0.0,-0.0,0.0,-21.51,-7.05,0.0,0.0,29.04,-2.69,-28.56,26.35,-2.21
2431,-0.0,0.0,-0.0,0.0,-0.0,0.0,-23.99,-9.15,-0.0,0.0,33.9,-2.89,-33.14,31.02,-2.12
2441,0.0,0.0,0.0,0.0,0.0,0.0,-22.6,-9.43,-0.0,0.0,34.55,-2.76,-32.03,31.79,-0.24
2451,-0.0,-0.0,0.0,-0.0,-0.0,0.0,-21.61,-2.91,-0.0,-0.0,27.63,-2.78,-24.53,24.85,0.32
2461,-0.0,-0.0,0.0,-0.0,-0.0,0.0,-21.94,-7.62,0.0,-0.0,30.12,-2.76,-29.56,27.36,-2.19
2471,0.0,-0.0,0.0,-0.0,-0.0,0.0,-19.83,-4.99,-0.0,0.0,29.36,-2.77,-24.83,26.59,1.76
2481,-0.0,-0.0,0.0,0.0,-0.0,0.0,-18.96,-4.86,0.0,-0.0,30.2,-2.81,-23.82,27.39,3.58
2491,-0.0,0.0,-0.0,0.0,-0.0,0.0,-20.52,-8.8,0.0,-0.0,30.61,-2.5,-29.32,28.12,-1.2
2501,-0.0,0.0,-0.0,-0.0,0.0,0.0,-20.93,-7.2,-0.0,-0.0,27.51,-2.6,-28.13,24.91,-3.22
2511,-0.0,0.0,0.0,0.0,0.0,0.0,-20.32,-5.42,0.0,-0.0,28.57,-2.55,-25.74,26.02,0.28
2521,0.0,-0.0,0.0,0.0,0.0,0.0,-21.33,-7.59,0.0,-0.0,27.36,-2.55,-28.92,24.81,-4.11
2531,-0.0,0.0,-0.0,-0.0,0.0,0.0,-22.29,-11.13,0.0,0.0,33.11,-2.74,-33.42,30.37,-3.06
2541,0.0,0.0,0.0,0.0,-0.0,0.0,-22.89,-5.39,0.0,0.0,33.87,-3.04,-28.28,30.84,2.56
2551,0.0,0.0,0.0,-0.0,-0.0,0.0,-20.86,-4.17,-0.0,-0.0,26.04,-2.74,-25.03,23.3,-1.73
2561,0.0,-0.0,0.0,-0.0,-0.0,0.0,-22.5,-12.3,-0.0,-0.0,35.32,-2.91,-34.81,32.41,-2.4
2571,-0.0,0.0,0.0,0.0,0.0,0.0,-22.12,-9.84,-0.0,-0.0,36.67,-2.9,-31.96,33.77,1.81
2581,0.0,-0.0,-0.0,0.0,-0.0,0.0,-20.48,-4.18,0.0,0.0,30.3,-2.8,-24.66,27.5,2.84
2591,-0.0,0.0,0.0,-0.0,-0.0,0.0,-20.85,-7.66,0.0,-0.0,28.42,-2.48,-28.5,25.94,-2.57
2601,-0.0,0.0,0.0,-0.0,-0.0,0.0,-21.64,-4.3,0.0,0.0,26.37,-2.87,-25.95,23.5,-2.44
2611,-0.0,-0.0,-0.0,-0.0,-0.0,0.0,-18.69,-6.32,0.0,-0.0,27.87,-2.58,-25.01,25.29,0.28
2621,0.0,-0.0,0.0,0.0,-0.0,0.0,-21.44,-8.01,-0.0,-0.0,29.17,-2.58,-29.45,26.59,-2.86
2631,-0.0,-0.0,-0.0,0.0,0.0,0.0,-18.42,-5.13,0.0,0.0,26.86,-2.52,-23.55,24.33,0.78
2641,-0.0,0.0,0.0,-0.0,0.0,0.0,-17.25,-5.85,-0.0,0.0,27.22,-2.43,-23.11,24.79,1.68
2651,-0.0,0.0,-0.0,-0.0,-0.0,0.0,-20.5,-8.92,0.0,0.0,29.36,-2.73,-29.42,26.63,-2.79
2661,-0.0,-0.0,-0.0,0.0,-0.0,0.0,-21.01,-10.6,0.0,-0.0,33.66,-2.6,-31.6,31.06,-0.54
2671,0.0,0.0,0.0,-0.0,0.0,0.0,-20.99,-7.23,-0.0,0.0,28.52,-2.69,-28.22,25.83,-2.39
2681,-0.0,0.0,0.0,0.0,-0.0,0.0,-21.6,-6.5,0.0,-0.0,26.15,-2.64,-28.11,23.51,-4.6
2691,0.0,0.0,0.0,0.0,-0.0,0.0,-22.83,-8.9,-0.0,-0.0,31.92,-3.24,-31.72,28.69,-3.04
2701,-0.0,-0.0,0.0,0.0,-0.0,0.0,-21.11,-6.19,0.0,0.0,31.08,-2.94,-27.29,28.14,0.85
2711,-0.0,-0.0,0.0,0.0,-0.0,0.0,-22.74,-5.07,-0.0,-0.0,27.42,-3.1,-27.81,24.32,-3.49
2721,0.0,-0.0,-0.0,0.0,-0.0,0.0,-19.77,-2.52,-0.0,0.0,25.18,-2.86,-22.29,22.33,0.04
2731,0.0,-0.0,-0.0,0.0,-0.0,0.0,-22.23,-3.99,-0.0,0.0,26.62,-2.73,-26.22,23.89,-2.33
2741,0.0,0.0,0.0,0.0,0.0,0.0,-20.29,-6.28,-0.0,-0.0,25.4,-2.4,-26.57,22.99,-3.57
2751,-0.0,0.0,0.0,0.0,-0.0,0.0,-19.81,-2.8,-0.0,-0.0,27.01,-2.59,-22.61,24.42,1.81
2761,-0.0,0.0,-0.0,0.0,0.0,0.0,-21.27,-5.79,-0.0,0.0,27.72,-2.62,-27.06,25.09,-1.97
2771,0.0,0.0,-0.0,0.0,0.0,0.0,-21.69,-4.87,-0.0,-0.0,26.14,-2.53,-26.56,23.6,-2.96
2781,-0.0,0.0,0.0,-0.0,-0.0,0.0,-21.47,-6.72,0.0,-0.0,27.85,-2.58,-28.19,25.27,-2.92
2791,-0.0,0.0,-0.0,-0.0,0.0,0.0,-21.18,-8.33,0.0,0.0,28.79,-2.68,-29.51,26.12,-3.39
2801,-0.0,0.0,0.0,-0.0,0.0,0.0,-20.3,-8.11,0.0,-0.0,27.76,-2.43,-28.41,25.33,-3.08
2811,-0.0,-0.0,0.0,0.0,0.0,0.0,-21.24,-7.46,0.0,0.0,29.38,-2.54,-28.7,26.84,-1.86
2821,0.0,-0.0,0.0,0.0,0.0,0.0,-20.83,-2.62,0.0,0.0,27.19,-2.6,-23.45,24.59,1.14
2831,0.0,0.0,0.0,-0.0,-0.0,0.0,-19.66,-5.82,0.0,0.0,26.0,-2.52,-25.48,23.48,-2.0
2841,-0.0,-0.0,-0.0,0.0,0.0,0.0,-22.29,-9.83,0.0,-0.0,30.56,-2.62,-32.12,27.93,-4.18
2851,0.0,-0.0,0.0,-0.0,0.0,0.0,-22.44,-9.42,-0.0,0.0,31.18,-2.68,-31.86,28.5,-3.36
2861,0.0,-0.0,0.0,-0.0,-0.0,0.0,-18.41,-9.5,-0.0,-0.0,35.21,-2.8,-27.92,32.41,4.49
2871,-0.0,0.0,-0.0,0.0,0.0,0.0,-22.86,-6.28,-0.0,-0.0,29.29,-2.91,-29.14,26.38,-2.76
2881,0.0,0.0,0.0,-0.0,-0.0,0.0,-20.94,-6.08,0.0,0.0,32.88,-3.01,-27.01,29.87,2.86
2891,-0.0,-0.0,-0.0,0.0,-0.0,0.0,-20.83,-9.78,0.0,0.0,34.45,-2.88,-30.61,31.57,0.96
2901,0.0,0.0,0.0,0.0,-0.0,0.0,-22.38,-7.15,0.0,0.0,34.07,-2.86,-29.52,31.21,1.69
2911,-0.0,-0.0,-0.0,-0.0,0.0,0.0,-22.36,-5.38,0.0,-0.0,32.77,-2.96,-27.74,29.81,2.07
2921,0.0,0.0,0.0,0.0,0.0,0.0,-23.19,-7.45,0.0,-0.0,34.11,-3.03,-30.64,31.08,0.44
2931,-0.0,-0.0,0.0,-0.0,0.0,0.0,-16.65,-8.85,-0.0,0.0,28.84,-2.66,-25.5,26.18,0.68
2941,0.0,0.0,-0.0,0.0,0.0,0.0,-21.52,-7.94,0.0,0.0,33.05,-2.87,-29.46,30.17,0.71
2951,0.0,0.0,0.0,-0.0,0.0,0.0,-21.12,-9.09,0.0,0.0,31.88,-2.63,-30.21,29.25,-0.96
2961,0.0,0.0,-0.0,0.0,-0.0,0.0,-20.9,-5.42,0.0,-0.0,25.84,-2.46,-26.32,23.38,-2.94
2971,0.0,-0.0,-0.0,-0.0,-0.0,0.0,-22.86,-9.73,-0.0,-0.0,36.43,-3.03,-32.58,33.4,0.81
2981,-0.0,0.0,-0.0,0.0,-0.0,0.0,-23.18,-6.66,0.0,0.0,31.8,-2.91,-29.85,28.89,-0.95
2991,0.0,-0.0,-0.0,-0.0,-0.0,0.0,-21.23,-5.2,0.0,0.0,32.13,-2.8,-26.42,29.33,2.9
3001,-0.0,0.0,-0.0,-0.0,-0.0,0.0,-20.44,-7.43,0.0,-0.0,33.25,-2.88,-27.87,30.37,2.5
3011,0.0,0.0,0.0,-0.0,0.0,0.0,-21.1,-8.08,-0.0,0.0,30.15,-2.57,-29.18,27.58,-1.6
3021,0.0,0.0,0.0,-0.0,0.0,0.0,-18.7,-4.13,0.0,0.0,26.47,-2.71,-22.82,23.77,0.94
3031,0.0,0.0,0.0,-0.0,0.0,0.0,-21.93,-7.16,-0.0,-0.0,32.62,-2.75,-29.08,29.87,0.78
3041,-0.0,-0.0,-0.0,0.0,0.0,0.0,-22.02,-10.61,0.0,0.0,33.47,-2.78,-32.63,30.69,-1.94
3051,-0.0,-0.0,-0.0,-0.0,0.0,0.0,-20.09,-9.02,-0.0,0.0,31.65,-2.8,-29.11,28.85,-0.27
3061,0.0,-0.0,0.0,-0.0,0.0,0.0,-21.5,-7.24,-0.0,-0.0,31.79,-2.85,-28.74,28.94,0.2
3071,-0.0,0.0,0.0,0.0,-0.0,0.0,-22.84,-3.97,-0.0,0.0,28.56,-2.68,-26.81,25.88,-0.93
3081,-0.0,0.0,0.0,-0.0,0.0,0.0,-22.19,-8.37,-0.0,0.0,33.82,-2.81,-30.56,31.01,0.45
3091,0.0,-0.0,0.0,0.0,-0.0,0.0,-21.13,-8.44,0.0,-0.0,29.52,-2.45,-29.57,27.07,-2.5
3101,0.0,0.0,0.0,0.0,-0.0,0.0,-21.96,-4.08,-0.0,-0.0,28.19,-3.0,-26.04,25.19,-0.85
3111,-0.0,0.0,0.0,0.0,-0.0,0.0,-23.38,-4.95,-0.0,-0.0,30.53,-2.74,-28.33,27.79,-0.55
3121,-0.0,0.0,0.0,0.0,0.0,0.0,-23.16,-8.21,0.0,0.0,35.64,-2.76,-31.38,32.88,1.5
3131,0.0,-0.0,0.0,0.0,-0.0,0.0,-20.85,-9.37,-0.0,0.0,29.4,-2.61,-30.22,26.78,-3.43
3141,0.0,-0.0,0.0,-0.0,-0.0,0.0,-21.53,-6.78,-0.0,-0.0,27.46,-2.72,-28.31,24.74,-3.57
3151,-0.0,0.0,0.0,0.0,-0.0,0.0,-20.97,-6.16,0.0,-0.0,27.4,-2.52,-27.13,24.88,-2.25
3161,-0.0,0.0,-0.0,0.0,-0.0,0.0,-19.31,-7.15,-0.0,-0.0,26.95,-2.33,-26.46,24.62,-1.84
3171,0.0,-0.0,-0.0,0.0,0.0,0.0,-21.24,-8.79,0.0,0.0,31.45,-2.79,-30.04,28.66,-1.38
3181,-0.0,0.0,0.0,-0.0,-0.0,0.0,-20.64,-6.99,-0.0,-0.0,30.95,-2.73,-27.63,28.22,0.6
3191,-0.0,0.0,0.0,0.0,0.0,0.0,-21.85,-6.05,0.0,0.0,28.18,-2.67,-27.89,25.51,-2.38
3201,0.0,0.0,-0.0,-0.0,-0.0,0.0,-20.56,-3.69,0.0,0.0,24.55,-2.64,-24.25,21.92,-2.33
3211,-0.0,-0.0,-0.0,0.0,-0.0,0.0,-21.83,-6.06,0.0,-0.0,26.44,-2.66,-27.89,23.78,-4.11
3221,0.0,-0.0,0.0,0.0,-0.0,0.0,-20.99,-9.4,-0.0,-0.0,31.21,-2.59,-30.39,28.63,-1.76
3231,0.0,-0.0,-0.0,-0.0,0.0,0.0,-25.12,-9.89,-0.0,0.0,33.19,-3.2,-35.01,30.0,-5.02
3241,-0.0,0.0,0.0,-0.0,-0.0,0.0,-21.86,-8.88,0.0,0.0,35.95,-2.92,-30.74,33.03,2.28
3251,0.0,0.0,0.0,0.0,-0.0,0.0,-23.17,-8.57,0.0,0.0,34.35,-3.0,-31.74,31.35,-0.39
3261,0.0,-0.0,0.0,0.0,-0.0,0.0,-22.36,-3.83,0.0,0.0,32.17,-3.0,-26.19,29.17,2.98
3271,0.0,0.0,-0.0,0.0,-0.0,0.0,-22.89,-5.17,-0.0,-0.0,31.58,-2.88,-28.05,28.7,0.65
3281,0.0,0.0,0.0,0.0,-0.0,0.0,-23.3,-4.88,0.0,0.0,30.14,-2.97,-28.18,27.16,-1.01
3291,0.0,-0.0,-0.0,0.0,0.0,0.0,-23.58,-5.04,0.0,0.0,32.26,-2.97,-28.62,29.29,0.67
3301,0.0,-0.0,-0.0,0.0,-0.0,0.0,-21.84,-7.51,0.0,-0.0,34.2,-2.95,-29.35,31.25,1.9
3311,0.0,-0.0,-0.0,0.0,0.0,0.0,-21.22,-8.44,-0.0,0.0,30.4,-2.69,-29.67,27.71,-1.96
3321,0.0,-0.0,0.0,0.0,-0.0,0.0,-21.67,-12.78,-0.0,-0.0,40.79,-2.91,-34.44,37.88,3.44
3331,0.0,-0.0,-0.0,0.0,0.0,0.0,-23.24,-7.4,0.0,-0.0,36.33,-3.05,-30.64,33.28,2.64
3341,-0.0,-0.0,-0.0,0.0,0.0,0.0,-21.51,-10.79,0.0,0.0,35.77,-2.82,-32.29,32.96,0.66
3351,-0.0,-0.0,-0.0,0.0,0.0,0.0,-21.49,-6.05,0.0,0.0,27.78,-2.69,-27.55,25.09,-2.46
3361,-0.0,0.0,0.0,-0.0,-0.0,0.0,-20.11,-6.17,0.0,0.0,31.78,-2.7,-26.29,29.08,2.8
3371,0.0,0.0,0.0,0.0,-0.0,0.0,-20.39,-11.1,0.0,-0.0,35.77,-2.95,-31.49,32.82,1.34
3381,-0.0,0.0,-0.0,0.0,0.0,0.0,-20.32,-4.34,0.0,-0.0,30.3,-2.81,-24.66,27.49,2.83
3391,-0.0,-0.0,0.0,-0.0,0.0,0.0,-22.84,-5.91,0.0,-0.0,31.32,-2.96,-28.75,28.37,-0.38
3401,-0.0,0.0,-0.0,0.0,0.0,0.0,-20.79,-4.08,0.0,0.0,27.98,-2.68,-24.87,25.31,0.43
3411,0.0,-0.0,-0.0,0.0,0.0,0.0,-19.09,-5.98,-0.0,-0.0,30.69,-2.77,-25.06,27.92,2.86
3421,0.0,-0.0,0.0,-0.0,-0.0,0.0,-22.16,-6.84,0.0,0.0,37.26,-3.07,-29.0,34.19,5.18
3431,-0.0,-0.0,0.0,-0.0,-0.0,0.0,-21.69,-9.33,0.0,0.0,37.98,-2.95,-31.03,35.04,4.01
3441,0.0,0.0,0.0,-0.0,-0.0,0.0,-19.5,-5.26,-0.0,0.0,27.07,-2.35,-24.77,24.73,-0.04
3451,-0.0,-0.0,0.0,-0.0,-0.0,0.0,-23.44,-5.29,0.0,-0.0,29.38,-2.74,-28.73,26.64,-2.09
3461,0.0,0.0,0.0,0.0,-0.0,0.0,-21.73,-5.71,-0.0,0.0,31.49,-2.79,-27.44,28.7,1.26
3471,0.0,-0.0,0.0,0.0,0.0,0.0,-22.54,-6.81,-0.0,-0.0,35.5,-3.0,-29.35,32.51,3.16
3481,0.0,0.0,0.0,-0.0,-0.0,0.0,-20.81,-4.26,0.0,-0.0,31.51,-2.69,-25.06,28.82,3.76
3491,0.0,0.0,0.0,-0.0,0.0,0.0,-20.03,-4.6,0.0,-0.0,30.07,-2.86,-24.63,27.21,2.58
3501,0.0,-0.0,-0.0,0.0,0.0,0.0,-20.28,-6.64,-0.0,-0.0,33.75,-2.89,-26.92,30.86,3.94
3511,0.0,-0.0,0.0,0.0,0.0,0.0,-19.81,-6.1,-0.0,0.0,32.2,-2.56,-25.9,29.64,3.73
3521,0.0,0.0,-0.0,0.0,0.0,0.0,-21.69,-4.78,0.0,-0.0,30.32,-2.93,-26.47,27.39,0.92
3531,-0.0,0.0,-0.0,0.0,0.0,0.0,-23.75,-2.36,0.0,-0.0,33.08,-2.94,-26.1,30.14,4.03
3541,0.0,-0.0,-0.0,0.0,-0.0,0.0,-16.54,-2.11,-0.0,0.0,23.02,-2.59,-18.65,20.43,1.78
3551,0.0,0.0,0.0,0.0,0.0,0.0,-22.25,-7.82,-0.0,-0.0,29.07,-2.59,-30.06,26.47,-3.59
3561,-0.0,0.0,0.0,-0.0,0.0,0.0,-18.8,-7.36,-0.0,0.0,28.83,-2.46,-26.16,26.37,0.21
3571,0.0,0.0,-0.0,0.0,0.0,0.0,-18.44,-6.79,-0.0,0.0,25.58,-2.24,-25.23,23.35,-1.88
3581,0.0,-0.0,-0.0,0.0,-0.0,0.0,-18.9,-5.44,-0.0,0.0,27.56,-2.47,-24.34,25.09,0.75
3591,0.0,0.0,0.0,0.0,-0.0,0.0,-22.26,-4.74,-0.0,-0.0,27.92,-2.74,-26.99,25.18,-1.81
3601,0.0,-0.0,-0.0,-0.0,-0.0,0.0,-21.84,-1.37,0.0,-0.0,24.51,-2.66,-23.21,21.85,-1.36
3611,0.0,-0.0,0.0,0.0,0.0,0.0,-20.09,-1.64,-0.0,0.0,25.1,-2.58,-21.72,22.52,0.8
3621,0.0,0.0,0.0,-0.0,-0.0,0.0,-21.75,-2.53,0.0,-0.0,25.53,-2.83,-24.28,22.7,-1.59
3631,-0.0,-0.0,0.0,0.0,-0.0,0.0,-22.19,-1.6,-0.0,0.0,25.52,-2.71,-23.79,22.81,-0.98
3641,-0.0,0.0,-0.0,-0.0,0.0,0.0,-19.93,-5.0,-0.0,-0.0,24.3,-2.49,-24.92,21.81,-3.11
3651,-0.0,-0.0,0.0,0.0,0.0,0.0,-20.82,-8.84,0.0,0.0,35.15,-2.77,-29.66,32.38,2.71
3661,-0.0,-0.0,-0.0,0.0,-0.0,0.0,-19.89,-6.37,0.0,-0.0,28.69,-2.36,-26.26,26.33,0.07
3671,-0.0,-0.0,0.0,-0.0,0.0,0.0,-18.94,-7.12,0.0,-0.0,26.84,-2.5,-26.06,24.34,-1.72
3681,0.0,0.0,-0.0,0.0,0.0,0.0,-20.63,-6.05,-0.0,0.0,31.31,-2.88,-26.69,28.43,1.75
3691,-0.0,0.0,-0.0,-0.0,0.0,0.0,-18.57,-5.19,0.0,-0.0,25.02,-2.54,-23.76,22.48,-1.27
3701,0.0,0.0,0.0,-0.0,-0.0,0.0,-22.55,-5.03,0.0,-0.0,22.99,-2.64,-27.58,20.35,-7.23
3711,0.0,-0.0,0.0,-0.0,0.0,0.0,-19.2,-2.46,-0.0,0.0,21.97,-2.6,-21.66,19.37,-2.29
3721,0.0,-0.0,-0.0,-0.0,-0.0,0.0,-20.79,-7.02,0.0,-0.0,29.81,-2.73,-27.81,27.08,-0.73
3731,-0.0,0.0,0.0,-0.0,0.0,0.0,-21.36,-4.9,-0.0,0.0,29.56,-2.75,-26.26,26.81,0.55
3741,0.0,0.0,0.0,0.0,-0.0,0.0,-22.02,-3.55,-0.0,0.0,27.22,-2.82,-25.58,24.4,-1.18
3751,0.0,0.0,-0.0,0.0,-0.0,0.0,-22.53,-3.12,0.0,0.0,25.79,-2.78,-25.65,23.01,-2.64
3761,0.0,-0.0,0.0,-0.0,-0.0,0.0,-21.63,-6.17,0.0,-0.0,26.3,-2.62,-27.8,23.69,-4.12
3771,0.0,0.0,0.0,-0.0,0.0,0.0,-21.83,-9.64,0.0,-0.0,30.61,-2.58,-31.47,28.03,-3.43
3781,0.0,-0.0,0.0,0.0,0.0,0.0,-23.36,-2.62,-0.0,-0.0,27.55,-2.92,-25.98,24.63,-1.35
3791,-0.0,-0.0,0.0,-0.0,0.0,0.0,-20.86,-7.31,-0.0,0.0,28.89,-2.6,-28.17,26.29,-1.88
3801,0.0,-0.0,-0.0,-0.0,-0.0,0.0,-22.18,-3.87,0.0,-0.0,28.1,-2.84,-26.05,25.26,-0.79
3811,0.0,-0.0,0.0,-0.0,-0.0,0.0,-23.01,-2.25,0.0,0.0,26.81,-3.0,-25.26,23.81,-1.45
3821,0.0,0.0,-0.0,-0.0,0.0,0.0,-22.66,-3.08,-0.0,0.0,27.44,-2.9,-25.73,24.54,-1.19
3831,0.0,0.0,-0.0,0.0,-0.0,0.0,-18.46,-5.55,0.0,-0.0,26.86,-2.61,-24.02,24.24,0.23
3841,0.0,-0.0,-0.0,0.0,0.0,0.0,-23.71,-4.64,-0.0,-0.0,31.16,-3.07,-28.35,28.09,-0.26
3851,-0.0,-0.0,-0.0,0.0,0.0,0.0,-19.19,-9.47,-0.0,0.0,33.54,-2.69,-28.66,30.84,2.19
3861,-0.0,-0.0,0.0,-0.0,-0.0,0.0,-19.72,-8.4,0.0,0.0,29.04,-2.63,-28.11,26.42,-1.7
3871,-0.0,0.0,0.0,-0.0,-0.0,0.0,-23.4,-6.58,0.0,0.0,33.99,-3.14,-29.98,30.84,0.87
3881,-0.0,-0.0,0.0,-0.0,-0.0,0.0,-20.55,-5.06,0.0,0.0,26.3,-2.6,-25.61,23.7,-1.91
3891,0.0,0.0,0.0,-0.0,0.0,0.0,-21.39,0.87,-0.0,-0.0,26.1,-2.75,-20.52,23.35,2.83
3901,-0.0,0.0,-0.0,-0.0,-0.0,0.0,-19.91,-0.6,0.0,0.0,24.99,-2.66,-20.51,22.33,1.83
3911,-0.0,0.0,-0.0,-0.0,0.0,0.0,-21.53,-1.98,-0.0,-0.0,28.58,-2.94,-23.51,25.64,2.13
3921,0.0,0.0,-0.0,0.0,0.0,0.0,-22.5,-3.98,-0.0,-0.0,30.86,-2.97,-26.48,27.9,1.41
3931,-0.0,-0.0,-0.0,-0.0,0.0,0.0,-23.04,-4.16,-0.0,0.0,27.6,-2.6,-27.21,25.0,-2.21
3941,-0.0,0.0,0.0,-0.0,-0.0,0.0,-19.73,-4.99,0.0,0.0,26.71,-2.63,-24.72,24.08,-0.64
3951,-0.0,0.0,0.0,0.0,0.0,0.0,-19.77,-2.29,-0.0,-0.0,22.45,-2.43,-22.06,20.02,-2.04
3961,-0.0,0.0,-0.0,-0.0,-0.0,0.0,-19.35,0.55,0.0,0.0,20.48,-2.69,-18.8,17.78,-1.01
3971,-0.0,0.0,0.0,-0.0,-0.0,0.0,-21.49,-3.91,-0.0,-0.0,24.73,-2.71,-25.4,22.02,-3.38
3981,0.0,-0.0,0.0,-0.0,0.0,0.0,-18.59,-5.95,0.0,-0.0,28.23,-2.57,-24.55,25.66,1.11
3991,0.0,0.0,-0.0,-0.0,0.0,0.0,-20.19,-8.3,-0.0,-0.0,25.93,-2.53,-28.49,23.4,-5.09
4001,0.0,-0.0,0.0,0.0,-0.0,0.0,-19.39,-6.05,-0.0,-0.0,27.2,-2.63,-25.44,24.57,-0.87


