GENERALIZED BORN:
Complex Energy Terms
Frame #,BOND,ANGLE,DIHED,UB,IMP,CMAP,VDWAALS,EEL,1-4 VDW,1-4 EEL,EGB,ESURF,GGAS,GSOLV,TOTAL
1,564.64,1193.27,1528.17,136.96,80.18,-60.87,-1008.91,-9392.22,505.98,7758.88,-1713.16,71.98,1306.08,-1641.18,-335.1
11,508.94,1171.33,1530.92,133.77,78.11,-66.18,-1006.33,-9337.85,512.9,7796.85,-1771.21,72.47,1322.46,-1698.74,-376.28
21,500.6,1178.26,1541.34,138.43,78.7,-66.4,-998.06,-9380.6,513.66,7832.06,-1776.25,71.32,1338.0,-1704.93,-366.93
31,501.58,1200.44,1569.34,131.37,74.56,-74.88,-1002.55,-9335.59,522.56,7858.62,-1808.87,71.77,1445.46,-1737.1,-291.64
41,494.82,1209.43,1545.68,137.85,73.57,-53.16,-1014.19,-9380.13,499.56,7808.27,-1738.54,72.13,1321.71,-1666.41,-344.7
51,510.5,1165.38,1546.32,128.67,83.02,-65.02,-988.03,-9346.85,512.48,7810.83,-1781.37,73.75,1357.31,-1707.62,-350.3
61,510.47,1190.17,1563.32,130.02,75.72,-62.63,-997.12,-9308.86,506.29,7805.56,-1820.84,72.1,1412.94,-1748.74,-335.8
71,473.87,1223.71,1574.28,137.1,76.28,-67.47,-1037.38,-9222.53,506.95,7763.62,-1834.91,69.9,1428.43,-1765.01,-336.58
81,515.24,1202.52,1587.0,145.02,75.01,-68.95,-991.0,-9327.69,513.72,7817.17,-1787.81,73.62,1468.04,-1714.19,-246.14
91,495.07,1175.57,1565.52,132.46,73.07,-65.58,-1015.03,-9301.27,520.14,7803.73,-1808.0,73.26,1383.69,-1734.74,-351.05
101,518.98,1230.77,1575.56,137.73,78.15,-71.6,-1029.22,-9306.13,503.16,7803.28,-1791.92,70.84,1440.68,-1721.08,-280.4
111,504.41,1198.56,1555.48,137.28,91.21,-77.51,-1022.5,-9325.44,496.55,7794.12,-1761.2,73.01,1352.16,-1688.19,-336.03
121,486.59,1134.09,1540.95,125.95,80.59,-63.91,-996.46,-9312.81,505.02,7834.62,-1835.36,71.73,1334.62,-1763.63,-429.01
131,512.36,1159.77,1554.14,140.95,76.55,-57.69,-1011.11,-9237.11,504.15,7803.12,-1865.9,72.04,1445.14,-1793.85,-348.72
141,531.43,1209.2,1542.69,134.45,81.8,-72.4,-1008.55,-9300.5,519.61,7777.61,-1783.83,70.78,1415.34,-1713.04,-297.7
151,507.08,1177.37,1546.06,136.11,88.62,-64.47,-985.43,-9377.95,513.42,7808.85,-1752.37,72.81,1349.67,-1679.55,-329.89
161,526.87,1165.53,1560.37,132.62,83.48,-77.51,-1010.5,-9307.91,498.41,7785.96,-1773.94,72.61,1357.31,-1701.34,-344.03
171,522.73,1195.83,1545.32,141.48,78.22,-59.68,-1002.95,-9294.42,500.87,7755.98,-1784.14,73.73,1383.37,-1710.41,-327.04
181,534.37,1195.51,1543.2,137.16,76.21,-57.48,-1007.07,-9306.77,514.56,7793.05,-1801.24,72.13,1422.74,-1729.11,-306.36
191,526.84,1239.88,1536.85,145.45,78.74,-59.48,-1005.51,-9224.22,515.18,7784.85,-1875.43,73.24,1538.57,-1802.19,-263.62
201,498.3,1166.41,1568.75,132.97,79.85,-42.9,-977.98,-9395.36,533.88,7833.61,-1755.23,74.03,1397.54,-1681.19,-283.65
211,520.4,1242.68,1541.21,142.08,83.56,-64.61,-1002.28,-9335.06,504.04,7808.76,-1787.02,72.83,1440.77,-1714.19,-273.42
221,502.18,1196.24,1566.38,146.78,77.86,-69.19,-1007.76,-9311.88,516.0,7803.3,-1788.92,71.82,1419.92,-1717.1,-297.18
231,506.82,1200.06,1561.0,133.75,74.95,-49.57,-1016.37,-9357.8,503.61,7832.56,-1790.33,72.73,1389.02,-1717.6,-328.58
241,503.45,1170.16,1548.15,133.53,80.46,-58.87,-1021.18,-9355.56,528.5,7786.37,-1768.74,71.54,1315.0,-1697.2,-382.2
251,497.15,1234.55,1559.66,138.96,83.28,-69.01,-998.82,-9388.8,519.19,7841.02,-1772.25,71.35,1417.17,-1700.9,-283.73
261,520.49,1205.36,1535.47,135.31,65.13,-61.21,-996.3,-9305.65,496.98,7782.71,-1801.17,72.33,1378.29,-1728.84,-350.55
271,518.9,1218.56,1569.42,138.2,79.56,-68.13,-990.0,-9347.65,499.19,7792.28,-1784.88,71.8,1410.33,-1713.08,-302.75
281,479.94,1191.0,1558.7,131.09,74.54,-52.83,-996.61,-9315.02,518.05,7819.4,-1816.65,71.9,1408.26,-1744.75,-336.49
291,494.55,1217.56,1556.32,135.51,82.43,-76.06,-976.75,-9275.71,511.25,7768.28,-1816.73,72.73,1437.38,-1744.0,-306.61
301,511.31,1215.86,1563.1,138.91,71.72,-63.26,-1000.38,-9327.36,513.87,7821.07,-1804.96,72.85,1444.85,-1732.11,-287.27
311,487.07,1168.61,1559.02,135.42,83.02,-63.01,-998.48,-9323.23,514.75,7780.99,-1790.28,71.94,1344.16,-1718.33,-374.18
321,509.69,1139.64,1524.04,137.16,73.89,-63.84,-1003.04,-9303.36,534.46,7790.46,-1790.29,72.05,1339.11,-1718.24,-379.13
331,517.64,1186.24,1555.98,128.27,73.13,-60.8,-984.16,-9325.34,503.55,7748.82,-1771.83,72.21,1343.33,-1699.63,-356.3
341,514.83,1197.95,1567.44,129.49,68.01,-66.24,-982.71,-9349.89,517.66,7802.9,-1786.37,71.81,1399.44,-1714.56,-315.13
351,477.86,1173.98,1557.05,124.73,78.75,-70.44,-985.24,-9309.73,537.07,7811.03,-1795.54,72.54,1395.07,-1723.0,-327.93
361,487.77,1227.09,1556.26,143.8,82.78,-68.84,-1011.56,-9348.66,512.72,7796.6,-1787.23,73.34,1377.97,-1713.89,-335.92
371,491.62,1204.14,1566.12,138.79,84.71,-68.88,-980.29,-9287.65,530.6,7761.16,-1791.86,72.97,1440.33,-1718.89,-278.56
381,510.56,1190.99,1543.77,128.24,74.45,-57.63,-989.8,-9383.71,503.77,7814.69,-1751.52,73.2,1335.32,-1678.32,-343.0
391,475.06,1262.1,1513.17,136.38,80.05,-51.62,-998.2,-9435.18,515.44,7834.0,-1722.79,73.65,1331.2,-1649.14,-317.94
401,465.94,1206.84,1560.66,139.84,82.93,-47.67,-1009.25,-9398.66,516.94,7786.32,-1721.1,72.6,1303.88,-1648.5,-344.62
411,523.67,1172.79,1567.04,131.92,68.86,-65.05,-971.39,-9443.78,506.66,7818.97,-1730.34,73.11,1309.7,-1657.24,-347.54
421,535.09,1167.53,1551.3,136.32,70.09,-61.6,-977.56,-9360.66,513.08,7864.06,-1796.62,72.82,1437.65,-1723.8,-286.15
431,501.45,1219.03,1566.33,134.15,69.21,-74.41,-1010.13,-9328.93,511.82,7759.99,-1769.32,73.09,1348.5,-1696.23,-347.73
441,495.95,1217.31,1560.96,135.47,76.38,-60.74,-1000.69,-9351.38,500.29,7802.96,-1785.69,72.12,1376.51,-1713.57,-337.06
451,523.04,1204.1,1568.7,135.65,65.3,-65.26,-1013.11,-9284.81,507.29,7754.63,-1813.59,72.29,1395.54,-1741.3,-345.76
461,504.14,1199.42,1572.18,136.09,87.82,-58.37,-997.21,-9214.97,502.34,7724.76,-1846.88,72.58,1456.21,-1774.29,-318.09
471,504.97,1179.29,1541.31,135.06,72.99,-66.56,-1015.28,-9271.92,525.08,7794.47,-1797.91,72.33,1399.41,-1725.57,-326.17
481,517.22,1232.48,1526.0,141.82,71.26,-65.96,-987.38,-9265.82,501.28,7725.65,-1782.42,74.78,1396.56,-1707.64,-311.09
491,518.63,1171.67,1580.27,142.0,75.46,-65.85,-1029.77,-9259.19,515.59,7801.12,-1833.26,74.22,1449.93,-1759.04,-309.11
501,506.99,1188.95,1548.56,132.1,72.48,-70.74,-1000.74,-9281.12,495.82,7860.76,-1870.56,74.49,1453.06,-1796.07,-343.01
511,541.17,1208.54,1528.43,140.0,78.35,-70.95,-1012.76,-9137.51,510.02,7718.88,-1888.42,73.9,1504.16,-1814.52,-310.36
521,504.21,1189.26,1554.19,149.35,64.85,-65.66,-1027.3,-9233.63,513.93,7817.75,-1851.53,73.16,1466.96,-1778.37,-311.4
531,518.34,1178.4,1550.17,141.13,72.65,-65.0,-962.91,-9292.26,523.47,7776.64,-1822.55,73.93,1440.65,-1748.62,-307.97
541,501.11,1192.56,1529.71,138.35,72.03,-67.13,-992.98,-9239.13,503.59,7804.37,-1849.37,74.07,1442.48,-1775.3,-332.82
551,508.76,1143.26,1537.08,136.46,85.77,-83.3,-1000.1,-9290.17,505.45,7854.2,-1855.95,73.72,1397.41,-1782.24,-384.83
561,494.49,1180.95,1553.17,128.65,74.68,-65.37,-987.42,-9289.41,520.37,7820.97,-1857.73,73.17,1431.07,-1784.56,-353.49
571,507.3,1215.56,1563.79,134.26,67.45,-67.79,-1010.35,-9239.49,497.67,7776.27,-1847.88,73.73,1444.67,-1774.14,-329.48
581,502.06,1166.92,1589.41,136.5,77.44,-60.84,-996.3,-9285.64,502.48,7795.51,-1810.53,74.21,1427.55,-1736.32,-308.78
591,477.03,1157.56,1569.33,135.84,68.84,-68.85,-988.18,-9274.48,546.39,7826.56,-1855.32,75.37,1450.06,-1779.96,-329.9
601,514.28,1170.15,1566.06,133.62,76.65,-69.98,-1012.37,-9226.82,506.49,7715.3,-1829.45,74.6,1373.38,-1754.85,-381.47
611,517.01,1194.04,1566.29,132.46,81.08,-69.57,-1000.71,-9240.52,505.83,7744.69,-1829.34,75.08,1430.6,-1754.26,-323.66
621,522.72,1161.71,1565.42,128.09,75.2,-60.28,-969.67,-9276.88,497.96,7747.94,-1810.89,74.17,1392.23,-1736.72,-344.5
631,520.26,1158.47,1568.7,135.39,72.3,-53.17,-982.94,-9252.53,496.04,7758.92,-1846.76,73.08,1421.45,-1773.68,-352.23
641,497.48,1202.17,1519.14,128.21,76.42,-55.25,-976.96,-9318.87,506.45,7779.31,-1770.99,73.57,1358.08,-1697.42,-339.34
651,476.76,1155.18,1546.4,127.34,82.23,-72.02,-1007.39,-9276.08,514.91,7792.33,-1817.83,73.64,1339.66,-1744.2,-404.53
661,524.44,1192.87,1556.43,142.61,78.22,-68.45,-1018.18,-9251.3,508.87,7742.37,-1826.24,73.42,1407.86,-1752.82,-344.95
671,526.07,1186.18,1538.04,139.66,81.17,-61.1,-991.19,-9243.22,512.2,7770.84,-1821.22,72.63,1458.64,-1748.59,-289.95
681,516.94,1194.07,1546.63,138.48,76.31,-62.13,-1019.97,-9357.65,494.05,7799.82,-1771.76,72.31,1326.55,-1699.45,-372.9
691,495.79,1187.12,1555.59,138.74,78.26,-65.59,-993.96,-9325.96,506.72,7765.88,-1748.35,72.43,1342.59,-1675.92,-333.33
701,481.58,1143.82,1544.22,131.52,83.42,-62.73,-980.37,-9329.31,540.11,7795.33,-1780.85,72.53,1347.6,-1708.33,-360.73
711,538.97,1211.02,1541.02,140.09,75.87,-81.93,-1002.48,-9284.09,495.94,7745.79,-1784.79,73.11,1380.2,-1711.68,-331.48
721,508.9,1220.86,1531.94,140.5,71.33,-54.95,-996.98,-9279.49,490.86,7772.75,-1808.41,71.39,1405.71,-1737.02,-331.31
731,521.51,1161.09,1540.03,131.72,83.84,-68.3,-994.98,-9261.5,509.69,7753.33,-1831.14,72.9,1376.42,-1758.24,-381.81
741,509.54,1180.69,1548.9,131.12,80.3,-70.38,-985.18,-9298.08,525.11,7807.16,-1804.51,72.13,1429.18,-1732.38,-303.21
751,512.39,1223.35,1531.4,135.94,65.18,-58.61,-993.79,-9288.55,505.0,7783.78,-1812.59,72.8,1416.09,-1739.79,-323.7
761,495.85,1203.37,1537.9,129.59,73.86,-83.36,-1014.7,-9319.04,509.94,7819.49,-1793.56,72.68,1352.92,-1720.88,-367.96
771,535.22,1222.19,1566.67,145.11,79.93,-88.57,-995.62,-9239.76,510.84,7766.94,-1841.06,72.39,1502.95,-1768.68,-265.72
781,502.95,1203.54,1543.31,124.46,73.14,-81.19,-1008.92,-9300.44,510.67,7775.67,-1786.21,71.55,1343.19,-1714.66,-371.47
791,493.71,1174.07,1563.12,132.29,85.12,-67.89,-1019.39,-9272.52,510.6,7785.87,-1821.89,72.88,1384.97,-1749.01,-364.04
801,502.04,1159.39,1573.8,125.73,82.09,-71.09,-1009.52,-9315.45,510.83,7767.23,-1769.18,71.04,1325.05,-1698.14,-373.09
811,506.24,1221.21,1546.72,137.06,72.51,-62.03,-1003.85,-9244.56,503.78,7739.96,-1822.13,73.53,1417.05,-1748.6,-331.56
821,535.25,1188.15,1569.27,138.59,77.5,-67.45,-1015.51,-9216.18,496.19,7692.56,-1794.55,72.1,1398.37,-1722.45,-324.07
831,516.15,1208.94,1548.27,138.71,73.74,-76.19,-1022.63,-9277.5,514.42,7762.48,-1802.89,72.88,1386.4,-1730.01,-343.61
841,522.28,1209.7,1573.27,132.18,82.19,-73.09,-1003.74,-9227.63,510.86,7757.69,-1835.99,73.61,1483.71,-1762.38,-278.67
851,491.25,1153.19,1560.74,134.02,74.96,-66.08,-1001.35,-9303.83,515.46,7822.09,-1805.37,72.98,1380.45,-1732.38,-351.93
861,558.7,1182.38,1537.54,134.95,79.07,-68.42,-1013.47,-9171.0,489.91,7737.57,-1878.59,74.86,1467.25,-1803.73,-336.48
871,514.25,1181.0,1548.22,132.43,73.68,-61.14,-1011.07,-9215.03,509.24,7753.91,-1850.9,72.5,1425.49,-1778.4,-352.92
881,527.37,1193.42,1569.2,136.26,74.9,-59.96,-985.07,-9261.94,505.05,7759.64,-1834.84,71.16,1458.86,-1763.68,-304.83
891,536.08,1195.73,1547.54,134.16,72.51,-63.76,-1002.41,-9279.55,507.81,7716.63,-1793.27,71.36,1364.75,-1721.91,-357.16
901,515.34,1238.61,1545.96,123.7,89.68,-70.42,-1002.39,-9184.35,506.05,7711.56,-1849.56,73.72,1473.75,-1775.84,-302.09
911,515.0,1216.46,1566.05,136.05,79.99,-74.79,-1002.98,-9244.1,509.89,7742.54,-1803.32,72.69,1444.11,-1730.63,-286.51
921,493.32,1150.21,1565.15,135.4,74.65,-69.05,-1004.3,-9217.15,509.59,7817.28,-1903.52,74.58,1455.11,-1828.94,-373.84
931,516.39,1198.07,1563.72,126.39,68.13,-75.25,-990.48,-9223.69,503.83,7731.88,-1826.2,73.21,1418.99,-1752.99,-334.0
941,496.25,1179.52,1572.61,132.01,79.32,-73.51,-998.11,-9184.17,513.23,7734.52,-1859.96,74.26,1451.67,-1785.7,-334.03
951,513.16,1173.97,1539.52,136.29,83.22,-54.33,-986.75,-9234.65,508.41,7761.23,-1837.61,74.45,1440.07,-1763.16,-323.09
961,552.06,1166.45,1573.85,134.85,76.2,-60.91,-1007.08,-9253.75,511.33,7800.09,-1860.39,73.61,1493.09,-1786.78,-293.69
971,511.46,1190.86,1577.86,137.63,73.64,-74.78,-994.08,-9274.85,512.84,7747.41,-1790.34,73.47,1407.98,-1716.87,-308.89
981,471.32,1199.35,1572.08,137.41,78.99,-66.12,-1014.43,-9271.59,511.54,7774.89,-1815.2,72.57,1393.44,-1742.63,-349.2
991,521.28,1255.92,1536.12,134.58,75.27,-81.95,-1007.12,-9376.35,495.58,7799.85,-1749.38,71.67,1353.18,-1677.72,-324.54
1001,515.84,1164.42,1540.31,130.33,76.53,-73.56,-983.94,-9324.93,506.7,7797.83,-1779.14,73.98,1349.53,-1705.16,-355.63
1011,553.12,1158.84,1555.88,138.17,76.88,-83.28,-984.35,-9307.66,509.66,7757.84,-1783.28,73.1,1375.12,-1710.18,-335.06
1021,540.6,1202.62,1549.0,141.62,75.87,-71.06,-1030.44,-9313.18,500.07,7765.37,-1776.23,71.17,1360.46,-1705.07,-344.61
1031,540.25,1138.04,1584.96,129.5,72.18,-68.69,-1002.81,-9298.37,507.89,7792.89,-1797.76,74.05,1395.85,-1723.71,-327.86
1041,514.1,1159.26,1562.87,137.05,78.85,-61.69,-985.45,-9368.54,512.34,7810.67,-1763.96,72.99,1359.46,-1690.97,-331.51
1051,515.2,1178.33,1531.86,123.7,75.3,-56.59,-1008.57,-9281.85,505.49,7795.9,-1824.94,75.45,1378.78,-1749.49,-370.71
1061,528.4,1206.4,1507.7,138.67,78.82,-52.59,-1015.78,-9259.43,492.59,7734.96,-1812.85,73.05,1359.73,-1739.8,-380.07
1071,510.95,1232.79,1539.51,142.94,76.54,-50.98,-1011.27,-9274.32,510.15,7727.87,-1762.42,74.25,1404.18,-1688.17,-283.99
1081,497.85,1223.46,1555.01,148.69,75.47,-58.14,-1004.9,-9303.5,510.83,7743.2,-1778.59,73.19,1387.98,-1705.41,-317.43
1091,537.08,1200.39,1531.67,146.42,70.18,-59.74,-995.17,-9340.48,497.85,7805.24,-1777.61,73.44,1393.44,-1704.18,-310.74
1101,518.81,1207.3,1548.8,140.84,72.9,-63.47,-974.66,-9340.24,502.65,7721.45,-1751.49,71.55,1334.39,-1679.93,-345.54
1111,528.37,1125.52,1556.59,130.51,84.76,-68.38,-1010.56,-9347.21,507.07,7794.26,-1753.04,72.75,1300.93,-1680.29,-379.35
1121,513.12,1217.64,1549.7,141.39,85.73,-67.5,-983.09,-9297.81,525.45,7748.94,-1813.32,72.98,1433.58,-1740.34,-306.75
1131,497.83,1193.1,1548.33,133.27,78.32,-57.34,-1012.17,-9297.67,511.7,7802.21,-1812.69,72.3,1397.58,-1740.39,-342.81
1141,498.59,1221.3,1541.39,135.47,75.37,-63.27,-1008.13,-9272.8,500.56,7740.88,-1817.81,72.6,1369.36,-1745.21,-375.86
1151,495.38,1171.08,1564.36,142.26,71.25,-78.55,-996.23,-9270.75,501.6,7788.98,-1835.97,72.21,1389.37,-1763.75,-374.38
1161,530.14,1214.4,1525.69,140.39,71.87,-63.09,-986.82,-9207.49,508.6,7735.12,-1856.53,72.58,1468.8,-1783.95,-315.15
1171,518.0,1186.64,1531.27,136.14,84.55,-54.45,-1026.55,-9262.38,505.19,7746.56,-1797.15,72.6,1364.96,-1724.55,-359.59
1181,485.15,1217.2,1535.37,133.17,76.18,-71.97,-994.7,-9263.72,518.67,7814.4,-1851.2,73.55,1449.76,-1777.66,-327.89
1191,510.09,1222.48,1532.43,138.65,72.43,-72.12,-979.91,-9188.64,495.77,7714.04,-1857.65,75.51,1445.22,-1782.14,-336.92
1201,517.66,1235.95,1555.74,152.45,75.23,-85.91,-1009.61,-9261.5,509.54,7731.42,-1795.28,73.08,1420.95,-1722.2,-301.25
1211,506.1,1200.77,1560.84,143.92,72.54,-77.58,-1015.64,-9246.99,515.0,7773.42,-1821.83,72.79,1432.38,-1749.04,-316.65
1221,520.53,1194.29,1555.45,127.87,81.07,-74.93,-1001.79,-9260.56,505.93,7772.13,-1820.89,73.53,1419.99,-1747.35,-327.37
1231,508.81,1191.5,1561.42,138.77,83.99,-61.93,-1008.72,-9268.0,503.11,7773.43,-1825.26,73.18,1422.37,-1752.07,-329.7
1241,502.78,1202.12,1551.61,132.02,75.8,-62.53,-1001.65,-9164.78,506.91,7688.07,-1863.69,73.49,1430.33,-1790.2,-359.87
1251,515.87,1159.07,1556.88,139.11,68.54,-68.43,-1002.4,-9188.73,506.85,7745.91,-1849.84,73.98,1432.68,-1775.87,-343.19
1261,491.72,1211.39,1552.06,136.94,80.98,-59.12,-1002.56,-9212.1,501.34,7750.38,-1849.85,73.53,1451.02,-1776.31,-325.29
1271,527.77,1177.61,1568.92,139.43,68.29,-68.94,-1000.6,-9233.73,530.22,7729.46,-1829.53,72.12,1438.44,-1757.41,-318.97
1281,502.5,1167.93,1568.67,132.67,71.96,-72.57,-1019.85,-9199.91,509.26,7784.57,-1869.96,72.91,1445.24,-1797.04,-351.8
1291,533.14,1189.35,1562.16,129.16,80.42,-63.86,-1011.57,-9103.77,510.16,7737.13,-1902.83,73.38,1562.3,-1829.45,-267.15
1301,523.9,1184.42,1582.04,140.29,82.7,-74.76,-1025.43,-9142.46,490.07,7781.89,-1908.93,74.22,1542.67,-1834.71,-292.04
1311,508.98,1203.0,1534.0,143.49,83.84,-70.58,-993.13,-9150.29,504.94,7799.57,-1923.58,75.06,1563.82,-1848.52,-284.71
1321,512.45,1174.86,1565.25,131.35,75.09,-69.6,-1016.67,-9172.36,516.15,7791.72,-1898.82,73.01,1508.23,-1825.8,-317.57
1331,508.34,1190.05,1562.32,137.85,82.02,-60.86,-1006.39,-9166.41,505.38,7770.06,-1909.81,74.08,1522.36,-1835.73,-313.37
1341,519.06,1184.58,1528.98,141.75,84.26,-59.66,-1005.18,-9175.67,525.68,7840.39,-1947.96,73.68,1584.19,-1874.28,-290.09
1351,516.92,1208.41,1534.63,139.57,73.58,-59.58,-993.54,-9107.15,504.71,7763.34,-1961.87,74.4,1580.9,-1887.47,-306.57
1361,508.95,1205.69,1556.07,134.04,87.32,-59.76,-1016.72,-9109.22,503.39,7709.97,-1921.16,74.44,1519.73,-1846.73,-327.0
1371,514.59,1218.94,1548.4,144.19,71.23,-60.34,-1006.81,-9119.96,502.34,7716.31,-1936.0,74.04,1528.88,-1861.96,-333.08
1381,521.03,1181.14,1528.84,134.43,73.01,-61.42,-986.74,-9142.39,495.8,7742.35,-1912.1,73.9,1486.06,-1838.19,-352.13
1391,509.51,1193.21,1544.62,133.9,82.57,-55.18,-995.89,-9112.5,495.28,7758.03,-1948.42,74.04,1553.56,-1874.38,-320.82
1401,496.88,1205.45,1541.53,136.42,76.18,-58.57,-1011.93,-9109.39,503.91,7755.94,-1945.99,72.41,1536.42,-1873.57,-337.16
1411,501.84,1211.06,1555.77,128.84,79.84,-61.71,-1023.18,-9148.97,506.87,7789.85,-1925.89,73.08,1540.21,-1852.81,-312.6
1421,522.55,1183.64,1554.31,142.24,79.87,-81.72,-1019.32,-9143.23,505.18,7761.36,-1921.33,73.45,1504.87,-1847.89,-343.01
1431,486.38,1208.66,1565.23,130.73,71.0,-62.25,-967.81,-9154.93,530.35,7732.68,-1903.74,74.24,1540.04,-1829.5,-289.46
1441,491.56,1169.13,1526.7,130.05,79.52,-68.98,-1014.09,-9169.66,511.02,7767.86,-1881.58,73.66,1423.11,-1807.92,-384.81
1451,529.44,1202.51,1554.68,127.27,78.37,-63.36,-992.19,-9200.57,499.34,7710.7,-1840.18,73.56,1446.19,-1766.62,-320.42
1461,477.19,1211.24,1564.22,138.79,62.89,-66.28,-986.32,-9290.33,507.13,7778.81,-1814.56,73.57,1397.33,-1740.99,-343.66
1471,507.79,1192.12,1563.17,133.08,69.36,-49.44,-979.73,-9285.58,509.16,7806.78,-1812.26,74.23,1466.72,-1738.03,-271.31
1481,495.96,1213.29,1542.75,138.32,79.26,-72.0,-1023.05,-9215.39,522.02,7733.15,-1835.78,74.62,1414.31,-1761.16,-346.85
1491,502.52,1186.3,1559.18,145.8,83.2,-85.23,-980.86,-9240.03,505.79,7764.39,-1827.11,74.26,1441.06,-1752.85,-311.79
1501,477.54,1142.38,1547.58,127.03,73.92,-61.35,-1014.38,-9290.42,529.5,7804.99,-1771.77,74.24,1336.78,-1697.53,-360.75
1511,497.8,1231.44,1555.12,132.65,76.07,-71.54,-1010.88,-9240.6,503.03,7762.34,-1831.0,73.24,1435.43,-1757.76,-322.33
1521,513.71,1231.53,1529.08,145.4,82.29,-80.64,-994.09,-9204.53,506.06,7693.72,-1826.0,73.76,1422.53,-1752.24,-329.72
1531,512.71,1167.48,1545.25,135.99,83.17,-65.54,-992.63,-9192.21,513.71,7707.0,-1847.45,74.7,1414.94,-1772.75,-357.81
1541,500.05,1181.06,1546.77,141.63,66.36,-64.77,-1020.94,-9190.97,525.69,7750.37,-1864.04,73.37,1435.26,-1790.66,-355.4
1551,524.87,1232.71,1523.89,139.13,67.74,-58.01,-997.88,-9155.67,499.93,7729.89,-1867.89,74.22,1506.61,-1793.67,-287.06
1561,500.21,1209.42,1552.85,143.1,73.32,-78.23,-974.75,-9297.15,514.07,7770.52,-1784.41,73.98,1413.38,-1710.43,-297.05
1571,508.97,1181.73,1568.99,140.06,72.88,-68.01,-992.41,-9226.5,503.5,7703.38,-1804.78,73.39,1392.59,-1731.39,-338.79
1581,482.98,1204.31,1531.69,125.13,76.67,-63.77,-1020.2,-9273.3,510.42,7741.49,-1783.99,73.62,1315.41,-1710.37,-394.96
1591,541.76,1237.75,1536.78,146.02,70.71,-80.08,-976.61,-9198.79,505.75,7780.26,-1890.52,73.77,1563.56,-1816.75,-253.19
1601,485.41,1196.76,1551.06,137.26,77.4,-67.49,-986.05,-9195.08,532.61,7765.68,-1883.45,74.13,1497.56,-1809.32,-311.77
1611,506.97,1200.23,1556.83,151.52,85.71,-76.02,-1012.58,-9305.41,501.33,7815.87,-1802.33,73.01,1424.46,-1729.32,-304.86
1621,526.1,1233.79,1545.4,131.89,78.26,-63.92,-1013.49,-9253.76,484.86,7765.47,-1837.83,74.09,1434.61,-1763.73,-329.13
1631,533.45,1187.03,1534.48,132.48,73.84,-57.62,-982.36,-9329.03,502.57,7759.4,-1760.22,74.08,1354.24,-1686.14,-331.89
1641,523.22,1201.22,1561.89,139.28,75.03,-73.87,-977.68,-9372.03,519.64,7825.93,-1761.48,74.29,1422.64,-1687.2,-264.56
1651,535.46,1187.53,1568.85,139.51,69.99,-61.43,-991.21,-9296.39,484.85,7799.01,-1807.52,75.95,1436.18,-1731.57,-295.39
1661,519.2,1218.45,1534.83,135.29,76.0,-65.22,-994.62,-9282.71,493.54,7727.17,-1778.65,74.45,1361.93,-1704.2,-342.27
1671,500.98,1178.84,1544.27,132.3,72.21,-61.49,-964.88,-9346.59,519.91,7770.3,-1764.81,73.84,1345.84,-1690.96,-345.13
1681,519.09,1207.91,1560.05,148.9,74.45,-64.81,-1003.03,-9309.9,518.92,7729.98,-1748.64,72.5,1381.56,-1676.14,-294.58
1691,525.38,1185.78,1557.64,135.65,82.4,-56.98,-992.62,-9344.69,517.34,7794.85,-1779.23,73.01,1404.73,-1706.23,-301.5
1701,485.52,1190.96,1550.66,124.85,70.93,-61.37,-1004.1,-9264.51,521.51,7760.14,-1800.34,72.16,1374.58,-1728.18,-353.6
1711,514.82,1213.38,1599.48,129.99,68.7,-81.33,-1000.71,-9137.84,514.11,7741.39,-1897.32,73.08,1561.99,-1824.24,-262.25
1721,515.25,1229.77,1543.74,137.16,81.45,-69.11,-1015.05,-9162.79,503.15,7710.42,-1854.29,72.12,1473.99,-1782.17,-308.18
1731,524.39,1173.48,1553.27,138.57,85.35,-80.96,-1010.77,-9233.78,504.43,7739.7,-1813.01,72.7,1393.68,-1740.31,-346.63
1741,532.7,1158.21,1547.97,131.75,71.58,-76.64,-989.54,-9197.46,509.36,7748.14,-1861.0,73.93,1436.08,-1787.08,-351.0
1751,480.64,1196.5,1567.47,140.75,83.87,-68.93,-979.26,-9200.09,505.1,7775.38,-1894.85,73.62,1501.45,-1821.23,-319.78
1761,503.67,1193.33,1564.93,137.61,82.85,-83.46,-983.95,-9097.35,503.42,7735.04,-1912.47,74.9,1556.1,-1837.57,-281.47
1771,511.76,1194.1,1556.75,137.07,84.12,-72.5,-1020.03,-9148.85,510.4,7775.99,-1911.47,73.26,1528.81,-1838.21,-309.4
1781,501.82,1229.83,1561.15,135.11,73.03,-82.45,-1006.76,-9119.35,509.86,7751.21,-1924.75,73.43,1553.46,-1851.32,-297.86
1791,496.18,1215.55,1575.59,147.53,93.02,-69.22,-1008.89,-9193.93,518.3,7795.77,-1886.82,72.35,1569.9,-1814.47,-244.57
1801,493.71,1225.77,1546.37,135.18,80.26,-77.5,-1009.59,-9234.54,518.22,7781.31,-1843.49,72.89,1459.21,-1770.6,-311.39
1811,507.67,1221.89,1557.51,136.61,74.9,-83.18,-1008.95,-9193.71,499.72,7767.57,-1880.21,74.58,1480.02,-1805.63,-325.61
1821,509.95,1160.73,1559.02,128.32,75.27,-68.65,-986.43,-9192.3,508.53,7763.36,-1842.79,73.02,1457.81,-1769.77,-311.96
1831,485.09,1200.51,1558.98,130.48,76.48,-66.06,-1013.67,-9188.68,528.48,7814.94,-1880.52,74.06,1526.54,-1806.46,-279.92
1841,496.27,1199.61,1543.79,141.49,76.93,-82.34,-1001.18,-9175.5,523.43,7748.06,-1876.36,74.74,1470.55,-1801.62,-331.07
1851,547.85,1188.1,1562.18,127.23,76.95,-65.71,-983.96,-9186.37,505.97,7741.95,-1884.1,73.98,1514.19,-1810.12,-295.93
1861,524.42,1222.68,1564.01,143.68,80.67,-74.82,-991.74,-9163.96,504.45,7735.47,-1890.68,74.92,1544.87,-1815.76,-270.89
1871,500.24,1203.61,1571.38,143.4,68.51,-64.74,-1000.2,-9145.58,520.91,7688.5,-1841.89,72.81,1486.02,-1769.08,-283.06
1881,524.4,1256.64,1560.23,137.21,83.66,-83.67,-982.08,-9186.47,487.33,7705.09,-1868.66,73.63,1502.34,-1795.03,-292.68
1891,510.53,1189.25,1561.9,134.95,84.73,-65.22,-1010.69,-9244.68,509.58,7742.84,-1802.62,72.62,1413.2,-1729.99,-316.8
1901,495.31,1182.78,1553.16,134.55,72.24,-69.47,-1016.3,-9244.65,509.4,7752.16,-1803.83,72.87,1369.19,-1730.96,-361.77
1911,482.98,1218.17,1530.63,139.65,78.23,-62.91,-1000.57,-9302.56,506.55,7784.0,-1783.39,72.84,1374.18,-1710.55,-336.37
1921,519.81,1170.81,1552.91,138.08,82.98,-67.04,-1010.28,-9227.11,521.4,7742.15,-1806.41,72.66,1423.73,-1733.75,-310.02
1931,516.68,1203.28,1538.04,137.53,77.17,-81.26,-1040.68,-9231.85,518.26,7727.54,-1790.2,72.41,1364.72,-1717.79,-353.07
1941,527.46,1240.76,1538.87,149.96,78.37,-63.84,-1022.7,-9324.88,521.44,7754.21,-1740.79,70.99,1399.63,-1669.8,-270.17
1951,482.41,1217.57,1554.16,140.27,75.78,-73.5,-996.86,-9349.53,500.44,7778.96,-1755.59,72.54,1329.7,-1683.05,-353.35
1961,518.15,1186.06,1549.04,132.82,72.67,-76.16,-1008.84,-9215.75,509.45,7759.35,-1828.57,72.79,1426.78,-1755.78,-329.0
1971,524.71,1181.97,1536.88,137.69,80.13,-66.34,-1011.73,-9239.46,495.69,7769.28,-1828.45,72.88,1408.81,-1755.57,-346.76
1981,484.37,1236.69,1563.48,140.05,83.15,-77.42,-1011.15,-9286.39,500.35,7745.74,-1796.98,72.43,1378.86,-1724.55,-345.69
1991,488.63,1207.44,1548.59,144.94,82.22,-76.33,-1007.53,-9245.13,506.46,7751.14,-1812.57,73.5,1400.42,-1739.08,-338.66
2001,507.8,1184.45,1544.79,138.65,73.17,-75.36,-1011.29,-9226.14,497.32,7739.58,-1809.22,72.31,1372.96,-1736.91,-363.95
2011,536.78,1200.21,1542.16,133.22,82.49,-60.46,-1011.57,-9316.55,497.27,7756.61,-1759.21,71.47,1360.17,-1687.73,-327.57
2021,507.19,1163.2,1561.49,135.39,83.54,-70.32,-1024.71,-9344.3,518.91,7795.35,-1756.63,70.17,1325.74,-1686.46,-360.72
2031,510.48,1197.32,1552.36,144.13,77.05,-80.92,-1004.3,-9282.67,513.85,7725.06,-1755.72,72.34,1352.37,-1683.38,-331.02
2041,550.78,1183.47,1558.23,138.28,76.12,-70.22,-1030.42,-9313.59,481.68,7728.5,-1740.49,71.53,1302.81,-1668.95,-366.14
2051,506.49,1213.65,1561.96,141.97,77.5,-78.02,-1000.04,-9279.79,508.32,7708.96,-1769.52,73.4,1360.99,-1696.13,-335.14
2061,505.39,1172.81,1535.18,140.97,84.95,-67.26,-1015.28,-9294.74,502.01,7724.76,-1772.43,72.52,1288.8,-1699.91,-411.12
2071,502.67,1257.0,1555.85,138.28,83.62,-66.7,-998.18,-9305.69,501.91,7746.05,-1771.82,71.76,1414.81,-1700.06,-285.25
2081,495.6,1177.81,1537.22,132.8,67.6,-58.53,-998.21,-9310.71,519.95,7783.38,-1773.52,70.89,1346.92,-1702.64,-355.72
2091,486.53,1168.31,1550.18,134.11,82.46,-79.44,-1015.77,-9275.57,500.95,7737.92,-1773.6,71.44,1289.68,-1702.15,-412.47
2101,527.62,1174.16,1580.89,127.13,77.18,-76.46,-967.01,-9346.32,507.82,7781.71,-1754.21,72.03,1386.71,-1682.18,-295.48
2111,518.39,1184.27,1526.72,136.81,85.73,-63.04,-995.47,-9324.96,519.4,7746.47,-1733.63,72.49,1334.32,-1661.14,-326.82
2121,519.67,1181.77,1522.18,138.02,85.97,-62.57,-975.95,-9346.31,514.68,7693.2,-1707.29,73.43,1270.66,-1633.85,-363.19
2131,494.4,1200.02,1539.82,126.66,73.19,-65.85,-1013.27,-9323.03,526.6,7753.52,-1731.32,71.4,1312.05,-1659.91,-347.86
2141,443.17,1187.74,1557.8,133.13,80.38,-68.47,-1013.22,-9358.12,534.71,7779.22,-1702.49,71.92,1276.34,-1630.57,-354.23
2151,499.58,1175.62,1547.45,129.96,70.89,-75.44,-1015.46,-9267.24,518.93,7715.05,-1740.45,70.93,1299.33,-1669.52,-370.18
2161,512.04,1234.31,1553.85,149.64,66.24,-76.81,-1010.16,-9373.16,524.35,7771.9,-1728.21,71.93,1352.18,-1656.29,-304.1
2171,530.18,1204.62,1542.75,138.86,77.47,-67.04,-1012.37,-9348.05,499.81,7776.07,-1738.91,71.55,1342.31,-1667.36,-325.05
2181,533.82,1190.3,1562.45,129.56,84.58,-75.1,-1003.15,-9216.87,503.09,7704.85,-1815.33,72.71,1413.53,-1742.62,-329.09
2191,512.58,1213.46,1561.61,135.9,80.83,-71.27,-1010.34,-9253.12,507.05,7742.32,-1799.01,72.05,1419.03,-1726.96,-307.93
2201,518.72,1186.37,1571.22,135.51,72.22,-82.27,-993.46,-9362.23,513.3,7803.4,-1764.66,72.07,1362.78,-1692.58,-329.8
2211,537.81,1157.09,1567.09,133.45,66.75,-73.9,-988.02,-9321.49,493.94,7768.78,-1763.84,73.08,1341.5,-1690.75,-349.26
2221,506.7,1194.9,1571.12,137.81,67.74,-79.86,-1008.78,-9312.27,510.79,7835.75,-1804.79,74.67,1423.89,-1730.13,-306.23
2231,513.59,1243.59,1554.03,144.5,71.14,-75.82,-1000.41,-9256.67,505.49,7741.49,-1791.06,74.42,1440.93,-1716.64,-275.71
2241,511.87,1204.06,1557.78,131.4,73.89,-80.71,-1021.14,-9274.7,509.88,7756.56,-1776.71,73.31,1368.88,-1703.4,-334.52
2251,529.83,1166.64,1528.4,135.69,72.18,-67.51,-1018.94,-9282.24,525.58,7821.21,-1815.65,74.13,1410.84,-1741.52,-330.68
2261,525.06,1190.83,1548.85,129.77,74.63,-81.91,-1003.8,-9249.88,525.0,7754.28,-1796.18,73.55,1412.83,-1722.63,-309.8
2271,516.83,1184.61,1527.58,147.69,72.42,-71.82,-1006.57,-9257.03,504.28,7744.0,-1797.93,73.58,1361.99,-1724.35,-362.37
2281,516.93,1136.56,1534.48,128.09,70.3,-82.4,-993.93,-9295.13,514.66,7777.27,-1783.55,71.99,1306.84,-1711.57,-404.73
2291,515.13,1132.32,1537.38,138.99,76.48,-61.03,-1009.83,-9278.05,513.04,7742.95,-1764.43,70.75,1307.39,-1693.68,-386.28
2301,542.65,1181.73,1543.45,128.55,74.68,-71.19,-1027.59,-9305.71,498.32,7759.5,-1737.89,72.83,1324.39,-1665.06,-340.66
2311,526.86,1212.23,1567.17,134.86,64.96,-71.5,-1004.66,-9293.5,515.1,7749.75,-1775.51,71.41,1401.26,-1704.11,-302.85
2321,496.53,1196.19,1527.7,137.54,72.74,-80.79,-997.71,-9242.46,533.49,7728.44,-1781.81,74.26,1371.66,-1707.55,-335.89
2331,520.61,1149.18,1546.3,136.59,70.54,-70.06,-1030.67,-9268.11,513.69,7733.76,-1756.46,71.37,1301.84,-1685.09,-383.25
2341,509.81,1185.96,1567.14,141.26,83.26,-73.33,-1015.01,-9338.89,507.73,7763.95,-1731.81,72.1,1331.88,-1659.71,-327.83
2351,500.64,1168.55,1578.38,132.67,72.56,-75.02,-1012.91,-9328.93,528.2,7755.14,-1743.82,71.69,1319.28,-1672.13,-352.85
2361,503.19,1200.04,1552.54,146.64,79.05,-77.52,-1004.97,-9315.07,517.15,7786.73,-1763.69,72.22,1387.77,-1691.48,-303.7
2371,505.73,1231.87,1562.53,138.61,85.04,-83.17,-1025.58,-9299.12,511.86,7744.3,-1767.12,71.87,1372.07,-1695.25,-323.18
2381,520.99,1193.63,1571.25,132.85,86.23,-66.63,-1010.77,-9281.65,501.23,7704.54,-1760.99,71.94,1351.67,-1689.04,-337.37
2391,491.47,1250.36,1556.39,137.97,84.01,-77.17,-1042.63,-9227.12,484.8,7730.67,-1797.55,71.97,1388.76,-1725.58,-336.82
2401,528.86,1171.46,1571.78,136.51,79.91,-81.51,-1027.53,-9236.42,510.09,7723.57,-1788.98,71.38,1376.72,-1717.6,-340.88
2411,511.05,1175.18,1571.65,134.65,73.0,-82.39,-994.27,-9307.75,498.9,7792.84,-1738.53,71.59,1372.85,-1666.94,-294.1
2421,510.98,1196.41,1527.62,146.88,66.21,-72.26,-994.49,-9344.37,502.51,7765.98,-1744.95,73.68,1305.48,-1671.27,-365.79
2431,527.07,1228.23,1557.72,142.63,70.51,-72.55,-1011.34,-9218.02,517.28,7683.22,-1807.9,70.62,1424.75,-1737.28,-312.53
2441,512.51,1224.15,1561.55,135.54,83.31,-79.41,-1009.88,-9291.15,503.48,7763.69,-1774.06,71.43,1403.79,-1702.63,-298.84
2451,515.19,1172.05,1570.88,134.64,75.98,-72.48,-1006.11,-9241.83,510.47,7736.67,-1794.45,72.47,1395.46,-1721.98,-326.52
2461,535.51,1171.31,1539.1,130.71,68.86,-76.11,-1020.49,-9313.15,503.01,7760.51,-1751.12,72.25,1299.28,-1678.88,-379.6
2471,518.75,1165.89,1532.65,138.87,78.84,-80.61,-1014.64,-9263.95,516.01,7748.63,-1778.36,72.8,1340.46,-1705.56,-365.1
2481,510.79,1201.92,1558.12,130.47,85.98,-78.04,-1019.16,-9318.57,505.45,7759.13,-1746.95,71.02,1336.08,-1675.93,-339.85
2491,525.8,1217.09,1559.51,140.02,84.13,-65.13,-1016.29,-9317.29,511.21,7754.53,-1755.5,72.02,1393.58,-1683.48,-289.89
2501,500.97,1163.88,1545.7,139.27,76.58,-73.51,-986.25,-9380.2,527.53,7805.42,-1729.27,70.9,1319.4,-1658.37,-338.97
2511,517.02,1224.42,1546.38,146.43,87.31,-61.37,-1005.82,-9329.42,520.44,7767.39,-1748.3,70.81,1412.78,-1677.48,-264.7
2521,512.06,1195.82,1572.71,138.21,78.16,-67.12,-1004.09,-9378.49,507.83,7798.58,-1700.81,70.71,1353.66,-1630.1,-276.44
2531,542.34,1196.95,1559.64,135.47,72.1,-65.27,-1038.57,-9342.46,501.41,7771.3,-1736.33,69.6,1332.91,-1666.73,-333.83
2541,495.83,1171.62,1592.16,133.51,72.6,-62.39,-1021.72,-9337.47,518.71,7759.02,-1718.75,71.03,1321.87,-1647.72,-325.85
2551,492.77,1175.59,1579.44,138.95,74.14,-81.42,-1018.78,-9371.23,502.96,7783.15,-1732.67,71.24,1275.58,-1661.43,-385.85
2561,519.71,1149.54,1539.45,132.77,76.66,-68.45,-1022.69,-9268.94,514.79,7710.82,-1769.42,72.19,1283.66,-1697.23,-413.57
2571,532.39,1208.43,1555.39,143.1,80.21,-83.66,-1000.07,-9355.13,503.35,7718.38,-1697.1,72.23,1302.4,-1624.87,-322.48
2581,521.85,1225.44,1537.7,146.19,78.59,-65.37,-999.2,-9415.22,509.13,7796.85,-1697.27,71.56,1335.96,-1625.71,-289.75
2591,506.92,1165.23,1577.35,134.23,72.25,-72.7,-1013.38,-9351.8,502.16,7764.53,-1734.88,73.22,1284.78,-1661.66,-376.88
2601,485.11,1185.44,1547.84,133.55,80.86,-82.39,-993.72,-9326.95,523.33,7832.36,-1800.05,73.64,1385.45,-1726.41,-340.96
2611,494.27,1171.24,1563.37,142.36,85.34,-74.94,-1012.31,-9372.7,507.57,7763.96,-1744.49,72.47,1268.15,-1672.02,-403.87
2621,505.76,1161.16,1564.04,133.25,78.7,-76.64,-1005.19,-9345.3,514.07,7747.8,-1728.37,71.94,1277.66,-1656.43,-378.77
2631,521.68,1190.62,1555.19,135.06,72.83,-79.78,-1007.98,-9361.75,504.68,7778.9,-1740.88,72.96,1309.44,-1667.92,-358.48
2641,497.23,1177.03,1566.68,139.57,69.94,-77.34,-1010.5,-9371.67,529.02,7796.94,-1741.56,71.25,1316.9,-1670.3,-353.4
2651,533.18,1174.62,1563.92,137.35,73.23,-72.82,-986.96,-9387.79,510.82,7766.43,-1710.55,73.13,1311.97,-1637.42,-325.46
2661,515.99,1204.41,1572.23,132.32,78.22,-68.89,-1010.48,-9350.66,515.8,7767.08,-1731.14,72.04,1356.01,-1659.11,-303.1
2671,492.32,1161.02,1582.48,129.32,87.31,-88.56,-985.85,-9367.51,530.73,7801.33,-1756.48,73.96,1342.58,-1682.52,-339.94
2681,521.21,1144.27,1570.51,130.14,82.12,-83.47,-990.71,-9339.52,515.86,7773.2,-1745.67,72.93,1323.61,-1672.73,-349.12
2691,523.37,1196.82,1582.44,137.58,78.38,-73.35,-1013.11,-9323.99,526.29,7792.93,-1762.82,72.09,1427.34,-1690.73,-263.38
2701,496.45,1189.0,1553.57,135.93,71.16,-79.66,-994.76,-9322.35,520.64,7794.94,-1780.57,72.85,1364.92,-1707.72,-342.81
2711,508.33,1175.43,1559.43,145.13,70.33,-72.7,-1009.09,-9273.39,509.78,7792.86,-1822.31,73.64,1406.12,-1748.68,-342.56
2721,498.48,1186.86,1564.04,131.72,70.17,-77.37,-998.75,-9307.1,508.58,7796.43,-1784.48,73.98,1373.06,-1710.5,-337.44
2731,479.83,1214.28,1576.02,137.47,67.56,-74.74,-992.72,-9292.5,513.64,7760.17,-1804.57,72.81,1389.0,-1731.75,-342.75
2741,470.4,1234.76,1554.09,123.52,74.87,-83.74,-1011.42,-9227.94,518.78,7722.98,-1840.12,74.0,1376.3,-1766.12,-389.82
2751,520.72,1218.6,1541.28,135.34,81.6,-77.65,-972.82,-9257.83,506.02,7799.69,-1851.57,74.1,1494.96,-1777.47,-282.51
2761,534.26,1191.36,1547.03,142.36,70.37,-65.42,-1022.56,-9351.08,503.19,7823.72,-1784.4,73.41,1373.21,-1710.99,-337.78
2771,528.61,1176.85,1546.69,132.92,76.84,-73.92,-1007.14,-9357.47,505.5,7828.91,-1778.75,73.52,1357.78,-1705.23,-347.45
2781,514.8,1197.04,1529.88,140.8,79.12,-71.9,-1005.14,-9298.84,508.91,7798.0,-1803.04,72.06,1392.67,-1730.99,-338.32
2791,494.9,1187.49,1550.48,134.59,77.8,-72.93,-1021.08,-9321.02,511.45,7822.89,-1801.04,72.27,1364.58,-1728.77,-364.19
2801,522.64,1213.17,1563.25,139.38,76.97,-75.56,-995.22,-9328.93,514.26,7766.09,-1788.98,72.92,1396.05,-1716.05,-320.0
2811,510.21,1211.9,1581.02,133.02,75.92,-77.74,-1023.22,-9322.31,496.2,7766.03,-1790.29,71.53,1351.03,-1718.76,-367.73
2821,493.51,1244.51,1550.65,132.04,75.06,-81.97,-1007.22,-9291.38,519.17,7722.93,-1778.75,73.94,1357.3,-1704.81,-347.5
2831,538.31,1222.0,1519.87,140.34,68.92,-81.44,-991.99,-9266.09,516.01,7737.7,-1811.98,73.18,1403.64,-1738.79,-335.15
2841,515.5,1200.36,1572.05,131.66,72.45,-92.03,-1006.32,-9296.99,516.33,7788.41,-1794.78,71.9,1401.4,-1722.88,-321.48
2851,499.71,1199.16,1553.02,128.15,72.22,-72.99,-1013.73,-9298.67,518.61,7759.34,-1798.99,72.63,1344.81,-1726.36,-381.55
2861,541.82,1226.69,1563.55,137.73,72.26,-77.92,-969.52,-9335.46,492.03,7753.31,-1757.26,72.87,1404.5,-1684.39,-279.89
2871,501.34,1209.18,1551.92,134.65,85.53,-61.86,-987.06,-9352.52,510.29,7826.95,-1761.64,71.61,1418.41,-1690.03,-271.63
2881,544.98,1185.71,1546.55,143.6,74.17,-80.1,-996.13,-9358.53,501.98,7846.66,-1799.94,73.05,1408.9,-1726.89,-317.99
2891,533.43,1219.62,1537.4,145.47,79.02,-76.08,-1006.32,-9367.82,520.72,7825.76,-1766.41,73.23,1411.21,-1693.18,-281.97
2901,516.34,1219.54,1539.72,136.38,86.72,-65.66,-983.01,-9276.87,504.88,7769.42,-1833.11,74.06,1447.47,-1759.05,-311.58
2911,521.88,1234.69,1555.96,135.27,83.62,-70.19,-995.25,-9267.27,516.1,7765.3,-1835.67,73.21,1480.11,-1762.46,-282.35
2921,471.01,1218.04,1551.28,124.55,78.19,-71.61,-1015.78,-9237.46,505.43,7793.8,-1869.89,73.14,1417.44,-1796.75,-379.31
2931,521.53,1235.66,1554.02,137.1,69.04,-77.64,-1020.64,-9291.53,492.27,7791.92,-1813.66,70.56,1411.72,-1743.09,-331.37
2941,477.61,1221.83,1549.68,127.1,71.36,-60.49,-981.16,-9287.6,505.16,7821.79,-1821.55,73.64,1445.3,-1747.91,-302.62
2951,480.93,1204.97,1548.09,132.26,80.19,-66.35,-1012.68,-9202.99,517.6,7771.18,-1867.0,71.92,1453.19,-1795.07,-341.88
2961,524.88,1195.22,1553.54,130.25,82.94,-60.52,-1013.76,-9268.62,519.84,7786.41,-1840.95,73.37,1450.19,-1767.58,-317.39
2971,524.29,1155.42,1553.79,133.49,70.25,-64.26,-998.43,-9303.67,519.77,7790.13,-1823.16,72.59,1380.78,-1750.56,-369.78
2981,478.76,1220.38,1554.11,141.0,79.66,-71.43,-1013.18,-9204.38,518.29,7775.43,-1870.49,74.66,1478.63,-1795.84,-317.2
2991,511.31,1141.38,1562.76,133.53,81.18,-64.04,-999.58,-9216.4,504.94,7700.13,-1814.62,72.65,1355.21,-1741.96,-386.75
3001,518.6,1215.13,1548.2,139.78,71.25,-74.07,-1007.22,-9239.58,496.78,7781.59,-1844.25,73.02,1450.47,-1771.22,-320.76
3011,465.27,1173.82,1558.18,133.19,80.82,-66.57,-1012.9,-9267.21,539.76,7775.96,-1797.42,73.4,1380.31,-1724.02,-343.71
3021,537.5,1173.51,1552.06,138.63,80.78,-80.31,-998.62,-9311.57,502.31,7842.06,-1834.05,72.62,1436.37,-1761.42,-325.06
3031,525.1,1178.81,1547.43,131.1,88.8,-64.59,-1012.38,-9235.93,504.01,7792.29,-1851.49,72.56,1454.65,-1778.93,-324.28
3041,476.14,1180.89,1540.38,128.84,81.99,-77.77,-1007.39,-9240.51,516.11,7800.6,-1826.62,72.7,1399.28,-1753.93,-354.65
3051,536.66,1202.89,1568.12,135.76,73.3,-71.07,-1006.31,-9229.33,502.52,7761.34,-1846.89,73.1,1473.88,-1773.79,-299.91
3061,509.35,1204.39,1559.21,135.65,77.08,-72.6,-1007.37,-9207.46,510.69,7742.9,-1854.45,73.26,1451.84,-1781.19,-329.35
3071,544.73,1149.34,1540.55,128.31,73.24,-69.23,-993.38,-9283.43,511.69,7790.78,-1796.95,72.29,1392.59,-1724.66,-332.07
3081,525.02,1205.2,1548.27,136.94,88.96,-78.41,-1009.42,-9265.61,509.21,7761.73,-1807.33,73.18,1421.88,-1734.15,-312.27
3091,510.4,1210.83,1556.71,134.62,77.6,-67.45,-995.06,-9207.5,490.19,7738.81,-1840.67,75.3,1449.14,-1765.37,-316.22
3101,528.41,1155.7,1545.09,133.61,65.6,-76.02,-1004.22,-9216.86,515.65,7749.86,-1830.09,72.81,1396.82,-1757.28,-360.45
3111,523.91,1181.5,1531.21,141.6,74.32,-60.78,-1013.17,-9241.3,519.76,7788.39,-1857.02,72.65,1445.43,-1784.37,-338.94
3121,521.55,1207.08,1578.35,144.64,85.87,-76.64,-1006.69,-9223.48,512.24,7751.1,-1850.32,72.57,1494.0,-1777.75,-283.74
3131,525.11,1200.73,1564.04,140.93,88.55,-74.85,-1030.9,-9165.34,500.31,7755.74,-1882.0,74.09,1504.35,-1807.91,-303.56
3141,517.08,1219.45,1559.55,139.62,72.39,-54.5,-1032.98,-9185.63,502.52,7821.52,-1899.97,72.21,1559.02,-1827.75,-268.73
3151,502.85,1160.05,1563.37,136.2,82.81,-59.98,-996.98,-9193.21,508.39,7785.09,-1873.34,74.14,1488.57,-1799.19,-310.62
3161,503.27,1214.4,1542.24,144.02,62.78,-64.76,-1031.79,-9183.99,508.2,7770.94,-1873.96,73.3,1465.31,-1800.66,-335.35
3171,534.61,1185.24,1550.37,140.31,78.99,-71.02,-977.2,-9250.09,501.97,7734.24,-1811.76,73.05,1427.42,-1738.71,-311.29
3181,501.43,1212.28,1543.72,133.61,84.07,-66.01,-994.26,-9235.18,515.63,7754.03,-1842.36,72.0,1449.32,-1770.36,-321.04
3191,504.31,1188.0,1557.56,137.04,80.56,-61.03,-991.02,-9287.57,507.54,7804.54,-1824.91,72.3,1439.93,-1752.61,-312.68
3201,508.51,1240.28,1544.99,138.93,83.07,-69.12,-1011.47,-9207.99,501.15,7757.54,-1878.94,71.6,1485.89,-1807.34,-321.44
3211,519.6,1209.07,1553.68,142.02,77.5,-71.26,-1013.42,-9270.7,510.48,7770.09,-1834.04,71.79,1427.04,-1762.24,-335.2
3221,553.18,1183.21,1552.62,138.2,81.49,-82.81,-1011.47,-9252.35,491.86,7794.6,-1855.43,71.2,1448.55,-1784.23,-335.68
3231,550.25,1217.36,1554.43,127.61,83.2,-71.25,-1016.98,-9240.23,503.01,7790.85,-1839.1,72.19,1498.27,-1766.91,-268.64
3241,533.39,1228.73,1541.84,140.79,74.46,-65.67,-1033.71,-9212.36,515.71,7753.58,-1870.01,72.93,1476.78,-1797.08,-320.3
3251,482.9,1175.87,1544.22,129.48,81.96,-66.19,-983.56,-9243.42,512.08,7751.95,-1854.87,73.05,1385.28,-1781.82,-396.53
3261,508.88,1225.23,1546.71,139.78,73.78,-65.59,-1029.34,-9238.06,516.82,7789.66,-1871.02,72.12,1467.87,-1798.9,-331.04
3271,498.71,1188.47,1572.9,128.61,75.14,-70.79,-1020.21,-9224.75,515.36,7773.3,-1867.92,72.61,1436.76,-1795.31,-358.56
3281,485.21,1149.53,1537.87,132.91,72.85,-67.75,-979.11,-9307.61,521.69,7815.53,-1840.44,72.62,1361.11,-1767.82,-406.72
3291,502.84,1197.22,1539.11,130.06,68.47,-81.42,-1001.14,-9208.15,504.24,7821.36,-1914.25,73.56,1472.59,-1840.68,-368.09
3301,510.25,1210.59,1547.81,135.75,78.79,-71.04,-1016.78,-9186.76,502.62,7752.05,-1885.56,72.73,1463.29,-1812.82,-349.54
3311,534.88,1202.51,1559.52,145.19,71.56,-66.15,-1008.99,-9176.4,497.24,7734.98,-1898.16,73.34,1494.35,-1824.82,-330.47
3321,516.32,1200.72,1536.61,139.43,80.83,-70.98,-1012.96,-9225.32,475.79,7758.22,-1863.1,73.29,1398.65,-1789.81,-391.16
3331,513.86,1216.85,1528.84,130.32,77.95,-78.73,-966.98,-9219.4,504.9,7781.46,-1880.97,73.34,1489.07,-1807.63,-318.57
3341,528.18,1202.0,1543.41,143.75,82.18,-80.74,-997.6,-9240.47,502.49,7809.66,-1887.96,73.17,1492.86,-1814.79,-321.92
3351,529.27,1248.77,1543.74,144.04,70.42,-70.14,-1000.89,-9208.43,491.58,7745.3,-1878.07,73.36,1493.66,-1804.72,-311.06
3361,506.44,1162.61,1549.41,131.13,82.07,-74.55,-1005.92,-9232.64,512.78,7766.09,-1830.97,72.53,1397.4,-1758.44,-361.04
3371,520.24,1146.11,1560.33,135.44,81.71,-78.01,-1009.01,-9202.09,506.96,7772.36,-1865.27,73.66,1434.04,-1791.62,-357.58
3381,538.55,1207.88,1544.76,133.54,75.98,-75.26,-996.39,-9223.81,502.58,7791.24,-1887.9,73.2,1499.07,-1814.69,-315.62
3391,497.05,1207.92,1550.48,139.01,70.82,-74.56,-984.38,-9147.87,501.5,7784.86,-1921.5,72.91,1544.82,-1848.59,-303.76
3401,523.87,1196.76,1548.27,140.54,78.53,-53.41,-1024.86,-9169.27,506.0,7773.6,-1901.93,73.85,1520.05,-1828.08,-308.03
3411,528.14,1226.19,1527.8,142.33,71.98,-67.28,-1012.84,-9186.2,511.75,7713.9,-1856.5,72.24,1455.76,-1784.26,-328.49
3421,520.58,1236.9,1561.3,132.17,84.72,-74.58,-1014.11,-9251.93,509.9,7746.83,-1822.53,73.08,1451.79,-1749.44,-297.65
3431,514.36,1235.27,1569.3,136.75,81.37,-62.07,-977.68,-9175.29,507.68,7711.01,-1849.29,71.45,1540.7,-1777.84,-237.13
3441,489.17,1242.2,1546.4,134.95,84.08,-72.0,-1001.14,-9236.55,500.36,7743.1,-1830.14,72.14,1430.58,-1758.0,-327.42
3451,521.28,1235.15,1556.27,140.85,85.28,-63.66,-1007.49,-9280.07,514.62,7736.98,-1780.53,70.53,1439.21,-1709.99,-270.78
3461,499.24,1220.56,1565.51,136.85,67.76,-71.82,-1024.42,-9308.04,516.43,7817.72,-1797.38,72.71,1419.79,-1724.67,-304.88
3471,497.36,1213.26,1562.95,136.92,71.76,-64.62,-1014.06,-9247.33,518.46,7770.74,-1845.88,72.27,1445.43,-1773.61,-328.18
3481,511.37,1215.2,1555.78,138.5,75.83,-57.8,-1005.31,-9194.64,499.86,7722.08,-1841.16,72.64,1460.89,-1768.51,-307.62
3491,536.34,1216.13,1557.64,135.99,82.0,-75.12,-1013.16,-9243.16,491.75,7772.81,-1820.84,71.47,1461.23,-1749.37,-288.14
3501,510.02,1194.26,1564.02,135.99,74.01,-75.2,-1001.32,-9222.07,516.29,7709.97,-1815.33,70.39,1405.95,-1744.94,-338.99
3511,479.77,1188.54,1541.32,132.7,84.06,-60.53,-1010.76,-9255.29,522.01,7825.66,-1855.8,71.06,1447.47,-1784.75,-337.27
3521,507.71,1196.98,1558.84,128.54,73.16,-79.35,-1014.6,-9287.89,500.94,7805.78,-1827.44,70.93,1390.12,-1756.51,-366.39
3531,469.31,1243.48,1568.64,139.35,74.59,-90.18,-1014.07,-9235.08,514.32,7750.35,-1821.53,70.45,1420.71,-1751.09,-330.37
3541,507.5,1161.24,1546.92,133.92,83.72,-66.26,-996.01,-9224.88,515.44,7785.63,-1873.83,71.62,1447.24,-1802.2,-354.97
3551,503.66,1200.99,1574.96,138.21,75.36,-77.39,-995.82,-9264.75,514.13,7787.31,-1842.23,72.3,1456.66,-1769.94,-313.28
3561,529.7,1200.05,1539.55,132.26,64.55,-67.57,-1018.74,-9255.58,517.36,7818.44,-1861.31,70.64,1460.01,-1790.67,-330.66
3571,491.57,1193.34,1572.46,132.74,70.76,-65.69,-1026.4,-9260.05,506.67,7776.75,-1821.29,70.94,1392.17,-1750.35,-358.18
3581,509.69,1206.47,1559.61,141.44,86.84,-75.84,-1010.06,-9233.93,509.66,7771.9,-1847.43,72.53,1465.78,-1774.91,-309.13
3591,504.58,1236.39,1548.31,134.08,78.09,-80.58,-1029.23,-9252.79,510.39,7735.54,-1804.99,70.49,1384.79,-1734.49,-349.7
3601,514.91,1207.92,1576.51,140.45,72.59,-74.42,-1014.22,-9331.33,509.02,7733.57,-1706.92,71.28,1334.99,-1635.65,-300.65
3611,549.82,1194.41,1565.39,135.2,80.38,-81.44,-1018.24,-9282.68,496.25,7768.22,-1781.34,71.38,1407.3,-1709.95,-302.65
3621,525.45,1194.03,1573.5,142.04,90.59,-63.31,-1013.24,-9276.08,495.32,7746.61,-1788.81,71.29,1414.9,-1717.52,-302.62
3631,535.02,1155.31,1567.76,131.85,80.8,-66.0,-986.21,-9218.8,519.84,7695.89,-1810.77,72.17,1415.45,-1738.6,-323.14
3641,523.58,1214.43,1575.36,141.62,74.88,-82.06,-1006.92,-9217.86,532.09,7749.64,-1828.97,73.6,1504.76,-1755.37,-250.61
3651,490.81,1241.87,1574.11,142.74,74.94,-77.73,-1019.26,-9211.67,513.37,7747.84,-1841.0,72.48,1477.03,-1768.51,-291.49
3661,518.12,1118.62,1568.34,136.03,82.53,-68.03,-1011.72,-9256.95,508.68,7768.83,-1794.39,71.42,1364.46,-1722.97,-358.51
3671,517.64,1187.51,1553.64,139.4,77.65,-65.39,-1031.94,-9266.19,517.97,7786.23,-1790.51,71.77,1416.54,-1718.74,-302.21
3681,483.12,1220.07,1556.52,135.47,79.37,-78.95,-1007.64,-9251.85,508.82,7758.59,-1782.69,72.74,1403.53,-1709.95,-306.42
3691,519.08,1227.67,1559.8,137.27,69.13,-70.39,-1007.58,-9251.98,499.58,7750.17,-1816.51,72.33,1432.75,-1744.18,-311.43
3701,512.24,1218.6,1579.94,138.48,78.75,-72.51,-1038.65,-9171.58,514.58,7722.12,-1825.8,70.07,1481.98,-1755.73,-273.76
3711,514.32,1241.73,1524.33,141.23,70.63,-82.94,-982.9,-9235.04,519.42,7751.75,-1829.57,72.89,1462.53,-1756.67,-294.14
3721,528.64,1141.35,1573.4,124.82,80.12,-84.43,-993.93,-9208.28,508.53,7737.73,-1845.81,72.75,1407.94,-1773.06,-365.12
3731,502.84,1162.18,1564.25,135.63,75.42,-65.23,-989.58,-9188.78,502.93,7736.91,-1859.35,72.84,1436.57,-1786.51,-349.95
3741,533.86,1160.96,1554.58,145.61,72.22,-80.25,-1023.88,-9273.02,501.8,7706.43,-1748.23,72.12,1298.3,-1676.11,-377.81
3751,521.55,1209.18,1568.08,147.17,73.95,-68.96,-1008.32,-9302.6,498.74,7759.52,-1765.27,71.59,1398.3,-1693.68,-295.38
3761,506.13,1250.88,1549.29,134.65,76.56,-74.68,-983.41,-9289.45,515.13,7705.31,-1752.71,72.66,1390.42,-1680.05,-289.63
3771,518.99,1187.63,1547.45,130.55,75.7,-76.07,-1002.15,-9281.99,517.65,7761.49,-1781.86,72.59,1379.25,-1709.28,-330.03
3781,487.07,1195.73,1545.83,139.9,72.72,-57.3,-983.8,-9348.29,510.65,7771.42,-1719.43,72.45,1333.94,-1646.98,-313.05
3791,493.73,1159.16,1579.95,139.07,77.9,-73.28,-1003.06,-9413.42,509.71,7802.44,-1699.65,71.9,1272.21,-1627.75,-355.54
3801,524.14,1192.46,1556.23,145.4,61.51,-70.65,-1010.34,-9212.6,515.78,7701.61,-1801.96,71.67,1403.54,-1730.29,-326.75
3811,509.26,1182.48,1561.29,136.84,74.68,-70.02,-988.05,-9400.42,505.71,7808.13,-1721.58,71.23,1319.9,-1650.35,-330.45
3821,529.12,1174.42,1560.74,136.36,76.27,-68.92,-991.71,-9313.61,515.19,7769.78,-1768.5,73.12,1387.63,-1695.37,-307.74
3831,491.74,1200.63,1574.89,130.53,79.08,-81.74,-1001.7,-9299.39,513.64,7723.63,-1748.06,71.89,1331.31,-1676.17,-344.85
3841,533.67,1247.64,1586.74,135.18,74.75,-84.64,-1003.99,-9274.94,486.56,7687.47,-1768.67,71.89,1388.44,-1696.78,-308.34
3851,522.02,1210.26,1599.9,137.86,87.94,-68.4,-1016.45,-9336.7,509.11,7780.46,-1758.69,71.64,1426.0,-1687.05,-261.06
3861,527.07,1153.38,1556.63,130.72,70.81,-74.41,-997.71,-9243.37,514.12,7757.0,-1795.21,72.44,1394.24,-1722.77,-328.53
3871,502.66,1188.31,1577.03,134.5,75.86,-70.05,-1008.11,-9209.72,483.95,7730.67,-1838.77,74.58,1405.11,-1764.19,-359.08
3881,552.58,1236.1,1583.15,136.8,71.13,-72.96,-1003.52,-9206.8,499.96,7690.6,-1810.13,72.32,1487.06,-1737.8,-250.75
3891,514.84,1235.3,1560.0,135.63,75.22,-66.37,-1002.41,-9259.74,518.23,7728.75,-1798.72,72.5,1439.46,-1726.22,-286.77
3901,527.04,1154.65,1575.6,144.74,70.18,-74.14,-1012.01,-9226.57,518.11,7775.74,-1829.98,72.34,1453.36,-1757.64,-304.28
3911,541.6,1192.75,1588.1,145.37,89.48,-70.94,-1001.96,-9223.46,492.51,7697.36,-1808.44,71.23,1450.81,-1737.21,-286.41
3921,520.82,1218.69,1572.58,133.25,72.48,-76.63,-1018.69,-9199.47,517.15,7719.76,-1826.27,72.62,1459.96,-1753.65,-293.69
3931,546.47,1202.75,1599.34,133.78,72.09,-84.97,-1020.35,-9229.39,503.68,7693.64,-1780.28,71.8,1417.04,-1708.48,-291.44
3941,492.23,1166.32,1546.89,130.74,87.15,-71.27,-1005.81,-9281.46,503.63,7762.95,-1795.43,73.1,1331.38,-1722.33,-390.95
3951,520.76,1204.03,1529.4,132.92,87.66,-71.09,-1012.91,-9112.55,506.32,7679.97,-1873.23,72.83,1464.52,-1800.4,-335.88
3961,529.33,1202.69,1542.63,127.79,75.43,-68.22,-958.09,-9263.47,508.93,7706.37,-1785.51,72.56,1403.4,-1712.95,-309.55
3971,512.85,1181.81,1566.09,135.45,79.89,-67.6,-1000.37,-9186.84,500.2,7722.43,-1854.51,73.18,1443.91,-1781.33,-337.42
3981,509.71,1207.16,1542.37,129.29,71.39,-63.38,-997.54,-9190.33,499.96,7736.11,-1850.26,74.43,1444.74,-1775.83,-331.09
3991,510.73,1205.12,1551.05,140.2,73.87,-67.19,-975.36,-9234.87,514.48,7740.02,-1824.6,72.92,1458.04,-1751.68,-293.64
4001,526.73,1207.98,1572.22,145.33,69.81,-43.89,-1001.95,-9256.73,514.0,7668.2,-1764.85,72.05,1401.69,-1692.8,-291.11

Receptor Energy Terms
Frame #,BOND,ANGLE,DIHED,UB,IMP,CMAP,VDWAALS,EEL,1-4 VDW,1-4 EEL,EGB,ESURF,GGAS,GSOLV,TOTAL
1,551.27,1176.9,1475.79,133.67,79.54,-60.87,-1006.81,-9420.65,491.37,7812.86,-1694.14,69.22,1233.07,-1624.93,-391.86
11,499.67,1155.49,1482.65,130.02,78.02,-66.18,-1002.22,-9363.44,495.19,7845.64,-1753.34,69.74,1254.85,-1683.61,-428.76
21,487.77,1163.32,1490.91,134.96,78.56,-66.4,-995.88,-9406.89,498.78,7881.22,-1757.44,68.62,1266.35,-1688.82,-422.47
31,494.85,1182.1,1518.38,127.22,73.83,-74.88,-998.32,-9360.23,503.69,7905.85,-1790.65,69.08,1372.49,-1721.57,-349.08
41,478.72,1190.76,1494.15,132.94,72.59,-53.16,-1008.75,-9404.47,485.98,7853.8,-1719.07,69.41,1242.54,-1649.66,-407.12
51,499.68,1145.27,1496.69,122.75,82.91,-65.02,-984.86,-9373.01,496.58,7861.1,-1763.49,71.03,1282.1,-1692.46,-410.36
61,500.24,1167.22,1514.41,124.24,75.65,-62.63,-992.52,-9337.14,488.83,7855.23,-1801.22,69.38,1333.53,-1731.84,-398.3
71,463.53,1208.77,1522.98,133.44,75.95,-67.47,-1033.76,-9250.72,491.04,7814.06,-1816.13,67.17,1357.82,-1748.96,-391.14
81,504.59,1189.36,1534.07,141.42,74.86,-68.95,-987.95,-9355.45,497.61,7867.56,-1768.81,70.88,1397.13,-1697.93,-300.8
91,483.79,1161.68,1518.13,130.12,72.35,-65.58,-1011.96,-9327.73,504.88,7853.02,-1789.7,70.5,1318.69,-1719.2,-400.51
101,506.67,1211.29,1523.51,133.04,77.53,-71.6,-1024.12,-9334.33,490.16,7851.94,-1771.96,68.12,1364.08,-1703.84,-339.76
111,499.0,1177.74,1506.7,133.86,90.56,-77.51,-1022.62,-9353.87,478.32,7847.29,-1743.72,70.3,1279.46,-1673.42,-393.95
121,479.37,1109.07,1489.56,122.02,79.8,-63.91,-993.85,-9337.13,486.54,7883.13,-1817.5,69.0,1254.61,-1748.5,-493.89
131,504.73,1143.88,1503.34,137.26,75.5,-57.69,-1006.69,-9263.4,488.84,7851.45,-1846.8,69.31,1377.22,-1777.49,-400.27
141,522.51,1176.17,1493.62,128.52,81.7,-72.4,-1004.15,-9328.9,505.48,7831.06,-1765.0,68.06,1333.62,-1696.94,-363.32
151,499.5,1157.83,1492.07,131.45,87.57,-64.47,-981.02,-9404.87,494.06,7854.65,-1732.18,70.08,1266.77,-1662.1,-395.32
161,517.43,1151.6,1508.38,129.48,83.43,-77.51,-1005.67,-9334.55,483.03,7835.18,-1754.53,69.9,1290.79,-1684.64,-393.84
171,514.47,1178.13,1497.64,135.98,77.07,-59.68,-1000.32,-9320.97,484.52,7805.57,-1765.29,70.99,1312.41,-1694.3,-381.88
181,528.27,1178.51,1494.25,133.29,75.7,-57.48,-1004.83,-9334.46,497.73,7843.87,-1782.47,69.4,1354.84,-1713.07,-358.23
191,514.59,1219.1,1489.98,140.91,77.93,-59.48,-1003.1,-9250.27,499.73,7831.76,-1856.73,70.51,1461.14,-1786.22,-325.08
201,488.19,1143.74,1517.51,128.35,79.82,-42.9,-974.09,-9421.7,517.23,7884.44,-1736.47,71.34,1320.59,-1665.13,-344.53
211,508.49,1225.79,1491.86,137.94,83.24,-64.61,-999.48,-9363.49,489.33,7861.29,-1768.56,70.11,1370.36,-1698.45,-328.1
221,489.46,1178.69,1515.91,141.46,77.77,-69.19,-1004.51,-9340.0,498.04,7855.53,-1770.9,69.08,1343.15,-1701.82,-358.66
231,499.56,1181.5,1509.7,129.55,74.93,-49.57,-1011.97,-9385.96,486.8,7884.0,-1771.01,70.0,1318.55,-1701.01,-382.46
241,497.45,1149.14,1496.32,130.56,80.38,-58.87,-1018.63,-9383.53,511.47,7837.26,-1750.04,68.83,1241.56,-1681.21,-439.66
251,488.32,1215.66,1505.52,134.61,81.77,-69.01,-994.01,-9415.97,502.79,7891.54,-1753.71,68.64,1341.24,-1685.07,-343.83
261,513.78,1181.29,1483.62,130.97,64.95,-61.21,-991.46,-9332.16,479.52,7833.05,-1783.43,69.63,1302.35,-1713.8,-411.45
271,508.04,1200.47,1514.52,134.37,78.93,-68.13,-986.56,-9373.73,482.31,7838.82,-1765.99,69.07,1329.05,-1696.92,-367.87
281,467.19,1173.29,1506.56,126.74,74.23,-52.83,-993.79,-9343.2,501.85,7871.73,-1797.46,69.13,1331.76,-1728.33,-396.57
291,486.07,1200.93,1506.96,131.98,82.24,-76.06,-973.62,-9302.42,493.31,7817.32,-1797.51,70.0,1366.7,-1727.51,-360.81
301,505.24,1196.75,1508.62,133.73,70.68,-63.26,-996.94,-9354.51,496.28,7870.81,-1786.09,70.1,1367.4,-1715.99,-348.59
311,480.71,1155.27,1511.11,131.9,82.69,-63.01,-994.03,-9350.06,496.57,7829.15,-1771.41,69.2,1280.31,-1702.21,-421.9
321,501.63,1125.18,1475.16,133.5,72.91,-63.84,-1000.58,-9330.32,516.74,7840.84,-1771.9,69.31,1271.23,-1702.59,-431.37
331,508.77,1167.34,1503.72,125.4,71.32,-60.8,-980.75,-9354.37,486.6,7802.48,-1751.97,69.45,1269.72,-1682.52,-412.8
341,506.33,1183.4,1516.65,126.79,67.68,-66.24,-978.45,-9375.37,500.92,7850.29,-1767.93,69.05,1331.98,-1698.88,-366.9
351,468.77,1159.82,1506.59,121.82,78.7,-70.44,-981.47,-9336.12,520.33,7861.02,-1777.31,69.81,1329.02,-1707.5,-378.48
361,479.6,1206.27,1505.87,139.8,82.38,-68.84,-1007.71,-9376.33,497.13,7845.73,-1767.55,70.58,1303.9,-1696.97,-393.07
371,483.91,1190.77,1516.36,134.77,84.4,-68.88,-976.81,-9313.7,509.97,7809.28,-1773.71,70.24,1370.06,-1703.47,-333.4
381,500.02,1171.01,1496.45,124.43,74.36,-57.63,-985.92,-9410.68,488.04,7862.65,-1732.74,70.44,1262.73,-1662.3,-399.57
391,466.74,1245.62,1463.71,132.5,80.05,-51.62,-996.71,-9462.08,497.94,7885.56,-1705.51,70.93,1261.71,-1634.57,-372.87
401,456.99,1186.88,1510.71,136.82,82.9,-47.67,-1007.23,-9427.49,500.97,7840.24,-1702.81,69.89,1233.11,-1632.92,-399.81
411,512.29,1154.71,1520.67,128.24,67.66,-65.05,-967.56,-9470.46,487.4,7866.68,-1712.12,70.38,1234.59,-1641.74,-407.15
421,522.57,1148.86,1503.1,131.29,68.78,-61.6,-975.17,-9389.99,497.13,7916.4,-1778.11,70.09,1361.38,-1708.02,-346.64
431,494.28,1197.64,1513.66,130.93,67.98,-74.41,-1009.12,-9358.08,496.82,7814.76,-1751.4,70.38,1274.47,-1681.02,-406.55
441,488.06,1202.37,1514.39,130.97,75.79,-60.74,-1000.01,-9378.11,482.86,7854.09,-1767.91,69.4,1309.67,-1698.51,-388.84
451,513.46,1182.49,1520.12,131.41,65.16,-65.26,-1012.12,-9312.22,492.62,7806.61,-1795.46,69.57,1322.26,-1725.89,-403.63
461,494.34,1182.76,1518.48,132.36,86.82,-58.37,-993.99,-9243.2,488.04,7775.79,-1827.97,69.84,1383.04,-1758.13,-375.09
471,495.21,1163.56,1489.93,131.9,72.38,-66.56,-1013.8,-9299.17,507.02,7844.8,-1779.56,69.61,1325.27,-1709.96,-384.69
481,508.8,1214.49,1477.09,137.11,71.19,-65.96,-985.99,-9292.11,483.13,7774.42,-1763.95,72.07,1322.17,-1691.88,-369.71
491,506.97,1153.47,1527.99,135.9,75.34,-65.85,-1026.34,-9286.61,500.45,7850.88,-1814.79,71.45,1372.2,-1743.34,-371.14
501,499.28,1173.37,1498.88,128.11,71.3,-70.74,-997.18,-9307.1,481.67,7907.93,-1850.72,71.76,1385.53,-1778.96,-393.43
511,520.57,1187.73,1480.36,135.21,77.63,-70.95,-1007.77,-9164.18,498.64,7767.26,-1867.62,71.12,1424.49,-1796.5,-372.01
521,496.98,1171.73,1504.2,145.38,63.45,-65.66,-1025.42,-9259.62,496.56,7867.92,-1833.63,70.44,1395.53,-1763.19,-367.65
531,512.28,1164.01,1502.04,138.01,68.72,-65.0,-962.81,-9316.62,505.64,7824.16,-1804.68,71.18,1370.44,-1733.5,-363.06
541,487.71,1172.74,1481.83,133.84,71.69,-67.13,-989.4,-9266.2,488.71,7854.89,-1830.84,71.32,1368.68,-1759.52,-390.84
551,498.49,1126.8,1486.9,131.93,83.25,-83.3,-995.17,-9316.91,487.18,7904.77,-1836.83,70.97,1323.91,-1765.86,-441.95
561,480.86,1163.51,1499.81,124.25,73.78,-65.37,-983.88,-9315.22,505.82,7867.68,-1838.59,70.41,1351.23,-1768.18,-416.95
571,491.99,1200.88,1514.75,131.1,67.2,-67.79,-1008.03,-9267.59,483.08,7827.65,-1828.91,70.97,1373.25,-1757.93,-384.68
581,490.59,1146.29,1538.92,133.03,77.18,-60.84,-991.57,-9313.02,487.53,7846.28,-1791.45,71.47,1354.37,-1719.98,-365.6
591,465.59,1141.11,1521.31,130.54,67.33,-68.85,-983.92,-9298.6,527.31,7871.41,-1837.16,72.67,1373.23,-1764.49,-391.26
601,502.15,1148.68,1513.4,130.57,76.0,-69.98,-1007.0,-9254.81,491.16,7765.65,-1809.95,71.87,1295.83,-1738.08,-442.25
611,506.99,1180.82,1514.21,128.34,80.28,-69.57,-996.65,-9265.28,489.88,7791.67,-1810.87,72.35,1360.71,-1738.53,-377.82
621,510.55,1143.8,1516.48,124.45,75.15,-60.28,-966.66,-9304.5,481.89,7799.02,-1791.54,71.43,1319.89,-1720.11,-400.22
631,513.25,1144.44,1517.37,131.19,71.68,-53.17,-980.83,-9280.57,480.53,7809.72,-1828.22,70.36,1353.61,-1757.86,-404.24
641,489.05,1183.18,1470.89,125.3,76.35,-55.25,-972.51,-9344.45,488.33,7828.47,-1752.89,70.82,1289.37,-1682.07,-392.7
651,468.02,1135.67,1498.75,122.61,81.28,-72.02,-1002.84,-9303.11,498.01,7841.22,-1799.35,70.93,1267.59,-1728.42,-460.83
661,516.35,1171.81,1506.24,138.33,78.12,-68.45,-1015.07,-9280.79,491.02,7798.22,-1807.77,70.68,1335.78,-1737.09,-401.31
671,512.55,1169.26,1487.25,133.62,80.88,-61.1,-988.18,-9270.06,497.79,7819.94,-1802.21,69.9,1381.95,-1732.32,-350.37
681,508.17,1171.78,1494.66,132.71,76.06,-62.13,-1016.61,-9384.92,476.63,7851.87,-1753.36,69.56,1248.22,-1683.8,-435.58
691,487.57,1172.39,1499.91,135.29,77.56,-65.59,-989.82,-9353.06,488.53,7815.14,-1729.07,69.69,1267.92,-1659.38,-391.46
701,474.31,1125.9,1495.96,127.31,83.12,-62.73,-977.66,-9354.29,523.34,7841.94,-1762.74,69.84,1277.21,-1692.9,-415.69
711,525.81,1191.81,1489.79,134.62,74.88,-81.93,-1001.69,-9311.85,480.45,7798.59,-1766.56,70.37,1300.48,-1696.19,-395.71
721,501.67,1203.8,1480.97,137.21,71.31,-54.95,-992.81,-9307.0,477.2,7820.79,-1789.64,68.65,1338.2,-1720.99,-382.79
731,512.62,1144.49,1490.86,127.83,83.52,-68.3,-997.32,-9288.29,491.95,7803.03,-1813.77,70.19,1300.38,-1743.58,-443.2
741,498.53,1158.54,1501.25,126.82,80.03,-70.38,-982.62,-9325.47,509.61,7858.73,-1785.77,69.41,1355.04,-1716.36,-361.32
751,506.38,1203.65,1478.24,132.27,65.12,-58.61,-990.64,-9315.96,486.71,7837.41,-1794.13,70.06,1344.57,-1724.07,-379.5
761,487.38,1183.93,1489.3,127.03,73.82,-83.36,-1012.84,-9345.84,493.88,7869.42,-1774.79,69.94,1282.74,-1704.85,-422.11
771,524.92,1197.26,1516.87,140.24,79.74,-88.57,-992.59,-9267.64,493.59,7818.31,-1822.74,69.67,1422.11,-1753.07,-330.96
781,489.61,1187.53,1495.07,120.39,72.73,-81.19,-1005.1,-9328.33,496.07,7825.83,-1767.28,68.83,1272.62,-1698.45,-425.83
791,481.61,1158.31,1511.83,129.08,84.35,-67.89,-1016.37,-9299.16,496.45,7836.56,-1803.75,70.15,1314.78,-1733.6,-418.81
801,491.57,1139.77,1522.76,122.54,80.17,-71.09,-1005.81,-9342.34,493.7,7818.33,-1750.44,68.28,1249.6,-1682.16,-432.56
811,498.22,1201.81,1496.49,132.41,72.17,-62.03,-999.92,-9271.38,484.91,7790.38,-1803.76,70.79,1343.07,-1732.97,-389.9
821,529.04,1166.6,1519.88,134.08,76.11,-67.45,-1012.54,-9245.07,481.99,7745.17,-1776.17,69.39,1327.8,-1706.78,-378.97
831,505.52,1185.67,1498.78,133.16,71.78,-76.19,-1019.52,-9304.16,496.21,7813.33,-1784.74,70.15,1304.57,-1714.59,-410.02
841,507.83,1191.08,1523.71,127.46,80.88,-73.09,-998.89,-9253.34,497.65,7806.18,-1817.0,70.87,1409.47,-1746.12,-336.66
851,483.69,1137.06,1511.32,131.29,74.94,-66.08,-1000.09,-9330.07,498.95,7872.55,-1787.33,70.24,1313.55,-1717.09,-403.54
861,546.68,1168.97,1488.93,130.83,76.23,-68.42,-1010.52,-9197.52,472.32,7786.69,-1860.76,72.12,1394.19,-1788.65,-394.46
871,505.76,1164.04,1496.59,128.28,73.21,-61.14,-1006.18,-9242.46,494.12,7802.33,-1830.73,69.77,1354.57,-1760.96,-406.39
881,517.66,1177.55,1517.3,133.18,74.65,-59.96,-981.97,-9289.96,488.63,7812.24,-1816.09,68.42,1389.32,-1747.67,-358.35
891,528.35,1177.31,1497.04,130.19,71.78,-63.76,-998.6,-9308.29,490.11,7769.42,-1774.29,68.62,1293.55,-1705.67,-412.11
901,502.97,1219.79,1494.25,119.63,89.14,-70.42,-998.63,-9211.73,489.8,7761.65,-1830.1,70.98,1396.48,-1759.12,-362.64
911,504.66,1199.16,1515.55,132.41,79.35,-74.79,-1003.18,-9273.11,495.14,7795.15,-1785.1,70.01,1370.34,-1715.09,-344.75
921,484.24,1135.12,1513.19,132.7,73.86,-69.05,-1000.31,-9242.8,491.82,7861.92,-1884.34,71.83,1380.71,-1812.51,-431.8
931,503.02,1171.81,1514.01,121.8,67.26,-75.25,-986.67,-9251.82,488.47,7782.25,-1807.27,70.48,1334.88,-1736.79,-401.92
941,487.27,1159.29,1523.72,128.24,79.27,-73.51,-996.8,-9211.24,497.34,7786.08,-1841.08,71.53,1379.68,-1769.56,-389.87
951,504.53,1159.78,1489.45,131.96,81.55,-54.33,-983.4,-9259.44,491.46,7809.46,-1819.01,71.72,1371.02,-1747.29,-376.27
961,540.71,1150.38,1521.68,130.28,76.1,-60.91,-1002.78,-9282.25,495.21,7851.57,-1841.04,70.87,1419.99,-1770.18,-350.19
971,501.62,1166.82,1527.11,132.03,73.32,-74.78,-990.97,-9302.44,497.59,7798.82,-1771.41,70.71,1329.12,-1700.7,-371.58
981,459.74,1181.26,1522.46,132.57,78.56,-66.12,-1009.74,-9299.6,498.17,7825.01,-1795.64,69.84,1322.31,-1725.81,-403.49
991,513.84,1236.56,1482.91,130.69,75.11,-81.95,-1002.82,-9403.59,479.1,7849.28,-1729.47,68.95,1279.14,-1660.52,-381.39
1001,507.3,1147.53,1490.39,126.76,74.24,-73.56,-980.91,-9350.02,490.89,7845.81,-1760.65,71.3,1278.42,-1689.35,-410.93
1011,544.85,1138.71,1506.52,133.81,76.23,-83.28,-980.94,-9332.6,494.76,7805.0,-1764.68,70.4,1303.05,-1694.28,-391.24
1021,534.98,1189.02,1498.67,138.65,75.87,-71.06,-1027.29,-9338.41,483.12,7812.29,-1757.48,68.47,1295.84,-1689.01,-393.17
1031,523.04,1120.23,1532.58,124.85,70.96,-68.69,-997.07,-9324.07,494.59,7839.47,-1778.27,71.36,1315.89,-1706.9,-391.01
1041,507.86,1146.01,1514.32,133.47,76.7,-61.69,-981.57,-9394.41,491.72,7857.42,-1745.37,70.26,1289.83,-1675.11,-385.28
1051,506.16,1161.1,1476.03,121.26,75.29,-56.59,-1007.71,-9309.15,486.5,7846.76,-1807.73,72.74,1299.65,-1735.0,-435.35
1061,520.94,1185.22,1460.61,135.04,77.05,-52.59,-1012.22,-9285.05,475.46,7784.34,-1795.12,70.32,1288.82,-1724.8,-435.98
1071,498.78,1211.07,1492.31,139.14,75.81,-50.98,-1007.37,-9300.92,494.32,7777.39,-1743.73,71.52,1329.55,-1672.2,-342.66
1081,491.87,1204.55,1502.16,143.62,73.17,-58.14,-1000.32,-9331.36,494.91,7793.48,-1759.83,70.46,1313.92,-1689.37,-375.46
1091,527.06,1182.9,1482.82,142.62,70.09,-59.74,-991.6,-9367.6,482.19,7854.81,-1758.89,70.68,1323.54,-1688.21,-364.67
1101,512.1,1192.84,1496.47,138.27,72.6,-63.47,-973.33,-9367.71,484.5,7771.72,-1732.88,68.83,1263.99,-1664.05,-400.06
1111,519.33,1106.92,1505.31,126.36,84.0,-68.38,-1007.25,-9373.56,491.7,7843.86,-1734.81,70.0,1228.31,-1664.82,-436.5
1121,498.56,1201.94,1498.09,137.88,84.67,-67.5,-981.35,-9325.8,508.59,7801.85,-1795.46,70.24,1356.94,-1725.22,-368.27
1131,488.75,1170.07,1501.29,127.41,78.22,-57.34,-1008.61,-9323.69,489.44,7852.18,-1794.93,69.59,1317.73,-1725.35,-407.62
1141,492.57,1198.87,1489.37,131.95,75.21,-63.27,-1004.18,-9301.93,483.84,7795.15,-1799.45,69.87,1297.57,-1729.58,-432.01
1151,489.73,1151.15,1515.87,138.88,71.22,-78.55,-994.47,-9296.94,477.68,7838.18,-1818.68,69.49,1312.76,-1749.19,-436.43
1161,519.6,1195.82,1476.39,136.0,67.66,-63.09,-984.58,-9233.93,490.52,7785.58,-1838.39,69.85,1389.97,-1768.54,-378.57
1171,510.9,1171.87,1482.89,132.15,84.49,-54.45,-1023.11,-9289.6,489.96,7796.69,-1778.31,69.86,1301.78,-1708.45,-406.66
1181,477.68,1197.87,1484.83,128.98,74.15,-71.97,-989.78,-9290.88,500.86,7862.66,-1832.47,70.8,1374.39,-1761.66,-387.27
1191,497.33,1207.42,1481.72,134.57,72.12,-72.12,-978.86,-9215.46,479.75,7765.04,-1839.15,72.78,1371.51,-1766.37,-394.86
1201,505.72,1209.87,1503.24,146.3,74.96,-85.91,-1005.57,-9290.2,495.36,7783.97,-1777.0,70.37,1337.73,-1706.63,-368.9
1211,497.2,1180.35,1510.58,140.17,71.73,-77.58,-1009.99,-9271.62,500.13,7820.0,-1802.36,70.09,1360.96,-1732.27,-371.31
1221,510.5,1176.25,1503.3,123.23,80.89,-74.93,-997.43,-9286.63,488.15,7821.03,-1801.47,70.77,1344.37,-1730.69,-386.32
1231,500.16,1173.03,1511.56,133.72,83.21,-61.93,-1005.45,-9294.46,489.35,7822.21,-1806.33,70.5,1351.4,-1735.83,-384.42
1241,496.93,1179.78,1499.75,127.89,75.74,-62.53,-997.86,-9190.03,489.94,7735.14,-1845.03,70.8,1354.75,-1774.23,-419.48
1251,506.39,1138.75,1504.89,134.92,67.63,-68.43,-998.54,-9216.98,488.61,7798.52,-1831.4,71.25,1355.78,-1760.15,-404.37
1261,482.24,1190.37,1501.96,133.05,80.88,-59.12,-999.25,-9240.44,485.76,7800.91,-1830.79,70.81,1376.36,-1759.98,-383.62
1271,516.39,1154.32,1519.58,134.3,68.16,-68.94,-997.62,-9260.0,516.12,7778.38,-1810.7,69.36,1360.69,-1741.33,-380.65
1281,490.51,1150.41,1517.64,129.84,71.73,-72.57,-1016.87,-9228.52,493.0,7835.9,-1851.08,70.18,1371.08,-1780.91,-409.83
1291,526.16,1173.76,1508.81,124.8,80.28,-63.86,-1007.0,-9130.8,489.14,7785.85,-1884.56,70.67,1487.15,-1813.9,-326.75
1301,511.13,1166.23,1532.91,135.0,82.22,-74.76,-1022.12,-9168.41,476.46,7830.64,-1890.21,71.46,1469.31,-1818.75,-349.44
1311,494.09,1181.66,1486.24,138.74,83.75,-70.58,-989.24,-9176.01,489.1,7849.72,-1905.54,72.32,1487.48,-1833.22,-345.74
1321,503.31,1159.18,1513.18,128.5,75.09,-69.6,-1013.44,-9199.95,499.39,7842.54,-1880.13,70.27,1438.2,-1809.86,-371.66
1331,501.18,1175.5,1514.8,135.0,81.72,-60.86,-1003.76,-9192.27,489.88,7820.31,-1891.66,71.33,1461.5,-1820.33,-358.82
1341,510.82,1166.76,1477.65,138.36,83.95,-59.66,-1002.73,-9202.9,508.17,7892.1,-1930.52,70.94,1512.53,-1859.58,-347.05
1351,505.2,1187.59,1483.51,135.14,73.3,-59.58,-990.09,-9134.69,489.23,7814.08,-1943.21,71.66,1503.69,-1871.55,-367.87
1361,500.68,1185.63,1501.39,128.91,85.72,-59.76,-1011.5,-9135.5,481.78,7757.7,-1902.29,71.7,1435.05,-1830.59,-395.54
1371,501.24,1203.0,1498.28,140.18,70.18,-60.34,-1002.9,-9146.09,488.45,7764.77,-1916.48,71.27,1456.78,-1845.21,-388.43
1381,512.27,1161.46,1478.17,128.62,72.78,-61.42,-983.63,-9170.07,478.21,7792.91,-1893.48,71.17,1409.3,-1822.31,-413.01
1391,500.69,1180.98,1494.96,129.56,82.41,-55.18,-993.4,-9136.31,475.54,7802.98,-1930.3,71.31,1482.24,-1858.99,-376.75
1401,485.1,1189.89,1491.09,132.08,76.09,-58.57,-1009.91,-9136.06,487.92,7805.54,-1927.24,69.66,1463.17,-1857.57,-394.4
1411,495.86,1192.99,1503.3,124.98,79.25,-61.71,-1020.92,-9177.64,490.35,7841.59,-1906.95,70.35,1468.06,-1836.6,-368.54
1421,510.64,1167.4,1503.91,138.45,79.08,-81.72,-1016.29,-9169.0,487.89,7809.06,-1902.94,70.74,1429.41,-1832.2,-402.79
1431,479.94,1190.65,1517.04,126.84,70.85,-62.25,-965.44,-9181.16,512.35,7782.0,-1885.93,71.53,1470.83,-1814.4,-343.57
1441,485.31,1152.61,1477.57,126.42,77.39,-68.98,-1012.42,-9197.33,495.63,7819.1,-1862.72,70.9,1355.29,-1791.81,-436.53
1451,518.2,1186.72,1502.35,123.87,77.48,-63.36,-988.79,-9226.81,482.72,7758.68,-1821.7,70.81,1371.06,-1750.89,-379.83
1461,464.56,1197.03,1511.07,135.69,62.01,-66.28,-985.36,-9318.58,490.59,7829.91,-1795.3,70.82,1320.64,-1724.48,-403.84
1471,494.89,1172.0,1512.91,129.14,69.27,-49.44,-975.89,-9311.5,491.13,7854.12,-1793.67,71.46,1386.62,-1722.22,-335.6
1481,483.03,1198.05,1494.38,134.16,79.24,-72.0,-1019.97,-9242.54,507.03,7784.43,-1817.28,71.88,1345.81,-1745.39,-399.58
1491,492.81,1171.01,1505.81,141.63,81.98,-85.23,-977.12,-9265.99,488.57,7811.51,-1808.12,71.5,1364.98,-1736.61,-371.63
1501,466.45,1123.74,1499.22,122.98,73.67,-61.35,-1011.82,-9316.42,513.89,7854.95,-1753.25,71.49,1265.3,-1681.76,-416.46
1511,485.01,1215.06,1505.57,128.24,75.12,-71.54,-1006.75,-9266.33,486.13,7811.41,-1812.85,70.48,1361.92,-1742.36,-380.45
1521,507.48,1216.42,1482.06,140.59,81.62,-80.64,-991.83,-9231.34,489.69,7743.32,-1807.47,71.02,1357.38,-1736.45,-379.07
1531,502.91,1151.94,1497.12,132.64,82.53,-65.54,-990.97,-9219.98,495.89,7758.58,-1829.45,72.0,1345.11,-1757.45,-412.34
1541,488.82,1156.69,1499.98,137.38,65.77,-64.77,-1018.35,-9218.25,510.19,7802.89,-1845.42,70.63,1360.35,-1774.78,-414.43
1551,517.19,1213.98,1474.87,135.59,67.53,-58.01,-995.86,-9182.48,483.14,7779.48,-1850.34,71.49,1435.44,-1778.85,-343.41
1561,484.18,1191.54,1504.65,137.79,73.22,-78.23,-971.04,-9323.78,500.53,7820.72,-1765.81,71.24,1339.57,-1694.57,-355.0
1571,500.56,1166.89,1521.04,136.02,72.34,-68.01,-988.48,-9254.13,485.37,7755.14,-1787.02,70.68,1326.74,-1716.34,-389.61
1581,474.32,1184.4,1482.72,120.95,75.61,-63.77,-1017.35,-9298.99,493.89,7790.66,-1766.18,70.87,1242.45,-1695.32,-452.86
1591,534.1,1220.63,1488.2,142.86,70.68,-80.08,-975.3,-9226.19,490.39,7832.34,-1872.83,71.04,1497.63,-1801.8,-304.16
1601,476.21,1180.27,1500.9,133.82,76.81,-67.49,-985.36,-9220.94,514.39,7816.24,-1865.86,71.39,1424.85,-1794.48,-369.62
1611,485.37,1182.53,1504.98,145.5,84.2,-76.02,-1008.24,-9331.23,485.36,7863.56,-1783.25,70.26,1336.01,-1712.99,-376.98
1621,511.76,1218.95,1496.0,127.71,78.05,-63.92,-1009.13,-9280.93,471.41,7814.36,-1818.24,71.34,1364.26,-1746.9,-382.64
1631,520.44,1167.29,1483.84,127.24,72.3,-57.62,-978.11,-9354.43,489.12,7806.88,-1741.52,71.35,1276.95,-1670.17,-393.23
1641,513.58,1184.38,1513.71,134.84,73.66,-73.87,-974.01,-9399.17,501.49,7876.32,-1742.91,71.55,1350.93,-1671.35,-320.43
1651,525.13,1173.45,1516.12,135.88,69.2,-61.43,-986.56,-9324.15,469.91,7848.43,-1788.37,73.22,1365.97,-1715.15,-349.17
1661,509.72,1199.17,1484.6,131.33,75.03,-65.22,-992.82,-9309.85,478.4,7776.33,-1760.25,71.72,1286.69,-1688.54,-401.84
1671,492.8,1158.14,1497.89,128.94,71.73,-61.49,-961.69,-9374.75,502.96,7822.44,-1746.97,71.13,1276.97,-1675.84,-398.87
1681,512.39,1189.58,1509.25,145.22,73.73,-64.81,-1000.68,-9337.12,500.05,7780.65,-1729.77,69.75,1308.27,-1660.02,-351.75
1691,513.15,1163.6,1503.42,131.93,82.18,-56.98,-989.51,-9371.38,500.73,7845.18,-1761.07,70.26,1322.3,-1690.81,-368.51
1701,480.68,1177.65,1500.1,121.13,70.35,-61.37,-1000.27,-9290.55,504.32,7807.84,-1781.49,69.42,1309.87,-1712.07,-402.2
1711,504.3,1199.61,1548.36,126.46,68.66,-81.33,-999.5,-9165.55,496.26,7791.74,-1879.15,70.37,1489.03,-1808.78,-319.76
1721,508.22,1215.0,1493.3,133.57,81.3,-69.11,-1011.12,-9189.62,487.29,7758.33,-1835.18,69.38,1407.16,-1765.8,-358.64
1731,514.88,1154.3,1500.77,134.51,84.9,-80.96,-1006.64,-9259.99,488.89,7787.48,-1794.48,69.98,1318.14,-1724.5,-406.36
1741,522.87,1141.37,1496.51,129.11,71.34,-76.64,-985.59,-9224.38,493.88,7797.65,-1842.05,71.2,1366.12,-1770.86,-404.74
1751,474.22,1177.07,1520.02,136.69,83.86,-68.93,-977.04,-9227.8,486.32,7828.04,-1876.58,70.89,1432.46,-1805.7,-373.23
1761,494.74,1173.84,1514.84,133.05,82.84,-83.46,-979.82,-9123.86,487.61,7782.47,-1893.14,72.15,1482.26,-1820.99,-338.73
1771,501.99,1177.16,1506.08,132.88,83.54,-72.5,-1014.53,-9175.84,493.91,7824.53,-1892.4,70.55,1457.21,-1821.85,-364.64
1781,496.05,1214.01,1512.54,131.8,71.6,-82.45,-1005.7,-9146.13,491.16,7800.78,-1906.82,70.72,1483.66,-1836.1,-352.44
1791,485.76,1199.3,1521.27,141.61,92.73,-69.22,-1004.1,-9221.3,502.61,7843.61,-1867.23,69.6,1492.29,-1797.63,-305.35
1801,482.85,1201.69,1493.07,129.85,79.25,-77.5,-1005.67,-9261.37,501.38,7830.84,-1824.91,70.16,1374.38,-1754.75,-380.37
1811,501.15,1200.11,1508.11,131.6,74.61,-83.18,-1005.62,-9220.43,483.25,7816.0,-1861.38,71.86,1405.59,-1789.52,-383.93
1821,496.96,1148.14,1507.44,123.96,74.86,-68.65,-983.36,-9218.85,491.24,7812.79,-1824.71,70.31,1384.54,-1754.4,-369.86
1831,473.96,1183.37,1508.55,126.9,76.35,-66.06,-1010.02,-9217.82,515.02,7865.74,-1860.91,71.32,1456.0,-1789.59,-333.59
1841,484.59,1182.15,1496.02,138.01,76.04,-82.34,-998.1,-9201.58,509.31,7798.9,-1857.51,71.99,1403.01,-1785.51,-382.5
1851,538.1,1172.89,1514.48,124.03,76.51,-65.71,-980.32,-9213.15,488.86,7791.84,-1864.96,71.25,1447.53,-1793.71,-346.18
1861,515.32,1208.43,1511.76,140.7,80.42,-74.82,-987.91,-9189.81,488.49,7782.57,-1872.28,72.2,1475.17,-1800.08,-324.92
1871,491.24,1184.69,1522.12,139.14,67.88,-64.74,-996.9,-9170.82,505.84,7735.0,-1823.89,70.12,1413.45,-1753.77,-340.33
1881,512.31,1240.35,1510.88,134.16,83.45,-83.67,-979.96,-9214.45,473.26,7757.4,-1850.13,70.89,1433.72,-1779.24,-345.51
1891,501.51,1164.93,1508.67,129.4,83.64,-65.22,-1011.22,-9273.28,492.18,7796.01,-1784.15,69.92,1326.62,-1714.23,-387.61
1901,485.67,1167.59,1502.59,129.74,71.94,-69.47,-1012.04,-9272.9,490.82,7802.78,-1785.12,70.15,1296.72,-1714.97,-418.25
1911,473.45,1198.24,1481.31,134.42,78.13,-62.91,-996.0,-9329.95,491.1,7832.58,-1763.77,70.06,1300.38,-1693.71,-393.33
1921,511.51,1152.15,1502.67,133.05,82.33,-67.04,-1007.14,-9254.22,504.18,7792.57,-1787.82,69.94,1350.06,-1717.89,-367.83
1931,509.73,1182.72,1490.07,133.03,76.96,-81.26,-1035.99,-9259.55,500.99,7779.15,-1771.38,69.68,1295.86,-1701.7,-405.84
1941,518.5,1224.0,1486.86,144.3,78.15,-63.84,-1019.3,-9352.68,504.63,7805.97,-1721.73,68.25,1326.61,-1653.49,-326.88
1951,471.52,1196.06,1503.65,135.66,75.16,-73.5,-993.85,-9378.68,485.04,7833.08,-1736.67,69.81,1254.13,-1666.86,-412.73
1961,507.58,1167.74,1499.51,128.27,72.53,-76.16,-1005.09,-9245.04,494.25,7811.77,-1809.58,70.08,1355.35,-1739.51,-384.16
1971,513.61,1160.13,1487.9,132.57,78.26,-66.34,-1006.35,-9264.46,477.68,7814.57,-1808.84,70.16,1327.57,-1738.68,-411.11
1981,475.65,1219.47,1511.61,136.27,82.53,-77.42,-1006.43,-9312.76,481.5,7793.7,-1778.59,69.69,1304.11,-1708.9,-404.79
1991,481.03,1189.63,1496.96,141.7,81.01,-76.33,-1004.58,-9273.55,490.83,7803.93,-1794.04,70.78,1330.64,-1723.26,-392.62
2001,499.61,1166.48,1492.88,134.79,72.96,-75.36,-1007.41,-9253.56,480.83,7786.91,-1789.69,69.57,1298.12,-1720.12,-422.0
2011,525.58,1184.89,1489.27,130.94,81.64,-60.46,-1007.03,-9344.04,482.1,7806.56,-1739.93,68.75,1289.44,-1671.18,-381.74
2021,501.96,1144.23,1510.53,130.07,82.21,-70.32,-1020.69,-9372.0,500.99,7847.25,-1737.52,67.44,1254.23,-1670.08,-415.85
2031,495.04,1177.85,1501.69,140.42,76.78,-80.92,-1003.63,-9309.73,499.31,7776.5,-1737.08,69.62,1273.32,-1667.46,-394.13
2041,537.06,1167.03,1508.92,133.49,73.88,-70.22,-1025.98,-9340.72,468.2,7779.29,-1721.41,68.8,1230.96,-1652.61,-421.65
2051,494.99,1194.92,1508.17,137.44,77.44,-78.02,-996.34,-9307.33,493.18,7761.23,-1751.18,70.66,1285.68,-1680.52,-394.84
2061,495.73,1156.75,1486.33,136.34,84.03,-67.26,-1011.24,-9320.37,482.99,7773.92,-1754.01,69.8,1217.22,-1684.21,-466.99
2071,491.02,1238.84,1503.52,134.53,82.62,-66.7,-993.89,-9331.2,485.96,7794.19,-1753.13,68.98,1338.89,-1684.15,-345.25
2081,487.4,1164.66,1485.31,128.99,67.4,-58.53,-994.37,-9337.94,501.68,7833.07,-1754.7,68.15,1277.68,-1686.55,-408.87
2091,477.98,1148.38,1499.89,130.62,81.71,-79.44,-1011.09,-9303.0,483.45,7786.34,-1754.32,68.69,1214.85,-1685.63,-470.78
2101,519.4,1155.24,1532.84,122.37,76.2,-76.46,-962.5,-9373.16,489.8,7831.01,-1735.45,69.3,1314.74,-1666.15,-351.41
2111,508.57,1169.24,1473.82,133.17,83.69,-63.04,-992.78,-9352.29,501.75,7796.69,-1714.95,69.73,1258.81,-1645.23,-386.41
2121,506.39,1162.24,1473.09,133.59,85.96,-62.57,-976.23,-9374.29,499.25,7744.68,-1688.72,70.72,1192.11,-1618.0,-425.89
2131,481.65,1181.48,1490.33,123.39,72.51,-65.85,-1009.41,-9350.21,513.18,7804.78,-1712.85,68.68,1241.85,-1644.17,-402.32
2141,433.52,1173.25,1509.39,129.71,80.33,-68.47,-1012.74,-9382.8,516.72,7826.04,-1684.44,69.18,1204.96,-1615.25,-410.3
2151,492.48,1155.89,1494.2,124.62,70.49,-75.44,-1011.65,-9295.54,502.69,7766.24,-1721.27,68.17,1223.96,-1653.09,-429.13
2161,502.91,1214.27,1502.99,145.27,65.18,-76.81,-1004.67,-9399.57,507.82,7820.0,-1709.0,69.2,1277.38,-1639.8,-362.42
2171,520.76,1184.01,1492.24,134.55,77.45,-67.04,-1007.86,-9374.63,485.07,7826.72,-1720.08,68.85,1271.26,-1651.23,-379.98
2181,523.55,1171.43,1512.28,125.28,84.51,-75.1,-999.51,-9242.85,486.24,7752.92,-1795.55,70.0,1338.75,-1725.55,-386.8
2191,503.07,1196.47,1511.51,131.5,80.64,-71.27,-1006.1,-9279.56,493.36,7792.65,-1780.58,69.3,1352.28,-1711.28,-359.0
2201,507.95,1166.56,1517.67,130.03,72.14,-82.27,-990.19,-9389.32,496.83,7853.55,-1746.06,69.3,1282.94,-1676.76,-393.82
2211,527.29,1145.11,1515.2,129.97,64.72,-73.9,-984.31,-9349.85,479.41,7818.78,-1744.4,70.34,1272.43,-1674.06,-401.63
2221,491.0,1174.51,1521.72,130.7,65.91,-79.86,-1004.45,-9336.42,496.14,7881.07,-1785.79,71.97,1340.31,-1713.83,-373.51
2231,504.5,1225.88,1500.25,139.61,70.99,-75.82,-995.29,-9283.82,489.08,7789.77,-1770.91,71.67,1365.15,-1699.24,-334.09
2241,503.99,1182.29,1505.97,125.25,73.66,-80.71,-1017.3,-9299.47,492.6,7801.98,-1758.41,70.62,1288.26,-1687.79,-399.53
2251,518.42,1150.85,1479.03,132.78,71.47,-67.51,-1018.01,-9307.58,507.65,7869.98,-1796.98,71.44,1337.1,-1725.53,-388.44
2261,513.68,1169.33,1498.09,124.02,74.51,-81.91,-1001.48,-9275.91,509.73,7802.15,-1777.63,70.88,1332.22,-1706.75,-374.54
2271,507.39,1168.47,1478.22,142.59,71.46,-71.82,-1003.09,-9281.21,489.04,7790.38,-1779.4,70.88,1291.44,-1708.52,-417.08
2281,505.71,1117.22,1483.94,123.51,69.98,-82.4,-988.85,-9320.1,500.4,7823.53,-1763.98,69.27,1232.94,-1694.71,-461.77
2291,505.1,1116.91,1484.3,135.44,74.71,-61.03,-1005.99,-9302.64,497.42,7789.99,-1745.85,68.08,1234.2,-1677.77,-443.57
2301,532.28,1164.53,1490.63,124.02,74.32,-71.19,-1024.27,-9330.37,483.92,7807.15,-1719.33,70.1,1251.01,-1649.23,-398.22
2311,516.26,1193.81,1517.09,131.07,64.17,-71.5,-1001.37,-9320.38,499.18,7799.16,-1756.3,68.73,1327.51,-1687.57,-360.06
2321,490.43,1179.8,1477.48,132.98,72.51,-80.79,-992.75,-9267.87,515.68,7776.02,-1763.11,71.55,1303.48,-1691.56,-388.08
2331,510.32,1128.61,1496.18,132.44,69.98,-70.06,-1026.89,-9294.91,497.47,7783.66,-1737.24,68.66,1226.8,-1668.58,-441.77
2341,499.76,1156.81,1517.13,133.36,83.24,-73.33,-1010.79,-9364.52,490.92,7811.61,-1713.42,69.4,1244.19,-1644.02,-399.84
2351,488.89,1146.51,1524.19,128.45,72.39,-75.02,-1009.88,-9354.18,512.86,7802.07,-1724.72,68.99,1236.28,-1655.73,-419.46
2361,492.84,1177.48,1503.43,141.58,78.64,-77.52,-1003.49,-9339.44,499.31,7834.9,-1746.0,69.53,1307.74,-1676.47,-368.74
2371,499.23,1219.79,1509.91,135.91,84.56,-83.17,-1021.73,-9324.7,495.03,7791.66,-1748.25,69.17,1306.49,-1679.08,-372.59
2381,512.98,1172.71,1520.92,128.17,85.78,-66.63,-1008.04,-9307.1,483.86,7753.18,-1742.82,69.25,1275.82,-1673.56,-397.75
2391,483.82,1231.46,1507.75,133.03,83.66,-77.17,-1040.68,-9252.81,467.32,7777.42,-1778.5,69.29,1313.81,-1709.21,-395.4
2401,519.39,1157.55,1519.68,133.39,79.46,-81.51,-1024.02,-9260.36,493.42,7769.97,-1770.2,68.68,1306.98,-1701.52,-394.54
2411,502.86,1160.53,1520.79,131.07,72.79,-82.39,-990.85,-9332.98,480.31,7840.97,-1719.68,68.88,1303.11,-1650.8,-347.7
2421,503.82,1182.24,1476.45,143.41,65.78,-72.26,-990.73,-9368.22,486.72,7810.35,-1726.44,71.0,1237.56,-1655.45,-417.89
2431,515.44,1211.86,1507.11,139.28,70.48,-72.55,-1006.6,-9241.27,502.73,7725.73,-1788.7,67.89,1352.21,-1720.82,-368.61
2441,497.45,1202.17,1508.37,130.87,82.53,-79.41,-1005.71,-9316.53,488.24,7809.38,-1754.21,68.72,1317.37,-1685.5,-368.13
2451,496.52,1150.69,1515.94,127.9,74.84,-72.48,-1003.32,-9268.25,498.28,7785.07,-1775.52,69.77,1305.21,-1705.74,-400.54
2461,525.03,1155.65,1487.83,126.78,68.77,-76.11,-1016.31,-9338.46,490.07,7807.16,-1731.53,69.55,1230.42,-1661.99,-431.57
2471,505.57,1149.2,1482.56,134.11,78.81,-80.61,-1010.91,-9288.92,499.4,7795.07,-1759.69,70.09,1264.28,-1689.6,-425.32
2481,504.37,1185.69,1508.03,128.01,85.96,-78.04,-1015.75,-9342.11,489.43,7804.59,-1728.34,68.3,1270.18,-1660.05,-389.87
2491,516.53,1196.66,1506.94,134.29,83.97,-65.13,-1012.32,-9339.43,495.03,7799.41,-1737.19,69.31,1315.94,-1667.88,-351.94
2501,495.21,1147.32,1495.72,135.34,76.31,-73.51,-983.8,-9405.83,509.88,7852.48,-1710.37,68.19,1249.12,-1642.17,-393.05
2511,509.81,1205.75,1497.3,142.32,87.29,-61.37,-1004.2,-9355.87,503.59,7817.75,-1729.44,68.1,1342.36,-1661.34,-318.98
2521,497.17,1175.03,1525.39,132.53,77.71,-67.12,-1000.6,-9400.54,492.41,7843.18,-1681.8,67.94,1275.15,-1613.86,-338.71
2531,532.11,1181.64,1510.02,131.95,71.97,-65.27,-1036.44,-9367.13,486.25,7818.58,-1717.37,66.89,1263.69,-1650.47,-386.79
2541,489.38,1153.78,1535.95,128.28,72.55,-62.39,-1018.53,-9362.24,502.1,7806.53,-1699.8,68.31,1245.42,-1631.49,-386.07
2551,486.41,1155.21,1527.32,133.91,72.05,-81.42,-1013.59,-9398.06,484.44,7832.85,-1714.0,68.55,1199.12,-1645.44,-446.33
2561,511.81,1131.89,1487.96,129.27,75.85,-68.45,-1018.56,-9293.12,497.55,7758.3,-1750.23,69.48,1212.49,-1680.75,-468.26
2571,521.62,1189.07,1506.9,138.94,79.64,-83.66,-995.82,-9380.77,486.03,7768.04,-1678.47,69.51,1229.98,-1608.96,-378.98
2581,510.12,1205.46,1487.83,141.39,77.96,-65.37,-996.39,-9437.69,491.93,7841.22,-1678.97,68.85,1256.45,-1610.12,-353.67
2591,499.23,1147.4,1525.53,130.23,72.17,-72.7,-1009.55,-9378.22,486.62,7813.0,-1715.83,70.52,1213.72,-1645.31,-431.59
2601,475.01,1163.32,1499.15,129.42,80.19,-82.39,-990.23,-9351.63,507.59,7880.04,-1781.55,70.91,1310.46,-1710.65,-400.18
2611,485.61,1152.7,1513.32,137.81,83.31,-74.94,-1008.3,-9397.82,490.32,7812.19,-1726.29,69.77,1194.18,-1656.52,-462.34
2621,495.77,1145.4,1510.08,129.68,77.97,-76.64,-1000.03,-9371.46,498.49,7793.94,-1708.46,69.23,1203.2,-1639.22,-436.02
2631,507.97,1166.55,1503.84,131.58,72.79,-79.78,-1005.83,-9386.05,487.26,7825.13,-1721.73,70.25,1223.46,-1651.48,-428.01
2641,493.24,1157.31,1510.46,135.25,69.62,-77.34,-1006.88,-9396.3,510.36,7842.73,-1723.48,68.55,1238.46,-1654.93,-416.47
2651,523.34,1159.3,1512.16,133.32,72.23,-72.82,-983.4,-9412.36,494.54,7812.83,-1691.58,70.39,1239.14,-1621.19,-382.04
2661,507.31,1185.27,1519.51,128.62,78.0,-68.89,-1004.98,-9376.27,499.34,7813.98,-1711.91,69.37,1281.89,-1642.55,-360.65
2671,485.25,1142.32,1533.38,125.85,87.1,-88.56,-982.19,-9392.94,513.73,7848.18,-1737.99,71.22,1272.13,-1666.77,-394.64
2681,514.73,1126.84,1519.35,126.12,81.84,-83.47,-988.39,-9364.51,499.05,7820.79,-1726.79,70.25,1252.36,-1656.54,-404.18
2691,510.52,1178.85,1530.1,133.24,78.13,-73.35,-1012.13,-9351.21,511.44,7843.36,-1744.02,69.4,1348.93,-1674.62,-325.69
2701,491.09,1171.47,1502.26,130.98,71.13,-79.66,-990.02,-9346.25,501.91,7840.05,-1762.17,70.15,1292.96,-1692.02,-399.06
2711,498.81,1153.4,1510.22,140.08,70.15,-72.7,-1004.42,-9297.02,495.14,7838.37,-1803.4,70.91,1332.02,-1732.5,-400.48
2721,492.18,1172.95,1514.58,128.15,68.82,-77.37,-995.58,-9331.88,491.2,7842.75,-1765.75,71.29,1305.81,-1694.46,-388.65
2731,468.55,1198.3,1523.57,134.97,67.39,-74.74,-988.49,-9317.08,497.49,7806.43,-1785.46,70.1,1316.38,-1715.36,-398.98
2741,464.36,1215.31,1505.53,118.59,73.36,-83.74,-1010.08,-9254.18,502.1,7771.88,-1821.72,71.28,1303.12,-1750.44,-447.33
2751,510.35,1201.79,1490.25,130.93,81.59,-77.65,-970.81,-9283.08,488.85,7846.74,-1832.6,71.39,1418.97,-1761.21,-342.24
2761,523.3,1174.72,1496.64,138.7,68.99,-65.42,-1016.9,-9374.66,486.8,7868.23,-1765.62,70.72,1300.42,-1694.9,-394.48
2771,517.69,1157.81,1495.79,128.16,76.57,-73.92,-1003.64,-9383.62,490.43,7877.87,-1760.15,70.83,1283.14,-1689.32,-406.18
2781,501.33,1175.41,1482.92,136.2,76.68,-71.9,-1002.28,-9327.43,494.45,7851.91,-1784.7,69.35,1317.28,-1715.35,-398.07
2791,483.71,1166.14,1500.2,129.58,77.51,-72.93,-1017.57,-9347.05,494.9,7871.54,-1781.64,69.53,1286.03,-1712.11,-426.07
2801,511.87,1194.14,1514.06,135.82,76.87,-75.56,-992.69,-9356.44,497.01,7818.12,-1769.93,70.17,1323.21,-1699.76,-376.56
2811,501.26,1193.76,1530.64,128.39,75.64,-77.74,-1020.32,-9348.79,478.25,7815.64,-1771.6,68.8,1276.73,-1702.8,-426.08
2821,480.9,1223.52,1500.45,125.94,73.45,-81.97,-1002.9,-9319.03,504.27,7772.14,-1760.12,71.22,1276.77,-1688.9,-412.13
2831,527.11,1202.58,1472.97,137.04,68.11,-81.44,-988.11,-9293.91,497.25,7790.13,-1793.39,70.46,1331.73,-1722.94,-391.21
2841,506.06,1183.99,1520.63,128.39,71.95,-92.03,-1003.05,-9324.21,500.54,7836.9,-1775.67,69.17,1329.16,-1706.5,-377.34
2851,488.8,1178.71,1503.91,123.41,72.11,-72.99,-1010.04,-9327.68,503.3,7813.14,-1779.94,69.91,1272.67,-1710.03,-437.36
2861,534.77,1204.96,1512.75,134.56,72.12,-77.92,-968.38,-9363.31,473.1,7804.69,-1738.73,70.14,1327.34,-1668.59,-341.25
2871,487.76,1189.98,1502.6,128.82,85.52,-61.86,-985.83,-9378.3,495.43,7875.84,-1742.92,68.87,1339.97,-1674.05,-334.08
2881,531.95,1162.76,1494.56,139.07,73.83,-80.1,-992.51,-9384.28,487.69,7894.49,-1780.36,70.29,1327.46,-1710.07,-382.61
2891,524.88,1200.37,1485.28,140.88,77.88,-76.08,-1001.28,-9395.91,505.01,7876.69,-1747.52,70.5,1337.72,-1677.02,-339.29
2901,508.35,1199.57,1489.72,131.39,86.28,-65.66,-978.77,-9306.69,488.69,7821.11,-1813.87,71.35,1373.97,-1742.53,-368.56
2911,512.79,1213.84,1507.85,132.16,83.05,-70.19,-990.55,-9294.08,499.98,7814.59,-1816.69,70.47,1409.43,-1746.23,-336.8
2921,462.73,1202.0,1501.43,120.9,75.62,-71.61,-1012.74,-9264.6,488.0,7843.05,-1850.72,70.39,1344.78,-1780.32,-435.54
2931,513.29,1216.58,1503.77,133.39,68.39,-77.64,-1017.47,-9319.08,471.56,7841.71,-1794.94,67.84,1334.5,-1727.09,-392.6
2941,467.16,1207.55,1500.42,123.17,70.84,-60.49,-978.72,-9314.55,484.97,7873.35,-1802.96,70.9,1373.69,-1732.06,-358.37
2951,471.76,1190.06,1496.59,128.15,80.11,-66.35,-1008.71,-9230.12,500.39,7822.35,-1848.47,69.2,1384.24,-1779.27,-395.03
2961,518.76,1178.89,1505.14,126.44,82.87,-60.52,-1010.88,-9294.65,501.23,7835.2,-1822.48,70.64,1382.48,-1751.84,-369.37
2971,512.67,1139.98,1505.05,129.74,70.1,-64.26,-996.23,-9331.93,501.81,7842.54,-1805.2,69.9,1309.46,-1735.3,-425.84
2981,466.58,1202.07,1502.77,136.51,79.62,-71.43,-1008.91,-9230.44,502.84,7821.65,-1850.92,71.9,1401.26,-1779.01,-377.75
2991,503.89,1123.27,1513.22,129.48,80.43,-64.04,-994.97,-9244.77,487.57,7752.19,-1796.52,69.93,1286.28,-1726.59,-440.31
3001,509.82,1197.02,1499.82,136.25,70.44,-74.07,-1004.13,-9266.66,480.35,7831.82,-1826.43,70.29,1380.67,-1756.14,-375.47
3011,457.24,1156.99,1509.96,130.05,79.93,-66.57,-1008.95,-9293.81,522.13,7824.67,-1778.1,70.65,1311.63,-1707.45,-395.81
3021,530.29,1157.17,1499.6,133.95,80.4,-80.31,-995.79,-9341.88,484.66,7894.67,-1814.49,69.88,1362.76,-1744.61,-381.85
3031,515.38,1161.72,1499.1,126.86,88.72,-64.59,-1008.44,-9263.1,487.17,7842.07,-1831.98,69.84,1384.88,-1762.14,-377.26
3041,469.95,1163.49,1488.24,124.79,81.77,-77.77,-1003.18,-9268.02,500.65,7851.51,-1807.8,69.96,1331.42,-1737.84,-406.42
3051,525.51,1189.38,1520.17,131.09,72.27,-71.07,-1003.57,-9256.21,486.44,7812.29,-1828.81,70.37,1406.3,-1758.43,-352.14
3061,499.93,1186.31,1511.27,131.99,75.91,-72.6,-1008.34,-9236.29,493.39,7796.12,-1837.01,70.53,1377.69,-1766.47,-388.78
3071,535.02,1135.53,1491.14,125.2,73.1,-69.23,-991.52,-9310.26,494.08,7839.71,-1778.51,69.54,1322.77,-1708.96,-386.19
3081,511.69,1185.21,1495.8,133.18,87.45,-78.41,-1009.11,-9294.77,493.18,7817.69,-1789.36,70.45,1341.91,-1718.91,-377.0
3091,502.78,1191.18,1504.59,130.63,77.12,-67.45,-991.36,-9236.49,473.21,7788.74,-1820.73,72.59,1372.95,-1748.14,-375.19
3101,521.49,1141.11,1495.26,129.85,64.96,-76.02,-1001.91,-9242.28,496.51,7798.38,-1811.4,70.08,1327.35,-1741.32,-413.97
3111,513.7,1167.66,1478.79,138.03,73.78,-60.78,-1008.75,-9268.5,500.42,7838.08,-1838.53,69.93,1372.43,-1768.6,-396.17
3121,511.63,1192.54,1524.96,141.31,85.07,-76.64,-1003.7,-9251.06,496.63,7801.57,-1831.09,69.85,1422.31,-1761.24,-338.93
3131,511.66,1181.23,1509.61,136.3,86.67,-74.85,-1027.73,-9194.36,486.32,7808.36,-1863.23,71.34,1423.22,-1791.89,-368.67
3141,505.43,1200.27,1509.19,135.17,72.34,-54.5,-1028.02,-9211.47,485.42,7869.1,-1882.02,69.49,1482.95,-1812.53,-329.58
3151,491.91,1142.84,1516.03,133.63,80.74,-59.98,-994.22,-9219.63,491.12,7835.41,-1855.84,71.42,1417.84,-1784.42,-366.59
3161,493.87,1189.56,1491.1,138.17,62.41,-64.76,-1026.46,-9209.84,492.44,7817.57,-1854.42,70.57,1384.07,-1783.86,-399.79
3171,524.58,1166.27,1499.24,135.77,78.15,-71.02,-973.59,-9278.57,486.39,7785.74,-1793.0,70.33,1352.95,-1722.67,-369.71
3181,491.64,1189.54,1492.22,128.06,83.41,-66.01,-990.88,-9262.4,500.65,7804.07,-1823.44,69.27,1370.32,-1754.16,-383.84
3191,494.63,1169.93,1505.56,132.63,80.54,-61.03,-988.5,-9316.51,488.55,7857.45,-1806.86,69.56,1363.26,-1737.3,-374.04
3201,500.78,1212.77,1496.52,133.24,82.92,-69.12,-1008.59,-9236.19,485.15,7809.5,-1860.62,68.87,1407.0,-1791.75,-384.75
3211,506.98,1186.35,1504.17,137.9,76.17,-71.26,-1009.0,-9295.73,493.55,7817.27,-1814.38,69.03,1346.4,-1745.35,-398.94
3221,545.35,1160.48,1502.95,133.62,80.55,-82.81,-1008.61,-9279.07,473.65,7844.55,-1836.87,68.47,1370.66,-1768.4,-397.74
3231,540.06,1203.95,1506.85,124.49,82.89,-71.25,-1013.54,-9266.66,486.64,7839.03,-1820.33,69.45,1432.47,-1750.89,-318.41
3241,521.96,1212.31,1492.67,137.89,73.7,-65.67,-1029.4,-9238.69,500.53,7801.47,-1851.36,70.19,1406.79,-1781.17,-374.38
3251,472.34,1156.43,1492.62,126.43,80.37,-66.19,-981.2,-9271.68,493.6,7804.73,-1836.35,70.34,1307.43,-1766.02,-458.58
3261,500.76,1205.42,1497.45,136.11,72.15,-65.59,-1027.62,-9266.58,501.28,7843.48,-1852.54,69.41,1396.85,-1783.13,-386.28
3271,490.23,1169.38,1521.4,124.69,74.83,-70.79,-1016.26,-9252.37,499.63,7825.44,-1849.14,69.88,1366.16,-1779.26,-413.09
3281,478.12,1132.21,1489.73,129.45,71.95,-67.75,-974.44,-9333.34,505.45,7864.8,-1821.58,69.89,1296.17,-1751.69,-455.52
3291,491.69,1178.72,1492.1,126.45,67.88,-81.42,-1000.29,-9236.38,486.11,7873.11,-1896.75,70.84,1397.97,-1825.9,-427.93
3301,498.52,1195.16,1499.83,131.94,78.08,-71.04,-1013.99,-9213.14,485.93,7802.28,-1867.23,70.02,1393.56,-1797.21,-403.65
3311,522.7,1188.21,1510.72,141.5,71.56,-66.15,-1006.24,-9203.08,479.26,7785.43,-1879.25,70.59,1423.91,-1808.66,-384.74
3321,504.96,1186.77,1486.85,136.15,80.67,-70.98,-1010.29,-9252.44,460.65,7806.78,-1844.85,70.56,1329.12,-1774.29,-445.17
3331,505.42,1197.84,1479.82,125.67,76.57,-78.73,-964.49,-9245.58,487.44,7831.15,-1863.0,70.59,1415.11,-1792.41,-377.3
3341,519.69,1180.16,1493.64,140.99,82.0,-80.74,-994.21,-9267.66,484.71,7857.86,-1869.23,70.44,1416.46,-1798.79,-382.33
3351,521.16,1232.26,1494.5,141.03,69.57,-70.14,-998.92,-9234.69,475.94,7794.1,-1858.88,70.63,1424.82,-1788.25,-363.43
3361,500.66,1144.41,1497.57,127.07,82.05,-74.55,-1002.12,-9262.01,494.66,7818.73,-1811.93,69.81,1326.46,-1742.12,-415.65
3371,509.02,1130.69,1512.13,131.46,81.57,-78.01,-1007.6,-9229.49,491.24,7823.08,-1846.86,70.91,1364.09,-1775.94,-411.85
3381,532.19,1192.69,1496.48,130.25,75.72,-75.26,-991.62,-9251.05,485.72,7842.22,-1868.73,70.51,1437.33,-1798.22,-360.89
3391,485.42,1185.99,1500.7,132.72,70.76,-74.56,-981.24,-9172.27,484.85,7831.24,-1903.22,70.21,1463.61,-1833.01,-369.4
3401,516.15,1179.37,1497.31,137.8,78.53,-53.41,-1022.1,-9195.59,487.14,7823.52,-1883.95,71.12,1448.73,-1812.83,-364.1
3411,515.32,1210.14,1478.75,137.81,71.75,-67.28,-1009.52,-9212.18,495.08,7763.69,-1837.49,69.49,1383.55,-1768.0,-384.45
3421,510.45,1222.12,1509.48,128.77,83.37,-74.58,-1009.47,-9280.22,494.55,7797.2,-1802.41,70.37,1381.66,-1732.05,-350.38
3431,499.31,1217.67,1519.85,131.65,81.23,-62.07,-975.4,-9202.21,493.44,7760.76,-1830.36,68.7,1464.22,-1761.66,-297.44
3441,480.01,1224.59,1499.23,130.84,84.01,-72.0,-1002.01,-9266.11,485.16,7798.06,-1811.92,69.41,1361.79,-1742.51,-380.72
3451,512.58,1213.84,1505.22,137.9,84.97,-63.66,-1005.11,-9309.08,497.19,7790.29,-1761.89,67.82,1364.14,-1694.07,-329.93
3461,487.67,1201.51,1516.43,132.04,65.54,-71.82,-1020.71,-9336.5,501.33,7869.5,-1779.33,70.02,1345.0,-1709.3,-364.31
3471,486.57,1197.91,1509.11,132.07,71.62,-64.62,-1010.16,-9272.78,503.32,7817.45,-1826.25,69.53,1370.49,-1756.72,-386.23
3481,503.02,1196.51,1505.21,134.25,75.5,-57.8,-1002.11,-9220.91,481.85,7770.92,-1822.74,69.94,1386.45,-1752.79,-366.35
3491,524.92,1199.24,1503.72,131.54,81.51,-75.12,-1008.3,-9270.92,478.12,7821.75,-1800.94,68.76,1386.45,-1732.17,-345.72
3501,502.92,1177.13,1515.99,132.89,73.95,-75.2,-1001.78,-9249.12,500.42,7762.56,-1797.1,67.66,1339.75,-1729.45,-389.7
3511,467.01,1171.41,1493.17,128.35,83.54,-60.53,-1006.5,-9281.85,505.52,7874.09,-1836.22,68.32,1374.2,-1767.9,-393.7
3521,501.38,1179.9,1509.39,124.81,72.52,-79.35,-1010.08,-9316.48,483.91,7856.74,-1808.11,68.23,1322.73,-1739.88,-417.15
3531,462.32,1228.99,1515.0,135.44,74.13,-90.18,-1009.2,-9261.51,495.61,7798.87,-1803.04,67.71,1349.47,-1735.33,-385.86
3541,498.69,1142.57,1497.88,129.88,83.66,-66.26,-993.37,-9251.63,499.68,7833.27,-1854.75,68.89,1374.37,-1785.86,-411.48
3551,488.61,1186.88,1525.06,134.46,74.66,-77.39,-992.72,-9292.17,499.08,7838.57,-1822.76,69.57,1385.03,-1753.19,-368.16
3561,518.65,1177.26,1489.81,126.67,64.27,-67.57,-1015.32,-9280.82,500.14,7868.37,-1842.91,67.88,1381.45,-1775.03,-393.57
3571,478.81,1176.9,1521.79,129.18,69.44,-65.69,-1026.26,-9285.05,489.92,7825.27,-1802.9,68.19,1314.32,-1734.71,-420.39
3581,503.16,1186.21,1510.78,137.6,86.8,-75.84,-1007.1,-9260.16,491.8,7822.62,-1829.16,69.79,1395.89,-1759.37,-363.48
3591,491.5,1218.13,1497.77,130.03,77.95,-80.58,-1025.52,-9279.24,492.32,7785.31,-1786.11,67.74,1307.66,-1718.37,-410.7
3601,501.73,1185.69,1525.47,134.81,71.59,-74.42,-1011.25,-9359.01,494.87,7785.79,-1687.06,68.52,1255.28,-1618.54,-363.26
3611,541.96,1178.46,1516.44,130.46,79.92,-81.44,-1014.16,-9309.92,480.24,7819.9,-1762.74,68.65,1341.87,-1694.09,-352.22
3621,517.32,1174.72,1522.51,139.28,89.88,-63.31,-1009.23,-9301.88,480.57,7793.02,-1769.31,68.54,1342.88,-1700.77,-357.89
3631,525.62,1140.29,1516.91,126.64,79.1,-66.0,-982.09,-9245.6,504.62,7745.55,-1791.77,69.42,1345.05,-1722.35,-377.3
3641,515.72,1191.25,1525.82,135.01,74.74,-82.06,-1003.26,-9244.09,511.35,7800.09,-1810.16,70.86,1424.57,-1739.29,-314.73
3651,480.61,1221.31,1523.94,137.54,74.24,-77.73,-1015.66,-9239.64,498.01,7797.53,-1822.08,69.74,1400.17,-1752.34,-352.17
3661,507.14,1094.27,1518.27,131.01,82.1,-68.03,-1010.62,-9284.51,493.12,7819.28,-1775.45,68.69,1282.04,-1706.76,-424.71
3671,507.24,1173.55,1504.25,136.37,75.58,-65.39,-1027.41,-9291.78,501.19,7831.76,-1771.52,69.05,1345.37,-1702.47,-357.11
3681,471.01,1203.83,1505.83,131.44,79.33,-78.95,-1003.83,-9277.59,494.41,7805.91,-1763.71,70.03,1331.38,-1693.68,-362.3
3691,501.8,1204.47,1507.15,132.28,68.87,-70.39,-1002.24,-9278.09,486.55,7797.45,-1796.01,69.55,1347.84,-1726.46,-378.61
3701,501.44,1196.7,1529.26,133.53,78.63,-72.51,-1036.38,-9199.07,498.39,7772.08,-1807.7,67.35,1402.06,-1740.35,-338.29
3711,505.69,1224.84,1475.65,136.35,70.61,-82.94,-979.09,-9260.93,501.83,7800.24,-1811.95,70.16,1392.25,-1741.8,-349.55
3721,520.63,1126.67,1521.8,121.19,79.72,-84.43,-991.0,-9234.18,491.0,7786.37,-1827.43,70.02,1337.76,-1757.41,-419.64
3731,497.17,1143.54,1512.06,132.29,75.33,-65.23,-984.94,-9217.84,487.04,7789.55,-1840.52,70.11,1368.97,-1770.41,-401.44
3741,524.82,1141.69,1505.44,141.38,72.09,-80.25,-1020.32,-9299.99,485.92,7755.03,-1729.55,69.38,1225.8,-1660.17,-434.37
3751,512.85,1191.94,1518.13,143.26,73.94,-68.96,-1004.65,-9330.9,479.87,7811.04,-1746.95,68.86,1326.53,-1678.08,-351.55
3761,497.96,1232.58,1496.21,130.51,76.53,-74.68,-979.52,-9316.63,496.97,7754.44,-1734.22,69.93,1314.37,-1664.29,-349.92
3771,511.66,1168.27,1499.37,126.96,75.48,-76.07,-999.48,-9310.01,502.35,7813.39,-1763.2,69.88,1311.92,-1693.32,-381.4
3781,478.72,1179.64,1495.68,135.9,72.19,-57.3,-981.28,-9375.98,494.76,7820.28,-1700.57,69.69,1262.62,-1630.88,-368.27
3791,481.09,1139.97,1530.66,133.63,77.29,-73.28,-999.78,-9441.34,492.9,7853.11,-1680.82,69.16,1194.23,-1611.65,-417.43
3801,514.96,1175.58,1505.78,141.64,61.23,-70.65,-1006.58,-9239.0,498.36,7749.3,-1783.37,68.92,1330.63,-1714.44,-383.82
3811,501.37,1164.16,1512.08,132.73,74.3,-70.02,-986.39,-9426.27,487.78,7856.28,-1703.5,68.51,1246.02,-1635.0,-388.98
3821,516.85,1154.38,1508.92,132.43,75.5,-68.92,-988.93,-9341.57,498.51,7822.55,-1749.16,70.38,1309.72,-1678.79,-369.07
3831,484.49,1184.2,1527.49,127.06,78.26,-81.74,-1001.81,-9326.83,498.31,7774.63,-1730.06,69.17,1264.05,-1660.88,-396.84
3841,520.98,1227.11,1537.7,130.01,72.93,-84.64,-1000.98,-9301.35,471.45,7737.3,-1749.72,69.14,1310.52,-1680.59,-370.06
3851,511.52,1191.56,1544.83,132.86,86.35,-68.4,-1015.1,-9363.72,493.22,7831.61,-1740.52,68.93,1344.73,-1671.59,-326.86
3861,514.45,1136.09,1508.58,127.92,70.31,-74.41,-998.88,-9269.67,500.2,7807.73,-1777.62,69.72,1322.31,-1707.9,-385.59
3871,494.45,1167.21,1526.26,129.87,74.29,-70.05,-1002.97,-9235.58,465.43,7778.32,-1819.58,71.81,1327.24,-1747.77,-420.53
3881,543.82,1215.72,1533.4,131.56,71.01,-72.96,-1001.82,-9234.0,482.2,7739.86,-1791.5,69.59,1408.8,-1721.91,-313.1
3891,507.37,1216.18,1511.78,132.26,75.22,-66.37,-997.96,-9287.61,501.28,7781.74,-1780.05,69.76,1373.9,-1710.3,-336.4
3901,516.94,1138.25,1526.74,141.45,69.88,-74.14,-1008.08,-9251.97,498.57,7821.72,-1811.57,69.62,1379.35,-1741.94,-362.59
3911,533.57,1170.51,1539.8,142.14,88.56,-70.94,-1000.43,-9250.21,474.53,7748.81,-1790.15,68.48,1376.35,-1721.67,-345.32
3921,514.14,1204.26,1524.62,129.76,71.72,-76.63,-1016.76,-9226.22,499.91,7769.57,-1808.02,69.89,1394.37,-1738.13,-343.76
3931,535.71,1185.27,1547.66,128.15,67.98,-84.97,-1016.78,-9258.38,488.18,7745.52,-1761.32,69.07,1338.34,-1692.25,-353.91
3941,484.06,1147.46,1498.16,126.7,86.14,-71.27,-1002.73,-9307.25,484.97,7811.46,-1776.67,70.37,1257.7,-1706.3,-448.6
3951,511.41,1187.13,1483.72,129.76,87.41,-71.09,-1009.7,-9138.7,489.47,7729.92,-1855.05,70.1,1399.33,-1784.95,-385.61
3961,519.51,1184.69,1493.51,122.62,74.67,-68.22,-956.29,-9290.91,491.19,7758.54,-1766.56,69.82,1329.3,-1696.74,-367.44
3971,505.16,1156.19,1515.23,130.13,79.73,-67.6,-995.87,-9213.2,482.96,7771.63,-1835.56,70.46,1364.36,-1765.09,-400.74
3981,499.48,1190.61,1491.99,125.02,71.3,-63.38,-994.17,-9217.74,481.81,7785.71,-1831.25,71.7,1370.63,-1759.55,-388.92
3991,500.44,1184.11,1503.33,135.95,73.43,-67.19,-972.63,-9261.97,498.2,7793.13,-1806.0,70.16,1386.8,-1735.84,-349.04
4001,516.5,1189.74,1519.02,140.57,69.46,-43.89,-996.45,-9282.92,498.09,7714.81,-1744.36,69.28,1324.93,-1675.08,-350.15

Ligand Energy Terms
Frame #,BOND,ANGLE,DIHED,UB,IMP,CMAP,VDWAALS,EEL,1-4 VDW,1-4 EEL,EGB,ESURF,GGAS,GSOLV,TOTAL
1,13.36,16.37,52.37,3.29,0.64,0.0,-2.08,28.84,14.61,-53.98,-19.49,2.77,73.44,-16.72,56.72
11,9.27,15.84,48.27,3.74,0.09,0.0,-4.09,25.8,17.71,-48.79,-18.13,2.74,67.84,-15.39,52.44
21,12.83,14.94,50.44,3.47,0.14,0.0,-2.18,26.37,14.88,-49.16,-18.9,2.7,71.73,-16.2,55.54
31,6.73,18.34,50.96,4.15,0.73,0.0,-4.22,24.39,18.87,-47.23,-17.97,2.69,72.73,-15.28,57.45
41,16.09,18.67,51.54,4.92,0.99,0.0,-5.43,24.38,13.58,-45.53,-19.52,2.73,79.21,-16.79,62.42
51,10.83,20.11,49.63,5.92,0.11,0.0,-3.16,26.31,15.9,-50.27,-18.04,2.72,75.37,-15.32,60.05
61,10.23,22.94,48.91,5.78,0.07,0.0,-4.6,28.15,17.46,-49.67,-19.5,2.72,79.29,-16.78,62.5
71,10.34,14.94,51.3,3.66,0.33,0.0,-3.62,28.09,15.91,-50.44,-18.68,2.73,70.52,-15.96,54.56
81,10.65,13.16,52.92,3.6,0.15,0.0,-3.04,27.6,16.12,-50.39,-18.85,2.74,70.77,-16.11,54.66
91,11.28,13.89,47.4,2.34,0.72,0.0,-3.06,26.89,15.26,-49.28,-18.73,2.76,65.43,-15.97,49.46
101,12.32,19.48,52.06,4.69,0.62,0.0,-5.11,28.25,13.0,-48.66,-20.01,2.72,76.64,-17.29,59.36
111,5.41,20.83,48.78,3.42,0.65,0.0,0.12,28.42,18.23,-53.17,-17.48,2.71,72.69,-14.76,57.93
121,7.22,25.01,51.39,3.93,0.79,0.0,-2.61,24.32,18.48,-48.51,-17.87,2.74,80.01,-15.13,64.88
131,7.63,15.89,50.8,3.7,1.05,0.0,-4.42,26.37,15.31,-48.33,-19.18,2.73,68.0,-16.44,51.56
141,8.92,33.03,49.07,5.93,0.1,0.0,-4.4,28.35,14.13,-53.45,-18.78,2.73,81.68,-16.06,65.62
151,7.58,19.54,53.99,4.65,1.04,0.0,-4.41,26.91,19.37,-45.8,-20.18,2.73,82.88,-17.45,65.44
161,9.43,13.93,51.99,3.14,0.05,0.0,-4.84,26.57,15.38,-49.22,-19.34,2.71,66.45,-16.63,49.82
171,8.26,17.7,47.68,5.5,1.14,0.0,-2.64,26.53,16.35,-49.59,-18.83,2.74,70.93,-16.09,54.84
181,6.1,17.01,48.95,3.87,0.51,0.0,-2.24,27.83,16.83,-50.82,-18.91,2.73,68.05,-16.18,51.87
191,12.25,20.79,46.86,4.54,0.81,0.0,-2.41,26.18,15.45,-46.91,-18.83,2.73,77.57,-16.1,61.47
201,10.11,22.68,51.24,4.61,0.03,0.0,-3.88,26.4,16.64,-50.83,-18.82,2.69,77.01,-16.13,60.88
211,11.92,16.89,49.35,4.14,0.32,0.0,-2.8,28.27,14.71,-52.53,-18.31,2.72,70.27,-15.59,54.68
221,12.72,17.55,50.47,5.32,0.09,0.0,-3.25,28.42,17.97,-52.23,-18.32,2.74,77.07,-15.58,61.48
231,7.26,18.56,51.3,4.2,0.02,0.0,-4.4,28.02,16.81,-51.43,-19.17,2.73,70.32,-16.44,53.88
241,6.0,21.02,51.83,2.96,0.08,0.0,-2.55,28.15,17.03,-50.89,-18.89,2.71,73.63,-16.18,57.46
251,8.82,18.89,54.14,4.35,1.51,0.0,-4.82,26.98,16.4,-50.52,-18.36,2.71,75.75,-15.65,60.1
261,6.71,24.07,51.84,4.34,0.18,0.0,-4.84,26.51,17.46,-50.35,-17.73,2.7,75.94,-15.03,60.91
271,10.85,18.1,54.9,3.83,0.63,0.0,-3.43,26.27,16.87,-46.54,-19.08,2.73,81.47,-16.35,65.12
281,12.75,17.72,52.14,4.35,0.3,0.0,-2.82,28.45,16.2,-52.33,-19.46,2.77,76.77,-16.69,60.08
291,8.48,16.63,49.36,3.53,0.19,0.0,-3.13,26.56,17.94,-49.04,-19.07,2.74,70.52,-16.33,54.2
301,6.07,19.11,54.49,5.17,1.04,0.0,-3.44,27.06,17.59,-49.73,-18.78,2.75,77.35,-16.03,61.32
311,6.36,13.34,47.91,3.53,0.32,0.0,-4.45,26.84,18.18,-48.17,-18.88,2.75,63.86,-16.14,47.72
321,8.06,14.46,48.88,3.66,0.98,0.0,-2.45,27.03,17.72,-50.38,-18.46,2.74,67.96,-15.73,52.23
331,8.87,18.9,52.27,2.87,1.81,0.0,-3.41,29.0,16.94,-53.66,-19.84,2.75,73.58,-17.08,56.5
341,8.5,14.55,50.79,2.7,0.33,0.0,-4.26,25.58,16.74,-47.39,-18.53,2.76,67.55,-15.77,51.77
351,9.1,14.16,50.46,2.91,0.05,0.0,-3.77,26.35,16.74,-49.99,-18.19,2.73,66.01,-15.46,50.55
361,8.18,20.82,50.39,4.01,0.4,0.0,-3.85,27.52,15.59,-49.13,-19.53,2.76,73.93,-16.78,57.15
371,7.71,13.38,49.76,4.02,0.31,0.0,-3.47,26.07,20.64,-48.13,-18.18,2.73,70.29,-15.45,54.84
381,10.54,19.98,47.32,3.81,0.09,0.0,-3.88,26.88,15.73,-47.96,-18.69,2.76,72.51,-15.94,56.57
391,8.33,16.48,49.46,3.88,0.0,0.0,-1.5,27.1,17.5,-51.56,-17.49,2.72,69.69,-14.76,54.93
401,8.95,19.96,49.95,3.02,0.03,0.0,-2.02,28.72,15.97,-53.92,-18.18,2.7,70.66,-15.47,55.19
411,11.38,18.08,46.37,3.68,1.2,0.0,-3.83,26.66,19.26,-47.71,-18.21,2.73,75.09,-15.47,59.61
421,12.51,18.67,48.2,5.02,1.31,0.0,-2.39,29.24,15.96,-52.34,-18.41,2.72,76.18,-15.69,60.49
431,7.16,21.39,52.66,3.22,1.23,0.0,-1.01,29.22,14.99,-54.77,-17.99,2.71,74.1,-15.28,58.82
441,7.89,14.93,46.57,4.5,0.59,0.0,-0.68,26.59,17.42,-51.12,-17.64,2.72,66.7,-14.92,51.78
451,9.59,21.62,48.58,4.25,0.14,0.0,-0.99,27.48,14.67,-51.98,-18.21,2.73,73.36,-15.48,57.88
461,9.8,16.66,53.7,3.73,1.0,0.0,-3.22,28.26,14.3,-51.04,-18.93,2.74,73.19,-16.19,57.0
471,9.76,15.73,51.38,3.16,0.61,0.0,-1.48,27.37,18.06,-50.33,-18.46,2.73,74.26,-15.73,58.52
481,8.42,17.99,48.91,4.71,0.07,0.0,-1.39,26.48,18.15,-48.77,-18.65,2.7,74.58,-15.95,58.63
491,11.66,18.2,52.28,6.1,0.12,0.0,-3.43,27.51,15.15,-49.76,-18.56,2.77,77.82,-15.79,62.03
501,7.71,15.58,49.67,3.99,1.18,0.0,-3.57,26.07,14.15,-47.18,-19.93,2.73,67.62,-17.2,50.42
511,20.6,20.81,48.07,4.79,0.72,0.0,-4.99,26.55,11.38,-48.38,-20.67,2.78,79.54,-17.89,61.65
521,7.22,17.52,49.99,3.97,1.4,0.0,-1.88,26.04,17.38,-50.17,-17.96,2.72,71.48,-15.23,56.25
531,6.06,14.39,48.13,3.12,3.93,0.0,-0.1,24.19,17.83,-47.52,-17.7,2.75,70.04,-14.95,55.09
541,13.4,19.82,47.88,4.5,0.34,0.0,-3.58,27.18,14.89,-50.52,-18.64,2.76,73.92,-15.89,58.03
551,10.27,16.46,50.18,4.53,2.53,0.0,-4.93,26.63,18.28,-50.57,-19.0,2.74,73.38,-16.26,57.12
561,13.63,17.44,53.36,4.4,0.91,0.0,-3.54,25.77,14.55,-46.71,-19.11,2.76,79.81,-16.35,63.47
571,15.3,14.68,49.04,3.16,0.25,0.0,-2.32,28.21,14.59,-51.38,-19.08,2.76,71.53,-16.32,55.21
581,11.47,20.63,50.5,3.47,0.26,0.0,-4.73,27.33,14.95,-50.77,-19.03,2.74,73.12,-16.29,56.83
591,11.45,16.45,48.03,5.29,1.51,0.0,-4.26,24.11,19.08,-44.84,-18.15,2.7,76.81,-15.45,61.36
601,12.12,21.47,52.67,3.05,0.65,0.0,-5.37,27.9,15.33,-50.35,-19.41,2.73,77.46,-16.68,60.78
611,10.02,13.21,52.08,4.12,0.8,0.0,-4.06,24.86,15.95,-46.98,-18.57,2.73,70.0,-15.84,54.16
621,12.17,17.91,48.94,3.64,0.05,0.0,-3.0,27.5,16.07,-51.08,-19.23,2.74,72.21,-16.49,55.72
631,7.01,14.03,51.33,4.2,0.62,0.0,-2.11,27.95,15.51,-50.81,-18.45,2.72,67.75,-15.74,52.01
641,8.42,18.99,48.25,2.91,0.07,0.0,-4.46,25.44,18.11,-49.16,-17.96,2.74,68.58,-15.22,53.36
651,8.74,19.51,47.66,4.73,0.94,0.0,-4.56,26.79,16.9,-48.88,-18.25,2.71,71.84,-15.54,56.3
661,8.09,21.06,50.19,4.28,0.1,0.0,-3.12,29.49,17.85,-55.86,-18.46,2.74,72.08,-15.72,56.36
671,13.52,16.92,50.78,6.03,0.29,0.0,-3.01,26.78,14.41,-49.1,-18.95,2.74,76.63,-16.21,60.41
681,8.77,22.29,51.97,5.77,0.25,0.0,-3.36,27.11,17.42,-52.05,-18.24,2.75,78.17,-15.49,62.68
691,8.22,14.73,55.68,3.45,0.71,0.0,-4.14,27.17,18.19,-49.27,-19.35,2.74,74.74,-16.61,58.13
701,7.26,17.92,48.26,4.21,0.3,0.0,-2.71,25.18,16.77,-46.61,-18.31,2.69,70.59,-15.62,54.96
711,13.16,19.21,51.23,5.47,0.99,0.0,-0.79,28.01,15.49,-52.79,-18.47,2.74,79.96,-15.73,64.24
721,7.23,17.06,50.97,3.29,0.02,0.0,-4.17,27.68,13.66,-48.05,-18.95,2.74,67.69,-16.21,51.48
731,8.89,16.6,49.18,3.89,0.32,0.0,2.34,27.17,17.74,-49.7,-17.75,2.71,76.43,-15.04,61.39
741,11.0,22.15,47.65,4.3,0.26,0.0,-2.56,27.25,15.51,-51.57,-18.62,2.72,74.01,-15.89,58.11
751,6.0,19.7,53.16,3.67,0.06,0.0,-3.15,27.42,18.29,-53.63,-18.47,2.74,71.52,-15.72,55.8
761,8.47,19.44,48.6,2.56,0.04,0.0,-1.86,26.93,16.05,-49.93,-18.9,2.74,70.31,-16.16,54.15
771,10.31,24.94,49.81,4.87,0.2,0.0,-3.03,27.86,17.25,-51.37,-18.3,2.72,80.82,-15.59,65.23
781,13.34,16.0,48.25,4.06,0.41,0.0,-3.82,27.98,14.6,-50.16,-19.03,2.72,70.67,-16.31,54.36
791,12.09,15.76,51.29,3.21,0.76,0.0,-3.02,26.63,14.15,-50.69,-18.13,2.72,70.18,-15.4,54.78
801,10.47,19.62,51.04,3.19,1.93,0.0,-3.71,26.71,17.13,-51.1,-18.57,2.76,75.28,-15.81,59.47
811,8.02,19.4,50.23,4.65,0.34,0.0,-3.92,26.82,18.87,-50.42,-18.36,2.73,73.98,-15.63,58.35
821,6.21,21.55,49.4,4.51,1.39,0.0,-2.97,28.98,14.2,-52.6,-18.47,2.71,70.66,-15.76,54.9
831,10.63,23.27,49.49,5.55,1.95,0.0,-3.11,26.68,18.21,-50.84,-18.16,2.74,81.84,-15.43,66.42
841,14.45,18.62,49.56,4.72,1.31,0.0,-4.85,25.55,13.22,-48.49,-18.84,2.73,74.09,-16.11,57.98
851,7.57,16.13,49.42,2.73,0.02,0.0,-1.25,26.28,16.51,-50.47,-18.09,2.75,66.94,-15.34,51.6
861,12.02,13.4,48.61,4.12,2.84,0.0,-2.94,26.73,17.6,-49.11,-18.03,2.74,73.27,-15.29,57.98
871,8.49,16.96,51.64,4.15,0.47,0.0,-4.89,27.26,15.11,-48.42,-20.01,2.73,70.76,-17.28,53.48
881,9.71,15.87,51.9,3.08,0.25,0.0,-3.1,27.88,16.42,-52.6,-18.61,2.73,69.4,-15.88,53.52
891,7.73,18.42,50.49,3.97,0.74,0.0,-3.81,28.89,17.71,-52.79,-19.13,2.74,71.34,-16.38,54.96
901,12.37,18.81,51.71,4.07,0.54,0.0,-3.76,27.39,16.25,-50.09,-19.47,2.74,77.29,-16.73,60.56
911,10.34,17.3,50.5,3.63,0.64,0.0,0.21,29.14,14.74,-52.61,-18.35,2.68,73.9,-15.66,58.24
921,9.07,15.08,51.96,2.7,0.79,0.0,-3.99,25.5,17.77,-44.64,-19.02,2.75,74.24,-16.28,57.96
931,13.37,26.26,49.71,4.59,0.87,0.0,-3.81,28.2,15.36,-50.37,-18.99,2.73,84.18,-16.27,67.92
941,8.98,20.23,48.89,3.77,0.04,0.0,-1.31,27.01,15.88,-51.56,-18.82,2.73,71.93,-16.08,55.84
951,8.62,14.19,50.07,4.33,1.67,0.0,-3.35,24.81,16.96,-48.23,-18.61,2.72,69.06,-15.89,53.17
961,11.35,16.07,52.18,4.57,0.1,0.0,-4.31,28.51,16.12,-51.49,-19.35,2.74,73.11,-16.61,56.5
971,9.84,24.04,50.75,5.6,0.32,0.0,-3.11,27.52,15.25,-51.42,-18.86,2.76,78.79,-16.1,62.69
981,11.58,18.09,49.62,4.83,0.43,0.0,-4.69,27.97,13.37,-50.13,-19.53,2.73,71.09,-16.8,54.29
991,7.44,19.36,53.21,3.88,0.16,0.0,-4.3,27.2,16.49,-49.43,-19.88,2.72,74.02,-17.16,56.85
1001,8.54,16.89,49.92,3.57,2.3,0.0,-3.03,25.0,15.81,-47.97,-18.41,2.68,71.03,-15.73,55.3
1011,8.28,20.14,49.37,4.36,0.65,0.0,-3.41,24.88,14.9,-47.16,-18.53,2.7,72.01,-15.83,56.17
1021,5.62,13.6,50.33,2.96,0.0,0.0,-3.15,25.34,16.96,-46.93,-18.86,2.69,64.73,-16.17,48.56
1031,17.22,17.81,52.38,4.65,1.22,0.0,-5.74,25.65,13.3,-46.58,-19.43,2.68,79.9,-16.75,63.15
1041,6.24,13.26,48.55,3.58,2.15,0.0,-3.88,25.93,20.62,-46.75,-18.64,2.73,69.68,-15.92,53.77
1051,9.04,17.24,55.83,2.44,0.01,0.0,-0.86,27.49,18.99,-50.86,-17.4,2.71,79.33,-14.69,64.64
1061,7.46,21.18,47.09,3.63,1.76,0.0,-3.56,25.72,17.12,-49.38,-17.83,2.73,71.02,-15.1,55.91
1071,12.16,21.72,47.2,3.8,0.73,0.0,-3.9,26.76,15.84,-49.52,-18.86,2.73,74.8,-16.13,58.67
1081,5.98,18.92,52.85,5.08,2.31,0.0,-4.58,27.79,15.92,-50.28,-18.68,2.73,73.98,-15.96,58.03
1091,10.02,17.49,48.85,3.81,0.09,0.0,-3.57,27.2,15.66,-49.57,-18.81,2.76,69.98,-16.05,53.93
1101,6.71,14.45,52.33,2.58,0.3,0.0,-1.33,27.49,18.15,-50.27,-18.63,2.72,70.42,-15.9,54.51
1111,9.04,18.6,51.27,4.15,0.76,0.0,-3.31,26.57,15.37,-49.6,-18.45,2.76,72.84,-15.69,57.15
1121,14.56,15.69,51.62,3.5,1.06,0.0,-1.74,27.81,16.87,-52.91,-17.68,2.74,76.47,-14.95,61.52
1131,9.08,23.03,47.04,5.86,0.1,0.0,-3.56,25.95,22.26,-49.96,-17.69,2.71,79.79,-14.98,64.81
1141,6.02,22.43,52.02,3.52,0.16,0.0,-3.95,29.19,16.72,-54.27,-18.42,2.72,71.84,-15.69,56.15
1151,5.65,19.93,48.49,3.38,0.03,0.0,-1.76,26.05,23.92,-49.21,-17.14,2.72,76.48,-14.42,62.06
1161,10.54,18.58,49.3,4.38,4.21,0.0,-2.24,26.38,18.09,-50.46,-18.07,2.73,78.76,-15.35,63.41
1171,7.1,14.77,48.38,3.99,0.05,0.0,-3.44,27.18,15.23,-50.13,-18.8,2.74,63.14,-16.06,47.08
1181,7.46,19.34,50.54,4.18,2.04,0.0,-4.92,27.16,17.82,-48.26,-18.73,2.74,75.37,-15.99,59.38
1191,12.76,15.06,50.72,4.07,0.31,0.0,-1.05,26.79,16.02,-51.0,-18.46,2.73,73.68,-15.73,57.94
1201,11.94,26.08,52.5,6.15,0.27,0.0,-4.04,28.72,14.18,-52.55,-18.3,2.71,83.24,-15.6,67.65
1211,8.9,20.42,50.26,3.76,0.81,0.0,-5.64,24.61,14.87,-46.57,-19.46,2.71,71.4,-16.75,54.65
1221,10.03,18.05,52.14,4.63,0.18,0.0,-4.36,26.0,17.79,-48.9,-19.35,2.76,75.55,-16.59,58.96
1231,8.64,18.46,49.86,5.05,0.78,0.0,-3.27,26.5,13.76,-48.78,-18.96,2.68,71.01,-16.28,54.72
1241,5.85,22.33,51.86,4.12,0.05,0.0,-3.79,25.29,16.98,-47.07,-18.7,2.7,75.62,-16.01,59.61
1251,9.48,20.32,51.98,4.19,0.91,0.0,-3.86,28.45,18.25,-52.61,-18.64,2.73,77.1,-15.91,61.19
1261,9.48,21.02,50.09,3.88,0.1,0.0,-3.31,28.31,15.58,-50.53,-19.03,2.72,74.63,-16.31,58.33
1271,11.38,23.29,49.34,5.13,0.13,0.0,-2.98,26.13,14.11,-48.92,-18.69,2.75,77.61,-15.94,61.67
1281,11.99,17.52,51.03,2.83,0.23,0.0,-2.97,28.71,16.26,-51.32,-18.98,2.74,74.27,-16.24,58.03
1291,6.97,15.58,53.34,4.36,0.14,0.0,-4.57,27.13,21.02,-48.72,-18.37,2.71,75.25,-15.65,59.6
1301,12.77,18.19,49.14,5.29,0.47,0.0,-3.31,26.12,13.61,-48.75,-18.89,2.76,73.53,-16.13,57.41
1311,14.89,21.33,47.76,4.75,0.09,0.0,-3.89,25.81,15.84,-50.15,-18.13,2.74,76.42,-15.39,61.03
1321,9.14,15.68,52.07,2.85,0.0,0.0,-3.23,27.54,16.76,-50.83,-18.64,2.75,69.98,-15.89,54.09
1331,7.16,14.55,47.51,2.85,0.3,0.0,-2.63,26.05,15.49,-50.25,-18.34,2.75,61.04,-15.59,45.45
1341,8.24,17.81,51.33,3.39,0.31,0.0,-2.45,27.45,17.51,-51.72,-17.66,2.74,71.88,-14.92,56.95
1351,11.72,20.82,51.13,4.44,0.28,0.0,-3.45,27.48,15.48,-50.74,-18.59,2.74,77.15,-15.85,61.3
1361,8.27,20.06,54.68,5.13,1.61,0.0,-5.22,26.21,21.61,-47.73,-18.81,2.73,84.61,-16.08,68.53
1371,13.35,15.95,50.12,4.0,1.05,0.0,-3.92,26.19,13.88,-48.47,-19.6,2.77,72.17,-16.83,55.34
1381,8.76,19.68,50.67,5.81,0.23,0.0,-3.11,27.75,17.59,-50.56,-18.69,2.74,76.82,-15.95,60.88
1391,8.81,12.23,49.65,4.34,0.17,0.0,-2.49,23.91,19.74,-44.95,-18.22,2.73,71.41,-15.49,55.92
1401,11.77,15.56,50.45,4.34,0.1,0.0,-2.03,26.75,15.99,-49.6,-18.83,2.75,73.33,-16.08,57.24
1411,5.98,18.07,52.47,3.86,0.59,0.0,-2.26,28.46,16.52,-51.74,-18.74,2.73,71.94,-16.01,55.94
1421,11.91,16.24,50.4,3.79,0.79,0.0,-3.03,25.79,17.29,-47.7,-18.41,2.71,75.48,-15.7,59.78
1431,6.43,18.01,48.2,3.88,0.16,0.0,-2.37,26.39,18.0,-49.31,-17.98,2.71,69.38,-15.27,54.11
1441,6.26,16.52,49.13,3.64,2.13,0.0,-1.67,27.7,15.39,-51.24,-18.89,2.75,67.85,-16.14,51.71
1451,11.24,15.79,52.33,3.4,0.89,0.0,-3.4,26.11,16.62,-47.98,-18.35,2.75,75.01,-15.6,59.41
1461,12.63,14.21,53.15,3.1,0.88,0.0,-0.96,28.17,16.54,-51.1,-19.18,2.75,76.62,-16.44,60.18
1471,12.9,20.13,50.26,3.94,0.1,0.0,-3.83,25.75,18.03,-47.35,-18.41,2.77,79.92,-15.64,64.28
1481,12.93,15.24,48.37,4.17,0.02,0.0,-3.08,27.07,14.99,-51.28,-18.43,2.74,68.42,-15.69,52.73
1491,9.71,15.29,53.37,4.18,1.22,0.0,-3.74,25.85,17.22,-47.12,-18.89,2.76,75.97,-16.13,59.84
1501,11.08,18.64,48.37,4.05,0.24,0.0,-2.55,26.07,15.61,-49.96,-18.58,2.75,71.54,-15.83,55.71
1511,12.79,16.38,49.55,4.41,0.95,0.0,-4.12,25.52,16.9,-49.07,-17.95,2.76,73.31,-15.19,58.12
1521,6.24,15.1,47.02,4.8,0.67,0.0,-2.26,26.72,16.37,-49.6,-18.45,2.74,65.07,-15.71,49.36
1531,9.8,15.54,48.12,3.36,0.64,0.0,-1.65,27.62,17.83,-51.58,-17.86,2.7,69.68,-15.15,54.53
1541,11.23,24.37,46.79,4.25,0.59,0.0,-2.58,27.22,15.5,-52.51,-18.56,2.74,74.84,-15.82,59.03
1551,7.68,18.74,49.02,3.54,0.21,0.0,-2.02,26.7,16.79,-49.59,-17.44,2.74,71.06,-14.7,56.36
1561,16.03,17.88,48.21,5.31,0.1,0.0,-3.7,26.45,13.55,-50.2,-18.43,2.74,73.64,-15.69,57.95
1571,8.41,14.84,47.96,4.04,0.54,0.0,-3.93,27.8,18.13,-51.76,-17.93,2.71,66.03,-15.22,50.82
1581,8.67,19.91,48.96,4.18,1.06,0.0,-2.86,25.84,16.52,-49.17,-17.96,2.75,73.11,-15.21,57.9
1591,7.66,17.12,48.58,3.16,0.03,0.0,-1.3,27.51,15.36,-52.08,-17.8,2.73,66.04,-15.07,50.97
1601,9.2,16.49,50.16,3.44,0.58,0.0,-0.69,25.88,18.22,-50.56,-17.61,2.74,72.73,-14.87,57.86
1611,21.6,17.71,51.85,6.02,1.51,0.0,-4.34,25.81,15.97,-47.69,-19.07,2.75,88.44,-16.32,72.12
1621,14.34,14.83,49.4,4.19,0.22,0.0,-4.36,26.92,13.44,-48.89,-19.33,2.75,70.09,-16.58,53.51
1631,13.01,19.74,50.64,5.24,1.54,0.0,-4.25,25.57,13.45,-47.49,-18.87,2.73,77.46,-16.13,61.33
1641,9.64,16.85,48.18,4.43,1.37,0.0,-3.67,27.34,18.15,-50.39,-18.78,2.73,71.91,-16.04,55.87
1651,10.33,14.08,52.74,3.63,0.79,0.0,-4.65,27.7,14.94,-49.42,-19.09,2.73,70.14,-16.36,53.78
1661,9.49,19.28,50.23,3.96,0.96,0.0,-1.8,26.95,15.14,-49.16,-18.2,2.73,75.04,-15.47,59.57
1671,8.18,20.7,46.38,3.36,0.47,0.0,-3.18,27.97,16.95,-52.15,-17.64,2.71,68.67,-14.93,53.74
1681,6.7,18.33,50.8,3.67,0.73,0.0,-2.34,27.0,18.87,-50.67,-18.65,2.75,73.07,-15.9,57.17
1691,12.23,22.18,54.22,3.72,0.22,0.0,-3.11,26.79,16.62,-50.33,-18.26,2.74,82.54,-15.52,67.02
1701,4.85,13.31,50.55,3.72,0.58,0.0,-3.83,26.0,17.19,-47.7,-18.8,2.73,64.67,-16.07,48.6
1711,10.52,13.76,51.12,3.53,0.04,0.0,-1.21,28.04,17.84,-50.35,-18.5,2.71,73.3,-15.8,57.51
1721,7.03,14.77,50.43,3.59,0.15,0.0,-3.93,26.66,15.86,-47.91,-18.93,2.74,66.65,-16.19,50.46
1731,9.51,19.17,52.5,4.06,0.45,0.0,-4.13,26.17,15.54,-47.77,-18.49,2.72,75.49,-15.77,59.73
1741,9.84,16.84,51.47,2.64,0.24,0.0,-3.95,26.84,15.47,-49.51,-18.87,2.73,69.88,-16.14,53.74
1751,6.42,19.43,47.45,4.06,0.01,0.0,-2.21,27.62,18.77,-52.66,-18.17,2.73,68.89,-15.44,53.45
1761,8.94,19.49,50.09,4.57,0.01,0.0,-4.13,26.69,15.82,-47.44,-19.52,2.75,74.03,-16.76,57.27
1771,9.77,16.95,50.67,4.19,0.58,0.0,-5.5,26.8,16.49,-48.54,-18.88,2.72,71.41,-16.16,55.24
1781,5.77,15.82,48.62,3.31,1.44,0.0,-1.06,26.86,18.7,-49.57,-18.02,2.71,69.89,-15.3,54.58
1791,10.42,16.25,54.32,5.91,0.29,0.0,-4.8,27.24,15.69,-47.85,-19.46,2.75,77.49,-16.71,60.78
1801,10.86,24.09,53.3,5.34,1.01,0.0,-3.92,26.96,16.85,-49.53,-18.71,2.74,84.95,-15.97,68.98
1811,6.52,21.78,49.4,5.01,0.29,0.0,-3.34,26.62,16.47,-48.43,-18.73,2.72,74.33,-16.0,58.32
1821,12.99,12.59,51.58,4.35,0.41,0.0,-3.07,26.49,17.29,-49.43,-18.01,2.71,73.2,-15.3,57.9
1831,11.12,17.14,50.43,3.58,0.13,0.0,-3.65,29.03,13.46,-50.81,-19.5,2.74,70.44,-16.76,53.68
1841,11.68,17.46,47.76,3.47,0.89,0.0,-3.08,26.06,14.12,-50.84,-18.84,2.75,67.52,-16.09,51.44
1851,9.75,15.21,47.69,3.2,0.43,0.0,-3.63,26.77,17.12,-49.89,-19.13,2.73,66.65,-16.4,50.25
1861,9.1,14.25,52.24,2.98,0.25,0.0,-3.83,25.93,15.95,-47.1,-18.47,2.72,69.77,-15.75,54.02
1871,9.0,18.92,49.27,4.27,0.63,0.0,-3.31,25.32,15.07,-46.5,-18.08,2.69,72.65,-15.38,57.27
1881,12.09,16.29,49.35,3.05,0.21,0.0,-2.12,27.93,14.07,-52.3,-18.48,2.74,68.57,-15.74,52.83
1891,9.02,24.32,53.23,5.55,1.1,0.0,0.53,28.61,17.41,-53.18,-18.48,2.7,86.59,-15.78,70.81
1901,9.65,15.19,50.57,4.81,0.3,0.0,-4.26,28.29,18.59,-50.62,-18.76,2.72,72.52,-16.04,56.48
1911,9.53,19.93,49.32,5.23,0.09,0.0,-4.57,27.36,15.45,-48.58,-19.58,2.78,73.77,-16.8,56.97
1921,8.3,18.66,50.24,5.04,0.66,0.0,-3.13,27.15,17.21,-50.42,-18.63,2.73,73.71,-15.9,57.8
1931,6.95,20.56,47.98,4.5,0.21,0.0,-4.69,27.78,17.27,-51.62,-18.9,2.74,68.94,-16.16,52.77
1941,8.96,16.76,52.01,5.66,0.21,0.0,-3.41,27.82,16.8,-51.76,-19.08,2.74,73.05,-16.34,56.71
1951,10.89,21.52,50.51,4.61,0.62,0.0,-3.0,29.19,15.4,-54.12,-18.95,2.73,75.61,-16.22,59.38
1961,10.57,18.32,49.53,4.56,0.14,0.0,-3.75,29.28,15.2,-52.43,-18.98,2.71,71.43,-16.26,55.16
1971,11.1,21.84,48.98,5.11,1.86,0.0,-5.38,24.97,18.01,-45.28,-19.59,2.72,81.22,-16.87,64.35
1981,8.71,17.22,51.87,3.78,0.62,0.0,-4.72,26.4,18.86,-47.96,-18.42,2.73,74.79,-15.69,59.1
1991,7.6,17.8,51.62,3.24,1.22,0.0,-2.95,28.31,15.63,-52.8,-18.43,2.72,69.67,-15.71,53.96
2001,8.19,17.97,51.91,3.86,0.21,0.0,-3.88,27.41,16.49,-47.33,-19.51,2.73,74.82,-16.78,58.05
2011,11.2,15.32,52.9,2.28,0.85,0.0,-4.54,27.47,15.17,-49.95,-19.25,2.72,70.7,-16.53,54.17
2021,5.22,18.97,50.96,5.32,1.33,0.0,-4.01,27.76,17.93,-51.9,-19.17,2.73,71.57,-16.44,55.13
2031,15.44,19.46,50.67,3.71,0.27,0.0,-0.67,26.99,14.55,-51.45,-18.58,2.72,78.98,-15.86,63.12
2041,13.72,16.43,49.3,4.78,2.23,0.0,-4.44,27.1,13.48,-50.79,-19.05,2.73,71.82,-16.31,55.51
2051,11.5,18.74,53.78,4.52,0.06,0.0,-3.71,27.66,15.15,-52.28,-18.47,2.74,75.43,-15.73,59.7
2061,9.66,16.06,48.85,4.63,0.92,0.0,-4.04,25.55,19.02,-49.16,-18.34,2.72,71.49,-15.62,55.87
2071,11.65,18.16,52.33,3.76,0.99,0.0,-4.29,25.65,15.95,-48.15,-18.83,2.78,76.05,-16.05,60.0
2081,8.2,13.15,51.91,3.81,0.2,0.0,-3.85,27.14,18.27,-49.69,-18.74,2.74,69.16,-16.0,53.15
2091,8.56,19.92,50.29,3.49,0.74,0.0,-4.68,27.41,17.5,-48.42,-19.25,2.75,74.81,-16.5,58.31
2101,8.22,18.92,48.04,4.76,0.98,0.0,-4.51,26.69,18.02,-49.3,-18.61,2.73,71.82,-15.88,55.94
2111,9.82,15.03,52.9,3.64,2.04,0.0,-2.68,27.56,17.65,-50.22,-18.9,2.76,75.74,-16.14,59.6
2121,13.28,19.54,49.09,4.43,0.01,0.0,0.28,28.18,15.43,-51.48,-18.76,2.71,78.75,-16.05,62.7
2131,12.75,18.54,49.49,3.27,0.68,0.0,-3.86,27.29,13.41,-51.26,-18.57,2.72,70.31,-15.85,54.46
2141,9.66,14.49,48.4,3.41,0.06,0.0,-0.47,24.86,17.99,-46.82,-18.23,2.73,71.57,-15.5,56.07
2151,7.1,19.73,53.25,5.34,0.4,0.0,-3.8,28.32,16.24,-51.19,-19.19,2.76,75.38,-16.44,58.95
2161,9.13,20.03,50.86,4.37,1.06,0.0,-5.49,26.42,16.53,-48.1,-19.23,2.73,74.82,-16.5,58.32
2171,9.42,20.62,50.51,4.31,0.03,0.0,-4.51,26.47,14.74,-50.65,-18.73,2.7,70.95,-16.02,54.92
2181,10.27,18.87,50.17,4.27,0.08,0.0,-3.64,25.87,16.85,-48.07,-19.67,2.71,74.67,-16.96,57.71
2191,9.51,16.98,50.1,4.4,0.19,0.0,-4.24,26.58,13.69,-50.33,-18.58,2.75,66.9,-15.83,51.07
2201,10.77,19.81,53.55,5.48,0.08,0.0,-3.27,27.3,16.47,-50.15,-18.8,2.77,80.04,-16.03,64.02
2211,10.52,11.97,51.88,3.48,2.03,0.0,-3.7,28.36,14.52,-50.0,-19.44,2.75,69.07,-16.7,52.37
2221,15.7,20.39,49.4,7.1,1.83,0.0,-4.33,24.26,14.65,-45.31,-19.1,2.7,83.69,-16.4,67.28
2231,9.09,17.7,53.78,4.89,0.15,0.0,-5.12,27.24,16.41,-48.28,-20.23,2.76,75.86,-17.48,58.38
2241,7.88,21.77,51.81,6.15,0.22,0.0,-3.84,24.68,17.27,-45.42,-18.21,2.69,80.53,-15.52,65.02
2251,11.41,15.79,49.37,2.9,0.71,0.0,-0.93,25.46,17.93,-48.77,-18.79,2.69,73.86,-16.11,57.76
2261,11.38,21.5,50.76,5.75,0.12,0.0,-2.32,26.15,15.27,-47.87,-18.68,2.68,80.74,-16.0,64.74
2271,9.44,16.14,49.36,5.1,0.96,0.0,-3.49,24.25,15.24,-46.38,-18.61,2.7,70.63,-15.91,54.71
2281,11.22,19.34,50.54,4.58,0.33,0.0,-5.08,25.08,14.26,-46.26,-19.68,2.72,74.01,-16.96,57.04
2291,10.04,15.41,53.09,3.55,1.77,0.0,-3.84,24.69,15.63,-47.04,-18.67,2.67,73.29,-16.0,57.29
2301,10.38,17.2,52.82,4.53,0.36,0.0,-3.32,24.77,14.4,-47.65,-18.67,2.73,73.5,-15.94,57.56
2311,10.59,18.42,50.08,3.79,0.78,0.0,-3.29,26.91,15.91,-49.41,-19.25,2.68,73.78,-16.58,57.21
2321,6.1,16.39,50.22,4.56,0.22,0.0,-4.95,25.5,17.8,-47.58,-18.78,2.71,68.26,-16.07,52.19
2331,10.29,20.57,50.12,4.15,0.57,0.0,-3.78,26.88,16.22,-49.89,-19.31,2.71,75.13,-16.6,58.52
2341,10.06,29.15,50.01,7.89,0.03,0.0,-4.22,25.76,16.8,-47.65,-18.51,2.7,87.83,-15.81,72.01
2351,11.75,22.04,54.19,4.22,0.17,0.0,-3.03,25.16,15.34,-46.93,-19.01,2.7,82.91,-16.31,66.61
2361,10.34,22.55,49.11,5.06,0.41,0.0,-1.48,24.42,17.83,-48.17,-17.74,2.69,80.08,-15.05,65.03
2371,6.51,12.08,52.62,2.7,0.48,0.0,-3.84,25.63,16.83,-47.36,-18.92,2.7,65.62,-16.22,49.4
2381,8.01,20.92,50.34,4.69,0.46,0.0,-2.73,25.55,17.36,-48.64,-18.27,2.69,75.96,-15.58,60.38
2391,7.65,18.91,48.64,4.94,0.34,0.0,-1.96,25.75,17.48,-46.75,-19.09,2.67,75.0,-16.42,58.58
2401,9.46,13.9,52.1,3.12,0.45,0.0,-3.51,24.0,16.67,-46.41,-18.84,2.7,69.8,-16.14,53.66
2411,8.19,14.65,50.86,3.58,0.21,0.0,-3.42,25.33,18.59,-48.13,-18.95,2.71,69.83,-16.24,53.6
2421,7.16,14.17,51.17,3.48,0.44,0.0,-3.76,23.89,15.8,-44.37,-18.55,2.69,67.97,-15.87,52.11
2431,11.63,16.37,50.6,3.36,0.03,0.0,-4.75,23.31,14.55,-42.51,-19.25,2.73,72.59,-16.51,56.08
2441,15.06,21.98,53.18,4.66,0.77,0.0,-4.17,25.45,15.25,-45.69,-19.91,2.71,86.48,-17.19,69.29
2451,18.67,21.36,54.94,6.74,1.14,0.0,-2.79,26.35,12.19,-48.41,-18.86,2.7,90.19,-16.17,74.02
2461,10.48,15.66,51.27,3.94,0.1,0.0,-4.18,25.3,12.93,-46.65,-19.58,2.7,68.85,-16.88,51.97
2471,13.18,16.69,50.09,4.76,0.04,0.0,-3.73,25.02,16.61,-46.44,-18.7,2.71,76.21,-15.99,60.23
2481,6.42,16.24,50.08,2.46,0.01,0.0,-3.41,23.66,16.02,-45.46,-18.74,2.73,66.03,-16.02,50.02
2491,9.27,20.43,52.57,5.73,0.16,0.0,-3.96,22.12,16.18,-44.88,-18.3,2.71,77.63,-15.58,62.05
2501,5.76,16.55,49.99,3.94,0.27,0.0,-2.45,25.69,17.65,-47.06,-18.95,2.7,70.33,-16.25,54.09
2511,7.21,18.67,49.08,4.11,0.02,0.0,-1.61,26.49,16.85,-50.36,-18.9,2.71,70.47,-16.19,54.28
2521,14.89,20.79,47.32,5.68,0.45,0.0,-3.49,22.07,15.42,-44.59,-19.03,2.76,78.54,-16.27,62.27
2531,10.24,15.31,49.61,3.52,0.13,0.0,-2.13,24.73,15.15,-47.29,-19.03,2.71,69.28,-16.32,52.96
2541,6.45,17.84,56.21,5.23,0.05,0.0,-3.18,24.84,16.6,-47.52,-19.02,2.72,76.52,-16.3,60.22
2551,6.37,20.38,52.12,5.04,2.09,0.0,-5.19,26.72,18.53,-49.7,-18.57,2.69,76.36,-15.88,60.48
2561,7.91,17.64,51.49,3.5,0.81,0.0,-4.14,24.23,17.24,-47.48,-19.24,2.71,71.21,-16.53,54.69
2571,10.78,19.36,48.49,4.16,0.58,0.0,-4.24,25.68,17.31,-49.66,-18.66,2.72,72.45,-15.95,56.5
2581,11.73,19.98,49.88,4.81,0.62,0.0,-2.81,22.51,17.21,-44.37,-18.35,2.71,79.55,-15.64,63.91
2591,7.69,17.82,51.82,4.0,0.08,0.0,-3.83,26.41,15.54,-48.48,-19.05,2.7,71.06,-16.35,54.71
2601,10.1,22.13,48.69,4.13,0.67,0.0,-3.49,24.77,15.75,-47.67,-18.58,2.73,75.07,-15.85,59.22
2611,8.66,18.53,50.06,4.55,2.03,0.0,-4.01,25.24,17.25,-48.23,-18.3,2.69,74.08,-15.61,58.47
2621,10.0,15.76,53.96,3.57,0.73,0.0,-5.16,26.16,15.58,-46.14,-19.92,2.7,74.47,-17.22,57.25
2631,13.71,24.07,51.34,3.48,0.03,0.0,-2.15,24.21,17.42,-46.23,-19.06,2.7,85.89,-16.36,69.53
2641,3.98,19.72,56.21,4.32,0.32,0.0,-3.62,24.63,18.67,-45.79,-18.07,2.71,78.44,-15.36,63.07
2651,9.84,15.32,51.76,4.03,1.0,0.0,-3.56,24.5,16.28,-46.41,-18.91,2.73,72.76,-16.18,56.58
2661,8.68,19.14,52.72,3.7,0.22,0.0,-5.51,25.58,16.46,-46.9,-19.2,2.67,74.08,-16.53,57.55
2671,7.07,18.7,49.1,3.47,0.2,0.0,-3.67,25.42,17.0,-46.85,-18.47,2.74,70.44,-15.73,54.71
2681,6.48,17.43,51.16,4.01,0.28,0.0,-2.32,24.98,16.81,-47.59,-18.87,2.68,71.25,-16.19,55.06
2691,12.86,17.97,52.34,4.34,0.26,0.0,-0.98,27.26,14.86,-50.44,-18.84,2.69,78.45,-16.14,62.31
2701,5.36,17.54,51.32,4.94,0.03,0.0,-4.74,23.94,18.73,-45.12,-18.44,2.69,71.99,-15.75,56.25
2711,9.52,22.03,49.22,5.05,0.19,0.0,-4.67,23.63,14.64,-45.51,-18.91,2.73,74.1,-16.18,57.92
2721,6.3,13.91,49.46,3.57,1.34,0.0,-3.17,24.81,17.38,-46.32,-18.76,2.69,67.28,-16.07,51.21
2731,11.28,15.98,52.45,2.5,0.17,0.0,-4.23,24.59,16.15,-46.26,-19.13,2.72,72.64,-16.41,56.23
2741,6.04,19.45,48.56,4.92,1.51,0.0,-1.34,26.28,16.69,-48.9,-18.43,2.72,73.22,-15.71,57.5
2751,10.37,16.81,51.03,4.4,0.01,0.0,-2.01,25.27,17.17,-47.05,-19.0,2.71,76.01,-16.29,59.72
2761,10.95,16.63,50.39,3.66,1.38,0.0,-5.66,23.61,16.39,-44.51,-18.81,2.69,72.83,-16.12,56.7
2771,10.91,19.04,50.89,4.76,0.27,0.0,-3.5,26.2,15.08,-48.96,-18.64,2.69,74.69,-15.95,58.74
2781,13.47,21.64,46.96,4.6,2.45,0.0,-2.87,28.51,14.46,-53.91,-18.25,2.71,75.3,-15.55,59.75
2791,11.19,21.35,50.28,5.01,0.3,0.0,-3.51,25.95,16.55,-48.65,-19.33,2.74,78.47,-16.59,61.88
2801,10.78,19.03,49.19,3.56,0.1,0.0,-2.53,27.47,17.25,-52.04,-19.0,2.75,72.8,-16.24,56.56
2811,8.95,18.14,50.38,4.63,0.28,0.0,-2.89,26.41,17.95,-49.61,-18.61,2.73,74.22,-15.88,58.34
2821,12.61,20.99,50.21,6.1,1.61,0.0,-4.32,27.62,14.9,-49.21,-18.6,2.72,80.51,-15.88,64.63
2831,11.2,19.42,46.89,3.3,0.82,0.0,-3.88,27.75,18.76,-52.43,-18.51,2.73,71.84,-15.79,56.05
2841,9.44,16.37,51.42,3.27,0.5,0.0,-3.27,27.16,15.79,-48.49,-19.05,2.73,72.19,-16.32,55.86
2851,10.91,20.45,49.11,4.74,0.11,0.0,-3.69,28.96,15.31,-53.8,-19.0,2.72,72.09,-16.27,55.82
2861,7.05,21.72,50.8,3.17,0.14,0.0,-1.14,27.77,18.93,-51.37,-18.45,2.73,77.08,-15.72,61.36
2871,13.58,19.19,49.32,5.83,0.01,0.0,-1.23,25.75,14.85,-48.89,-18.68,2.74,78.4,-15.95,62.46
2881,13.03,22.94,52.0,4.52,0.34,0.0,-3.62,25.67,14.3,-47.83,-19.49,2.76,81.35,-16.73,64.62
2891,8.55,19.26,52.12,4.6,1.14,0.0,-5.05,28.06,15.71,-50.94,-18.85,2.73,73.45,-16.13,57.32
2901,7.99,19.97,50.01,4.99,0.45,0.0,-4.24,29.78,16.2,-51.69,-19.19,2.71,73.46,-16.48,56.97
2911,9.09,20.85,48.12,3.1,0.57,0.0,-4.7,26.75,16.11,-49.29,-18.92,2.74,70.63,-16.18,54.45
2921,8.28,16.04,49.85,3.64,2.57,0.0,-3.04,27.05,17.43,-49.25,-19.09,2.75,72.58,-16.34,56.24
2931,8.23,19.08,50.25,3.71,0.65,0.0,-3.17,27.39,20.71,-49.79,-18.56,2.72,77.06,-15.84,61.22
2941,10.46,14.28,49.26,3.94,0.52,0.0,-2.44,26.9,20.19,-51.56,-18.55,2.74,71.56,-15.81,55.75
2951,9.17,14.91,51.5,4.11,0.08,0.0,-3.97,27.07,17.21,-51.18,-18.46,2.72,68.89,-15.74,53.15
2961,6.12,16.33,48.4,3.8,0.07,0.0,-2.88,25.94,18.61,-48.79,-18.36,2.73,67.61,-15.63,51.98
2971,11.62,15.45,48.74,3.75,0.15,0.0,-2.2,28.22,17.96,-52.41,-17.91,2.69,71.27,-15.22,56.06
2981,12.18,18.31,51.34,4.49,0.04,0.0,-4.27,25.96,15.45,-46.22,-19.48,2.75,77.27,-16.73,60.54
2991,7.42,18.12,49.54,4.05,0.74,0.0,-4.61,28.23,17.37,-52.07,-17.96,2.72,68.79,-15.24,53.55
3001,8.77,18.1,48.38,3.53,0.81,0.0,-3.09,27.03,16.43,-50.23,-17.77,2.74,69.75,-15.03,54.72
3011,8.03,16.83,48.22,3.13,0.89,0.0,-3.95,26.5,17.63,-48.71,-19.22,2.75,68.57,-16.47,52.1
3021,7.21,16.35,52.46,4.68,0.38,0.0,-2.83,30.35,17.65,-52.61,-19.59,2.74,73.65,-16.85,56.8
3031,9.72,17.09,48.33,4.24,0.09,0.0,-3.94,27.08,16.85,-49.78,-19.43,2.72,69.68,-16.7,52.98
3041,6.19,17.4,52.14,4.05,0.22,0.0,-4.21,27.41,15.46,-50.91,-18.73,2.74,67.76,-15.99,51.78
3051,11.15,13.52,47.94,4.67,1.03,0.0,-2.74,26.8,16.08,-50.96,-18.01,2.72,67.51,-15.28,52.22
3061,9.41,18.08,47.94,3.66,1.17,0.0,0.97,28.76,17.3,-53.22,-17.37,2.73,74.08,-14.64,59.44
3071,9.7,13.81,49.4,3.11,0.14,0.0,-1.86,26.75,17.61,-48.93,-18.35,2.74,69.73,-15.61,54.12
3081,13.33,19.98,52.47,3.76,1.51,0.0,-0.31,29.08,16.03,-55.96,-17.89,2.73,79.89,-15.17,64.73
3091,7.62,19.65,52.12,4.0,0.48,0.0,-3.7,28.91,16.98,-49.93,-19.86,2.72,76.12,-17.14,58.97
3101,6.92,14.59,49.83,3.77,0.64,0.0,-2.31,25.35,19.14,-48.53,-18.62,2.74,69.4,-15.88,53.52
3111,10.22,13.83,52.41,3.56,0.54,0.0,-4.42,27.11,19.34,-49.68,-18.41,2.72,72.92,-15.69,57.23
3121,9.91,14.54,53.39,3.33,0.8,0.0,-2.99,27.5,15.61,-50.46,-19.16,2.73,71.62,-16.43,55.19
3131,13.45,19.5,54.44,4.63,1.89,0.0,-3.17,28.95,13.99,-52.62,-18.7,2.75,81.06,-15.95,65.11
3141,11.65,19.18,50.35,4.44,0.05,0.0,-4.97,25.75,17.1,-47.58,-17.86,2.72,75.98,-15.14,60.85
3151,10.94,17.21,47.34,2.57,2.07,0.0,-2.76,26.39,17.27,-50.32,-17.47,2.73,70.7,-14.74,55.97
3161,9.4,24.83,51.14,5.85,0.37,0.0,-5.34,25.7,15.76,-46.64,-19.38,2.73,81.08,-16.65,64.43
3171,10.03,18.97,51.13,4.54,0.84,0.0,-3.61,28.48,15.58,-51.49,-18.76,2.72,74.47,-16.04,58.43
3181,9.78,22.74,51.5,5.55,0.66,0.0,-3.39,27.21,14.98,-50.04,-18.92,2.73,78.99,-16.19,62.81
3191,9.67,18.07,52.0,4.41,0.02,0.0,-2.52,28.9,18.98,-52.91,-18.01,2.74,76.63,-15.27,61.36
3201,7.73,27.51,48.47,5.69,0.15,0.0,-2.88,28.17,16.0,-51.97,-18.29,2.73,78.86,-15.55,63.31
3211,12.62,22.72,49.51,4.12,1.32,0.0,-4.43,24.99,16.93,-47.18,-19.62,2.77,80.6,-16.86,63.74
3221,7.83,22.73,49.67,4.59,0.95,0.0,-2.87,26.69,18.21,-49.95,-18.53,2.73,77.86,-15.8,62.05
3231,10.19,13.42,47.58,3.12,0.31,0.0,-3.44,26.35,16.37,-48.18,-18.69,2.74,65.71,-15.94,49.77
3241,11.43,16.43,49.17,2.9,0.76,0.0,-4.31,26.24,15.18,-47.89,-18.58,2.74,69.91,-15.84,54.08
3251,10.56,19.44,51.6,3.05,1.59,0.0,-2.36,28.15,18.49,-52.78,-18.41,2.72,77.74,-15.69,62.05
3261,8.12,19.81,49.26,3.67,1.63,0.0,-1.72,28.43,15.54,-53.81,-18.38,2.71,70.92,-15.67,55.24
3271,8.48,19.09,51.5,3.92,0.31,0.0,-3.95,27.52,15.74,-52.14,-18.68,2.72,70.49,-15.95,54.53
3281,7.1,17.32,48.14,3.46,0.9,0.0,-4.67,25.64,16.24,-49.28,-18.77,2.73,64.85,-16.04,48.8
3291,11.15,18.49,47.02,3.61,0.59,0.0,-0.85,28.14,18.14,-51.76,-17.41,2.72,74.53,-14.69,59.84
3301,11.73,15.42,47.98,3.82,0.71,0.0,-2.78,26.31,16.69,-50.23,-18.25,2.72,69.65,-15.54,54.11
3311,12.18,14.3,48.8,3.7,0.0,0.0,-2.74,26.58,17.98,-50.45,-18.8,2.75,70.34,-16.06,54.28
3321,11.36,13.95,49.76,3.28,0.16,0.0,-2.66,27.05,15.13,-48.56,-18.19,2.74,69.47,-15.46,54.01
3331,8.44,19.01,49.01,4.64,1.39,0.0,-2.5,26.07,17.46,-49.68,-17.85,2.75,73.84,-15.1,58.73
3341,8.49,21.84,49.77,2.76,0.18,0.0,-3.39,27.07,17.78,-48.21,-18.62,2.74,76.29,-15.88,60.41
3351,8.11,16.5,49.24,3.01,0.86,0.0,-1.97,26.13,15.64,-48.81,-19.07,2.73,68.72,-16.34,52.38
3361,5.77,18.2,51.83,4.05,0.03,0.0,-3.8,29.35,18.11,-52.64,-19.02,2.71,70.92,-16.31,54.61
3371,11.22,15.42,48.21,3.97,0.14,0.0,-1.41,27.45,15.72,-50.72,-18.47,2.74,70.0,-15.73,54.27
3381,6.36,15.19,48.28,3.29,0.26,0.0,-4.77,27.26,16.86,-50.98,-19.19,2.7,61.76,-16.5,45.27
3391,11.63,21.93,49.78,6.29,0.06,0.0,-3.15,24.46,16.65,-46.37,-18.34,2.7,81.28,-15.64,65.64
3401,7.72,17.4,50.96,2.74,0.01,0.0,-2.76,26.35,18.86,-49.92,-18.0,2.72,71.35,-15.28,56.07
3411,12.82,16.05,49.05,4.53,0.23,0.0,-3.33,25.95,16.67,-49.79,-18.97,2.75,72.18,-16.22,55.96
3421,10.13,14.79,51.83,3.4,1.35,0.0,-4.64,28.34,15.35,-50.36,-20.16,2.71,70.18,-17.45,52.74
3431,15.06,17.6,49.45,5.1,0.14,0.0,-2.28,26.81,14.24,-49.75,-18.81,2.75,76.38,-16.06,60.31
3441,9.16,17.61,47.17,4.11,0.07,0.0,0.87,29.51,15.2,-54.96,-18.16,2.72,68.74,-15.44,53.3
3451,8.7,21.31,51.06,2.95,0.31,0.0,-2.38,28.95,17.43,-53.31,-18.58,2.72,75.02,-15.87,59.15
3461,11.57,19.05,49.09,4.81,2.21,0.0,-3.71,28.52,15.11,-51.78,-18.11,2.69,74.85,-15.43,59.43
3471,10.79,15.35,53.83,4.85,0.14,0.0,-3.9,25.4,15.14,-46.71,-19.57,2.74,74.89,-16.83,58.05
3481,8.35,18.69,50.58,4.25,0.33,0.0,-3.19,26.29,18.0,-48.84,-18.44,2.7,74.46,-15.73,58.73
3491,11.42,16.89,53.92,4.46,0.5,0.0,-4.86,27.69,13.63,-48.93,-19.83,2.71,74.7,-17.12,57.58
3501,7.1,17.13,48.03,3.11,0.06,0.0,0.46,26.95,15.87,-52.6,-18.13,2.74,66.11,-15.4,50.71
3511,12.75,17.13,48.15,4.36,0.52,0.0,-4.26,26.55,16.49,-48.43,-19.57,2.74,73.26,-16.83,56.43
3521,6.33,17.08,49.45,3.73,0.65,0.0,-4.52,28.59,17.03,-50.96,-19.33,2.7,67.38,-16.63,50.75
3531,6.99,14.49,53.64,3.91,0.46,0.0,-4.87,26.45,18.7,-48.52,-18.51,2.74,71.26,-15.77,55.49
3541,8.81,18.67,49.04,4.04,0.06,0.0,-2.64,26.71,15.77,-47.64,-19.04,2.73,72.83,-16.31,56.52
3551,15.06,14.11,49.9,3.74,0.7,0.0,-3.1,27.38,15.05,-51.26,-19.43,2.72,71.59,-16.7,54.88
3561,11.05,22.79,49.73,5.6,0.29,0.0,-3.42,25.25,17.22,-49.94,-18.41,2.76,78.57,-15.65,62.92
3571,12.76,16.44,50.67,3.57,1.32,0.0,-0.15,24.95,16.75,-48.52,-18.34,2.75,77.8,-15.59,62.21
3581,6.52,20.25,48.83,3.84,0.05,0.0,-2.96,26.14,17.85,-50.72,-18.19,2.74,69.81,-15.46,54.36
3591,13.08,18.27,50.54,4.05,0.14,0.0,-3.71,26.39,18.06,-49.77,-18.82,2.75,77.07,-16.07,61.0
3601,13.18,22.23,51.04,5.64,1.0,0.0,-2.97,27.67,14.15,-52.22,-19.86,2.76,79.71,-17.1,62.61
3611,7.85,15.95,48.95,4.74,0.46,0.0,-4.08,27.28,16.01,-51.68,-18.64,2.73,65.48,-15.91,49.57
3621,8.12,19.31,50.99,2.76,0.71,0.0,-4.01,25.8,14.74,-46.41,-19.49,2.75,72.01,-16.74,55.27
3631,9.39,15.01,50.85,5.21,1.7,0.0,-4.13,26.79,15.22,-49.66,-18.99,2.75,70.39,-16.24,54.15
3641,7.86,23.19,49.53,6.61,0.14,0.0,-3.67,26.2,20.74,-50.45,-18.78,2.74,80.16,-16.04,64.11
3651,10.2,20.56,50.17,5.2,0.7,0.0,-3.6,28.06,15.36,-49.69,-19.01,2.74,76.96,-16.28,60.68
3661,10.98,24.35,50.06,5.02,0.43,0.0,-1.11,27.55,15.56,-50.44,-18.94,2.74,82.4,-16.2,66.2
3671,10.4,13.96,49.39,3.04,2.07,0.0,-4.53,25.56,16.79,-45.52,-18.96,2.72,71.14,-16.24,54.9
3681,12.11,16.25,50.69,4.03,0.04,0.0,-3.81,25.8,14.42,-47.32,-19.03,2.7,72.2,-16.33,55.87
3691,17.28,23.2,52.66,4.99,0.26,0.0,-5.34,26.12,13.03,-47.28,-20.51,2.78,84.91,-17.73,67.18
3701,10.81,21.9,50.67,4.95,0.11,0.0,-2.26,27.5,16.19,-49.95,-18.1,2.71,79.92,-15.39,64.53
3711,8.64,16.89,48.68,4.88,0.02,0.0,-3.81,25.91,17.59,-48.49,-17.63,2.74,70.31,-14.9,55.41
3721,8.01,14.68,51.6,3.63,0.4,0.0,-2.93,25.84,17.53,-48.64,-18.33,2.73,70.12,-15.6,54.52
3731,5.67,18.64,52.19,3.34,0.09,0.0,-4.64,29.07,15.89,-52.64,-18.84,2.73,67.61,-16.12,51.49
3741,9.05,19.27,49.14,4.22,0.13,0.0,-3.56,26.99,15.87,-48.6,-18.7,2.74,72.51,-15.96,56.56
3751,8.71,17.23,49.95,3.9,0.0,0.0,-3.68,28.29,18.86,-51.51,-18.31,2.73,71.76,-15.58,56.17
3761,8.17,18.3,53.08,4.14,0.03,0.0,-3.88,27.2,18.16,-49.13,-18.5,2.73,76.07,-15.78,60.29
3771,7.34,19.35,48.08,3.58,0.23,0.0,-2.67,27.98,15.3,-51.89,-18.63,2.71,67.3,-15.92,51.38
3781,8.35,16.09,50.15,4.01,0.52,0.0,-2.52,27.69,15.9,-48.86,-18.86,2.76,71.32,-16.1,55.22
3791,12.64,19.2,49.29,5.45,0.62,0.0,-3.28,27.89,16.81,-50.67,-18.81,2.74,77.96,-16.07,61.88
3801,9.18,16.88,50.46,3.76,0.28,0.0,-3.76,26.43,17.42,-47.69,-18.62,2.74,72.95,-15.88,57.07
3811,7.88,18.32,49.21,4.11,0.38,0.0,-1.65,25.8,17.93,-48.15,-18.02,2.73,73.83,-15.3,58.53
3821,12.27,20.04,51.82,3.94,0.76,0.0,-2.78,27.97,16.68,-52.77,-19.34,2.74,77.93,-16.6,61.33
3831,7.24,16.43,47.4,3.47,0.82,0.0,0.11,27.45,15.33,-51.0,-18.01,2.72,67.28,-15.29,51.99
3841,12.69,20.53,49.04,5.16,1.82,0.0,-3.01,26.43,15.12,-49.83,-18.97,2.75,77.94,-16.22,61.72
3851,10.5,18.7,55.07,4.99,1.59,0.0,-1.35,27.0,15.89,-51.15,-18.16,2.71,81.25,-15.45,65.81
3861,12.62,17.3,48.05,2.79,0.5,0.0,1.17,26.3,13.93,-50.73,-17.58,2.72,71.92,-14.86,57.06
3871,8.2,21.11,50.77,4.64,1.57,0.0,-5.14,25.88,18.52,-47.66,-19.21,2.77,77.89,-16.44,61.46
3881,8.76,20.38,49.75,5.24,0.12,0.0,-1.7,27.18,17.76,-49.26,-18.61,2.73,78.24,-15.88,62.36
3891,7.47,19.12,48.22,3.37,0.0,0.0,-4.44,27.91,16.95,-52.99,-18.71,2.74,65.61,-15.97,49.63
3901,10.11,16.4,48.86,3.29,0.3,0.0,-3.93,25.33,19.54,-45.98,-18.33,2.72,73.93,-15.61,58.31
3911,8.04,22.24,48.3,3.23,0.92,0.0,-1.53,26.69,17.97,-51.45,-18.24,2.75,74.4,-15.49,58.91
3921,6.69,14.43,47.96,3.49,0.76,0.0,-1.93,26.86,17.24,-49.81,-18.36,2.73,65.7,-15.63,50.06
3931,10.76,17.48,51.69,5.63,4.1,0.0,-3.57,28.97,15.5,-51.89,-18.95,2.73,78.68,-16.22,62.46
3941,8.17,18.86,48.74,4.04,1.01,0.0,-3.08,25.76,18.66,-48.51,-18.73,2.73,73.64,-15.99,57.65
3951,9.35,16.9,45.68,3.16,0.25,0.0,-3.21,26.07,16.85,-49.95,-18.1,2.72,65.11,-15.38,49.73
3961,9.82,18.0,49.13,5.17,0.76,0.0,-1.79,27.41,17.74,-52.17,-18.92,2.74,74.06,-16.18,57.88
3971,7.69,25.62,50.86,5.32,0.16,0.0,-4.5,26.16,17.24,-49.2,-18.76,2.72,79.36,-16.04,63.31
3981,10.23,16.55,50.38,4.28,0.09,0.0,-3.37,27.29,18.15,-49.6,-18.9,2.73,73.99,-16.16,57.83
3991,10.29,21.01,47.72,4.25,0.44,0.0,-2.73,26.93,16.27,-53.11,-18.43,2.75,71.08,-15.68,55.4
4001,10.23,18.24,53.2,4.76,0.35,0.0,-5.51,26.22,15.91,-46.61,-20.51,2.77,76.78,-17.75,59.03

Delta Energy Terms
Frame #,BOND,ANGLE,DIHED,UB,IMP,CMAP,VDWAALS,EEL,1-4 VDW,1-4 EEL,EGB,ESURF,GGAS,GSOLV,TOTAL
1,-0.0,0.0,0.0,-0.0,0.0,0.0,-0.02,-0.41,-0.0,-0.0,0.47,-0.0,-0.43,0.47,0.04
11,0.0,-0.0,0.0,-0.0,0.0,0.0,-0.02,-0.21,-0.0,0.0,0.26,-0.0,-0.23,0.26,0.03
21,-0.0,-0.0,0.0,0.0,0.0,0.0,-0.01,-0.08,-0.0,0.0,0.08,0.0,-0.08,0.08,-0.0
31,0.0,0.0,-0.0,0.0,0.0,0.0,-0.01,0.25,-0.0,-0.0,-0.24,-0.0,0.24,-0.24,-0.0
41,0.0,-0.0,-0.0,0.0,0.0,0.0,-0.01,-0.04,0.0,0.0,0.05,0.0,-0.05,0.05,-0.0
51,-0.0,0.0,0.0,0.0,-0.0,0.0,-0.01,-0.15,0.0,0.0,0.16,0.0,-0.16,0.16,0.0
61,0.0,-0.0,0.0,-0.0,0.0,0.0,-0.01,0.12,-0.0,-0.0,-0.12,-0.0,0.12,-0.12,0.0
71,-0.0,-0.0,-0.0,0.0,0.0,0.0,-0.01,0.1,-0.0,-0.0,-0.1,-0.0,0.09,-0.1,-0.0
81,0.0,0.0,0.0,-0.0,0.0,0.0,-0.01,0.15,0.0,-0.0,-0.15,-0.0,0.15,-0.15,-0.0
91,0.0,-0.0,0.0,-0.0,-0.0,0.0,-0.01,-0.42,-0.0,-0.0,0.43,-0.0,-0.43,0.43,-0.0
101,-0.0,-0.0,-0.0,0.0,-0.0,0.0,-0.0,-0.04,0.0,-0.0,0.04,0.0,-0.04,0.04,-0.0
111,0.0,-0.0,-0.0,0.0,-0.0,0.0,-0.0,0.01,-0.0,-0.0,-0.01,0.0,0.01,-0.01,0.0
121,0.0,-0.0,0.0,-0.0,-0.0,0.0,-0.0,-0.0,0.0,0.0,0.0,-0.0,-0.0,0.0,0.0
131,-0.0,-0.0,0.0,-0.0,-0.0,0.0,-0.0,-0.08,0.0,-0.0,0.08,0.0,-0.08,0.08,-0.0
141,0.0,0.0,-0.0,-0.0,0.0,0.0,-0.0,0.05,-0.0,-0.0,-0.05,0.0,0.05,-0.05,-0.0
151,0.0,-0.0,-0.0,0.0,0.0,0.0,-0.0,0.01,0.0,0.0,-0.01,-0.0,0.01,-0.01,0.0
161,0.0,0.0,0.0,0.0,0.0,0.0,-0.0,0.07,-0.0,0.0,-0.07,-0.0,0.07,-0.07,-0.0
171,-0.0,0.0,0.0,0.0,-0.0,0.0,-0.0,0.02,-0.0,0.0,-0.02,0.0,0.02,-0.02,-0.0
181,-0.0,-0.0,-0.0,-0.0,-0.0,0.0,-0.0,-0.15,0.0,0.0,0.15,-0.0,-0.15,0.15,-0.0
191,-0.0,-0.0,-0.0,0.0,-0.0,0.0,-0.0,-0.13,-0.0,-0.0,0.13,0.0,-0.13,0.13,-0.0
201,-0.0,0.0,0.0,-0.0,-0.0,0.0,-0.0,-0.06,-0.0,-0.0,0.06,0.0,-0.06,0.06,-0.0
211,0.0,-0.0,0.0,0.0,-0.0,0.0,-0.0,0.15,-0.0,0.0,-0.15,0.0,0.15,-0.15,-0.0
221,0.0,0.0,0.0,-0.0,0.0,0.0,-0.0,-0.3,0.0,0.0,0.3,-0.0,-0.3,0.3,-0.0
231,0.0,-0.0,-0.0,0.0,-0.0,0.0,-0.0,0.15,-0.0,0.0,-0.15,0.0,0.15,-0.15,-0.0
241,0.0,0.0,0.0,-0.0,-0.0,0.0,-0.0,-0.19,-0.0,-0.0,0.19,0.0,-0.19,0.19,-0.0
251,-0.0,0.0,0.0,-0.0,-0.0,0.0,-0.0,0.19,-0.0,0.0,-0.19,0.0,0.18,-0.19,-0.0
261,0.0,-0.0,0.0,0.0,0.0,0.0,-0.0,0.01,0.0,0.0,-0.01,-0.0,0.0,-0.01,-0.0
271,-0.0,-0.0,-0.0,-0.0,0.0,0.0,-0.0,-0.19,-0.0,0.0,0.19,-0.0,-0.19,0.19,-0.0
281,0.0,-0.0,0.0,0.0,-0.0,0.0,-0.0,-0.27,-0.0,0.0,0.27,0.0,-0.27,0.27,-0.0
291,0.0,0.0,0.0,0.0,0.0,0.0,-0.0,0.15,-0.0,-0.0,-0.15,0.0,0.15,-0.15,-0.0
301,-0.0,-0.0,-0.0,-0.0,0.0,0.0,-0.0,0.09,-0.0,-0.0,-0.09,0.0,0.09,-0.09,-0.0
311,0.0,-0.0,0.0,-0.0,0.0,0.0,-0.0,-0.02,0.0,-0.0,0.02,-0.0,-0.02,0.02,-0.0
321,0.0,-0.0,-0.0,0.0,0.0,0.0,-0.0,-0.07,-0.0,0.0,0.07,-0.0,-0.07,0.07,-0.0
331,0.0,0.0,-0.0,0.0,-0.0,0.0,-0.0,0.02,0.0,-0.0,-0.02,0.0,0.02,-0.02,-0.0
341,-0.0,0.0,-0.0,-0.0,0.0,0.0,0.0,-0.1,-0.0,0.0,0.1,-0.0,-0.1,0.1,0.0
351,0.0,-0.0,-0.0,-0.0,-0.0,0.0,-0.0,0.04,-0.0,-0.0,-0.04,0.0,0.04,-0.04,-0.0
361,0.0,-0.0,0.0,-0.0,0.0,0.0,-0.0,0.15,-0.0,-0.0,-0.15,-0.0,0.15,-0.15,-0.0
371,-0.0,-0.0,0.0,0.0,-0.0,0.0,0.0,-0.03,-0.0,0.0,0.03,0.0,-0.03,0.03,0.0
381,-0.0,0.0,-0.0,0.0,0.0,0.0,-0.0,0.08,0.0,-0.0,-0.08,-0.0,0.08,-0.08,-0.0
391,0.0,-0.0,-0.0,-0.0,0.0,0.0,-0.0,-0.2,0.0,-0.0,0.2,-0.0,-0.2,0.2,-0.0
401,0.0,-0.0,-0.0,-0.0,0.0,0.0,-0.0,0.11,-0.0,0.0,-0.11,-0.0,0.11,-0.11,-0.0
411,0.0,0.0,0.0,0.0,-0.0,0.0,-0.0,0.02,0.0,0.0,-0.02,0.0,0.02,-0.02,-0.0
421,0.0,0.0,0.0,0.0,0.0,0.0,-0.0,0.09,0.0,0.0,-0.09,-0.0,0.09,-0.09,-0.0
431,0.0,0.0,-0.0,-0.0,0.0,0.0,0.0,-0.07,-0.0,-0.0,0.07,-0.0,-0.07,0.07,-0.0
441,-0.0,-0.0,-0.0,0.0,-0.0,0.0,-0.0,0.14,-0.0,-0.0,-0.14,0.0,0.14,-0.14,-0.0
451,-0.0,-0.0,0.0,-0.0,0.0,0.0,-0.0,-0.08,0.0,0.0,0.08,-0.0,-0.08,0.08,-0.0
461,-0.0,-0.0,-0.0,-0.0,0.0,0.0,-0.0,-0.03,0.0,0.0,0.03,-0.0,-0.03,0.03,-0.0
471,-0.0,-0.0,0.0,-0.0,0.0,0.0,-0.0,-0.12,-0.0,0.0,0.12,0.0,-0.12,0.12,-0.0
481,-0.0,-0.0,0.0,-0.0,0.0,0.0,-0.01,-0.18,0.0,0.0,0.19,0.0,-0.19,0.19,-0.0
491,0.0,0.0,-0.0,0.0,-0.0,0.0,-0.0,-0.09,-0.0,0.0,0.09,0.0,-0.09,0.09,-0.0
501,0.0,-0.0,-0.0,-0.0,0.0,0.0,-0.0,-0.09,0.0,0.0,0.09,-0.0,-0.09,0.09,-0.0
511,-0.0,0.0,0.0,-0.0,0.0,0.0,-0.0,0.13,-0.0,-0.0,-0.13,0.0,0.13,-0.13,-0.0
521,0.0,-0.0,0.0,0.0,0.0,0.0,-0.0,-0.05,0.0,-0.0,0.05,-0.0,-0.05,0.05,-0.0
531,0.0,-0.0,-0.0,-0.0,0.0,0.0,-0.0,0.17,0.0,0.0,-0.17,-0.0,0.17,-0.17,-0.0
541,-0.0,-0.0,0.0,-0.0,-0.0,0.0,-0.0,-0.12,-0.0,0.0,0.12,-0.0,-0.12,0.12,-0.0
551,0.0,0.0,-0.0,-0.0,-0.0,0.0,-0.0,0.12,-0.0,0.0,-0.12,-0.0,0.12,-0.12,-0.0
561,-0.0,-0.0,-0.0,0.0,0.0,0.0,-0.0,0.03,-0.0,0.0,-0.03,0.0,0.03,-0.03,0.0
571,-0.0,-0.0,-0.0,0.0,-0.0,0.0,-0.0,-0.11,-0.0,0.0,0.11,0.0,-0.11,0.11,-0.0
581,0.0,-0.0,-0.0,-0.0,-0.0,0.0,0.0,0.05,-0.0,-0.0,-0.05,0.0,0.05,-0.05,0.0
591,-0.0,0.0,-0.0,-0.0,0.0,0.0,-0.0,0.01,-0.0,0.0,-0.01,-0.0,0.01,-0.01,-0.0
601,0.0,-0.0,-0.0,-0.0,-0.0,0.0,-0.0,0.09,0.0,-0.0,-0.09,0.0,0.09,-0.09,-0.0
611,-0.0,-0.0,0.0,0.0,-0.0,0.0,-0.0,-0.1,0.0,0.0,0.1,-0.0,-0.1,0.1,-0.0
621,-0.0,0.0,0.0,-0.0,0.0,0.0,-0.0,0.12,0.0,-0.0,-0.12,0.0,0.12,-0.12,-0.0
631,-0.0,0.0,0.0,0.0,-0.0,0.0,-0.0,0.09,0.0,-0.0,-0.09,0.0,0.09,-0.09,-0.0
641,0.0,0.0,0.0,-0.0,-0.0,0.0,-0.0,0.13,-0.0,0.0,-0.13,0.0,0.13,-0.13,-0.0
651,-0.0,0.0,0.0,0.0,-0.0,0.0,-0.0,0.23,-0.0,-0.0,-0.23,0.0,0.23,-0.23,-0.0
661,-0.0,0.0,0.0,0.0,-0.0,0.0,-0.0,0.0,0.0,-0.0,-0.0,0.0,0.0,-0.0,-0.0
671,0.0,-0.0,0.0,-0.0,-0.0,0.0,-0.0,0.06,0.0,0.0,-0.06,-0.0,0.06,-0.06,-0.0
681,0.0,0.0,0.0,0.0,0.0,0.0,-0.0,0.16,0.0,0.0,-0.16,-0.0,0.16,-0.16,-0.0
691,-0.0,-0.0,-0.0,0.0,0.0,0.0,-0.0,-0.07,-0.0,0.0,0.07,-0.0,-0.07,0.07,-0.0
701,0.0,0.0,0.0,-0.0,0.0,0.0,-0.0,-0.19,0.0,-0.0,0.19,0.0,-0.2,0.19,-0.0
711,0.0,0.0,0.0,-0.0,0.0,0.0,-0.0,-0.24,-0.0,-0.0,0.24,0.0,-0.24,0.24,-0.0
721,-0.0,0.0,0.0,-0.0,0.0,0.0,-0.0,-0.18,0.0,0.0,0.18,0.0,-0.18,0.18,-0.0
731,0.0,0.0,0.0,0.0,0.0,0.0,-0.0,-0.38,0.0,0.0,0.38,0.0,-0.39,0.38,-0.0
741,0.0,0.0,-0.0,0.0,0.0,0.0,-0.0,0.13,0.0,0.0,-0.13,0.0,0.13,-0.13,-0.0
751,-0.0,0.0,-0.0,0.0,0.0,0.0,-0.0,-0.0,-0.0,-0.0,0.0,0.0,-0.01,0.0,-0.0
761,-0.0,0.0,-0.0,0.0,-0.0,0.0,-0.0,-0.13,0.0,0.0,0.13,-0.0,-0.13,0.13,-0.0
771,-0.0,-0.0,-0.0,0.0,0.0,0.0,0.0,0.02,-0.0,0.0,-0.02,0.0,0.02,-0.02,0.0
781,-0.0,0.0,0.0,0.0,-0.0,0.0,-0.0,-0.09,0.0,0.0,0.09,0.0,-0.1,0.09,-0.0
791,0.0,0.0,-0.0,-0.0,0.0,0.0,-0.0,0.01,-0.0,0.0,-0.01,0.0,0.01,-0.01,-0.0
801,-0.0,0.0,-0.0,-0.0,-0.0,0.0,-0.0,0.17,-0.0,0.0,-0.17,0.0,0.17,-0.17,-0.0
811,0.0,0.0,-0.0,-0.0,-0.0,0.0,-0.0,0.01,-0.0,0.0,-0.01,-0.0,0.0,-0.01,-0.0
821,0.0,-0.0,0.0,0.0,-0.0,0.0,-0.0,-0.09,-0.0,0.0,0.09,0.0,-0.09,0.09,0.0
831,-0.0,0.0,0.0,0.0,0.0,0.0,-0.0,-0.01,0.0,-0.0,0.01,0.0,-0.01,0.01,0.0
841,-0.0,0.0,0.0,0.0,-0.0,0.0,-0.01,0.16,-0.0,0.0,-0.15,0.0,0.15,-0.15,0.01
851,-0.0,0.0,-0.0,-0.0,0.0,0.0,-0.01,-0.04,0.0,0.0,0.05,-0.0,-0.04,0.05,0.0
861,0.0,0.0,0.0,0.0,-0.0,0.0,-0.01,-0.2,0.0,0.0,0.21,-0.0,-0.21,0.21,0.0
871,0.0,-0.0,0.0,0.0,0.0,0.0,-0.0,0.16,0.0,-0.0,-0.16,-0.0,0.16,-0.16,-0.0
881,0.0,-0.0,-0.0,-0.0,-0.0,0.0,-0.0,0.13,-0.0,0.0,-0.13,-0.0,0.13,-0.13,-0.0
891,0.0,0.0,0.0,0.0,0.0,0.0,-0.0,-0.14,-0.0,0.0,0.14,-0.0,-0.15,0.14,-0.0
901,0.0,0.0,-0.0,-0.0,0.0,0.0,-0.0,-0.01,0.0,0.0,0.01,0.0,-0.02,0.01,-0.0
911,-0.0,0.0,-0.0,-0.0,-0.0,0.0,-0.0,-0.12,-0.0,0.0,0.12,0.0,-0.12,0.12,0.0
921,0.0,0.0,0.0,0.0,0.0,0.0,-0.0,0.16,0.0,0.0,-0.16,-0.0,0.16,-0.16,-0.0
931,0.0,0.0,-0.0,0.0,-0.0,0.0,-0.0,-0.07,0.0,-0.0,0.07,0.0,-0.07,0.07,0.0
941,-0.0,0.0,0.0,-0.0,0.0,0.0,-0.0,0.06,0.0,0.0,-0.06,-0.0,0.06,-0.06,0.0
951,-0.0,-0.0,-0.0,0.0,-0.0,0.0,-0.0,-0.01,0.0,0.0,0.01,-0.0,-0.01,0.01,-0.0
961,0.0,-0.0,-0.0,0.0,-0.0,0.0,0.0,-0.0,-0.0,0.0,0.0,-0.0,-0.0,0.0,-0.0
971,0.0,0.0,0.0,-0.0,-0.0,0.0,0.0,0.07,0.0,0.0,-0.07,0.0,0.07,-0.07,-0.0
981,0.0,0.0,0.0,0.0,0.0,0.0,-0.0,0.03,-0.0,-0.0,-0.03,0.0,0.03,-0.03,0.0
991,0.0,0.0,-0.0,-0.0,-0.0,0.0,-0.0,0.03,0.0,-0.0,-0.03,0.0,0.03,-0.03,0.0
1001,-0.0,-0.0,0.0,-0.0,0.0,0.0,0.0,0.08,0.0,-0.0,-0.08,-0.0,0.08,-0.08,-0.0
1011,0.0,0.0,-0.0,0.0,-0.0,0.0,0.0,0.07,-0.0,0.0,-0.07,-0.0,0.07,-0.07,0.0
1021,-0.0,-0.0,-0.0,0.0,0.0,0.0,-0.0,-0.11,0.0,0.0,0.11,0.0,-0.11,0.11,-0.0
1031,-0.0,0.0,0.0,-0.0,-0.0,0.0,-0.0,0.06,0.0,0.0,-0.06,0.0,0.06,-0.06,-0.0
1041,0.0,0.0,-0.0,-0.0,-0.0,0.0,-0.0,-0.06,0.0,0.0,0.06,-0.0,-0.06,0.06,0.0
1051,-0.0,-0.0,0.0,0.0,-0.0,0.0,-0.0,-0.2,-0.0,0.0,0.2,0.0,-0.2,0.2,-0.0
1061,0.0,-0.0,0.0,-0.0,0.0,0.0,-0.0,-0.1,0.0,0.0,0.1,-0.0,-0.1,0.1,-0.0
1071,0.0,-0.0,0.0,-0.0,-0.0,0.0,-0.0,-0.16,0.0,-0.0,0.16,0.0,-0.17,0.16,-0.0
1081,-0.0,0.0,0.0,-0.0,-0.0,0.0,-0.0,0.08,0.0,0.0,-0.08,-0.0,0.08,-0.08,-0.0
1091,0.0,0.0,-0.0,-0.0,-0.0,0.0,0.0,-0.08,-0.0,-0.0,0.08,0.0,-0.08,0.08,0.0
1101,-0.0,-0.0,-0.0,0.0,-0.0,0.0,0.0,-0.02,-0.0,-0.0,0.02,-0.0,-0.02,0.02,-0.0
1111,-0.0,0.0,-0.0,-0.0,0.0,0.0,-0.0,-0.22,-0.0,0.0,0.22,0.0,-0.22,0.22,-0.0
1121,-0.0,-0.0,-0.0,-0.0,0.0,0.0,-0.0,0.17,-0.0,0.0,-0.17,0.0,0.17,-0.17,-0.0
1131,-0.0,-0.0,-0.0,-0.0,0.0,0.0,-0.0,0.06,-0.0,0.0,-0.06,0.0,0.06,-0.06,-0.0
1141,0.0,0.0,-0.0,0.0,-0.0,0.0,-0.0,-0.06,-0.0,-0.0,0.06,0.0,-0.06,0.06,-0.0
1151,0.0,0.0,-0.0,-0.0,-0.0,0.0,-0.0,0.14,-0.0,0.0,-0.14,0.0,0.14,-0.14,-0.0
1161,-0.0,0.0,-0.0,0.0,-0.0,0.0,-0.0,0.07,0.0,-0.0,-0.07,-0.0,0.06,-0.07,-0.0
1171,0.0,0.0,-0.0,0.0,-0.0,0.0,-0.0,0.04,-0.0,-0.0,-0.04,0.0,0.04,-0.04,-0.0
1181,0.0,-0.0,-0.0,0.0,0.0,0.0,-0.0,0.0,-0.0,0.0,-0.0,0.0,0.0,-0.0,-0.0
1191,0.0,0.0,-0.0,0.0,0.0,0.0,-0.0,0.03,-0.0,0.0,-0.03,0.0,0.03,-0.03,-0.0
1201,0.0,0.0,-0.0,-0.0,0.0,0.0,-0.0,-0.02,-0.0,0.0,0.02,-0.0,-0.02,0.02,-0.0
1211,0.0,0.0,0.0,0.0,0.0,0.0,-0.0,0.02,-0.0,-0.0,-0.02,0.0,0.02,-0.02,-0.0
1221,-0.0,0.0,-0.0,0.0,-0.0,0.0,-0.0,0.07,-0.0,0.0,-0.07,0.0,0.07,-0.07,-0.0
1231,-0.0,0.0,-0.0,-0.0,0.0,0.0,-0.0,-0.04,-0.0,0.0,0.04,-0.0,-0.04,0.04,-0.0
1241,0.0,0.0,0.0,-0.0,-0.0,0.0,-0.0,-0.04,0.0,0.0,0.04,-0.0,-0.04,0.04,-0.0
1251,0.0,0.0,0.0,0.0,-0.0,0.0,-0.0,-0.2,0.0,-0.0,0.2,-0.0,-0.2,0.2,-0.0
1261,0.0,0.0,0.0,-0.0,0.0,0.0,-0.0,0.03,-0.0,0.0,-0.03,-0.0,0.03,-0.03,-0.0
1271,0.0,-0.0,0.0,-0.0,0.0,0.0,-0.0,0.14,-0.0,-0.0,-0.14,-0.0,0.14,-0.14,-0.0
1281,0.0,-0.0,-0.0,0.0,-0.0,0.0,-0.0,-0.11,-0.0,-0.0,0.11,-0.0,-0.11,0.11,-0.0
1291,-0.0,0.0,-0.0,0.0,0.0,0.0,-0.0,-0.1,-0.0,0.0,0.1,0.0,-0.1,0.1,-0.0
1301,-0.0,-0.0,-0.0,-0.0,-0.0,0.0,-0.0,-0.17,0.0,-0.0,0.17,-0.0,-0.17,0.17,-0.0
1311,-0.0,0.0,-0.0,-0.0,0.0,0.0,-0.0,-0.09,-0.0,-0.0,0.09,-0.0,-0.09,0.09,-0.0
1321,0.0,-0.0,0.0,-0.0,-0.0,0.0,-0.0,0.05,-0.0,-0.0,-0.05,0.0,0.05,-0.05,-0.0
1331,-0.0,0.0,0.0,-0.0,0.0,0.0,-0.0,-0.19,-0.0,0.0,0.19,-0.0,-0.19,0.19,-0.0
1341,-0.0,0.0,-0.0,0.0,0.0,0.0,-0.0,-0.22,0.0,-0.0,0.22,-0.0,-0.22,0.22,-0.0
1351,0.0,-0.0,-0.0,0.0,-0.0,0.0,-0.0,0.06,0.0,-0.0,-0.06,-0.0,0.06,-0.06,-0.0
1361,-0.0,-0.0,0.0,0.0,0.0,0.0,-0.0,0.06,0.0,-0.0,-0.06,0.0,0.06,-0.06,-0.0
1371,-0.0,0.0,0.0,0.0,-0.0,0.0,-0.0,-0.07,-0.0,-0.0,0.07,0.0,-0.07,0.07,-0.0
1381,0.0,0.0,0.0,0.0,0.0,0.0,-0.0,-0.07,0.0,-0.0,0.07,-0.0,-0.07,0.07,-0.0
1391,-0.0,0.0,0.0,-0.0,-0.0,0.0,-0.0,-0.1,-0.0,0.0,0.1,-0.0,-0.1,0.1,-0.0
1401,0.0,-0.0,-0.0,-0.0,0.0,0.0,-0.0,-0.08,0.0,-0.0,0.08,-0.0,-0.08,0.08,-0.0
1411,-0.0,-0.0,0.0,0.0,-0.0,0.0,-0.0,0.21,0.0,-0.0,-0.21,0.0,0.2,-0.21,-0.0
1421,0.0,0.0,-0.0,-0.0,-0.0,0.0,-0.0,-0.02,-0.0,0.0,0.02,0.0,-0.02,0.02,-0.0
1431,0.0,0.0,-0.0,0.0,0.0,0.0,-0.0,-0.17,0.0,-0.0,0.17,-0.0,-0.17,0.17,-0.0
1441,0.0,0.0,-0.0,0.0,-0.0,0.0,-0.0,-0.03,0.0,0.0,0.03,0.0,-0.03,0.03,-0.0
1451,-0.0,0.0,-0.0,0.0,0.0,0.0,-0.0,0.12,-0.0,-0.0,-0.12,0.0,0.12,-0.12,-0.0
1461,-0.0,0.0,-0.0,-0.0,0.0,0.0,-0.0,0.08,0.0,-0.0,-0.08,-0.0,0.08,-0.08,-0.0
1471,-0.0,0.0,-0.0,-0.0,-0.0,0.0,-0.0,0.18,0.0,-0.0,-0.18,-0.0,0.18,-0.18,-0.0
1481,-0.0,0.0,0.0,-0.0,-0.0,0.0,-0.0,0.08,-0.0,-0.0,-0.08,-0.0,0.08,-0.08,-0.0
1491,-0.0,0.0,0.0,0.0,0.0,0.0,-0.0,0.11,-0.0,0.0,-0.11,0.0,0.11,-0.11,-0.0
1501,-0.0,0.0,0.0,-0.0,-0.0,0.0,-0.0,-0.06,0.0,0.0,0.06,0.0,-0.06,0.06,-0.0
1511,0.0,0.0,0.0,-0.0,-0.0,0.0,-0.0,0.21,0.0,-0.0,-0.21,0.0,0.21,-0.21,-0.0
1521,-0.0,-0.0,0.0,0.0,0.0,0.0,-0.0,0.09,0.0,-0.0,-0.09,0.0,0.08,-0.09,-0.0
1531,-0.0,0.0,0.0,-0.0,0.0,0.0,-0.0,0.15,0.0,0.0,-0.15,-0.0,0.14,-0.15,-0.0
1541,-0.0,0.0,0.0,0.0,0.0,0.0,-0.0,0.06,0.0,-0.0,-0.06,-0.0,0.06,-0.06,-0.0
1551,-0.0,-0.0,-0.0,0.0,-0.0,0.0,-0.0,0.12,0.0,0.0,-0.12,0.0,0.12,-0.12,-0.0
1561,0.0,-0.0,0.0,-0.0,-0.0,0.0,-0.0,0.17,0.0,-0.0,-0.17,0.0,0.17,-0.17,-0.0
1571,-0.0,0.0,0.0,-0.0,0.0,0.0,-0.0,-0.17,-0.0,-0.0,0.17,-0.0,-0.18,0.17,-0.0
1581,-0.0,-0.0,0.0,-0.0,0.0,0.0,-0.0,-0.15,0.0,-0.0,0.15,-0.0,-0.15,0.15,-0.0
1591,-0.0,-0.0,-0.0,0.0,0.0,0.0,-0.0,-0.11,0.0,-0.0,0.11,-0.0,-0.12,0.11,-0.0
1601,0.0,0.0,-0.0,0.0,-0.0,0.0,-0.0,-0.02,-0.0,-0.0,0.02,-0.0,-0.02,0.02,-0.0
1611,0.0,0.0,0.0,-0.0,-0.0,0.0,-0.0,0.01,0.0,-0.0,-0.01,-0.0,0.0,-0.01,-0.0
1621,0.0,-0.0,-0.0,-0.0,-0.0,0.0,-0.0,0.26,0.0,-0.0,-0.26,-0.0,0.25,-0.26,-0.0
1631,0.0,0.0,0.0,0.0,0.0,0.0,-0.0,-0.16,0.0,0.0,0.16,-0.0,-0.17,0.16,-0.0
1641,0.0,0.0,-0.0,-0.0,0.0,0.0,-0.0,-0.2,0.0,0.0,0.2,-0.0,-0.2,0.2,-0.0
1651,0.0,-0.0,0.0,0.0,0.0,0.0,-0.0,0.06,-0.0,0.0,-0.06,0.0,0.06,-0.06,-0.0
1661,-0.0,0.0,0.0,0.0,-0.0,0.0,-0.0,0.19,0.0,-0.0,-0.19,0.0,0.19,-0.19,-0.0
1671,0.0,-0.0,0.0,0.0,0.0,0.0,-0.0,0.2,-0.0,0.0,-0.2,0.0,0.19,-0.2,-0.0
1681,-0.0,-0.0,0.0,0.0,-0.0,0.0,-0.0,0.22,0.0,-0.0,-0.22,0.0,0.22,-0.22,-0.0
1691,-0.0,-0.0,-0.0,0.0,-0.0,0.0,-0.0,-0.11,-0.0,-0.0,0.11,0.0,-0.11,0.11,-0.0
1701,-0.0,0.0,-0.0,-0.0,0.0,0.0,0.0,0.04,-0.0,0.0,-0.04,0.0,0.04,-0.04,0.0
1711,0.0,0.0,0.0,-0.0,-0.0,0.0,-0.0,-0.34,0.0,-0.0,0.34,0.0,-0.34,0.34,-0.0
1721,-0.0,0.0,-0.0,0.0,0.0,0.0,-0.0,0.18,0.0,0.0,-0.18,0.0,0.18,-0.18,-0.0
1731,-0.0,0.0,0.0,-0.0,-0.0,0.0,-0.0,0.04,-0.0,-0.0,-0.04,0.0,0.04,-0.04,-0.0
1741,0.0,0.0,-0.0,0.0,-0.0,0.0,-0.0,0.08,0.0,0.0,-0.08,-0.0,0.08,-0.08,-0.0
1751,-0.0,-0.0,0.0,0.0,0.0,0.0,-0.0,0.1,-0.0,-0.0,-0.1,0.0,0.1,-0.1,-0.0
1761,0.0,0.0,-0.0,0.0,-0.0,0.0,-0.0,-0.18,0.0,-0.0,0.18,-0.0,-0.19,0.18,-0.0
1771,0.0,-0.0,0.0,-0.0,0.0,0.0,-0.0,0.2,-0.0,-0.0,-0.2,0.0,0.19,-0.2,-0.0
1781,-0.0,-0.0,0.0,-0.0,0.0,0.0,-0.0,-0.08,-0.0,-0.0,0.08,0.0,-0.08,0.08,-0.0
1791,-0.0,0.0,0.0,-0.0,0.0,0.0,-0.0,0.12,-0.0,0.0,-0.12,-0.0,0.12,-0.12,-0.0
1801,-0.0,-0.0,-0.0,0.0,0.0,0.0,-0.0,-0.12,-0.0,0.0,0.12,0.0,-0.12,0.12,-0.0
1811,-0.0,0.0,-0.0,-0.0,0.0,0.0,-0.0,0.1,0.0,0.0,-0.1,-0.0,0.1,-0.1,-0.0
1821,0.0,-0.0,0.0,0.0,-0.0,0.0,-0.0,0.06,0.0,0.0,-0.06,0.0,0.06,-0.06,-0.0
1831,0.0,0.0,-0.0,0.0,0.0,0.0,-0.0,0.1,0.0,0.0,-0.1,0.0,0.1,-0.1,-0.0
1841,-0.0,-0.0,0.0,0.0,-0.0,0.0,-0.0,0.01,0.0,-0.0,-0.01,0.0,0.01,-0.01,-0.0
1851,0.0,-0.0,0.0,0.0,-0.0,0.0,0.0,0.01,-0.0,-0.0,-0.01,0.0,0.01,-0.01,0.0
1861,0.0,-0.0,-0.0,-0.0,-0.0,0.0,-0.0,-0.07,-0.0,0.0,0.07,0.0,-0.07,0.07,-0.0
1871,0.0,-0.0,-0.0,0.0,-0.0,0.0,-0.0,-0.08,0.0,0.0,0.08,0.0,-0.08,0.08,0.0
1881,-0.0,-0.0,0.0,-0.0,-0.0,0.0,-0.0,0.05,0.0,0.0,-0.05,0.0,0.05,-0.05,-0.0
1891,-0.0,-0.0,-0.0,0.0,0.0,0.0,-0.0,-0.01,0.0,-0.0,0.01,0.0,-0.01,0.01,0.0
1901,0.0,0.0,-0.0,0.0,0.0,0.0,-0.0,-0.05,-0.0,0.0,0.05,-0.0,-0.05,0.05,0.0
1911,-0.0,-0.0,-0.0,-0.0,0.0,0.0,0.0,0.03,0.0,0.0,-0.03,0.0,0.03,-0.03,0.0
1921,0.0,-0.0,0.0,0.0,0.0,0.0,0.0,-0.04,-0.0,0.0,0.04,-0.0,-0.04,0.04,0.0
1931,-0.0,0.0,0.0,-0.0,0.0,0.0,-0.0,-0.08,0.0,-0.0,0.08,-0.0,-0.08,0.08,0.0
1941,0.0,-0.0,0.0,0.0,-0.0,0.0,-0.0,-0.02,0.0,-0.0,0.02,0.0,-0.02,0.02,-0.0
1951,0.0,0.0,0.0,-0.0,0.0,0.0,0.0,-0.03,0.0,0.0,0.03,-0.0,-0.03,0.03,-0.0
1961,-0.0,0.0,0.0,0.0,0.0,0.0,-0.0,0.01,-0.0,0.0,-0.01,-0.0,0.01,-0.01,0.0
1971,-0.0,-0.0,-0.0,-0.0,0.0,0.0,0.0,0.03,-0.0,0.0,-0.03,-0.0,0.03,-0.03,0.0
1981,0.0,0.0,0.0,0.0,-0.0,0.0,0.0,-0.03,0.0,0.0,0.03,0.0,-0.03,0.03,0.0
1991,-0.0,0.0,0.0,-0.0,0.0,0.0,-0.0,0.11,0.0,0.0,-0.11,-0.0,0.11,-0.11,-0.0
2001,-0.0,0.0,-0.0,-0.0,0.0,0.0,-0.0,0.02,0.0,-0.0,-0.02,0.0,0.02,-0.02,-0.0
2011,0.0,-0.0,-0.0,0.0,-0.0,0.0,-0.0,0.02,-0.0,0.0,-0.02,-0.0,0.02,-0.02,-0.0
2021,0.0,0.0,0.0,-0.0,0.0,0.0,-0.0,-0.06,0.0,-0.0,0.06,0.0,-0.06,0.06,-0.0
2031,-0.0,-0.0,0.0,0.0,0.0,0.0,-0.0,0.06,-0.0,-0.0,-0.06,0.0,0.06,-0.06,-0.0
2041,-0.0,-0.0,-0.0,0.0,-0.0,0.0,-0.0,0.03,0.0,0.0,-0.03,-0.0,0.03,-0.03,-0.0
2051,-0.0,0.0,-0.0,-0.0,-0.0,0.0,-0.0,-0.12,-0.0,0.0,0.12,0.0,-0.12,0.12,-0.0
2061,-0.0,0.0,0.0,-0.0,0.0,0.0,-0.0,0.08,0.0,0.0,-0.08,-0.0,0.08,-0.08,-0.0
2071,0.0,-0.0,0.0,0.0,0.0,0.0,-0.0,-0.13,0.0,0.0,0.13,0.0,-0.14,0.13,-0.0
2081,0.0,0.0,0.0,0.0,0.0,0.0,-0.0,0.09,0.0,0.0,-0.09,0.0,0.09,-0.09,-0.0
2091,-0.0,0.0,-0.0,-0.0,-0.0,0.0,-0.0,0.03,-0.0,0.0,-0.03,-0.0,0.03,-0.03,-0.0
2101,0.0,-0.0,-0.0,0.0,-0.0,0.0,-0.0,0.15,0.0,0.0,-0.15,-0.0,0.15,-0.15,-0.0
2111,-0.0,-0.0,-0.0,0.0,0.0,0.0,-0.0,-0.23,0.0,0.0,0.23,-0.0,-0.23,0.23,-0.0
2121,-0.0,0.0,0.0,0.0,0.0,0.0,-0.0,-0.19,-0.0,-0.0,0.19,-0.0,-0.19,0.19,-0.0
2131,0.0,0.0,0.0,-0.0,0.0,0.0,-0.0,-0.11,0.0,-0.0,0.11,-0.0,-0.11,0.11,-0.0
2141,0.0,0.0,0.0,0.0,0.0,0.0,-0.0,-0.18,0.0,0.0,0.18,-0.0,-0.18,0.18,-0.0
2151,0.0,-0.0,0.0,0.0,0.0,0.0,-0.0,-0.01,-0.0,0.0,0.01,-0.0,-0.01,0.01,-0.0
2161,0.0,-0.0,-0.0,0.0,-0.0,0.0,-0.0,-0.02,0.0,0.0,0.02,0.0,-0.02,0.02,-0.0
2171,-0.0,-0.0,0.0,0.0,0.0,0.0,-0.0,0.1,0.0,-0.0,-0.1,0.0,0.1,-0.1,-0.0
2181,-0.0,0.0,-0.0,-0.0,0.0,0.0,-0.0,0.11,-0.0,-0.0,-0.11,-0.0,0.11,-0.11,-0.0
2191,-0.0,-0.0,0.0,0.0,-0.0,0.0,-0.0,-0.15,0.0,-0.0,0.15,-0.0,-0.15,0.15,-0.0
2201,0.0,-0.0,0.0,-0.0,0.0,0.0,-0.0,-0.2,0.0,-0.0,0.2,-0.0,-0.2,0.2,-0.0
2211,-0.0,0.0,-0.0,0.0,0.0,0.0,-0.0,0.0,-0.0,-0.0,-0.0,-0.0,-0.0,-0.0,-0.0
2221,0.0,0.0,-0.0,-0.0,-0.0,0.0,-0.0,-0.1,-0.0,-0.0,0.1,-0.0,-0.11,0.1,-0.0
2231,-0.0,-0.0,0.0,-0.0,-0.0,0.0,-0.0,-0.08,0.0,-0.0,0.08,0.0,-0.08,0.08,-0.0
2241,-0.0,-0.0,0.0,0.0,-0.0,0.0,-0.0,0.09,0.0,-0.0,-0.09,0.0,0.09,-0.09,-0.0
2251,-0.0,-0.0,-0.0,-0.0,-0.0,0.0,-0.0,-0.12,0.0,-0.0,0.12,0.0,-0.12,0.12,-0.0
2261,-0.0,-0.0,-0.0,0.0,0.0,0.0,-0.0,-0.12,-0.0,0.0,0.12,0.0,-0.12,0.12,-0.0
2271,0.0,-0.0,0.0,0.0,-0.0,0.0,-0.0,-0.08,0.0,0.0,0.08,-0.0,-0.08,0.08,-0.0
2281,-0.0,0.0,-0.0,-0.0,-0.0,0.0,-0.0,-0.11,0.0,0.0,0.11,0.0,-0.11,0.11,-0.0
2291,-0.0,0.0,0.0,-0.0,-0.0,0.0,-0.0,-0.09,-0.0,0.0,0.09,-0.0,-0.1,0.09,-0.0
2301,0.0,0.0,-0.0,0.0,-0.0,0.0,-0.0,-0.11,-0.0,0.0,0.11,-0.0,-0.12,0.11,-0.0
2311,-0.0,-0.0,-0.0,-0.0,0.0,0.0,0.0,-0.03,-0.0,-0.0,0.04,-0.0,-0.03,0.03,-0.0
2321,-0.0,-0.0,0.0,0.0,-0.0,0.0,-0.0,-0.08,0.0,-0.0,0.08,-0.0,-0.08,0.08,-0.0
2331,-0.0,0.0,-0.0,0.0,-0.0,0.0,-0.0,-0.09,-0.0,-0.0,0.09,0.0,-0.09,0.09,-0.0
2341,0.0,0.0,0.0,-0.0,-0.0,0.0,-0.0,-0.13,0.0,0.0,0.13,-0.0,-0.13,0.13,-0.0
2351,-0.0,-0.0,0.0,0.0,-0.0,0.0,-0.0,0.09,0.0,0.0,-0.09,0.0,0.09,-0.09,-0.0
2361,-0.0,-0.0,0.0,-0.0,0.0,0.0,-0.0,-0.04,-0.0,0.0,0.04,-0.0,-0.04,0.04,-0.0
2371,0.0,0.0,0.0,-0.0,-0.0,0.0,0.0,-0.05,0.0,0.0,0.05,-0.0,-0.05,0.05,0.0
2381,-0.0,-0.0,0.0,-0.0,0.0,0.0,-0.0,-0.1,-0.0,-0.0,0.1,0.0,-0.1,0.1,-0.0
2391,-0.0,0.0,0.0,0.0,0.0,0.0,0.0,-0.05,0.0,-0.0,0.05,0.0,-0.05,0.05,-0.0
2401,-0.0,0.0,-0.0,-0.0,0.0,0.0,0.0,-0.06,-0.0,0.0,0.06,0.0,-0.06,0.06,-0.0
2411,-0.0,-0.0,0.0,0.0,0.0,0.0,-0.0,-0.09,-0.0,0.0,0.09,-0.0,-0.09,0.09,0.0
2421,-0.0,-0.0,0.0,-0.0,0.0,0.0,-0.0,-0.05,-0.0,-0.0,0.05,-0.0,-0.05,0.05,0.0
2431,-0.0,0.0,-0.0,-0.0,0.0,0.0,-0.0,-0.05,-0.0,-0.0,0.05,0.0,-0.05,0.05,-0.0
2441,0.0,-0.0,-0.0,-0.0,-0.0,0.0,-0.0,-0.06,0.0,0.0,0.06,0.0,-0.06,0.06,-0.0
2451,0.0,0.0,-0.0,-0.0,-0.0,0.0,0.0,0.07,0.0,-0.0,-0.07,-0.0,0.07,-0.07,-0.0
2461,-0.0,0.0,0.0,-0.0,0.0,0.0,-0.0,0.01,-0.0,0.0,-0.01,0.0,0.01,-0.01,-0.0
2471,-0.0,0.0,-0.0,0.0,0.0,0.0,0.0,-0.04,-0.0,-0.0,0.04,-0.0,-0.04,0.04,0.0
2481,-0.0,0.0,-0.0,0.0,0.0,0.0,-0.0,-0.13,0.0,-0.0,0.13,0.0,-0.13,0.13,-0.0
2491,-0.0,-0.0,-0.0,0.0,0.0,0.0,-0.0,0.02,-0.0,0.0,-0.02,0.0,0.02,-0.02,-0.0
2501,0.0,0.0,-0.0,-0.0,0.0,0.0,-0.0,-0.05,0.0,-0.0,0.05,-0.0,-0.05,0.05,-0.0
2511,-0.0,0.0,-0.0,0.0,-0.0,0.0,-0.0,-0.05,0.0,0.0,0.05,-0.0,-0.05,0.05,-0.0
2521,-0.0,-0.0,0.0,0.0,-0.0,0.0,0.0,-0.03,0.0,0.0,0.03,0.0,-0.03,0.03,0.0
2531,-0.0,0.0,0.0,0.0,0.0,0.0,0.0,-0.06,-0.0,-0.0,0.06,0.0,-0.06,0.06,0.0
2541,0.0,-0.0,-0.0,-0.0,-0.0,0.0,0.0,-0.07,0.0,0.0,0.07,0.0,-0.07,0.07,-0.0
2551,0.0,0.0,-0.0,0.0,-0.0,0.0,-0.0,0.1,0.0,0.0,-0.1,-0.0,0.1,-0.1,-0.0
2561,-0.0,0.0,-0.0,-0.0,-0.0,0.0,0.0,-0.05,-0.0,-0.0,0.05,0.0,-0.05,0.05,0.0
2571,-0.0,0.0,0.0,-0.0,-0.0,0.0,-0.0,-0.03,-0.0,0.0,0.03,0.0,-0.03,0.03,-0.0
2581,0.0,0.0,0.0,-0.0,-0.0,0.0,-0.0,-0.04,0.0,0.0,0.04,0.0,-0.04,0.04,0.0
2591,-0.0,0.0,0.0,0.0,0.0,0.0,-0.0,-0.0,0.0,0.0,0.0,0.0,-0.0,0.0,0.0
2601,-0.0,0.0,0.0,-0.0,0.0,0.0,-0.0,-0.09,-0.0,0.0,0.09,0.0,-0.09,0.09,-0.0
2611,-0.0,-0.0,0.0,0.0,-0.0,0.0,-0.0,-0.11,0.0,-0.0,0.11,0.0,-0.11,0.11,-0.0
2621,0.0,-0.0,-0.0,-0.0,0.0,0.0,-0.0,-0.01,0.0,-0.0,0.01,0.0,-0.01,0.01,-0.0
2631,-0.0,-0.0,-0.0,-0.0,0.0,0.0,-0.0,0.09,-0.0,-0.0,-0.09,-0.0,0.09,-0.09,-0.0
2641,0.0,-0.0,0.0,0.0,-0.0,0.0,-0.0,0.01,-0.0,-0.0,-0.01,-0.0,0.01,-0.01,0.0
2651,-0.0,-0.0,0.0,-0.0,0.0,0.0,-0.0,0.06,0.0,0.0,-0.06,0.0,0.06,-0.06,-0.0
2661,0.0,-0.0,0.0,-0.0,-0.0,0.0,0.0,0.03,0.0,0.0,-0.03,-0.0,0.03,-0.03,0.0
2671,0.0,-0.0,0.0,-0.0,0.0,0.0,0.0,0.01,0.0,0.0,-0.01,-0.0,0.01,-0.01,0.0
2681,0.0,-0.0,-0.0,0.0,0.0,0.0,-0.0,0.01,-0.0,-0.0,-0.01,-0.0,0.01,-0.01,-0.0
2691,-0.0,-0.0,0.0,0.0,-0.0,0.0,-0.0,-0.04,-0.0,0.0,0.04,0.0,-0.04,0.04,0.0
2701,-0.0,0.0,-0.0,-0.0,-0.0,0.0,-0.0,-0.04,-0.0,0.0,0.04,-0.0,-0.04,0.04,-0.0
2711,0.0,0.0,0.0,-0.0,0.0,0.0,0.0,0.0,-0.0,-0.0,-0.0,-0.0,0.0,-0.0,-0.0
2721,0.0,-0.0,0.0,0.0,0.0,0.0,0.0,-0.03,-0.0,0.0,0.03,0.0,-0.03,0.03,0.0
2731,-0.0,-0.0,-0.0,-0.0,0.0,0.0,-0.0,-0.02,0.0,-0.0,0.02,0.0,-0.02,0.02,-0.0
2741,-0.0,-0.0,0.0,0.0,0.0,0.0,-0.0,-0.04,0.0,-0.0,0.04,-0.0,-0.04,0.04,0.0
2751,0.0,0.0,-0.0,-0.0,0.0,0.0,0.0,-0.03,-0.0,-0.0,0.03,-0.0,-0.03,0.03,-0.0
2761,0.0,-0.0,0.0,-0.0,-0.0,0.0,0.0,-0.03,-0.0,-0.0,0.03,0.0,-0.03,0.03,0.0
2771,-0.0,0.0,0.0,-0.0,0.0,0.0,0.0,-0.05,-0.0,-0.0,0.05,0.0,-0.05,0.05,-0.0
2781,-0.0,-0.0,0.0,-0.0,-0.0,0.0,-0.0,0.09,0.0,-0.0,-0.09,-0.0,0.09,-0.09,-0.0
2791,0.0,0.0,0.0,0.0,0.0,0.0,0.0,0.07,0.0,0.0,-0.07,-0.0,0.07,-0.07,-0.0
2801,0.0,0.0,0.0,-0.0,0.0,0.0,-0.0,0.04,-0.0,-0.0,-0.04,-0.0,0.04,-0.04,0.0
2811,-0.0,-0.0,0.0,-0.0,-0.0,0.0,0.0,0.08,0.0,-0.0,-0.08,0.0,0.08,-0.08,-0.0
2821,0.0,-0.0,0.0,0.0,-0.0,0.0,-0.0,0.03,0.0,-0.0,-0.03,-0.0,0.03,-0.03,-0.0
2831,0.0,-0.0,0.0,-0.0,0.0,0.0,0.0,0.07,0.0,-0.0,-0.07,0.0,0.07,-0.07,0.0
2841,-0.0,-0.0,0.0,-0.0,0.0,0.0,-0.0,0.06,-0.0,0.0,-0.06,0.0,0.06,-0.06,-0.0
2851,-0.0,-0.0,0.0,-0.0,-0.0,0.0,-0.0,0.05,-0.0,-0.0,-0.05,-0.0,0.05,-0.05,-0.0
2861,0.0,-0.0,-0.0,-0.0,-0.0,0.0,0.0,0.07,0.0,0.0,-0.07,-0.0,0.07,-0.07,-0.0
2871,0.0,0.0,0.0,-0.0,-0.0,0.0,-0.0,0.04,-0.0,-0.0,-0.04,-0.0,0.04,-0.04,-0.0
2881,0.0,0.0,0.0,-0.0,-0.0,0.0,-0.0,0.09,-0.0,-0.0,-0.09,-0.0,0.09,-0.09,-0.0
2891,-0.0,0.0,-0.0,-0.0,-0.0,0.0,-0.0,0.04,0.0,-0.0,-0.04,0.0,0.04,-0.04,-0.0
2901,-0.0,0.0,0.0,0.0,-0.0,0.0,-0.0,0.04,-0.0,-0.0,-0.04,-0.0,0.04,-0.04,0.0
2911,-0.0,-0.0,-0.0,-0.0,0.0,0.0,0.0,0.06,-0.0,0.0,-0.06,-0.0,0.06,-0.06,0.0
2921,-0.0,-0.0,0.0,0.0,-0.0,0.0,0.0,0.08,-0.0,-0.0,-0.08,0.0,0.08,-0.08,0.0
2931,-0.0,-0.0,0.0,0.0,0.0,0.0,-0.0,0.16,-0.0,0.0,-0.16,-0.0,0.16,-0.16,-0.0
2941,-0.0,0.0,0.0,-0.0,-0.0,0.0,-0.0,0.05,-0.0,-0.0,-0.05,0.0,0.05,-0.05,-0.0
2951,-0.0,0.0,-0.0,0.0,0.0,0.0,-0.0,0.06,0.0,0.0,-0.06,0.0,0.06,-0.06,0.0
2961,0.0,-0.0,-0.0,0.0,0.0,0.0,-0.0,0.1,0.0,0.0,-0.1,-0.0,0.1,-0.1,-0.0
2971,0.0,-0.0,-0.0,0.0,0.0,0.0,-0.0,0.05,0.0,0.0,-0.05,0.0,0.05,-0.05,-0.0
2981,-0.0,-0.0,-0.0,0.0,0.0,0.0,-0.0,0.1,0.0,-0.0,-0.1,-0.0,0.1,-0.1,-0.0
2991,0.0,0.0,-0.0,-0.0,0.0,0.0,0.0,0.13,-0.0,0.0,-0.13,0.0,0.13,-0.13,0.0
3001,-0.0,0.0,0.0,-0.0,-0.0,0.0,-0.0,0.05,0.0,0.0,-0.05,0.0,0.05,-0.05,-0.0
3011,0.0,0.0,-0.0,0.0,0.0,0.0,-0.0,0.1,0.0,0.0,-0.1,-0.0,0.1,-0.1,0.0
3021,-0.0,0.0,-0.0,0.0,-0.0,0.0,0.0,-0.04,0.0,-0.0,0.04,0.0,-0.04,0.04,-0.0
3031,0.0,-0.0,-0.0,0.0,-0.0,0.0,-0.0,0.09,-0.0,0.0,-0.09,0.0,0.09,-0.09,-0.0
3041,-0.0,0.0,-0.0,-0.0,0.0,0.0,-0.0,0.1,-0.0,0.0,-0.1,0.0,0.1,-0.1,0.0
3051,0.0,0.0,-0.0,-0.0,0.0,0.0,-0.0,0.08,0.0,0.0,-0.08,-0.0,0.08,-0.08,-0.0
3061,-0.0,-0.0,-0.0,0.0,0.0,0.0,0.0,0.08,0.0,0.0,-0.08,-0.0,0.08,-0.08,0.0
3071,0.0,0.0,-0.0,0.0,0.0,0.0,-0.0,0.09,-0.0,-0.0,-0.09,-0.0,0.09,-0.09,-0.0
3081,-0.0,-0.0,0.0,0.0,0.0,0.0,0.0,0.08,0.0,-0.0,-0.08,-0.0,0.08,-0.08,0.0
3091,0.0,-0.0,0.0,0.0,-0.0,0.0,-0.0,0.08,0.0,0.0,-0.08,-0.0,0.08,-0.08,-0.0
3101,-0.0,0.0,0.0,-0.0,-0.0,0.0,-0.0,0.07,-0.0,-0.0,-0.07,-0.0,0.07,-0.07,-0.0
3111,-0.0,-0.0,0.0,0.0,-0.0,0.0,-0.0,0.08,0.0,0.0,-0.08,-0.0,0.08,-0.08,0.0
3121,-0.0,0.0,-0.0,-0.0,0.0,0.0,-0.0,0.08,-0.0,0.0,-0.08,0.0,0.08,-0.08,-0.0
3131,-0.0,0.0,0.0,0.0,-0.0,0.0,-0.0,0.07,-0.0,0.0,-0.07,0.0,0.07,-0.07,-0.0
3141,-0.0,0.0,-0.0,0.0,-0.0,0.0,-0.0,0.09,-0.0,0.0,-0.09,0.0,0.09,-0.09,-0.0
3151,0.0,0.0,-0.0,0.0,0.0,0.0,-0.0,0.03,-0.0,0.0,-0.03,-0.0,0.03,-0.03,-0.0
3161,0.0,-0.0,0.0,0.0,0.0,0.0,-0.0,0.15,-0.0,0.0,-0.15,0.0,0.15,-0.15,0.0
3171,-0.0,0.0,-0.0,-0.0,0.0,0.0,-0.0,-0.0,-0.0,0.0,0.0,-0.0,-0.0,0.0,-0.0
3181,0.0,0.0,-0.0,-0.0,0.0,0.0,-0.0,0.01,-0.0,-0.0,-0.01,-0.0,0.01,-0.01,-0.0
3191,0.0,0.0,0.0,0.0,-0.0,0.0,-0.0,0.04,0.0,-0.0,-0.04,0.0,0.04,-0.04,-0.0
3201,-0.0,-0.0,0.0,0.0,0.0,0.0,-0.0,0.03,-0.0,-0.0,-0.03,0.0,0.03,-0.03,0.0
3211,0.0,-0.0,0.0,0.0,-0.0,0.0,0.0,0.04,-0.0,-0.0,-0.04,0.0,0.04,-0.04,0.0
3221,0.0,0.0,0.0,-0.0,-0.0,0.0,-0.0,0.03,0.0,-0.0,-0.03,0.0,0.03,-0.03,-0.0
3231,-0.0,-0.0,-0.0,0.0,0.0,0.0,-0.0,0.08,-0.0,-0.0,-0.08,-0.0,0.08,-0.08,-0.0
3241,-0.0,0.0,0.0,0.0,0.0,0.0,-0.0,0.08,-0.0,0.0,-0.08,-0.0,0.08,-0.08,-0.0
3251,-0.0,-0.0,-0.0,0.0,-0.0,0.0,-0.0,0.11,0.0,0.0,-0.11,-0.0,0.11,-0.11,-0.0
3261,0.0,0.0,-0.0,0.0,-0.0,0.0,-0.0,0.1,-0.0,-0.0,-0.1,-0.0,0.1,-0.1,-0.0
3271,-0.0,0.0,0.0,0.0,-0.0,0.0,-0.0,0.1,0.0,-0.0,-0.1,-0.0,0.1,-0.1,-0.0
3281,0.0,-0.0,0.0,-0.0,-0.0,0.0,0.0,0.09,0.0,0.0,-0.09,-0.0,0.09,-0.09,0.0
3291,-0.0,0.0,-0.0,0.0,0.0,0.0,-0.0,0.09,-0.0,0.0,-0.09,0.0,0.09,-0.09,0.0
3301,-0.0,-0.0,0.0,-0.0,-0.0,0.0,-0.0,0.07,-0.0,-0.0,-0.07,0.0,0.07,-0.07,-0.0
3311,0.0,-0.0,0.0,0.0,-0.0,0.0,-0.0,0.1,-0.0,0.0,-0.1,0.0,0.1,-0.1,-0.0
3321,-0.0,0.0,-0.0,-0.0,-0.0,0.0,-0.0,0.06,-0.0,0.0,-0.06,-0.0,0.06,-0.06,-0.0
3331,0.0,-0.0,-0.0,0.0,0.0,0.0,-0.0,0.12,-0.0,0.0,-0.12,-0.0,0.12,-0.12,-0.0
3341,0.0,-0.0,-0.0,0.0,0.0,0.0,-0.0,0.12,0.0,0.0,-0.12,0.0,0.12,-0.12,0.0
3351,-0.0,0.0,-0.0,0.0,-0.0,0.0,-0.0,0.12,-0.0,0.0,-0.12,0.0,0.12,-0.12,-0.0
3361,-0.0,0.0,-0.0,0.0,-0.0,0.0,0.0,0.02,0.0,0.0,-0.02,-0.0,0.02,-0.02,-0.0
3371,0.0,0.0,0.0,0.0,0.0,0.0,-0.0,-0.06,-0.0,0.0,0.06,0.0,-0.06,0.06,0.0
3381,0.0,0.0,-0.0,0.0,0.0,0.0,-0.0,-0.02,-0.0,0.0,0.02,0.0,-0.02,0.02,-0.0
3391,0.0,-0.0,0.0,-0.0,-0.0,0.0,-0.0,-0.06,0.0,-0.0,0.06,-0.0,-0.06,0.06,-0.0
3401,0.0,0.0,0.0,-0.0,-0.0,0.0,-0.0,-0.03,-0.0,-0.0,0.03,-0.0,-0.03,0.03,-0.0
3411,-0.0,-0.0,0.0,-0.0,0.0,0.0,-0.0,0.04,0.0,-0.0,-0.04,0.0,0.04,-0.04,-0.0
3421,0.0,0.0,-0.0,-0.0,-0.0,0.0,-0.0,-0.05,0.0,0.0,0.05,0.0,-0.05,0.05,-0.0
3431,-0.0,0.0,-0.0,-0.0,-0.0,0.0,-0.0,0.11,0.0,-0.0,-0.11,-0.0,0.11,-0.11,-0.0
3441,0.0,0.0,0.0,0.0,-0.0,0.0,0.0,0.05,0.0,-0.0,-0.05,-0.0,0.05,-0.05,0.0
3451,-0.0,-0.0,-0.0,0.0,-0.0,0.0,-0.0,0.06,0.0,-0.0,-0.06,0.0,0.06,-0.06,-0.0
3461,-0.0,-0.0,0.0,-0.0,-0.0,0.0,-0.0,-0.06,-0.0,0.0,0.06,0.0,-0.06,0.06,-0.0
3471,0.0,-0.0,0.0,0.0,0.0,0.0,-0.0,0.06,-0.0,0.0,-0.06,-0.0,0.06,-0.06,-0.0
3481,-0.0,0.0,0.0,0.0,0.0,0.0,0.0,-0.01,-0.0,0.0,0.01,0.0,-0.01,0.02,0.0
3491,0.0,0.0,0.0,0.0,0.0,0.0,-0.0,0.07,0.0,0.0,-0.07,0.0,0.07,-0.07,-0.0
3501,0.0,-0.0,0.0,-0.0,0.0,0.0,-0.0,0.1,-0.0,0.0,-0.1,-0.0,0.1,-0.1,-0.0
3511,-0.0,0.0,0.0,-0.0,-0.0,0.0,-0.0,0.02,-0.0,-0.0,-0.02,-0.0,0.02,-0.02,-0.0
3521,-0.0,-0.0,-0.0,-0.0,-0.0,0.0,-0.0,0.0,-0.0,0.0,-0.0,-0.0,0.0,-0.0,-0.0
3531,-0.0,0.0,-0.0,-0.0,-0.0,0.0,-0.0,-0.02,0.0,-0.0,0.02,-0.0,-0.02,0.02,-0.0
3541,0.0,0.0,-0.0,-0.0,0.0,0.0,-0.0,0.04,-0.0,-0.0,-0.04,0.0,0.03,-0.04,-0.0
3551,0.0,-0.0,-0.0,-0.0,-0.0,0.0,-0.0,0.05,-0.0,0.0,-0.05,0.0,0.05,-0.05,0.0
3561,-0.0,-0.0,-0.0,0.0,-0.0,0.0,-0.0,-0.01,0.0,0.0,0.01,0.0,-0.01,0.01,-0.0
3571,-0.0,0.0,-0.0,-0.0,-0.0,0.0,-0.0,0.05,0.0,0.0,-0.05,-0.0,0.05,-0.05,-0.0
3581,-0.0,0.0,-0.0,-0.0,-0.0,0.0,-0.0,0.08,-0.0,-0.0,-0.08,0.0,0.08,-0.08,-0.0
3591,-0.0,0.0,-0.0,-0.0,0.0,0.0,0.0,0.06,0.0,-0.0,-0.06,-0.0,0.06,-0.06,0.0
3601,0.0,-0.0,0.0,0.0,-0.0,0.0,-0.0,0.01,0.0,0.0,-0.01,0.0,0.01,-0.01,0.0
3611,0.0,-0.0,-0.0,-0.0,0.0,0.0,-0.0,-0.05,0.0,0.0,0.05,0.0,-0.05,0.05,0.0
3621,-0.0,0.0,0.0,-0.0,-0.0,0.0,-0.0,0.01,-0.0,-0.0,-0.01,0.0,0.01,-0.01,-0.0
3631,-0.0,0.0,0.0,-0.0,-0.0,0.0,0.0,0.01,-0.0,0.0,-0.01,-0.0,0.01,-0.01,-0.0
3641,-0.0,0.0,0.0,-0.0,0.0,0.0,-0.0,0.03,0.0,0.0,-0.03,-0.0,0.03,-0.03,-0.0
3651,0.0,-0.0,-0.0,-0.0,-0.0,0.0,-0.0,-0.1,-0.0,-0.0,0.1,0.0,-0.1,0.1,-0.0
3661,-0.0,0.0,0.0,-0.0,0.0,0.0,-0.0,0.01,-0.0,0.0,-0.01,-0.0,0.01,-0.01,-0.0
3671,-0.0,0.0,0.0,0.0,-0.0,0.0,0.0,0.03,-0.0,0.0,-0.03,-0.0,0.03,-0.03,-0.0
3681,0.0,-0.0,0.0,0.0,-0.0,0.0,-0.0,-0.06,-0.0,0.0,0.06,0.0,-0.06,0.06,-0.0
3691,0.0,-0.0,0.0,-0.0,-0.0,0.0,-0.0,-0.01,-0.0,-0.0,0.01,0.0,-0.01,0.01,-0.0
3701,0.0,-0.0,0.0,0.0,-0.0,0.0,-0.0,-0.01,0.0,-0.0,0.01,-0.0,-0.01,0.01,-0.0
3711,0.0,-0.0,0.0,-0.0,-0.0,0.0,-0.0,-0.02,-0.0,0.0,0.02,-0.0,-0.02,0.02,-0.0
3721,0.0,0.0,0.0,0.0,0.0,0.0,-0.0,0.06,0.0,0.0,-0.06,0.0,0.06,-0.06,-0.0
3731,-0.0,-0.0,0.0,-0.0,-0.0,0.0,0.0,-0.01,0.0,0.0,0.01,0.0,-0.01,0.01,-0.0
3741,-0.0,-0.0,-0.0,-0.0,0.0,0.0,0.0,-0.02,0.0,-0.0,0.02,0.0,-0.02,0.02,-0.0
3751,0.0,0.0,0.0,0.0,-0.0,0.0,-0.0,0.02,0.0,0.0,-0.02,0.0,0.02,-0.02,0.0
3761,0.0,0.0,-0.0,0.0,-0.0,0.0,0.0,-0.01,-0.0,-0.0,0.01,-0.0,-0.01,0.01,-0.0
3771,-0.0,0.0,0.0,0.0,-0.0,0.0,-0.0,0.03,0.0,-0.0,-0.03,-0.0,0.03,-0.03,-0.0
3781,-0.0,0.0,-0.0,-0.0,0.0,0.0,-0.0,-0.0,0.0,0.0,0.0,0.0,-0.0,0.0,0.0
3791,-0.0,0.0,-0.0,-0.0,0.0,0.0,0.0,0.02,0.0,0.0,-0.02,-0.0,0.02,-0.02,-0.0
3801,0.0,0.0,0.0,0.0,0.0,0.0,0.0,-0.03,0.0,0.0,0.03,0.0,-0.03,0.03,-0.0
3811,0.0,-0.0,-0.0,-0.0,0.0,0.0,-0.0,0.05,-0.0,0.0,-0.05,-0.0,0.05,-0.05,-0.0
3821,0.0,-0.0,0.0,-0.0,-0.0,0.0,-0.0,-0.01,-0.0,-0.0,0.01,0.0,-0.01,0.01,-0.0
3831,-0.0,-0.0,-0.0,-0.0,0.0,0.0,-0.0,-0.01,0.0,-0.0,0.01,-0.0,-0.01,0.01,-0.0
3841,0.0,-0.0,-0.0,-0.0,-0.0,0.0,-0.0,-0.03,-0.0,0.0,0.03,-0.0,-0.03,0.03,-0.0
3851,-0.0,0.0,-0.0,-0.0,-0.0,0.0,-0.0,0.02,0.0,0.0,-0.02,0.0,0.02,-0.02,-0.0
3861,-0.0,0.0,0.0,0.0,0.0,0.0,0.0,0.01,-0.0,-0.0,-0.01,0.0,0.01,-0.01,0.0
3871,0.0,0.0,0.0,0.0,-0.0,0.0,0.0,-0.02,0.0,0.0,0.02,-0.0,-0.02,0.02,-0.0
3881,-0.0,-0.0,-0.0,-0.0,0.0,0.0,-0.0,0.02,-0.0,-0.0,-0.02,-0.0,0.02,-0.02,-0.0
3891,-0.0,0.0,0.0,-0.0,0.0,0.0,-0.0,-0.05,0.0,-0.0,0.05,0.0,-0.05,0.05,-0.0
3901,-0.0,0.0,-0.0,-0.0,0.0,0.0,0.0,0.08,-0.0,0.0,-0.08,0.0,0.08,-0.08,-0.0
3911,-0.0,0.0,0.0,-0.0,0.0,0.0,-0.0,0.06,0.0,0.0,-0.06,0.0,0.06,-0.06,0.0
3921,0.0,-0.0,-0.0,0.0,-0.0,0.0,-0.0,-0.11,0.0,-0.0,0.11,0.0,-0.11,0.11,-0.0
3931,0.0,0.0,0.0,0.0,-0.0,0.0,-0.0,0.01,0.0,-0.0,-0.01,-0.0,0.01,-0.01,-0.0
3941,-0.0,-0.0,0.0,0.0,0.0,0.0,0.0,0.04,-0.0,-0.0,-0.04,0.0,0.04,-0.04,0.0
3951,-0.0,0.0,0.0,0.0,-0.0,0.0,-0.0,0.08,-0.0,0.0,-0.08,0.0,0.08,-0.08,-0.0
3961,-0.0,-0.0,0.0,-0.0,0.0,0.0,-0.0,0.04,-0.0,-0.0,-0.04,-0.0,0.04,-0.04,-0.0
3971,0.0,0.0,0.0,0.0,0.0,0.0,0.0,0.2,0.0,-0.0,-0.2,-0.0,0.2,-0.2,0.0
3981,0.0,-0.0,-0.0,0.0,0.0,0.0,-0.0,0.12,-0.0,0.0,-0.12,-0.0,0.12,-0.12,0.0
3991,0.0,-0.0,0.0,-0.0,0.0,0.0,-0.0,0.16,0.0,-0.0,-0.16,0.0,0.16,-0.16,-0.0
4001,-0.0,-0.0,0.0,-0.0,0.0,0.0,-0.0,-0.03,-0.0,-0.0,0.03,0.0,-0.03,0.03,-0.0


